oem,oem_display,name,part_type,system,price_usd,unavailable,vehicles,drawing_callouts,notes,illustration,source
04E121113G,04E 121 113 G,Engine Coolant Thermostat,engine coolant thermostat,belts and cooling,51.07,False,v-2019-volkswagen-golf--s--1-4l-l4-gas,Upper #8,External. Location-Water Pump Housing. To water pump. Jetta. To thermostat housing. Golf SportWagen. Upper.,illustrations/engine-coolant-thermostat.webp,https://vw.oempartsonline.com/oem-parts/volkswagen-engine-coolant-thermostat-4e121113g
04E121113N,04E 121 113 N,Engine Coolant Thermostat,engine coolant thermostat,belts and cooling,52.13,False,v-2019-volkswagen-golf--s--1-4l-l4-gas,Upper #7,Internal. Location-Water Pump. Jetta. To water pump. Golf SportWagen. Lower.,illustrations/engine-coolant-thermostat.webp,https://vw.oempartsonline.com/oem-parts/volkswagen-engine-coolant-thermostat-4e121113n
04E121121L,04E 121 121 L,Engine Coolant Thermostat Housing,engine coolant thermostat housing,belts and cooling,12.55,False,v-2019-volkswagen-golf--s--1-4l-l4-gas,Upper #4,Thermostat Location-Water Pump Housing. 1.4L. Golf SportWagen. Upper cover.,illustrations/engine-coolant-thermostat-housing.webp,https://vw.oempartsonline.com/oem-parts/volkswagen-engine-coolant-thermostat-housing-4e121121l
N91089601,N 910 896 01,Engine Coolant Thermostat Housing Bolt,engine coolant thermostat housing bolt,belts and cooling,2.33,False,v-2019-volkswagen-golf--s--1-4l-l4-gas,Upper #6,"Water pump assy,mount bolt. Main. Without hybrid.",illustrations/bolt.webp,https://vw.oempartsonline.com/oem-parts/volkswagen-engine-coolant-thermostat-housing-bolt-n91089601
04E121605E,04E 121 605 E,Engine Timing Belt,engine timing belt,belts and cooling,28.63,False,v-2019-volkswagen-golf--s--1-4l-l4-gas,Upper #12,Water Pump. Jetta. 1.4l. Without hybrid. Golf SportWagen. 1.4l.,illustrations/engine-timing-belt.webp,https://vw.oempartsonline.com/oem-parts/volkswagen-engine-timing-belt-4e121605e
04E121119C,04E 121 119 C,Engine Water Pump Housing Gasket,engine water pump housing gasket,belts and cooling,5.5,False,v-2019-volkswagen-golf--s--1-4l-l4-gas,Upper #5,"Thermostat housing gasket. Jetta Hybrid. Thermostat hsng,seal. 1.4L without hybrid. Thermostat hsng,gasket. Golf SportWagen. To thermostat.",,https://vw.oempartsonline.com/oem-parts/volkswagen-engine-water-pump-housing-gasket-4e121119c
N10473402,N 104 734 02,Fog Lamp Screw,fog lamp screw,belts and cooling,0.33,False,v-2019-volkswagen-golf--s--1-4l-l4-gas,Upper #3,"Intercooler,screw. 1.5L. Water pump assy,bolt. Auxiliary. 1.4L without hybrid.",illustrations/bolt.webp,https://vw.oempartsonline.com/oem-parts/volkswagen-fog-lamp-screw-n10473402
04E121116C,04E 121 116 C,Thermostat Housing,thermostat housing,belts and cooling,,False,v-2019-volkswagen-golf--s--1-4l-l4-gas,Upper #4,[View Details](https://vw.oempartsonline.com/oem-parts/volkswagen-thermostat-housing-4e121116c) 4,,https://vw.oempartsonline.com/oem-parts/volkswagen-thermostat-housing-4e121116c
04E121119D,04E 121 119 D,Thermostat Upper Seal,thermostat seal,belts and cooling,3.64,False,v-2019-volkswagen-golf--s--1-4l-l4-gas,Upper #9,,,https://vw.oempartsonline.com/oem-parts/volkswagen-thermostat-upper-seal-4e121119d
04E121600CS,04E 121 600 CS,Water Pump Assembly,water pump,belts and cooling,311.48,False,v-2019-volkswagen-golf--s--1-4l-l4-gas,Upper #1,,illustrations/water-pump.webp,https://vw.oempartsonline.com/oem-parts/volkswagen-water-pump-assembly-4e121600cs
04E121119AM,04E 121 119 AM,Water Pump Assembly Gasket,water pump gasket,belts and cooling,7.25,False,v-2019-volkswagen-golf--s--1-4l-l4-gas,Upper #2,,,https://vw.oempartsonline.com/oem-parts/volkswagen-water-pump-assembly-gasket-4e121119am
N10546403,N 105 464 03,ABS Sensor Bolt,abs sensor bolt,brakes,0.41,False,v-2016-volkswagen-golf--s--1-8l-l4-gas | v-2019-volkswagen-golf--s--1-4l-l4-gas | v-2019-volkswagen-golf-alltrack--s--1-8l-l4-gas | v-2021-volkswagen-golf--tsi--1-4l-l4-gas,Hub & Bearing #22 | Hub & Bearing #22 | Hub & Bearing #22 | Hub & Bearing #22,,illustrations/bolt.webp,https://vw.oempartsonline.com/oem-parts/volkswagen-abs-sensor-bolt-n10546403
5G0927902AL,5G0 927 902 AL,ABS Sensor Wire,abs sensor wire,brakes,,False,v-2019-volkswagen-golf--s--1-4l-l4-gas,Hub & Bearing #22,With awd. Electronic Controlled Suspension. To 06/01/2015. [View Details](https://vw.oempartsonline.com/oem-parts/volkswagen-abs-sensor-wire-5g0927902al) Diagram 2: Hub & Bearing60 Diagram 3: Brake Pads3 Diagram 4: Hub & Bearing4 Diagram 5: Hub & Bearing Bolt4 Diagram 6: Hub & Bearing91 Diagram 7: ABS Sensor2 Related Parts: Rear3 Store ratingby Google 3.9star Press space for more information.,illustrations/abs-sensor-wire.webp,https://vw.oempartsonline.com/oem-parts/volkswagen-abs-sensor-wire-5g0927902al
5G0927902AP,5G0 927 902 AP,ABS Sensor Wire,abs sensor wire,brakes,,False,v-2019-volkswagen-golf--s--1-4l-l4-gas,Hub & Bearing #22,With awd. Electronic Controlled Suspension. [View Details](https://vw.oempartsonline.com/oem-parts/volkswagen-abs-sensor-wire-5g0927902ap) 22,illustrations/abs-sensor-wire.webp,https://vw.oempartsonline.com/oem-parts/volkswagen-abs-sensor-wire-5g0927902ap
1J0927803,1J0 927 803,ABS Wheel Speed Sensor,abs wheel speed sensor,brakes,133.07,False,v-1999-volkswagen-golf--gl--2-0l-l4-gas | v-2005-volkswagen-golf--gl--2-0l-l4-gas,Rotor #6 | Rotor #6,,illustrations/abs-wheel-speed-sensor.webp,https://vw.oempartsonline.com/oem-parts/volkswagen-abs-wheel-speed-sensor-1j0927803
1J0927804,1J0 927 804,ABS Wheel Speed Sensor,abs wheel speed sensor,brakes,133.07,False,v-1999-volkswagen-golf--gl--2-0l-l4-gas | v-2005-volkswagen-golf--gl--2-0l-l4-gas,Rotor #6 | Rotor #6,"Beetle. Right. 4 cylinder. Convertible, 288 x 25mm rotor. 1.8L. 6 cylinder. Coupe, 1.9 & 2.0L.",illustrations/abs-wheel-speed-sensor.webp,https://vw.oempartsonline.com/oem-parts/volkswagen-abs-wheel-speed-sensor-1j0927804
WHT003856C,WHT 003 856 C,ABS Wheel Speed Sensor,abs wheel speed sensor,brakes,107.24,False,v-2019-volkswagen-golf--s--1-4l-l4-gas,Hub & Bearing #21,"With awd. All wheel drive, 310x22mm.",illustrations/abs-wheel-speed-sensor.webp,https://vw.oempartsonline.com/oem-parts/volkswagen-abs-wheel-speed-sensor-wht003856c
WHT003856D,WHT 003 856 D,ABS Wheel Speed Sensor,abs wheel speed sensor,brakes,116.43,False,v-2012-volkswagen-golf--base--2-5l-l5-gas,Hub & Bearing #17,288mm. Jetta. Right. With r. Golf.,illustrations/abs-wheel-speed-sensor.webp,https://vw.oempartsonline.com/oem-parts/volkswagen-abs-wheel-speed-sensor-wht003856d
WHT003857C,WHT 003 857 C,ABS Wheel Speed Sensor,abs wheel speed sensor,brakes,113.11,False,v-2019-volkswagen-golf--s--1-4l-l4-gas,Hub & Bearing #21,"With awd. All wheel drive, 310x22mm.",illustrations/abs-wheel-speed-sensor.webp,https://vw.oempartsonline.com/oem-parts/volkswagen-abs-wheel-speed-sensor-wht003857c
WHT003857D,WHT 003 857 D,ABS Wheel Speed Sensor,abs wheel speed sensor,brakes,116.43,False,v-2012-volkswagen-golf--base--2-5l-l5-gas,Hub & Bearing #17,With r. Golf. Left.,illustrations/abs-wheel-speed-sensor.webp,https://vw.oempartsonline.com/oem-parts/volkswagen-abs-wheel-speed-sensor-wht003857d
WHT003860B,WHT 003 860 B,ABS Wheel Speed Sensor,abs wheel speed sensor,brakes,32.86,False,v-2016-volkswagen-golf--s--1-8l-l4-gas | v-2019-volkswagen-golf--s--1-4l-l4-gas | v-2019-volkswagen-golf-alltrack--s--1-8l-l4-gas | v-2021-volkswagen-golf--tsi--1-4l-l4-gas,Hub & Bearing #21 | Hub & Bearing #21 | Hub & Bearing #21 | Hub & Bearing #21,Without r. 340x30 mm.,illustrations/abs-wheel-speed-sensor.webp,https://vw.oempartsonline.com/oem-parts/volkswagen-abs-wheel-speed-sensor-wht003860b
WHT003861B,WHT 003 861 B,ABS Wheel Speed Sensor,abs wheel speed sensor,brakes,113.11,False,v-2016-volkswagen-golf--s--1-8l-l4-gas | v-2019-volkswagen-golf--s--1-4l-l4-gas | v-2019-volkswagen-golf-alltrack--s--1-8l-l4-gas | v-2021-volkswagen-golf--tsi--1-4l-l4-gas,Hub & Bearing #21 | Hub & Bearing #21 | Hub & Bearing #21 | Hub & Bearing #21,Without r. 340x30 mm.,illustrations/abs-wheel-speed-sensor.webp,https://vw.oempartsonline.com/oem-parts/volkswagen-abs-wheel-speed-sensor-wht003861b
1J0927903E,1J0 927 903 E,ABS Wheel Speed Sensor Wiring Harness,abs wheel speed sensor wiring harness,brakes,165.23,False,v-1999-volkswagen-golf--gl--2-0l-l4-gas | v-2005-volkswagen-golf--gl--2-0l-l4-gas,Rotor #7 | Rotor #7,"Exc.Brake Wear Sensor Harness. 4 cylinder, without wear indicator. Convertible, 288 x 25mm rotor, with wear indicator. 1.9 & 2.0L. 1.8L. 6 cylinder, without wear indicator. 6 cylinder, with wear indicator, sedan.",illustrations/abs-wheel-speed-sensor-wiring-harness.webp,https://vw.oempartsonline.com/oem-parts/volkswagen-abs-wheel-speed-sensor-wiring-harness-1j0927903e
1J0927903R,1J0 927 903 R,ABS Wheel Speed Sensor Wiring Harness,abs wheel speed sensor wiring harness,brakes,165.23,False,v-1999-volkswagen-golf--gl--2-0l-l4-gas | v-2005-volkswagen-golf--gl--2-0l-l4-gas,Rotor #7 | Rotor #7,"Incl.Brake Wear Sensor Harness. 4 cylinder, with wear indicator. Convertible, 288 x 25mm rotor, with wear indicator. 1.9 & 2.0L. Convertible, 280 x 22mm rotor. Coupe, 2.5L, with wear indicator. Coupe, 1.8L. 6 cylinder, with wear indicator, sedan.",illustrations/abs-wheel-speed-sensor-wiring-harness.webp,https://vw.oempartsonline.com/oem-parts/volkswagen-abs-wheel-speed-sensor-wiring-harness-1j0927903r
1K0927903AE,1K0 927 903 AE,ABS Wheel Speed Sensor Wiring Harness,abs wheel speed sensor wiring harness,brakes,120.87,False,v-2012-volkswagen-golf--base--2-5l-l5-gas,Hub & Bearing #18,"With r. To 12/06/2009. 288x25mm, with hid headlamps. Sedan from 1/05, wagon 2009 only, sedan. Wagon, 2010-11,. From 12/07/2009.",illustrations/abs-wheel-speed-sensor-wiring-harness.webp,https://vw.oempartsonline.com/oem-parts/volkswagen-abs-wheel-speed-sensor-wiring-harness-1k0927903ae
1K0927903L,1K0 927 903 L,ABS Wheel Speed Sensor Wiring Harness,abs wheel speed sensor wiring harness,brakes,133.07,False,v-2012-volkswagen-golf--base--2-5l-l5-gas,Hub & Bearing #18,Exc.Automatic Headlight Range Control Dynamic. Exc.Brake Wear Sensor Harness. GTI. Left.,illustrations/abs-wheel-speed-sensor-wiring-harness.webp,https://vw.oempartsonline.com/oem-parts/volkswagen-abs-wheel-speed-sensor-wiring-harness-1k0927903l
1K0927903R,1K0 927 903 R,ABS Wheel Speed Sensor Wiring Harness,abs wheel speed sensor wiring harness,brakes,135.29,False,v-2012-volkswagen-golf--base--2-5l-l5-gas,Hub & Bearing #18,"Automatic Headlight Range Control Dynamic. Incl.Brake Wear Sensor Harness. 288x25mm, without hid headlamps. With r. Wagon, 2010-11,.",illustrations/abs-wheel-speed-sensor-wiring-harness.webp,https://vw.oempartsonline.com/oem-parts/volkswagen-abs-wheel-speed-sensor-wiring-harness-1k0927903r
5G0927903AA,5G0 927 903 AA,ABS Wheel Speed Sensor Wiring Harness,abs wheel speed sensor wiring harness,brakes,181.86,False,v-2016-volkswagen-golf--s--1-8l-l4-gas | v-2019-volkswagen-golf--s--1-4l-l4-gas | v-2019-volkswagen-golf-alltrack--s--1-8l-l4-gas | v-2021-volkswagen-golf--tsi--1-4l-l4-gas,Hub & Bearing #23 | Hub & Bearing #23 | Hub & Bearing #23 | Hub & Bearing #23,"Exc.Brake Wear Sensor Harness. 288x25 rotor. Exc.Electronic Controlled Suspension. With adaptive lamps. With gli, without damper control. Without r, without e-Golf. Without performance brakes.",illustrations/abs-wheel-speed-sensor-wiring-harness.webp,https://vw.oempartsonline.com/oem-parts/volkswagen-abs-wheel-speed-sensor-wiring-harness-5g0927903aa
5G0927903AH,5G0 927 903 AH,ABS Wheel Speed Sensor Wiring Harness,abs wheel speed sensor wiring harness,brakes,130.86,False,v-2016-volkswagen-golf--s--1-8l-l4-gas | v-2019-volkswagen-golf--s--1-4l-l4-gas | v-2021-volkswagen-golf--tsi--1-4l-l4-gas,Hub & Bearing #23 | Hub & Bearing #23 | Hub & Bearing #23,"Incl.Brake Wear Sensor Harness. Exc.Electronic Controlled Suspension. Without r, without e-Golf. Without performance brakes.",illustrations/abs-wheel-speed-sensor-wiring-harness.webp,https://vw.oempartsonline.com/oem-parts/volkswagen-abs-wheel-speed-sensor-wiring-harness-5g0927903ah
5G0927903S,5G0 927 903 S,ABS Wheel Speed Sensor Wiring Harness,abs wheel speed sensor wiring harness,brakes,165.23,False,v-2016-volkswagen-golf--s--1-8l-l4-gas | v-2019-volkswagen-golf--s--1-4l-l4-gas | v-2019-volkswagen-golf-alltrack--s--1-8l-l4-gas | v-2021-volkswagen-golf--tsi--1-4l-l4-gas,Hub & Bearing #23 | Hub & Bearing #23 | Hub & Bearing #23 | Hub & Bearing #23,"288x25 rotor. Without r, without e-Golf. Exc.Electronic Controlled Suspension. Exc.Adaptive Headlight System. Without performance brakes. With performance brakes, code 2h5. Without adaptive lamps. With gli, without damper control.",illustrations/abs-wheel-speed-sensor-wiring-harness.webp,https://vw.oempartsonline.com/oem-parts/volkswagen-abs-wheel-speed-sensor-wiring-harness-5g0927903s
5G0927904AQ,5G0 927 904 AQ,ABS Wheel Speed Sensor Wiring Harness,abs wheel speed sensor wiring harness,brakes,,False,v-2016-volkswagen-golf--s--1-8l-l4-gas | v-2019-volkswagen-golf--s--1-4l-l4-gas,Hub & Bearing #23 | Hub & Bearing #23,"Exc.Adaptive Headlight System. Fwd, 272x10 mm. Without awd, without e-Golf. Exc.Electronic Controlled Suspension. Exc.Automatic Headlight Range Control Dynamic. Without performance brakes. [View Details](https://vw.oempartsonline.com/oem-parts/volkswagen-abs-wheel-speed-sensor-wiring-harness-5g0927904aq) 23 / Exc.Adaptive Headlight System. Fwd, 272x10 mm. Without awd, without e-Golf. Exc.Electronic Controlled Suspension. Exc.Automatic Headlight Range Control Dynamic. Without performance brakes. ",illustrations/abs-wheel-speed-sensor-wiring-harness.webp,https://vw.oempartsonline.com/oem-parts/volkswagen-abs-wheel-speed-sensor-wiring-harness-5g0927904aq
5G0927904BB,5G0 927 904 BB,ABS Wheel Speed Sensor Wiring Harness,abs wheel speed sensor wiring harness,brakes,146.38,False,v-2019-volkswagen-golf--s--1-4l-l4-gas,Hub & Bearing #23,"Fwd, 272x10 mm. Without awd, without e-Golf. Without performance brakes. Exc.Electronic Controlled Suspension.",illustrations/abs-wheel-speed-sensor-wiring-harness.webp,https://vw.oempartsonline.com/oem-parts/volkswagen-abs-wheel-speed-sensor-wiring-harness-5g0927904bb
WHT005437A,WHT 005 437 A,Axle Bolt,axle bolt,brakes,2.55,False,v-2012-volkswagen-golf--base--2-5l-l5-gas | v-2016-volkswagen-golf--s--1-8l-l4-gas | v-2019-volkswagen-golf--s--1-4l-l4-gas | v-2019-volkswagen-golf-alltrack--s--1-8l-l4-gas | v-2021-volkswagen-golf--tsi--1-4l-l4-gas,Hub & Bearing #2 | Hub & Bearing #3 | Hub & Bearing #3 | Hub & Bearing #3 | Hub & Bearing #3 | Hub & Bearing #3,To 06/11/2018. Awd. Without r.,illustrations/bolt.webp,https://vw.oempartsonline.com/oem-parts/volkswagen-axle-bolt-wht005437a
N90587602,N 905 876 02,Axle Nut,axle nut,brakes,13.65,False,v-1999-volkswagen-golf--gl--2-0l-l4-gas | v-2005-volkswagen-golf--gl--2-0l-l4-gas,Rotor #11 | Rotor #11,,,https://vw.oempartsonline.com/oem-parts/volkswagen-axle-nut-n90587602
1J0498625A,1J0 498 625 A,Bearing Assembly,bearing,brakes,125.31,False,v-1999-volkswagen-golf--gl--2-0l-l4-gas | v-2005-volkswagen-golf--gl--2-0l-l4-gas,Rotor #9 | Rotor #9,"Beetle. 4 cylinder. Convertible, 288 x 25mm rotor. 1.8L. 6 cylinder. Coupe, 2.5L. Coupe, 1.9 & 2.0L. Jetta. 2.0l. Golf, GTI. 2.8l. Jetta. 1.9l tdi.",illustrations/bearing.webp,https://vw.oempartsonline.com/oem-parts/volkswagen-bearing-assembly-1j0498625a
N90663201,N 906 632 01,Bearing Assembly Lock Ring,bearing lock ring,brakes,6.0,False,v-1999-volkswagen-golf--gl--2-0l-l4-gas | v-2005-volkswagen-golf--gl--2-0l-l4-gas,Rotor #10 | Rotor #10,"4 cylinder. 1.8 & 2.8L. 6 cylinder. Convertible, 280 x 22mm rotor. 288 x 25mm rotor. With R32. 2.5L. Coupe, 1.9 & 2.0L.",,https://vw.oempartsonline.com/oem-parts/volkswagen-bearing-assembly-lock-ring-n90663201
1K0615273B,1K0 615 273 B,Bleeder Valve,bleeder valve,brakes,19.51,False,v-2012-volkswagen-golf--base--2-5l-l5-gas | v-2016-volkswagen-golf--s--1-8l-l4-gas | v-2019-volkswagen-golf--s--1-4l-l4-gas | v-2019-volkswagen-golf-alltrack--s--1-8l-l4-gas | v-2021-volkswagen-golf--tsi--1-4l-l4-gas,Hub & Bearing #4 | Hub & Bearing #6 | Hub & Bearing #6 | Hub & Bearing #5 | Hub & Bearing #6 | Hub & Bearing #6,,illustrations/bleeder-valve.webp,https://vw.oempartsonline.com/oem-parts/volkswagen-bleeder-valve-1k0615273b
4H0611483,4H0 611 483,Bleeder Valve Dust Cap,bleeder valve dust cap,brakes,7.49,False,v-2016-volkswagen-golf--s--1-8l-l4-gas | v-2019-volkswagen-golf--s--1-4l-l4-gas | v-2019-volkswagen-golf-alltrack--s--1-8l-l4-gas | v-2021-volkswagen-golf--tsi--1-4l-l4-gas,Hub & Bearing #7 | Hub & Bearing #7 | Hub & Bearing #7 | Hub & Bearing #7,,illustrations/cap.webp,https://vw.oempartsonline.com/oem-parts/volkswagen-bleeder-valve-dust-cap-4h0611483
211611483,211 611 483,Brake Bleeder Screw Cap,brake bleeder screw cap,brakes,9.21,False,v-2012-volkswagen-golf--base--2-5l-l5-gas | v-2019-volkswagen-golf--s--1-4l-l4-gas,Hub & Bearing #5 | Hub & Bearing #6,,illustrations/bolt.webp,https://vw.oempartsonline.com/oem-parts/volkswagen-brake-bleeder-screw-cap-211611483
1J0615312A,1J0 615 312 A,Brake Dust Shield,brake dust shield,brakes,39.08,False,v-1999-volkswagen-golf--gl--2-0l-l4-gas | v-2005-volkswagen-golf--gl--2-0l-l4-gas,Rotor #2 | Rotor #2,,,https://vw.oempartsonline.com/oem-parts/volkswagen-brake-dust-shield-1j0615312a
1K0611701K,1K0 611 701 K,Brake Hose,brake hose,brakes,79.02,False,v-2012-volkswagen-golf--base--2-5l-l5-gas,Hub & Bearing #16,,,https://vw.oempartsonline.com/oem-parts/volkswagen-brake-hose-1k0611701k
5QM611701C,5QM 611 701 C,Brake Hose,brake hose,brakes,35.76,False,v-2016-volkswagen-golf--s--1-8l-l4-gas | v-2019-volkswagen-golf--s--1-4l-l4-gas | v-2019-volkswagen-golf-alltrack--s--1-8l-l4-gas | v-2021-volkswagen-golf--tsi--1-4l-l4-gas,Hub & Bearing #17 | Hub & Bearing #17 | Hub & Bearing #17 | Hub & Bearing #17,Without r.,,https://vw.oempartsonline.com/oem-parts/volkswagen-brake-hose-5qm611701c
5WA611775,5WA 611 775,Brake Hose,brake hose,brakes,55.17,False,v-2019-volkswagen-golf--s--1-4l-l4-gas,Hub & Bearing #19,E-Golf.,,https://vw.oempartsonline.com/oem-parts/volkswagen-brake-hose-5wa611775
1J0611701N,1J0 611 701 N,Brake Hydraulic Hose,brake hydraulic hose,brakes,76.76,False,v-1999-volkswagen-golf--gl--2-0l-l4-gas | v-2005-volkswagen-golf--gl--2-0l-l4-gas,Rotor #5 | Rotor #5,,,https://vw.oempartsonline.com/oem-parts/volkswagen-brake-hydraulic-hose-1j0611701n
5Q0611701C,5Q0 611 701 C,Brake Hydraulic Hose,brake hydraulic hose,brakes,84.66,False,v-2021-volkswagen-golf--tsi--1-4l-l4-gas,Hub & Bearing #17,"340x30 mm. GTI. Arteon. 288x25 rotor, to 04/19/2015. Golf SportWagen. To 4/19/15. With r. Golf R. Tiguan. Without performance brakes. to 04/19/2015.",,https://vw.oempartsonline.com/oem-parts/volkswagen-brake-hydraulic-hose-5q0611701c
191611715,191 611 715,Brake Hydraulic Hose Lock Clip,brake hydraulic hose lock clip,brakes,4.87,False,v-2016-volkswagen-golf--s--1-8l-l4-gas | v-2019-volkswagen-golf--s--1-4l-l4-gas | v-2019-volkswagen-golf-alltrack--s--1-8l-l4-gas | v-2021-volkswagen-golf--tsi--1-4l-l4-gas,Hub & Bearing #18 | Hub & Bearing #18 | Hub & Bearing #20 | Hub & Bearing #18 | Hub & Bearing #18,,illustrations/clip.webp,https://vw.oempartsonline.com/oem-parts/volkswagen-brake-hydraulic-hose-lock-clip-191611715
5Q0611841A,5Q0 611 841 A,Brake Hydraulic Line Bracket,brake hydraulic line bracket,brakes,8.85,False,v-2016-volkswagen-golf--s--1-8l-l4-gas | v-2019-volkswagen-golf--s--1-4l-l4-gas | v-2019-volkswagen-golf-alltrack--s--1-8l-l4-gas | v-2021-volkswagen-golf--tsi--1-4l-l4-gas,Hub & Bearing #19 | Hub & Bearing #19 | Hub & Bearing #19 | Hub & Bearing #19,"Without gli. 288x25 rotor. Brake hose,holder. 312x25 rotor. 340X30 MM. lower. With GLI. lower. With performance brakes. 312X25 MM. lower. With r. Suspension code: g01 or g04, 306x26mm.",illustrations/bracket.webp,https://vw.oempartsonline.com/oem-parts/volkswagen-brake-hydraulic-line-bracket-5q0611841a
5Q0611842B,5Q0 611 842 B,Brake Hydraulic Line Bracket,brake hydraulic line bracket,brakes,9.72,False,v-2016-volkswagen-golf--s--1-8l-l4-gas | v-2019-volkswagen-golf--s--1-4l-l4-gas | v-2019-volkswagen-golf-alltrack--s--1-8l-l4-gas | v-2021-volkswagen-golf--tsi--1-4l-l4-gas,Hub & Bearing #19 | Hub & Bearing #19 | Hub & Bearing #19 | Hub & Bearing #19,"Without gli. 288x25 rotor. Brake hose,holder. 312x25 rotor. 340X30 MM. lower. With GLI. lower. With performance brakes. 312X25 MM. lower. With r. Suspension code: g01 or g04, 306x26mm.",illustrations/bracket.webp,https://vw.oempartsonline.com/oem-parts/volkswagen-brake-hydraulic-line-bracket-5q0611842b
5Q0611845B,5Q0 611 845 B,Brake Hydraulic Line Bracket,brake hydraulic line bracket,brakes,7.49,False,v-2016-volkswagen-golf--s--1-8l-l4-gas | v-2019-volkswagen-golf--s--1-4l-l4-gas | v-2019-volkswagen-golf-alltrack--s--1-8l-l4-gas | v-2021-volkswagen-golf--tsi--1-4l-l4-gas,Hub & Bearing #20 | Hub & Bearing #20 | Hub & Bearing #20 | Hub & Bearing #20,,illustrations/bracket.webp,https://vw.oempartsonline.com/oem-parts/volkswagen-brake-hydraulic-line-bracket-5q0611845b
5Q0611846B,5Q0 611 846 B,Brake Hydraulic Line Bracket,brake hydraulic line bracket,brakes,7.49,False,v-2016-volkswagen-golf--s--1-8l-l4-gas | v-2019-volkswagen-golf--s--1-4l-l4-gas | v-2019-volkswagen-golf-alltrack--s--1-8l-l4-gas | v-2021-volkswagen-golf--tsi--1-4l-l4-gas,Hub & Bearing #20 | Hub & Bearing #20 | Hub & Bearing #20 | Hub & Bearing #20,"Outer rail,rear bracket. Without gli. 288x25 rotor. Brake hose,bracket. 340X30 MM. upper. With GLI. upper. With performance brakes. 312X25 MM. upper. With r. Suspension code: g01 or g04, 306x26mm.",illustrations/bracket.webp,https://vw.oempartsonline.com/oem-parts/volkswagen-brake-hydraulic-line-bracket-5q0611846b
3C0698151K,3C0 698 151 K,Brake Lining Front,brake lining,brakes,98.21,False,v-2012-volkswagen-golf--base--2-5l-l5-gas,Hub & Bearing #10,Golf. Without awd.,illustrations/brake-lining.webp,https://vw.oempartsonline.com/oem-parts/volkswagen-brake-lining-front-3c0698151k
3Q0698451N,3Q0 698 451 N,Brake Lining Rear,brake lining,brakes,76.76,False,v-2019-volkswagen-golf--s--1-4l-l4-gas,Hub & Bearing #14,"All wheel drive, 310x22mm. Atlas. From 12/11/17 to 05/26/19. With awd. From 12/11/2017. To 05/26/2019. Golf R. From 11/27/2017.",illustrations/brake-lining.webp,https://vw.oempartsonline.com/oem-parts/volkswagen-brake-lining-rear-3q0698451n
5Q0698151M,5Q0 698 151 M,Brake Lining,brake lining,brakes,,False,v-2016-volkswagen-golf--s--1-8l-l4-gas | v-2019-volkswagen-golf--s--1-4l-l4-gas | v-2019-volkswagen-golf-alltrack--s--1-8l-l4-gas | v-2021-volkswagen-golf--tsi--1-4l-l4-gas,Hub & Bearing #11 | Hub & Bearing #11 | Hub & Bearing #11 | Hub & Bearing #11,"A set of Disc brake pads for a vehicle's Disc brake caliper brake system. Exc.Performance Package. From 09/22/2014. From 10/01/2020. Incl.Disc Brake Pad Wear Sensor. To 09/30/2020. Lining. Disc Pad Set. Front. Rear. Wear indicator. Fits Alltrack, Golf, G ... [View Details](https://vw.oempartsonline.com/oem-parts/volkswagen-brake-lining-5q0698151m) 11 / A set of Disc brake pads for a vehicle's Disc brake caliper brake system. Exc.Performance Package. From 09/22/2014. From 10/01/2020. Incl.Disc Br",illustrations/brake-lining.webp,https://vw.oempartsonline.com/oem-parts/volkswagen-brake-lining-5q0698151m
1J0698151F,1J0 698 151 F,Brake Pads Front,brake pads,brakes,108.37,False,v-2005-volkswagen-golf--gl--2-0l-l4-gas,Rotor #4,,illustrations/brake-pads.webp,https://vw.oempartsonline.com/oem-parts/volkswagen-brake-pads-front-1j0698151f
7N0698451A,7N0 698 451 A,Brake Pads Rear,brake pads,brakes,,False,v-2016-volkswagen-golf--s--1-8l-l4-gas | v-2019-volkswagen-golf--s--1-4l-l4-gas,Hub & Bearing #11 | Hub & Bearing #11,"A set of disc Brake pads for a vehicle's disc Brake caliper Brake system. Exc.Performance Package. From 07/01/2014. Incl.Clips. To 09/30/2020. Fits AllTrack, Golf, GTI, Passat, SportWagen AWD. FWD. FWD, 272X10 mm. Golf. Golf AllTrack. Golf Sportwagen. GTI AUTO. GTI Manual. Passat. Q3. w/o AWD, w/o E-Golf. w/o PERFORMANCE Brakes. GTI. Auto. Passat. Fwd, 272x10 mm. Golf AllTrack. Golf SportWagen. w/o awd, w/o e-Golf. w/o performance Brakes. [View Details](https://vw.oempartsonline.com/oem-parts/vo",illustrations/brake-pads.webp,https://vw.oempartsonline.com/oem-parts/volkswagen-brake-pads-rear-7n0698451a
1K0615125D,1K0 615 125 D,Caliper Mount,caliper mount,brakes,304.96,False,v-2012-volkswagen-golf--base--2-5l-l5-gas,Hub & Bearing #7,"Without red caliper. 288x25mm. Sedan, 288mm. Without r. 288mm Brake Rotor. Convertible,. Coupe,. Sedan from 1/05, wagon 2009 only, without gli model. Wagon, 2010-11, with 288mm rotor.",illustrations/caliper-mount.webp,https://vw.oempartsonline.com/oem-parts/volkswagen-caliper-mount-1k0615125d
5Q0615425CQB7,5Q0 615 425 C QB7,Caliper Mount,caliper mount,brakes,211.81,False,v-2019-volkswagen-golf--s--1-4l-l4-gas,Hub & Bearing #8,"With awd, from 12/05/2016. From 06/27/2017.",illustrations/caliper-mount.webp,https://vw.oempartsonline.com/oem-parts/volkswagen-caliper-mount-5q0615425cqb7
1K0615123D,1K0 615 123 D,Disc Brake Caliper,disc brake caliper,brakes,273.63,False,v-1999-volkswagen-golf--gl--2-0l-l4-gas | v-2005-volkswagen-golf--gl--2-0l-l4-gas,Rotor #3 | Rotor #3,,illustrations/disc-brake-caliper.webp,https://vw.oempartsonline.com/oem-parts/volkswagen-disc-brake-caliper-1k0615123d
1K0615123E,1K0 615 123 E,Disc Brake Caliper,disc brake caliper,brakes,273.63,False,v-2012-volkswagen-golf--base--2-5l-l5-gas,Hub & Bearing #3,,illustrations/disc-brake-caliper.webp,https://vw.oempartsonline.com/oem-parts/volkswagen-disc-brake-caliper-1k0615123e
1K0615124D,1K0 615 124 D,Disc Brake Caliper,disc brake caliper,brakes,273.63,False,v-1999-volkswagen-golf--gl--2-0l-l4-gas | v-2005-volkswagen-golf--gl--2-0l-l4-gas,Rotor #3 | Rotor #3,,illustrations/disc-brake-caliper.webp,https://vw.oempartsonline.com/oem-parts/volkswagen-disc-brake-caliper-1k0615124d
1K0615124E,1K0 615 124 E,Disc Brake Caliper,disc brake caliper,brakes,273.63,False,v-2012-volkswagen-golf--base--2-5l-l5-gas,Hub & Bearing #3,,illustrations/disc-brake-caliper.webp,https://vw.oempartsonline.com/oem-parts/volkswagen-disc-brake-caliper-1k0615124e
5QM615123,5QM 615 123,Disc Brake Caliper,disc brake caliper,brakes,276.55,False,v-2016-volkswagen-golf--s--1-8l-l4-gas | v-2019-volkswagen-golf--s--1-4l-l4-gas | v-2019-volkswagen-golf-alltrack--s--1-8l-l4-gas | v-2021-volkswagen-golf--tsi--1-4l-l4-gas,Hub & Bearing #4 | Hub & Bearing #4 | Hub & Bearing #4 | Hub & Bearing #4,"288x25 rotor. Jetta. Without red caliper. To 9/30/20. Left. Without r, without e-Golf. Golf Alltrack. To 09/30/2020. From 07/01/2014.",illustrations/disc-brake-caliper.webp,https://vw.oempartsonline.com/oem-parts/volkswagen-disc-brake-caliper-5qm615123
5QM615124,5QM 615 124,Disc Brake Caliper,disc brake caliper,brakes,311.48,False,v-2016-volkswagen-golf--s--1-8l-l4-gas | v-2019-volkswagen-golf--s--1-4l-l4-gas | v-2019-volkswagen-golf-alltrack--s--1-8l-l4-gas | v-2021-volkswagen-golf--tsi--1-4l-l4-gas,Hub & Bearing #4 | Hub & Bearing #4 | Hub & Bearing #4 | Hub & Bearing #4,"288x25 rotor. Jetta. Without red caliper. To 9/30/20. Right. Without r, without e-Golf. Golf Alltrack. To 09/30/2020. From 07/01/2014.",illustrations/disc-brake-caliper.webp,https://vw.oempartsonline.com/oem-parts/volkswagen-disc-brake-caliper-5qm615124
5QM615423A,5QM 615 423 A,Disc Brake Caliper,disc brake caliper,brakes,176.99,False,v-2016-volkswagen-golf--s--1-8l-l4-gas,Hub & Bearing #4,"Passat. Left. Fwd, 272x10 mm. From 07/01/2014. Without red. Golf.",illustrations/disc-brake-caliper.webp,https://vw.oempartsonline.com/oem-parts/volkswagen-disc-brake-caliper-5qm615423a
5QM615424A,5QM 615 424 A,Disc Brake Caliper,disc brake caliper,brakes,190.96,False,v-2019-volkswagen-golf--s--1-4l-l4-gas,Hub & Bearing #4,"Passat. Right. Fwd, 272x10 mm. From 07/01/2014. Without red. Golf. To 06/30/2014.",illustrations/disc-brake-caliper.webp,https://vw.oempartsonline.com/oem-parts/volkswagen-disc-brake-caliper-5qm615424a
8V0615123,8V0 615 123,Disc Brake Caliper,disc brake caliper,brakes,208.43,False,v-2021-volkswagen-golf--tsi--1-4l-l4-gas,Hub & Bearing #4,Jetta. Without red caliper. From 10/1/20. E-Golf. Left. To 06/30/2014. Without gli. from 10/01/2020.,illustrations/disc-brake-caliper.webp,https://vw.oempartsonline.com/oem-parts/volkswagen-disc-brake-caliper-8v0615123
8V0615123D,8V0 615 123 D,Disc Brake Caliper,disc brake caliper,brakes,279.46,False,v-2019-volkswagen-golf-alltrack--s--1-8l-l4-gas,Hub & Bearing #4,312x25 rotor. Taos. 2021-22. 312x25 mm. Passat. Left. From 09/28/2020.,illustrations/disc-brake-caliper.webp,https://vw.oempartsonline.com/oem-parts/volkswagen-disc-brake-caliper-8v0615123d
8V0615124,8V0 615 124,Disc Brake Caliper,disc brake caliper,brakes,241.62,False,v-2021-volkswagen-golf--tsi--1-4l-l4-gas,Hub & Bearing #4,Jetta. Without red caliper. From 10/1/20. E-Golf. Right. To 06/30/2014. Without gli. from 10/01/2020.,illustrations/disc-brake-caliper.webp,https://vw.oempartsonline.com/oem-parts/volkswagen-disc-brake-caliper-8v0615124
8V0615124D,8V0 615 124 D,Disc Brake Caliper,disc brake caliper,brakes,308.57,False,v-2019-volkswagen-golf-alltrack--s--1-8l-l4-gas,Hub & Bearing #4,312x25 rotor. Taos. 2021-22. 312x25 mm. Passat. Right. From 09/28/2020.,illustrations/disc-brake-caliper.webp,https://vw.oempartsonline.com/oem-parts/volkswagen-disc-brake-caliper-8v0615124d
8V0615423E,8V0 615 423 E,Disc Brake Caliper,disc brake caliper,brakes,416.29,False,v-2019-volkswagen-golf--s--1-4l-l4-gas,Hub & Bearing #4,With awd. Golf R. Left.,illustrations/disc-brake-caliper.webp,https://vw.oempartsonline.com/oem-parts/volkswagen-disc-brake-caliper-8v0615423e
8V0615424E,8V0 615 424 E,Disc Brake Caliper,disc brake caliper,brakes,410.46,False,v-2019-volkswagen-golf--s--1-4l-l4-gas,Hub & Bearing #4,With awd. Golf R. Right.,illustrations/disc-brake-caliper.webp,https://vw.oempartsonline.com/oem-parts/volkswagen-disc-brake-caliper-8v0615424e
5Q0615125A,5Q0 615 125 A,Disc Brake Caliper Bracket,disc brake caliper bracket,brakes,211.81,False,v-2019-volkswagen-golf-alltrack--s--1-8l-l4-gas,Hub & Bearing #8,Incl.Disc Brake Caliper Guide Pin. 312x25 rotor. From 09/28/2020. 2021-22. 312x25 mm. To 05/01/2022. From 05/02/2022.,illustrations/bracket.webp,https://vw.oempartsonline.com/oem-parts/volkswagen-disc-brake-caliper-bracket-5q0615125a
5Q0615125D,5Q0 615 125 D,Disc Brake Caliper Bracket,disc brake caliper bracket,brakes,,False,v-2021-volkswagen-golf--tsi--1-4l-l4-gas,Hub & Bearing #8,"Incl.Disc Brake Caliper Guide Pin. Without r, with e-Golf. To 06/30/2014. Without gli. from 10/01/2020. Without performance brakes, to 06/2014. [View Details](https://vw.oempartsonline.com/oem-parts/volkswagen-disc-brake-caliper-bracket-5q0615125d) 8",illustrations/bracket.webp,https://vw.oempartsonline.com/oem-parts/volkswagen-disc-brake-caliper-bracket-5q0615125d
5Q0615126A,5Q0 615 126 A,Disc Brake Caliper Bracket,disc brake caliper bracket,brakes,211.81,False,v-2019-volkswagen-golf-alltrack--s--1-8l-l4-gas,Hub & Bearing #8,Incl.Disc Brake Caliper Guide Pin. 312x25 rotor. From 09/28/2020. 2021-22. 312x25 mm. To 05/01/2022. From 05/02/2022.,illustrations/bracket.webp,https://vw.oempartsonline.com/oem-parts/volkswagen-disc-brake-caliper-bracket-5q0615126a
5Q0615126D,5Q0 615 126 D,Disc Brake Caliper Bracket,disc brake caliper bracket,brakes,,False,v-2021-volkswagen-golf--tsi--1-4l-l4-gas,Hub & Bearing #8,"Incl.Disc Brake Caliper Guide Pin. Without r, with e-Golf. To 06/30/2014. Without gli. from 10/01/2020. Without performance brakes, to 06/2014. [View Details](https://vw.oempartsonline.com/oem-parts/volkswagen-disc-brake-caliper-bracket-5q0615126d) 9",illustrations/bracket.webp,https://vw.oempartsonline.com/oem-parts/volkswagen-disc-brake-caliper-bracket-5q0615126d
5QM615125,5QM 615 125,Disc Brake Caliper Bracket,disc brake caliper bracket,brakes,252.29,False,v-2016-volkswagen-golf--s--1-8l-l4-gas | v-2019-volkswagen-golf--s--1-4l-l4-gas | v-2019-volkswagen-golf-alltrack--s--1-8l-l4-gas | v-2021-volkswagen-golf--tsi--1-4l-l4-gas,Hub & Bearing #8 | Hub & Bearing #8 | Hub & Bearing #8 | Hub & Bearing #8,"Incl.Disc Brake Caliper Guide Pin. 288x25 rotor. Without r, without e-Golf. To 09/30/2020. From 07/01/2014.",illustrations/bracket.webp,https://vw.oempartsonline.com/oem-parts/volkswagen-disc-brake-caliper-bracket-5qm615125
5QM615126,5QM 615 126,Disc Brake Caliper Bracket,disc brake caliper bracket,brakes,249.62,False,v-2016-volkswagen-golf--s--1-8l-l4-gas | v-2019-volkswagen-golf--s--1-4l-l4-gas | v-2019-volkswagen-golf-alltrack--s--1-8l-l4-gas | v-2021-volkswagen-golf--tsi--1-4l-l4-gas,Hub & Bearing #8 | Hub & Bearing #8 | Hub & Bearing #8 | Hub & Bearing #8,"Incl.Disc Brake Caliper Guide Pin. 288x25 rotor. Without r, without e-Golf. To 09/30/2020. From 07/01/2014.",illustrations/bracket.webp,https://vw.oempartsonline.com/oem-parts/volkswagen-disc-brake-caliper-bracket-5qm615126
5QM615426A,5QM 615 426 A,Disc Brake Caliper Bracket,disc brake caliper bracket,brakes,143.05,False,v-2016-volkswagen-golf--s--1-8l-l4-gas,Hub & Bearing #8,"Incl.Disc Brake Caliper Guide Pin. Fwd, 272x10 mm. Without awd, without e-Golf. Without red. From 07/01/2014.",illustrations/bracket.webp,https://vw.oempartsonline.com/oem-parts/volkswagen-disc-brake-caliper-bracket-5qm615426a
N90948802,N 909 488 02,Disc Brake Caliper Bracket Mounting Bolt,disc brake caliper bracket mounting bolt,brakes,6.88,False,v-2012-volkswagen-golf--base--2-5l-l5-gas | v-2016-volkswagen-golf--s--1-8l-l4-gas | v-2019-volkswagen-golf--s--1-4l-l4-gas | v-2019-volkswagen-golf-alltrack--s--1-8l-l4-gas | v-2021-volkswagen-golf--tsi--1-4l-l4-gas,Hub & Bearing #8 | Hub & Bearing #5 | Hub & Bearing #5 | Hub & Bearing #5 | Hub & Bearing #5,Without r. Without gli. 288x25 rotor. To 09/28/2020.,illustrations/bolt.webp,https://vw.oempartsonline.com/oem-parts/volkswagen-disc-brake-caliper-bracket-mounting-bolt-n90948802
251615219,251 615 219,Disc Brake Caliper Pin,disc brake caliper pin,brakes,32.84,False,v-2019-volkswagen-golf--s--1-4l-l4-gas,Hub & Bearing #10,,illustrations/disc-brake-caliper-pin.webp,https://vw.oempartsonline.com/oem-parts/volkswagen-disc-brake-caliper-pin-251615219
WHT010085,WHT 010 085,Disc Brake Caliper Pin Bolt,disc brake caliper pin bolt,brakes,4.58,False,v-2016-volkswagen-golf--s--1-8l-l4-gas | v-2019-volkswagen-golf--s--1-4l-l4-gas | v-2019-volkswagen-golf-alltrack--s--1-8l-l4-gas | v-2021-volkswagen-golf--tsi--1-4l-l4-gas,Hub & Bearing #9 | Hub & Bearing #9 | Hub & Bearing #9 | Hub & Bearing #9,"This OEM Volkswagen bolt, part number WHT-010-085, is a genuine replacement for Volkswagen models. It helps secure the brake caliper to the caliper bracket. This outer mount pin can be used front or rear, on either the left or the right. It's a direct replacement for part numbers 8E0-615-141, WHT-003-250, and WHT-003-252.",illustrations/bolt.webp,https://vw.oempartsonline.com/oem-parts/volkswagen-disc-brake-caliper-pin-bolt-wht010085
7N0698647A,7N0 698 647 A,Disc Brake Caliper Pin Boot,disc brake caliper pin boot,brakes,,False,v-2016-volkswagen-golf--s--1-8l-l4-gas | v-2019-volkswagen-golf--s--1-4l-l4-gas | v-2019-volkswagen-golf-alltrack--s--1-8l-l4-gas | v-2021-volkswagen-golf--tsi--1-4l-l4-gas,Hub & Bearing #10 | Hub & Bearing #10 | Hub & Bearing #10 | Hub & Bearing #10,"All Required. 288x25 rotor. 340x30mm. 340x30 mm. With gli. With performance brakes. From 09/28/2020. 2021-22. With r. Bolt,Sleeve. [View Details](https://vw.oempartsonline.com/oem-parts/volkswagen-disc-brake-caliper-pin-boot-7n0698647a) 11",illustrations/disc-brake-caliper-pin-boot.webp,https://vw.oempartsonline.com/oem-parts/volkswagen-disc-brake-caliper-pin-boot-7n0698647a
8V0698647,8V0 698 647,Disc Brake Caliper Pin Boot Kit,disc brake caliper pin boot,brakes,24.91,False,v-2012-volkswagen-golf--base--2-5l-l5-gas | v-2019-volkswagen-golf--s--1-4l-l4-gas,Hub & Bearing #9 | Hub & Bearing #9,,illustrations/disc-brake-caliper-pin-boot.webp,https://vw.oempartsonline.com/oem-parts/volkswagen-disc-brake-caliper-pin-boot-kit-8v0698647
8V0698671A,8V0 698 671 A,Disc Brake Caliper Piston Boot,disc brake caliper piston boot,brakes,18.43,False,v-2019-volkswagen-golf--s--1-4l-l4-gas,Hub & Bearing #7,"Atlas Cross Sport. Tiguan. Awd. Arteon. Front wheel drive, 310x22mm. All wheel drive, 310x22mm. Fwd. All wheel drive, 300x12mm.",illustrations/disc-brake-caliper-piston-boot.webp,https://vw.oempartsonline.com/oem-parts/volkswagen-disc-brake-caliper-piston-boot-8v0698671a
1K0698471B,1K0 698 471 B,Disc Brake Caliper Seal Kit,disc brake caliper seal,brakes,33.26,False,v-2012-volkswagen-golf--base--2-5l-l5-gas,Hub & Bearing #6,,,https://vw.oempartsonline.com/oem-parts/volkswagen-disc-brake-caliper-seal-kit-1k0698471b
1K0615269,1K0 615 269,Disc Brake Pad Retaining Clip,disc brake pad retaining clip,brakes,17.43,False,v-2012-volkswagen-golf--base--2-5l-l5-gas,Hub & Bearing #11,"312x25mm. 288x25mm. Sedan, 288mm. Without red caliper. 312mm. Without r. Spring. Coupe,. Wagon, 2010-11,.",illustrations/clip.webp,https://vw.oempartsonline.com/oem-parts/volkswagen-disc-brake-pad-retaining-clip-1k0615269
1J0615301P,1J0 615 301 P,Disc Brake Rotor,disc brake rotor,brakes,235.21,False,v-2005-volkswagen-golf--gl--2-0l-l4-gas,Rotor #1,"Disc Brake Rotor. 280mm Dia. A single Disc brake Rotor. Germany Built Vehicle. Fits Beetle, Beetle Convertible, Golf, GTI, Jetta, Jetta GLI, Jetta Wagon , 280 X 22mm Rotor. 1.9 & 2.0 Liter. 4 Cylinder. Beetle; 1.9L Diesel. Beetle; 2.0L. Convertible, 28 ...",illustrations/disc-brake-rotor.webp,https://vw.oempartsonline.com/oem-parts/volkswagen-disc-brake-rotor-1j0615301p
5C0615301D,5C0 615 301 D,Disc Brake Rotor Front,disc brake rotor,brakes,86.04,False,v-2016-volkswagen-golf--s--1-8l-l4-gas | v-2019-volkswagen-golf--s--1-4l-l4-gas | v-2019-volkswagen-golf-alltrack--s--1-8l-l4-gas | v-2021-volkswagen-golf--tsi--1-4l-l4-gas,Hub & Bearing #13 | Hub & Bearing #13 | Hub & Bearing #13 | Hub & Bearing #13,,illustrations/disc-brake-rotor.webp,https://vw.oempartsonline.com/oem-parts/volkswagen-disc-brake-rotor-front-5c0615301d
5Q0615301H,5Q0 615 301 H,Disc Brake Rotor,disc brake rotor,brakes,81.03,False,v-2012-volkswagen-golf--base--2-5l-l5-gas,Hub & Bearing #12,"288mm Dia. A single disc Brake Rotor. From 03/16/2015. Fits e-Golf, Golf, GTI, Jetta, Jetta Wagon, R32, Rabbit, SportWagen 288mm. 288X25mm. A3 2.0L TDI. E-Golf. Golf Sportwagen Code 1ZE. Golf w/o AWD. Jetta Wagon 2.5L. Jetta 15"" Wheels. Rabbit. Sedan Fr ...",illustrations/disc-brake-rotor.webp,https://vw.oempartsonline.com/oem-parts/volkswagen-disc-brake-rotor-5q0615301h
5Q0615601D,5Q0 615 601 D,Disc Brake Rotor Rear,disc brake rotor,brakes,56.35,False,v-2016-volkswagen-golf--s--1-8l-l4-gas,Hub & Bearing #13,,illustrations/disc-brake-rotor.webp,https://vw.oempartsonline.com/oem-parts/volkswagen-disc-brake-rotor-rear-5q0615601d
5QM615601E,5QM 615 601 E,Disc Brake Rotor,disc brake rotor,brakes,81.03,False,v-2019-volkswagen-golf--s--1-4l-l4-gas,Hub & Bearing #13,Awd. Golf.,illustrations/disc-brake-rotor.webp,https://vw.oempartsonline.com/oem-parts/volkswagen-disc-brake-rotor-5qm615601e
6R0615301D,6R0 615 301 D,Disc Brake Rotor Front,disc brake rotor,brakes,81.03,False,v-1999-volkswagen-golf--gl--2-0l-l4-gas,Rotor #1,,illustrations/disc-brake-rotor.webp,https://vw.oempartsonline.com/oem-parts/volkswagen-disc-brake-rotor-front-6r0615301d
8V0615269,8V0 615 269,Disc Brake Spring,disc brake spring,brakes,17.43,False,v-2019-volkswagen-golf--s--1-4l-l4-gas,Hub & Bearing #11,"Awd. Front wheel drive, 310x22mm. With 4 link suspension. Fwd. Front wheel drive, 300x12mm. All wheel drive, 310x22mm.",illustrations/disc-brake-spring.webp,https://vw.oempartsonline.com/oem-parts/volkswagen-disc-brake-spring-8v0615269
1J0407613G,1J0 407 613 G,Hub,hub,brakes,,False,v-1999-volkswagen-golf--gl--2-0l-l4-gas | v-2005-volkswagen-golf--gl--2-0l-l4-gas,Rotor #8 | Rotor #8,[View Details](https://vw.oempartsonline.com/oem-parts/volkswagen-hub-1j0407613g) 8 / [View Details](https://vw.oempartsonline.com/oem-parts/volkswagen-hub-1j0407613g) 9,,https://vw.oempartsonline.com/oem-parts/volkswagen-hub-1j0407613g
1J0407613H,1J0 407 613 H,Hub,hub,brakes,293.87,False,v-2005-volkswagen-golf--gl--2-0l-l4-gas,Rotor #8,"Brake Code-1LJ,1ZD. From Chassis/VIN 1J-34081 516. Coupe, 2.5L. Beetle. 1.8 & 2.8L, with traction control.",,https://vw.oempartsonline.com/oem-parts/volkswagen-hub-1j0407613h
5Q0598611,5Q0 598 611,Hub & Bearing,hub & bearing,brakes,230.11,False,v-2016-volkswagen-golf--s--1-8l-l4-gas | v-2019-volkswagen-golf--s--1-4l-l4-gas,Hub & Bearing #1 | Hub & Bearing #1,"Without awd, without e-Golf.",,https://vw.oempartsonline.com/oem-parts/volkswagen-hub-and-bearing-5q0598611
8V0498625,8V0 498 625,Hub & Bearing,hub & bearing,brakes,,False,v-2016-volkswagen-golf--s--1-8l-l4-gas | v-2019-volkswagen-golf--s--1-4l-l4-gas | v-2019-volkswagen-golf-alltrack--s--1-8l-l4-gas | v-2021-volkswagen-golf--tsi--1-4l-l4-gas,Hub & Bearing #1 | Hub & Bearing #1 | Lower Spring Insulator #2 | Hub & Bearing #1 | Hub & Bearing #1,"80mm. Part has related Components that cannot be reused/ reinstalled mount bolt and axle bolt. Wheel Bearing and Hub Assembly. Wheel Hub. Amplifier. Front. Fits AllTrack, e-Golf, Golf, SportWagen 288X25 Rotor. E-Golf. Golf. Golf AllTrack. Golf Sportwagen. w/o R. w/o r. Golf, e-Golf. 288x25 Rotor. Golf AllTrack. Golf SportWagen. [View Details](https://vw.oempartsonline.com/oem-parts/volkswagen-hub-and-bearing-8v0498625) 1 / 80mm. Part has related Components that cannot be reused/ reinstalled moun",,https://vw.oempartsonline.com/oem-parts/volkswagen-hub-and-bearing-8v0498625
WHT000237,WHT 000 237,Hub & Bearing Mount Bolt,hub & bearing mount bolt,brakes,9.47,False,v-2016-volkswagen-golf--s--1-8l-l4-gas | v-2019-volkswagen-golf--s--1-4l-l4-gas | v-2019-volkswagen-golf-alltrack--s--1-8l-l4-gas,Hub & Bearing #2 | Hub & Bearing #2 | Hub & Bearing #2,"288x25 rotor. 312x25 rotor. Without performance brakes. 312x25 mm. With r. With gli, to 10/14/2019.",illustrations/bolt.webp,https://vw.oempartsonline.com/oem-parts/volkswagen-hub-and-bearing-mount-bolt-wht000237
WHT000237C,WHT 000 237 C,Hub & Bearing Mount Bolt,hub & bearing mount bolt,brakes,1.92,False,v-2019-volkswagen-golf--s--1-4l-l4-gas | v-2021-volkswagen-golf--tsi--1-4l-l4-gas,Hub & Bearing #2 | Hub & Bearing #2,,illustrations/bolt.webp,https://vw.oempartsonline.com/oem-parts/volkswagen-hub-and-bearing-mount-bolt-wht000237c
WHT007150,WHT 007 150,Hub & Bearing Mount Bolt,hub & bearing mount bolt,brakes,12.55,False,v-2016-volkswagen-golf--s--1-8l-l4-gas,Hub & Bearing #2,,illustrations/bolt.webp,https://vw.oempartsonline.com/oem-parts/volkswagen-hub-and-bearing-mount-bolt-wht007150
5Q0698365,5Q0 698 365,Motor Hardware Kit,motor hardware,brakes,5.08,False,v-2019-volkswagen-golf--s--1-4l-l4-gas,Hub & Bearing #13,"With 4 link suspension. All wheel drive 310x22mm. Fwd. All wheel drive 300x12mm. Front wheel drive, 300x12mm. All wheel drive, brake code: 1kz. Front wheel drive, 310x22mm. Without awd, with e-Golf.",,https://vw.oempartsonline.com/oem-parts/volkswagen-motor-hardware-kit-5q0698365
1J0698151P,1J0 698 151 P,Front Pads,pads,brakes,,False,v-1999-volkswagen-golf--gl--2-0l-l4-gas,Rotor #4,"1.9 & 2.0L, 2.0L. Golf, GTI, R32. 2.0l. Golf, GTI, R32. 1.8l, 1.9l tdi. Jetta. 2.0l. Jetta. 1.9l tdi. Brazil Built Vehicle. 14"" Wheels. 232mm Dia. Brazil Built Vehicle. 15"" Wheels. [View Details](https://vw.oempartsonline.com/oem-parts/volkswagen-front-pads-1j0698151p) 5",,https://vw.oempartsonline.com/oem-parts/volkswagen-front-pads-1j0698151p
3Q0998281,3Q0 998 281,Parking Brake Actuator,parking brake actuator,brakes,515.67,False,v-2019-volkswagen-golf--s--1-4l-l4-gas,Hub & Bearing #12,,,https://vw.oempartsonline.com/oem-parts/volkswagen-parking-brake-actuator-3q0998281
3Q0998281A,3Q0 998 281 A,Parking Brake Actuator,parking brake actuator,brakes,393.68,False,v-2019-volkswagen-golf--s--1-4l-l4-gas,Hub & Bearing #12,,,https://vw.oempartsonline.com/oem-parts/volkswagen-parking-brake-actuator-3q0998281a
5Q0615601E,5Q0 615 601 E,Rotor Front,rotor,brakes,83.44,False,v-2019-volkswagen-golf--s--1-4l-l4-gas,Hub & Bearing #15,"310mm. 310mm Dia. A single Disc brake Rotor. All Wheel Drive 310X22mm. From 10/10/2016. Front Wheel Drive 310X22mm. Part has related component that cannot be reused/ reinstalled; screw. Performance Package. To 10/09/2016. Fits Arteon, CC, e-Golf, Golf, G ...",,https://vw.oempartsonline.com/oem-parts/volkswagen-rotor-front-5q0615601e
N10648301,N 106 483 01,Rotor Screw,rotor screw,brakes,2.03,False,v-2012-volkswagen-golf--base--2-5l-l5-gas | v-2016-volkswagen-golf--s--1-8l-l4-gas | v-2019-volkswagen-golf--s--1-4l-l4-gas | v-2019-volkswagen-golf-alltrack--s--1-8l-l4-gas | v-2021-volkswagen-golf--tsi--1-4l-l4-gas,Hub & Bearing #13 | Hub & Bearing #14 | Hub & Bearing #14 | Hub & Bearing #16 | Hub & Bearing #14 | Hub & Bearing #14,,illustrations/bolt.webp,https://vw.oempartsonline.com/oem-parts/volkswagen-rotor-screw-n10648301
1J0615311A,1J0 615 311 A,Splash Shield,splash shield,brakes,,False,v-1999-volkswagen-golf--gl--2-0l-l4-gas | v-2005-volkswagen-golf--gl--2-0l-l4-gas,Rotor #2 | Rotor #2,[View Details](https://vw.oempartsonline.com/oem-parts/volkswagen-splash-shield-1j0615311a) 2,,https://vw.oempartsonline.com/oem-parts/volkswagen-splash-shield-1j0615311a
1K0615311F,1K0 615 311 F,Splash Shield,splash shield,brakes,53.22,False,v-2012-volkswagen-golf--base--2-5l-l5-gas,Hub & Bearing #14,,,https://vw.oempartsonline.com/oem-parts/volkswagen-splash-shield-1k0615311f
1K0615312F,1K0 615 312 F,Splash Shield,splash shield,brakes,53.22,False,v-2012-volkswagen-golf--base--2-5l-l5-gas,Hub & Bearing #14,,,https://vw.oempartsonline.com/oem-parts/volkswagen-splash-shield-1k0615312f
5Q0615311G,5Q0 615 311 G,Splash Shield,splash shield,brakes,58.24,False,v-2016-volkswagen-golf--s--1-8l-l4-gas | v-2019-volkswagen-golf--s--1-4l-l4-gas | v-2019-volkswagen-golf-alltrack--s--1-8l-l4-gas | v-2021-volkswagen-golf--tsi--1-4l-l4-gas,Hub & Bearing #15 | Hub & Bearing #15 | Hub & Bearing #15 | Hub & Bearing #15,,,https://vw.oempartsonline.com/oem-parts/volkswagen-splash-shield-5q0615311g
5Q0615312G,5Q0 615 312 G,Splash Shield,splash shield,brakes,58.24,False,v-2016-volkswagen-golf--s--1-8l-l4-gas | v-2019-volkswagen-golf--s--1-4l-l4-gas | v-2019-volkswagen-golf-alltrack--s--1-8l-l4-gas | v-2021-volkswagen-golf--tsi--1-4l-l4-gas,Hub & Bearing #15 | Hub & Bearing #15 | Hub & Bearing #15 | Hub & Bearing #15,,,https://vw.oempartsonline.com/oem-parts/volkswagen-splash-shield-5q0615312g
5Q0615611S,5Q0 615 611 S,Splash Shield,splash shield,brakes,27.25,False,v-2019-volkswagen-golf--s--1-4l-l4-gas,Hub & Bearing #17,"Tiguan. Left. Arteon. All wheel drive 310x22mm. Golf R. Fwd. All wheel drive, 300x12mm. With awd with link suspension. from 12/05/2016.",,https://vw.oempartsonline.com/oem-parts/volkswagen-splash-shield-5q0615611s
5Q0615612S,5Q0 615 612 S,Splash Shield,splash shield,brakes,31.75,False,v-2019-volkswagen-golf--s--1-4l-l4-gas,Hub & Bearing #17,"Tiguan. Right. Arteon. All wheel drive 310x22mm. Golf R. Fwd. With awd, to 12/04/2016. All wheel drive 300x12mm. With awd with link suspension.",,https://vw.oempartsonline.com/oem-parts/volkswagen-splash-shield-5q0615612s
N91073301,N 910 733 01,Splash Shield Bolt,splash shield bolt,brakes,0.33,False,v-2012-volkswagen-golf--base--2-5l-l5-gas | v-2016-volkswagen-golf--s--1-8l-l4-gas | v-2019-volkswagen-golf--s--1-4l-l4-gas | v-2019-volkswagen-golf-alltrack--s--1-8l-l4-gas | v-2021-volkswagen-golf--tsi--1-4l-l4-gas,Hub & Bearing #15 | Hub & Bearing #16 | Hub & Bearing #16 | Hub & Bearing #18 | Hub & Bearing #16 | Hub & Bearing #16,"From 07/29/2024. Suspension code: g01 or g04 340x30mm. All wheel drive, brake code: 1kx. Suspension code: g01 or g04, 306x26mm. Rear wheel drive. Front wheel drive. All wheel drive, brake code: 1kz.",illustrations/bolt.webp,https://vw.oempartsonline.com/oem-parts/volkswagen-splash-shield-bolt-n91073301
8V0615437,8V0 615 437,Wear Indicator,wear indicator,brakes,42.42,False,v-2016-volkswagen-golf--s--1-8l-l4-gas | v-2019-volkswagen-golf--s--1-4l-l4-gas | v-2019-volkswagen-golf-alltrack--s--1-8l-l4-gas | v-2021-volkswagen-golf--tsi--1-4l-l4-gas,Hub & Bearing #12 | Hub & Bearing #12 | Hub & Bearing #12 | Hub & Bearing #12,Without gli. 288x25 rotor. GTI. Golf SportWagen. Without performance brakes. Golf Alltrack. Taos. With r.,,https://vw.oempartsonline.com/oem-parts/volkswagen-wear-indicator-8v0615437
5K0498621,5K0 498 621,Wheel Bearing And Hub Assembly,wheel bearing and hub,brakes,,False,v-2012-volkswagen-golf--base--2-5l-l5-gas,Hub & Bearing #1,"This OEM Volkswagen front wheel hub and bearing assembly, part number 5K0-498-621, fits select VW vehicles from between the 2005 and 2020 model years. For instance, it's compatible with cars like Volkswagen Jetta, Rabbit, and Passat, plus SUVs like Volkswa ... [View Details](https://vw.oempartsonline.com/oem-parts/volkswagen-wheel-bearing-and-hub-assembly-5k0498621) 1",,https://vw.oempartsonline.com/oem-parts/volkswagen-wheel-bearing-and-hub-assembly-5k0498621
5K0498621A,5K0 498 621 A,Wheel Bearing And Hub Assembly,wheel bearing and hub,brakes,,False,v-2012-volkswagen-golf--base--2-5l-l5-gas,Hub & Bearing #1,Brake Code-1ZF. From 03/15/2011. To 03/14/2011. [View Details](https://vw.oempartsonline.com/oem-parts/volkswagen-wheel-bearing-and-hub-assembly-5k0498621a) 2,,https://vw.oempartsonline.com/oem-parts/volkswagen-wheel-bearing-and-hub-assembly-5k0498621a
8S0498625A,8S0 498 625 A,Wheel Bearing And Hub Assembly,wheel bearing and hub,brakes,,False,v-2016-volkswagen-golf--s--1-8l-l4-gas | v-2019-volkswagen-golf--s--1-4l-l4-gas,Hub & Bearing #1 | Hub & Bearing #1,85mm. GTI. 312x25 rotor. Without performance brakes. Arteon. To 01/31/2021. To 04/24/2017. Golf R. With r. 340x30 mm. [View Details](https://vw.oempartsonline.com/oem-parts/volkswagen-wheel-bearing-and-hub-assembly-8s0498625a) 1,,https://vw.oempartsonline.com/oem-parts/volkswagen-wheel-bearing-and-hub-assembly-8s0498625a
5GM121283,5GM 121 283,Side Air Baffle,air baffle,cooling system,29.38,False,v-2019-volkswagen-golf--s--1-4l-l4-gas,Radiator #8,"All, without alltrack. 1.4L engine cooling. Without e-Golf, 1.4L.",illustrations/air-baffle.webp,https://vw.oempartsonline.com/oem-parts/volkswagen-side-air-baffle-5gm121283
5GM121284,5GM 121 284,Side Air Baffle,air baffle,cooling system,28.25,False,v-2019-volkswagen-golf--s--1-4l-l4-gas,Radiator #8,"All, without alltrack. 1.4L engine cooling. Without e-Golf, 1.4L.",illustrations/air-baffle.webp,https://vw.oempartsonline.com/oem-parts/volkswagen-side-air-baffle-5gm121284
5Q0121251HS,5Q0 121 251 HS,Auxiliary Radiator,auxiliary radiator,cooling system,200.51,False,v-2019-volkswagen-golf--s--1-4l-l4-gas,Radiator #2,"1.4 Liter. Engine Cooling. Seal used on the Radiator. Air. Assembly Upper. strip. Auxiliary. Intercooler. Fits Golf, Jetta, SportWagen 1.4 Liter, Engine Cooling, secondary, Type 1. 1.4 Liter, secondary, Manual Trans, Type 1. 2.0 Liter Diesel. Engine Cooling, secondary, Type 1. Golf. Jetta Auto Trans. Jetta Manual Trans. Golf. Jetta. Auto Trans. 2.0L Diesel. 1.4L, secondary, Manual Trans, Type 1. 1.4L, Engine Cooling, secondary, Type 1.",illustrations/auxiliary-radiator.webp,https://vw.oempartsonline.com/oem-parts/volkswagen-auxiliary-radiator-5q0121251hs
5QM121251Q,5QM 121 251 Q,Auxiliary Radiator,auxiliary radiator,cooling system,256.76,False,v-2019-volkswagen-golf--s--1-4l-l4-gas,Radiator #2,"Jetta. Auxiliary. Optional. 1.4L, secondary, manual trans, type 2. To 03/02/2020. Engine cooling, secondary, type 2. From 03/03/2020.",illustrations/auxiliary-radiator.webp,https://vw.oempartsonline.com/oem-parts/volkswagen-auxiliary-radiator-5qm121251q
2Q0121321A,2Q0 121 321 A,Cap,cap,cooling system,25.12,False,v-2019-volkswagen-golf--s--1-4l-l4-gas,Radiator #11,E-Golf.,illustrations/cap.webp,https://vw.oempartsonline.com/oem-parts/volkswagen-cap-2q0121321a
04E121070AD,04E 121 070 AD,Cross Tube,cross tube,cooling system,30.38,False,v-2019-volkswagen-golf--s--1-4l-l4-gas,Upper Hose #9,,,https://vw.oempartsonline.com/oem-parts/volkswagen-cross-tube-4e121070ad
1K0122291BN,1K0 122 291 BN,Drive Motor Inverter Radiator Hose Adapter,drive motor inverter radiator hose adapter,cooling system,16.58,False,v-2019-volkswagen-golf--s--1-4l-l4-gas,Upper Hose #5,"Hybrid, hybrid controller cooling. Lower Radiator Coolant Hose. At Radiator. Electric. all. Auxiliary Radiator. ELECTRIC. with aux heat pump. 1.4L, right side. 2.0L gas auxiliary left side. Coupling.",,https://vw.oempartsonline.com/oem-parts/volkswagen-drive-motor-inverter-radiator-hose-adapter-1k0122291bn
5Q0965567N,5Q0 965 567 N,Engine Auxiliary Water Pump,engine auxiliary water pump,cooling system,188.63,False,v-2019-volkswagen-golf--s--1-4l-l4-gas,Upper Hose #7,"Jetta. Without hybrid, engine cooling. HVAC System. Right side. Golf SportWagen. To 11/11/2018.",illustrations/engine-auxiliary-water-pump.webp,https://vw.oempartsonline.com/oem-parts/volkswagen-engine-auxiliary-water-pump-5q0965567n
04E121497J,04E 121 497 J,Engine Coolant Pipe,engine coolant pipe,cooling system,54.58,False,v-2019-volkswagen-golf--s--1-4l-l4-gas,Upper Hose #13,Tube assy. Golf SportWagen. 1.4l. Right side. Tiguan Limited. Feed.,,https://vw.oempartsonline.com/oem-parts/volkswagen-engine-coolant-pipe-4e121497j
04E121687,04E 121 687,Engine Coolant Pipe Gasket,engine coolant pipe gasket,cooling system,10.42,False,v-2019-volkswagen-golf--s--1-4l-l4-gas,Upper Hose #14,Turbocharger Cooling Pipe. Hybrid. Right side.,,https://vw.oempartsonline.com/oem-parts/volkswagen-engine-coolant-pipe-gasket-4e121687
5QM121407C,5QM 121 407 C,Engine Coolant Reservoir,engine coolant reservoir,cooling system,,False,v-2019-volkswagen-golf--s--1-4l-l4-gas,Radiator #10,E-Golf. Electric. [View Details](https://vw.oempartsonline.com/oem-parts/volkswagen-engine-coolant-reservoir-5qm121407c) 11,illustrations/engine-coolant-reservoir.webp,https://vw.oempartsonline.com/oem-parts/volkswagen-engine-coolant-reservoir-5qm121407c
1H0121687A,1H0 121 687 A,Engine Coolant Reservoir Cap Seal,engine coolant reservoir cap seal,cooling system,4.12,False,v-2019-volkswagen-golf--s--1-4l-l4-gas,Radiator #12,,,https://vw.oempartsonline.com/oem-parts/volkswagen-engine-coolant-reservoir-cap-seal-1h0121687a
5Q0122051BD,5Q0 122 051 BD,Lower Hose,hose,cooling system,141.94,False,v-2019-volkswagen-golf--s--1-4l-l4-gas,Upper Hose #4,,,https://vw.oempartsonline.com/oem-parts/volkswagen-lower-hose-5q0122051bd
5Q0122109H,5Q0 122 109 H,Center Hose,hose,cooling system,29.45,False,v-2019-volkswagen-golf--s--1-4l-l4-gas,Upper Hose #11,,,https://vw.oempartsonline.com/oem-parts/volkswagen-center-hose-5q0122109h
5QM122101AE,5QM 122 101 AE,Upper Hose,hose,cooling system,51.19,False,v-2019-volkswagen-golf--s--1-4l-l4-gas,Upper Hose #1,,,https://vw.oempartsonline.com/oem-parts/volkswagen-upper-hose-5qm122101ae
5QM122157AD,5QM 122 157 AD,Hose Assembly,hose,cooling system,43.72,False,v-2019-volkswagen-golf--s--1-4l-l4-gas,Upper Hose #10,"1.4L, right side, automatic. Left side, auto trans. Right side, auto trans.",,https://vw.oempartsonline.com/oem-parts/volkswagen-hose-assembly-5qm122157ad
5QM122157R,5QM 122 157 R,Hose Assembly,hose,cooling system,21.83,False,v-2019-volkswagen-golf--s--1-4l-l4-gas,Upper Hose #10,"1.4L, right side, manual. Left side, manual trans. Right side, manual trans.",,https://vw.oempartsonline.com/oem-parts/volkswagen-hose-assembly-5qm122157r
5QM121049C,5QM 121 049 C,Hose & Tube Assembly,hose & tube,cooling system,117.54,False,v-2019-volkswagen-golf--s--1-4l-l4-gas,Upper Hose #8,Jetta. Primary Radiator. Assembly. Incl.Upper and Lower Hoses. Golf. Left side.,,https://vw.oempartsonline.com/oem-parts/volkswagen-hose-and-tube-assembly-5qm121049c
5Q0122063,5Q0 122 063,Inter-Cooler Hose,inter cooler hose,cooling system,27.81,False,v-2019-volkswagen-golf--s--1-4l-l4-gas,Upper Hose #8,Pressure hose. Golf. 1.4l. Right side.,,https://vw.oempartsonline.com/oem-parts/volkswagen-inter-cooler-hose-5q0122063
1K0121367F,1K0 121 367 F,Lower Mount,mount,cooling system,10.49,False,v-2019-volkswagen-golf--s--1-4l-l4-gas,Radiator #6,,,https://vw.oempartsonline.com/oem-parts/volkswagen-lower-mount-1k0121367f
5Q0121345C,5Q0 121 345 C,Radiator Air Seal,radiator air seal,cooling system,12.92,False,v-2019-volkswagen-golf--s--1-4l-l4-gas,Radiator #3,"1.8L. 2019-21. Gas, main. Engine cooling.",,https://vw.oempartsonline.com/oem-parts/volkswagen-radiator-air-seal-5q0121345c
5Q0121345H,5Q0 121 345 H,Radiator Air Seal,radiator air seal,cooling system,12.92,False,v-2019-volkswagen-golf--s--1-4l-l4-gas,Radiator #4,2.0L diesel. Engine cooling.,,https://vw.oempartsonline.com/oem-parts/volkswagen-radiator-air-seal-5q0121345h
5QM122051T,5QM 122 051 T,Radiator Coolant Hose,radiator coolant hose,cooling system,48.03,False,v-2019-volkswagen-golf--s--1-4l-l4-gas,Upper Hose #4,"Auxiliary Radiator. Optional. From 09/16/2019. To 09/16/2019. Right side, type 2.",,https://vw.oempartsonline.com/oem-parts/volkswagen-radiator-coolant-hose-5qm122051t
5Q0121087L,5Q0 121 087 L,Radiator Coolant Hose Adapter,radiator coolant hose adapter,cooling system,22.31,False,v-2019-volkswagen-golf--s--1-4l-l4-gas,Upper Hose #6,"Auxiliary Radiator. Lower Radiator Coolant Hose. ""T"". Right side.",,https://vw.oempartsonline.com/oem-parts/volkswagen-radiator-coolant-hose-adapter-5q0121087l
5Q0122291E,5Q0 122 291 E,Radiator Coolant Hose Adapter,radiator coolant hose adapter,cooling system,30.5,False,v-2019-volkswagen-golf--s--1-4l-l4-gas,Upper Hose #2,Auxiliary Radiator. Upper Radiator Coolant Hose. Right side.,,https://vw.oempartsonline.com/oem-parts/volkswagen-radiator-coolant-hose-adapter-5q0122291e
N90972201,N 909 722 01,Radiator Mount Bolt,radiator mount bolt,cooling system,1.7,False,v-2019-volkswagen-golf--s--1-4l-l4-gas,Radiator #5,"1.8L. 2013-2017. 1.5L. 2009-2012. 2019-21. 2022-23. Engine code: dyla or dylb, main. 2.0L diesel. 1.4L engine cooling. Gas.",illustrations/bolt.webp,https://vw.oempartsonline.com/oem-parts/volkswagen-radiator-mount-bolt-n90972201
5Q0121367F,5Q0 121 367 F,Radiator Mount Bracket,radiator mount bracket,cooling system,38.92,False,v-2019-volkswagen-golf--s--1-4l-l4-gas,Radiator #7,"Auxiliary Radiator. 1.4L, manual trans. Engine cooling.",illustrations/bracket.webp,https://vw.oempartsonline.com/oem-parts/volkswagen-radiator-mount-bracket-5q0121367f
5G0121331H,5G0 121 331 H,Radiator Support Air Deflector Seal,radiator support air deflector seal,cooling system,19.18,False,v-2019-volkswagen-golf--s--1-4l-l4-gas,Radiator #9,"1.4L, engine cooling.",,https://vw.oempartsonline.com/oem-parts/volkswagen-radiator-support-air-deflector-seal-5g0121331h
5G0121332H,5G0 121 332 H,Radiator Support Air Deflector Seal,radiator support air deflector seal,cooling system,19.18,False,v-2019-volkswagen-golf--s--1-4l-l4-gas,Radiator #9,"1.4L, engine cooling.",,https://vw.oempartsonline.com/oem-parts/volkswagen-radiator-support-air-deflector-seal-5g0121332h
04E122447BQ,04E 122 447 BQ,Return Hose,return hose,cooling system,55.75,False,v-2019-volkswagen-golf--s--1-4l-l4-gas,Upper Hose #12,,,https://vw.oempartsonline.com/oem-parts/volkswagen-return-hose-4e122447bq
8E0121349A,8E0 121 349 A,Valve,valve,cooling system,12.31,False,v-2019-volkswagen-golf--s--1-4l-l4-gas,Upper Hose #3,"Hybrid, engine cooling. Right side. Left side.",,https://vw.oempartsonline.com/oem-parts/volkswagen-valve-8e0121349a
5G0998295,5G0 998 295,Adjust Motor Cap,adjust motor cap,electrical,,False,v-2019-volkswagen-golf--s--1-4l-l4-gas,Headlamp Assembly #19,Halogen. Without led. [View Details](https://vw.oempartsonline.com/oem-parts/volkswagen-adjust-motor-cap-5g0998295) 20,illustrations/cap.webp,https://vw.oempartsonline.com/oem-parts/volkswagen-adjust-motor-cap-5g0998295
04E903024T,04E 903 024 T,Alternator,alternator,electrical,734.7,False,v-2019-volkswagen-golf--s--1-4l-l4-gas,electrical--alternator #1,,illustrations/alternator.webp,https://vw.oempartsonline.com/oem-parts/volkswagen-alternator-4e903024t
N10724401,N 107 244 01,Bulb,bulb,electrical,7.48,False,v-2019-volkswagen-golf--s--1-4l-l4-gas,Headlamp Assembly #13,,illustrations/bulb.webp,https://vw.oempartsonline.com/oem-parts/volkswagen-bulb-n10724401
4E0941041,4E0 941 041,Cap,cap,electrical,0.1,False,v-2019-volkswagen-golf--s--1-4l-l4-gas,Headlamp Assembly #20,,illustrations/cap.webp,https://vw.oempartsonline.com/oem-parts/volkswagen-cap-4e0941041
5GM941005E,5GM 941 005 E,Headlamp Assembly,headlamp,electrical,254.2,False,v-2019-volkswagen-golf--s--1-4l-l4-gas,Headlamp Assembly #1,GTI. Twin halogen lamps. 2018-21 halogen. With separate daytime lts. Without hid. Left. Golf. Without led.,,https://vw.oempartsonline.com/oem-parts/volkswagen-headlamp-assembly-5gm941005e
5GM941006E,5GM 941 006 E,Headlamp Assembly,headlamp,electrical,295.22,False,v-2019-volkswagen-golf--s--1-4l-l4-gas,Headlamp Assembly #1,"2018-20 Halogen. Halogen. Headlight Assembly. w/o LED. Fits AllTrack, e-Golf, Golf, Golf R, Golf SportWagen, GTI, SportWagen E-Golf w/o LED Right w/Separate Daytime Lts. Golf AllTrack w/o HID Right. Golf Sportwagen w/o HID Right. Golf w/o LED Right. GTI Right Twin Halogen Lamps. Halogen. Halogen, 2018-21. w/o LED. GTI. Right. E-Golf. w/o hid. w/o led. Golf AllTrack. Halogen, 2018-20. Golf SportWagen. Twin Halogen Lamps. w/ separate daytime lts.",,https://vw.oempartsonline.com/oem-parts/volkswagen-headlamp-assembly-5gm941006e
WHT004141,WHT 004 141,Headlamp Assembly Bolt,headlamp bolt,electrical,2.66,False,v-2019-volkswagen-golf--s--1-4l-l4-gas,Headlamp Assembly #3,,illustrations/bolt.webp,https://vw.oempartsonline.com/oem-parts/volkswagen-headlamp-assembly-bolt-wht004141
N91177601,N 911 776 01,Headlamp Assembly Mount Bolt,headlamp mount bolt,electrical,2.7,False,v-2019-volkswagen-golf--s--1-4l-l4-gas,Headlamp Assembly #4,,illustrations/bolt.webp,https://vw.oempartsonline.com/oem-parts/volkswagen-headlamp-assembly-mount-bolt-n91177601
5G0806305,5G0 806 305,Headlamp Assembly Spacer,headlamp spacer,electrical,38.57,False,v-2019-volkswagen-golf--s--1-4l-l4-gas,Headlamp Assembly #5,"Without led. Led, inner. Halogen, 2015-17. Lower.",,https://vw.oempartsonline.com/oem-parts/volkswagen-headlamp-assembly-spacer-5g0806305
N90342504,N 903 425 04,Headlamp Assembly U-Nut,headlamp u nut,electrical,1.92,False,v-2019-volkswagen-golf--s--1-4l-l4-gas,Headlamp Assembly #6,,,https://vw.oempartsonline.com/oem-parts/volkswagen-headlamp-assembly-u-nut-n90342504
N10529601,N 105 296 01,High Beam Bulb,high beam bulb,electrical,28.4,False,v-2019-volkswagen-golf--s--1-4l-l4-gas,Headlamp Assembly #10,,illustrations/bulb.webp,https://vw.oempartsonline.com/oem-parts/volkswagen-high-beam-bulb-n10529601
5G0941607D,5G0 941 607 D,High Beam Bulb Cap,high beam bulb cap,electrical,10.66,False,v-2019-volkswagen-golf--s--1-4l-l4-gas,Headlamp Assembly #12,"Halogen, 2018-21. Without led. High beam.",illustrations/cap.webp,https://vw.oempartsonline.com/oem-parts/volkswagen-high-beam-bulb-cap-5g0941607d
N10320102,N 103 201 02,Low Beam Bulb,low beam bulb,electrical,19.26,False,v-2019-volkswagen-golf--s--1-4l-l4-gas,Headlamp Assembly #7,,illustrations/bulb.webp,https://vw.oempartsonline.com/oem-parts/volkswagen-low-beam-bulb-n10320102
5G0941607C,5G0 941 607 C,Low Beam Bulb Cap,low beam bulb cap,electrical,10.66,False,v-2019-volkswagen-golf--s--1-4l-l4-gas,Headlamp Assembly #9,"Halogen, 2018-21. Without led. Low beam.",illustrations/cap.webp,https://vw.oempartsonline.com/oem-parts/volkswagen-low-beam-bulb-cap-5g0941607c
5M0941160A,5M0 941 160 A,Low Beam Bulb Mount,low beam bulb mount,electrical,15.24,False,v-2019-volkswagen-golf--s--1-4l-l4-gas,Headlamp Assembly #8,"Mount ring. With directional beam, 2012-17. Halogen, 2018-21. Without directional beam, hella, high beam. Without led. Without directional beam, 2009-11.",illustrations/bulb.webp,https://vw.oempartsonline.com/oem-parts/volkswagen-low-beam-bulb-mount-5m0941160a
5C5941295,5C5 941 295,Motor,motor,electrical,65.22,False,v-2019-volkswagen-golf--s--1-4l-l4-gas,Headlamp Assembly #18,,,https://vw.oempartsonline.com/oem-parts/volkswagen-motor-5c5941295
5G0941319C,5G0 941 319 C,Signal Bulb Socket,signal bulb socket,electrical,24.54,False,v-2019-volkswagen-golf--s--1-4l-l4-gas,Headlamp Assembly #14,2018-21 halogen. Without led.,illustrations/bulb.webp,https://vw.oempartsonline.com/oem-parts/volkswagen-signal-bulb-socket-5g0941319c
02Z911024FX,02Z 911 024 FX,Starter,starter,electrical,181.49,False,v-2019-volkswagen-golf--s--1-4l-l4-gas,Starter #1,,,https://vw.oempartsonline.com/oem-parts/volkswagen-starter-2z911024fx
0AM911022CX,0AM 911 022 CX,Starter,starter,electrical,182.97,False,v-2019-volkswagen-golf--s--1-4l-l4-gas,Starter #1,,,https://vw.oempartsonline.com/oem-parts/volkswagen-starter-am911022cx
0AM911024A,0AM 911 024 A,Starter,starter,electrical,321.6,False,v-2019-volkswagen-golf--s--1-4l-l4-gas,Starter #1,,,https://vw.oempartsonline.com/oem-parts/volkswagen-starter-am911024a
N91166401,N 911 664 01,Sunroof Frame Bolt,sunroof frame bolt,electrical,0.22,False,v-2019-volkswagen-golf--s--1-4l-l4-gas,Headlamp Assembly #2,,illustrations/bolt.webp,https://vw.oempartsonline.com/oem-parts/volkswagen-sunroof-frame-bolt-n91166401
5GM945095F,5GM 945 095 F,Tail Lamp Assembly,tail lamp,electrical,218.46,False,v-2019-volkswagen-golf--s--1-4l-l4-gas,electrical--tail-lamps #1,"2018-19. 2018-20. Tail Light Assembly. Housing. Light Assembly. Combo Assembly. Fits e-Golf, Golf, Golf R, GTI 2018-19. 2018-21. 2018-19. 2018-20.",,https://vw.oempartsonline.com/oem-parts/volkswagen-tail-lamp-assembly-5gm945095f
5GM945096F,5GM 945 096 F,Tail Lamp Assembly,tail lamp,electrical,209.4,False,v-2019-volkswagen-golf--s--1-4l-l4-gas,electrical--tail-lamps #1,"2018-19. 2018-20. Tail Light Assembly. Housing. Light Assembly. Combo Assembly. Lens. Fits e-Golf, Golf, Golf R, GTI 2018-19. 2018-21. 2018-19. 2018-20.",,https://vw.oempartsonline.com/oem-parts/volkswagen-tail-lamp-assembly-5gm945096f
6RU945300,6RU 945 300,Tail Lamp Assembly Fastener,tail lamp fastener,electrical,9.66,False,v-2019-volkswagen-golf--s--1-4l-l4-gas,electrical--tail-lamps #2,,,https://vw.oempartsonline.com/oem-parts/volkswagen-tail-lamp-assembly-fastener-6ru945300
5GM945311C,5GM 945 311 C,Tail Light Bezel,tail light bezel,electrical,20.73,False,v-2019-volkswagen-golf--s--1-4l-l4-gas,electrical--tail-lamps #3,2018.,,https://vw.oempartsonline.com/oem-parts/volkswagen-tail-light-bezel-5gm945311c
5GM945312C,5GM 945 312 C,Tail Light Bezel,tail light bezel,electrical,20.73,False,v-2019-volkswagen-golf--s--1-4l-l4-gas,electrical--tail-lamps #3,2018.,,https://vw.oempartsonline.com/oem-parts/volkswagen-tail-light-bezel-5gm945312c
5GM998145E,5GM 998 145 E,Tail Light Gasket,tail light gasket,electrical,24.14,False,v-2019-volkswagen-golf--s--1-4l-l4-gas,electrical--tail-lamps #4,2018.,,https://vw.oempartsonline.com/oem-parts/volkswagen-tail-light-gasket-5gm998145e
N10405604,N 104 056 04,ABS Modulator Bolt,abs modulator bolt,engine,0.22,False,v-2019-volkswagen-golf--s--1-4l-l4-gas,Turbocharger #10,Front. 1.5L. 2020-23. 2.0L. 1.4L without hybrid.,illustrations/bolt.webp,https://vw.oempartsonline.com/oem-parts/volkswagen-abs-modulator-bolt-n10405604
5QM129668B,5QM 129 668 B,Air Cleaner Baffle,air cleaner baffle,engine,19.75,False,v-2019-volkswagen-golf--s--1-4l-l4-gas,Air Cleaner Assembly #4,Insert. 1.5L. 1.4L.,illustrations/air-cleaner-baffle.webp,https://vw.oempartsonline.com/oem-parts/volkswagen-air-cleaner-baffle-5qm129668b
WHT002087,WHT 002 087,Air Cleaner Assembly Bolt,air cleaner bolt,engine,3.97,False,v-2019-volkswagen-golf--s--1-4l-l4-gas,Air Cleaner Assembly #2,,illustrations/bolt.webp,https://vw.oempartsonline.com/oem-parts/volkswagen-air-cleaner-assembly-bolt-wht002087
5QM129620B,5QM 129 620 B,Air Filter,air filter,engine,26.17,False,v-2019-volkswagen-golf--s--1-4l-l4-gas,Air Cleaner Assembly #3,"Fits Golf, Jetta, SportWagen 1.4 Liter. Golf Sportwagen 1.4L. Jetta. Jetta. Golf SportWagen. 1.4l.",illustrations/air-filter.webp,https://vw.oempartsonline.com/oem-parts/volkswagen-air-filter-5qm129620b
5QM129607C,5QM 129 607 C,Air Filter And Housing Assembly,air filter and housing,engine,76.76,False,v-2019-volkswagen-golf--s--1-4l-l4-gas,Air Cleaner Assembly #1,1.4L.,illustrations/air-filter-and-housing.webp,https://vw.oempartsonline.com/oem-parts/volkswagen-air-filter-and-housing-assembly-5qm129607c
04E103560L,04E 103 560 L,Air Hose,air hose,engine,28.04,False,v-2019-volkswagen-golf--s--1-4l-l4-gas,Air Cleaner Assembly #12,,,https://vw.oempartsonline.com/oem-parts/volkswagen-air-hose-4e103560l
5Q0129954F,5Q0 129 954 F,Air Inlet Cover,air inlet cover,engine,24.27,False,v-2019-volkswagen-golf--s--1-4l-l4-gas,Air Cleaner Assembly #17,"1.5L. 1.4L. 2019-21. 2022-23. Gas. Engine code: dyla, dylb.",illustrations/air-inlet-cover.webp,https://vw.oempartsonline.com/oem-parts/volkswagen-air-inlet-cover-5q0129954f
5QM199555,5QM 199 555,Automatic Transmission Mount,automatic transmission mount,engine,88.9,False,v-2019-volkswagen-golf--s--1-4l-l4-gas,engine--mounts #None,"Jetta. 1.4l. Type 1. 1.5L, auto trans, from 01/08/2023. Jetta. 1.5l. 1.5L auto trans. to 01/08/2023. Left. Auto transmission. Golf SportWagen.",illustrations/automatic-transmission-mount.webp,https://vw.oempartsonline.com/oem-parts/volkswagen-automatic-transmission-mount-5qm199555
04E105701GLB,04E 105 701 GLB,Bearing,bearing,engine,21.46,False,v-2019-volkswagen-golf--s--1-4l-l4-gas,engine--mounts #25,,illustrations/bearing.webp,https://vw.oempartsonline.com/oem-parts/volkswagen-bearing-4e105701glb
04E109108J,04E 109 108 J,Belt Cover,belt cover,engine,28.4,False,v-2019-volkswagen-golf--s--1-4l-l4-gas,engine--filters #12 | engine--mounts #5,Upper. Jetta. 1.4L without hybrid. Front. Golf SportWagen.,illustrations/belt-cover.webp,https://vw.oempartsonline.com/oem-parts/volkswagen-belt-cover-4e109108j
04E198401AB,04E 198 401 AB,Connecting Rod,connecting rod,engine,,False,v-2019-volkswagen-golf--s--1-4l-l4-gas,engine--mounts #24,[View Details](https://vw.oempartsonline.com/oem-parts/volkswagen-connecting-rod-4e198401ab) 25,illustrations/connecting-rod.webp,https://vw.oempartsonline.com/oem-parts/volkswagen-connecting-rod-4e198401ab
04C109121E,04C 109 121 E,Cover,cover,engine,18.87,False,v-2019-volkswagen-golf--s--1-4l-l4-gas,engine--filters #12 | engine--mounts #5,Water Pump Belt. 1.4L without hybrid. Rear. Golf SportWagen.,illustrations/cover.webp,https://vw.oempartsonline.com/oem-parts/volkswagen-cover-4c109121e
04E103061F,04E 103 061 F,Cylinder Head,cylinder head,engine,1368.59,False,v-2019-volkswagen-golf--s--1-4l-l4-gas,engine--mounts #1,,illustrations/cylinder-head.webp,https://vw.oempartsonline.com/oem-parts/volkswagen-cylinder-head-4e103061f
5Q0129637C,5Q0 129 637 C,Drain Hose,drain hose,engine,28.28,False,v-2019-volkswagen-golf--s--1-4l-l4-gas,Air Cleaner Assembly #5,,,https://vw.oempartsonline.com/oem-parts/volkswagen-drain-hose-5q0129637c
N90656201,N 906 562 01,Engine Air Duct Clamp,engine air duct clamp,engine,9.88,False,v-2019-volkswagen-golf--s--1-4l-l4-gas,Air Cleaner Assembly #11,,illustrations/clip.webp,https://vw.oempartsonline.com/oem-parts/volkswagen-engine-air-duct-clamp-n90656201
N90656501,N 906 565 01,Engine Air Duct Clamp,engine air duct clamp,engine,11.69,False,v-2019-volkswagen-golf--s--1-4l-l4-gas,Air Cleaner Assembly #7,,illustrations/clip.webp,https://vw.oempartsonline.com/oem-parts/volkswagen-engine-air-duct-clamp-n90656501
04E129654R,04E 129 654 R,Engine Air Intake Hose,engine air intake hose,engine,65.47,False,v-2019-volkswagen-golf--s--1-4l-l4-gas,Air Cleaner Assembly #8,Intake pipe. 1.4L.,,https://vw.oempartsonline.com/oem-parts/volkswagen-engine-air-intake-hose-4e129654r
5Q0129254K,5Q0 129 254 K,Engine Air Intake Hose,engine air intake hose,engine,46.89,False,v-2019-volkswagen-golf--s--1-4l-l4-gas,Air Cleaner Assembly #13,"1.4L. front. 2.0L. Air inlet. 2022-23, front. Engine code: dyla, dylb.",,https://vw.oempartsonline.com/oem-parts/volkswagen-engine-air-intake-hose-5q0129254k
5QA129621B,5QA 129 621 B,Engine Air Intake Hose,engine air intake hose,engine,16.57,False,v-2019-volkswagen-golf--s--1-4l-l4-gas,Air Cleaner Assembly #12,From 04/19/2021. Type 2. Air inlet duct. 2.0L gas. Center.,,https://vw.oempartsonline.com/oem-parts/volkswagen-engine-air-intake-hose-5qa129621b
5QM129618C,5QM 129 618 C,Engine Air Intake Hose,engine air intake hose,engine,72.47,False,v-2019-volkswagen-golf--s--1-4l-l4-gas,Air Cleaner Assembly #12,Intake tube. 1.5L. Rear.,,https://vw.oempartsonline.com/oem-parts/volkswagen-engine-air-intake-hose-5qm129618c
5QM129684,5QM 129 684,Engine Air Intake Hose,engine air intake hose,engine,75.63,False,v-2019-volkswagen-golf--s--1-4l-l4-gas,Air Cleaner Assembly #6,1.4L. Air tube. Air duct.,,https://vw.oempartsonline.com/oem-parts/volkswagen-engine-air-intake-hose-5qm129684
WHT003261,WHT 003 261,Engine Air Intake Hose Bolt,engine air intake hose bolt,engine,0.67,False,v-2019-volkswagen-golf--s--1-4l-l4-gas,Air Cleaner Assembly #10,1.4L without hybrid.,illustrations/bolt.webp,https://vw.oempartsonline.com/oem-parts/volkswagen-engine-air-intake-hose-bolt-wht003261
WHT001386,WHT 001 386,Engine Air Intake Hose O-Ring,engine air intake hose o ring,engine,1.0,False,v-2019-volkswagen-golf--s--1-4l-l4-gas,Air Cleaner Assembly #9 | Turbocharger #17,1.5L. 1.4L without hybrid.,,https://vw.oempartsonline.com/oem-parts/volkswagen-engine-air-intake-hose-o-ring-wht001386
04E109423C,04E 109 423 C,Engine Camshaft Follower,engine camshaft follower,engine,10.16,False,v-2019-volkswagen-golf--s--1-4l-l4-gas,engine--mounts #12,Passat. Beetle. To 11/23/2016. Jetta. Optional. Golf SportWagen.,illustrations/engine-camshaft-follower.webp,https://vw.oempartsonline.com/oem-parts/volkswagen-engine-camshaft-follower-4e109423c
04C103085C,04C 103 085 C,Engine Crankshaft Seal,engine crankshaft seal,engine,10.46,False,v-2019-volkswagen-golf--s--1-4l-l4-gas,engine--mounts #None,Jetta. Golf SportWagen.,,https://vw.oempartsonline.com/oem-parts/volkswagen-engine-crankshaft-seal-4c103085c
N91204401,N 912 044 01,Engine Harmonic Balancer Bolt,engine harmonic balancer bolt,engine,1.53,False,v-2019-volkswagen-golf--s--1-4l-l4-gas,engine--filters #2,1.5L. 1.4L without hybrid.,illustrations/bolt.webp,https://vw.oempartsonline.com/oem-parts/volkswagen-engine-harmonic-balancer-bolt-n91204401
036129717E,036 129 717 E,Engine Intake Manifold Gasket,engine intake manifold gasket,engine,2.78,False,v-2019-volkswagen-golf--s--1-4l-l4-gas,engine--filters #22,Jetta. 1.4l. 1.4L. type 1. To cyl head. Golf SportWagen. 1.4l.,,https://vw.oempartsonline.com/oem-parts/volkswagen-engine-intake-manifold-gasket-36129717e
04E199275,04E 199 275,Engine Mount Bracket,engine mount bracket,engine,83.53,False,v-2019-volkswagen-golf--s--1-4l-l4-gas,engine--mounts #18,,illustrations/bracket.webp,https://vw.oempartsonline.com/oem-parts/volkswagen-engine-mount-bracket-4e199275
5Q0199555BG,5Q0 199 555 BG,Engine Mount Bracket,engine mount bracket,engine,98.38,False,v-2019-volkswagen-golf--s--1-4l-l4-gas,engine--mounts #None,Jetta. 1.4l. GTI. Left. 1.8L manual trans. Golf SportWagen. Taos. Golf Alltrack. Manual transmission. 1.4L manual trans. Mount bracket.,illustrations/bracket.webp,https://vw.oempartsonline.com/oem-parts/volkswagen-engine-mount-bracket-5q0199555bg
04E115111D,04E 115 111 D,Engine Oil Cooler Seal,engine oil cooler seal,engine,5.98,False,v-2019-volkswagen-golf--s--1-4l-l4-gas,engine--filters #19,1.4L without hybrid.,,https://vw.oempartsonline.com/oem-parts/volkswagen-engine-oil-cooler-seal-4e115111d
04E115611AC,04E 115 611 AC,Engine Oil Dipstick,engine oil dipstick,engine,22.44,False,v-2019-volkswagen-golf--s--1-4l-l4-gas,engine--filters #16,1.4L without hybrid. Golf SportWagen.,illustrations/engine-oil-dipstick.webp,https://vw.oempartsonline.com/oem-parts/volkswagen-engine-oil-dipstick-4e115611ac
04E103601AC,04E 103 601 AC,Engine Oil Pan,engine oil pan,engine,299.55,False,v-2019-volkswagen-golf--s--1-4l-l4-gas,engine--filters #7 | engine--mounts #29,From 01/13/2019. 1.4L without hybrid. Jetta. Upper. To 01/13/2019. Golf SportWagen. Lower.,illustrations/engine-oil-pan.webp,https://vw.oempartsonline.com/oem-parts/volkswagen-engine-oil-pan-4e103601ac
04E103602B,04E 103 602 B,Engine Oil Pan,engine oil pan,engine,341.63,False,v-2019-volkswagen-golf--s--1-4l-l4-gas,engine--filters #3 | engine--mounts #29,Incl.Drain Plug and Drain Plug Gasket. Part of oil pump. 1.4L with hybrid. Jetta. Lower. Golf SportWagen. Upper.,illustrations/engine-oil-pan.webp,https://vw.oempartsonline.com/oem-parts/volkswagen-engine-oil-pan-4e103602b
04E115251P,04E 115 251 P,Engine Oil Pump Pickup Tube,engine oil pump pickup tube,engine,44.53,False,v-2019-volkswagen-golf--s--1-4l-l4-gas,engine--mounts #32,Incl.Engine Oil Pump Screen. Jetta. Golf SportWagen.,,https://vw.oempartsonline.com/oem-parts/volkswagen-engine-oil-pump-pickup-tube-4e115251p
04E103623S,04E 103 623 S,Engine Oil Sump Windage Tray,engine oil sump windage tray,engine,23.9,False,v-2019-volkswagen-golf--s--1-4l-l4-gas,engine--filters #8 | engine--mounts #None,To 4/26/2021. Tray. Jetta. 1.4L. Golf SportWagen.,illustrations/engine-oil-sump-windage-tray.webp,https://vw.oempartsonline.com/oem-parts/volkswagen-engine-oil-sump-windage-tray-4e103623s
04E107065HQ,04E 107 065 HQ,Engine Piston,engine piston,engine,,False,v-2019-volkswagen-golf--s--1-4l-l4-gas,engine--mounts #23,Incl.Piston Pin and Piston Ring Set. Jetta. 1.4l. Golf SportWagen. [View Details](https://vw.oempartsonline.com/oem-parts/volkswagen-engine-piston-4e107065hq) 24,illustrations/engine-piston.webp,https://vw.oempartsonline.com/oem-parts/volkswagen-engine-piston-4e107065hq
04E109411F,04E 109 411 F,Engine Rocker Arm,engine rocker arm,engine,13.3,False,v-2019-volkswagen-golf--s--1-4l-l4-gas,engine--mounts #13,Jetta. To 10/08/2019. From 10/08/2019. Golf SportWagen.,illustrations/engine-rocker-arm.webp,https://vw.oempartsonline.com/oem-parts/volkswagen-engine-rocker-arm-4e109411f
D176501A1,D 176 501 A1,Engine Sealant,engine sealant,engine,21.09,False,v-2019-volkswagen-golf--s--1-4l-l4-gas,engine--filters #4,,illustrations/engine-sealant.webp,https://vw.oempartsonline.com/oem-parts/volkswagen-engine-sealant-d176501a1
04E105263D,04E 105 263 D,Engine Timing Belt Idler,engine timing belt idler,engine,82.41,False,v-2019-volkswagen-golf--s--1-4l-l4-gas,engine--mounts #21,Jetta. Golf SportWagen.,illustrations/engine-timing-belt-idler.webp,https://vw.oempartsonline.com/oem-parts/volkswagen-engine-timing-belt-idler-4e105263d
04E109244B,04E 109 244 B,Engine Timing Belt Idler,engine timing belt idler,engine,71.12,False,v-2019-volkswagen-golf--s--1-4l-l4-gas,engine--mounts #17,Jetta. 1.4l. Golf SportWagen.,illustrations/engine-timing-belt-idler.webp,https://vw.oempartsonline.com/oem-parts/volkswagen-engine-timing-belt-idler-4e109244b
05E109479B,05E 109 479 B,Engine Timing Belt Tensioner,engine timing belt tensioner,engine,64.34,False,v-2019-volkswagen-golf--s--1-4l-l4-gas,engine--mounts #16,Incl.Tensioner Pulley. Jetta. 1.4l. To 1/2021. Roller. Golf SportWagen.,illustrations/engine-timing-belt-tensioner.webp,https://vw.oempartsonline.com/oem-parts/volkswagen-engine-timing-belt-tensioner-5e109479b
04E109088AD,04E 109 088 AD,Engine Timing Camshaft Sprocket,engine timing camshaft sprocket,engine,276.87,False,v-2019-volkswagen-golf--s--1-4l-l4-gas,engine--mounts #19,Inlet. Jetta. Front. Intake. Golf SportWagen. To 02/29/2016. To 01/31/2015.,,https://vw.oempartsonline.com/oem-parts/volkswagen-engine-timing-camshaft-sprocket-4e109088ad
04E109088AE,04E 109 088 AE,Engine Timing Camshaft Sprocket,engine timing camshaft sprocket,engine,276.87,False,v-2019-volkswagen-golf--s--1-4l-l4-gas,engine--mounts #19,Outlet. Jetta. Front. Exhaust. Golf SportWagen. To 06/11/2017.,,https://vw.oempartsonline.com/oem-parts/volkswagen-engine-timing-camshaft-sprocket-4e109088ae
04E115225E,04E 115 225 E,Engine Timing Chain,engine timing chain,engine,,False,v-2019-volkswagen-golf--s--1-4l-l4-gas,engine--mounts #31,Optional. Oil Pump. Jetta. Golf SportWagen. [View Details](https://vw.oempartsonline.com/oem-parts/volkswagen-engine-timing-chain-4e115225e) 32,,https://vw.oempartsonline.com/oem-parts/volkswagen-engine-timing-chain-4e115225e
05E109175C,05E 109 175 C,Engine Timing Cover,engine timing cover,engine,17.8,False,v-2019-volkswagen-golf--s--1-4l-l4-gas,engine--filters #15 | engine--mounts #18,Jetta. 1.4. Lower. 1.4L without hybrid. Golf SportWagen.,,https://vw.oempartsonline.com/oem-parts/volkswagen-engine-timing-cover-5e109175c
026109150A,026 109 150 A,Engine Timing Cover Clip,engine timing cover clip,engine,2.55,False,v-2019-volkswagen-golf--s--1-4l-l4-gas,engine--filters #14,"1.4L without hybrid. 2012-14. 1.9L. 100 horsepower. 2011-14. 2.0L, diesel, 2013-14. Coupe, 2004-06. Wagon, 2.0L.",illustrations/clip.webp,https://vw.oempartsonline.com/oem-parts/volkswagen-engine-timing-cover-clip-26109150a
04E105209A,04E 105 209 A,Engine Timing Crankshaft Sprocket,engine timing crankshaft sprocket,engine,21.03,False,v-2019-volkswagen-golf--s--1-4l-l4-gas,engine--mounts #20,Taos. Golf SportWagen.,,https://vw.oempartsonline.com/oem-parts/volkswagen-engine-timing-crankshaft-sprocket-4e105209a
04E109111M,04E 109 111 M,Engine Timing Sprocket,engine timing sprocket,engine,60.97,False,v-2019-volkswagen-golf--s--1-4l-l4-gas,engine--mounts #19,Water Pump. Golf. Rear.,,https://vw.oempartsonline.com/oem-parts/volkswagen-engine-timing-sprocket-4e109111m
04E109623AB,04E 109 623 AB,Engine Valve Spring,engine valve spring,engine,22.92,False,v-2019-volkswagen-golf--s--1-4l-l4-gas,engine--mounts #9,Exhaust. Jetta Hybrid. Outlet. Jetta. 1.4l. Inlet. Intake. Golf SportWagen.,,https://vw.oempartsonline.com/oem-parts/volkswagen-engine-valve-spring-4e109623ab
04E109623AN,04E 109 623 AN,Engine Valve Spring,engine valve spring,engine,23.78,False,v-2019-volkswagen-golf--s--1-4l-l4-gas,engine--mounts #9,Intake. Inlet. Outlet. Jetta. Exhaust. Golf SportWagen.,,https://vw.oempartsonline.com/oem-parts/volkswagen-engine-valve-spring-4e109623an
04E109641A,04E 109 641 A,Engine Valve Spring Retainer,engine valve spring retainer,engine,13.04,False,v-2019-volkswagen-golf--s--1-4l-l4-gas,engine--mounts #10,Jetta. Golf SportWagen.,illustrations/clip.webp,https://vw.oempartsonline.com/oem-parts/volkswagen-engine-valve-spring-retainer-4e109641a
04E109651,04E 109 651,Engine Valve Spring Retainer Keeper,engine valve spring retainer keeper,engine,3.43,False,v-2019-volkswagen-golf--s--1-4l-l4-gas,engine--mounts #11,Jetta Hybrid. Jetta. 1.4l. Golf SportWagen.,illustrations/clip.webp,https://vw.oempartsonline.com/oem-parts/volkswagen-engine-valve-spring-retainer-keeper-4e109651
04E109675,04E 109 675,Engine Valve Stem Oil Seal,engine valve stem oil seal,engine,13.77,False,v-2019-volkswagen-golf--s--1-4l-l4-gas,engine--mounts #8,Inlet. Jetta. Intake. Golf SportWagen.,,https://vw.oempartsonline.com/oem-parts/volkswagen-engine-valve-stem-oil-seal-4e109675
04E109675A,04E 109 675 A,Engine Valve Stem Oil Seal,engine valve stem oil seal,engine,5.28,False,v-2019-volkswagen-golf--s--1-4l-l4-gas,engine--mounts #8,Outlet. Jetta. Golf. Exhaust.,,https://vw.oempartsonline.com/oem-parts/volkswagen-engine-valve-stem-oil-seal-4e109675a
04E145722N,04E 145 722 N,Exhaust Manifold,exhaust manifold,engine,1278.11,False,v-2019-volkswagen-golf--s--1-4l-l4-gas,Turbocharger #1,Incl.Turbocharger. Incl.Integrated Exhaust Manifold. New. To 02/13/2019. From 02/14/2019. Golf SportWagen. 1.4l. To 2/13/19. Remanufactured.,,https://vw.oempartsonline.com/oem-parts/volkswagen-exhaust-manifold-4e145722n
04E253039D,04E 253 039 D,Exhaust Manifold Gasket,exhaust manifold gasket,engine,9.2,False,v-2019-volkswagen-golf--s--1-4l-l4-gas,Turbocharger #2,1.4L without hybrid. Golf SportWagen. 1.4l.,,https://vw.oempartsonline.com/oem-parts/volkswagen-exhaust-manifold-gasket-4e253039d
04E109611H,04E 109 611 H,Exhaust Valve,exhaust valve,engine,32.72,False,v-2019-volkswagen-golf--s--1-4l-l4-gas,engine--mounts #7,,,https://vw.oempartsonline.com/oem-parts/volkswagen-exhaust-valve-4e109611h
N90974701,N 909 747 01,Fender Liner Bolt,fender liner bolt,engine,0.48,False,v-2019-volkswagen-golf--s--1-4l-l4-gas,Air Cleaner Assembly #10,"This OEM Volkswagen bolt, part number N-909-747-01, is for splash shield mounts on many VW cars and SUVs from between 2008 and 2021. Compatible car models include Passat, CC, GTI, Arteon, and more. Compatible SUV models range from Tiguan and Touareg to Atlas and Atlas Cross Sport. It even fits icons like Golf and Beetle.",illustrations/bolt.webp,https://vw.oempartsonline.com/oem-parts/volkswagen-fender-liner-bolt-n90974701
04E103485B,04E 103 485 B,Filler Cap,filler cap,engine,28.16,False,v-2019-volkswagen-golf--s--1-4l-l4-gas,engine--filters #11,,illustrations/cap.webp,https://vw.oempartsonline.com/oem-parts/volkswagen-filler-cap-4e103485b
03C133073A,03C 133 073 A,Gasket,gasket,engine,6.81,False,v-2019-volkswagen-golf--s--1-4l-l4-gas,engine--filters #23,Jetta. 1.4l. 1.4L. type 2. Golf SportWagen. 1.4l. To throttle body.,,https://vw.oempartsonline.com/oem-parts/volkswagen-gasket-3c133073a
04E103383BL,04E 103 383 BL,Head Gasket,head gasket,engine,127.52,False,v-2019-volkswagen-golf--s--1-4l-l4-gas,engine--mounts #2,,,https://vw.oempartsonline.com/oem-parts/volkswagen-head-gasket-4e103383bl
N10653301,N 106 533 01,Hinge Bolt,hinge bolt,engine,0.76,False,v-2019-volkswagen-golf--s--1-4l-l4-gas,engine--filters #20,"Charge port & components, 82 kwh. 1.4L. Battery & components conventional with hybrid. Coupe,.",illustrations/bolt.webp,https://vw.oempartsonline.com/oem-parts/volkswagen-hinge-bolt-n10653301
04E129709AM,04E 129 709 AM,Intake Manifold,intake manifold,engine,499.04,False,v-2019-volkswagen-golf--s--1-4l-l4-gas,engine--filters #21,,,https://vw.oempartsonline.com/oem-parts/volkswagen-intake-manifold-4e129709am
04E109601B,04E 109 601 B,Intake Valve,intake valve,engine,22.8,False,v-2019-volkswagen-golf--s--1-4l-l4-gas,engine--mounts #6,,,https://vw.oempartsonline.com/oem-parts/volkswagen-intake-valve-4e109601b
04E103474H,04E 103 474 H,Inter-Cooler Pipe,inter cooler pipe,engine,33.88,False,v-2019-volkswagen-golf--s--1-4l-l4-gas,Turbocharger #18,Vent tube. Jetta. 1.4l. 1.4L without hybrid.,,https://vw.oempartsonline.com/oem-parts/volkswagen-inter-cooler-pipe-4e103474h
04E145673AN,04E 145 673 AN,Inter-Cooler Pipe,inter cooler pipe,engine,186.3,False,v-2019-volkswagen-golf--s--1-4l-l4-gas,Turbocharger #13,1.4L. Pressure pipe.,,https://vw.oempartsonline.com/oem-parts/volkswagen-inter-cooler-pipe-4e145673an
04E145875F,04E 145 875 F,Inter-Cooler Pipe Adapter,inter cooler pipe adapter,engine,55.52,False,v-2019-volkswagen-golf--s--1-4l-l4-gas,Turbocharger #16,Connector tube. 1.4L without hybrid.,,https://vw.oempartsonline.com/oem-parts/volkswagen-inter-cooler-pipe-adapter-4e145875f
03F145853A,03F 145 853 A,Inter-Cooler Pipe Bracket,inter cooler pipe bracket,engine,13.41,False,v-2019-volkswagen-golf--s--1-4l-l4-gas,Turbocharger #19,1.4L without hybrid.,illustrations/bracket.webp,https://vw.oempartsonline.com/oem-parts/volkswagen-inter-cooler-pipe-bracket-3f145853a
04E129717C,04E 129 717 C,Inter-Cooler Seal,inter cooler seal,engine,22.4,False,v-2019-volkswagen-golf--s--1-4l-l4-gas,engine--filters #24,"Intercooler,seal. Without hybrid. 1.4L. To air cooler.",,https://vw.oempartsonline.com/oem-parts/volkswagen-inter-cooler-seal-4e129717c
WHT003247,WHT 003 247,Inter-Cooler Seal,inter cooler seal,engine,1.35,False,v-2019-volkswagen-golf--s--1-4l-l4-gas,Turbocharger #14,"1.5L. Pressure pipe,seal. Pressure pipe,o-ring. 1.4L without hybrid.",,https://vw.oempartsonline.com/oem-parts/volkswagen-inter-cooler-seal-wht003247
04E907660C,04E 907 660 C,Level Sensor,level sensor,engine,188.52,False,v-2019-volkswagen-golf--s--1-4l-l4-gas,engine--filters #6,,,https://vw.oempartsonline.com/oem-parts/volkswagen-level-sensor-4e907660c
04E100037H,04E 100 037 H,Long Block,long block,engine,,False,v-2019-volkswagen-golf--s--1-4l-l4-gas,engine--mounts #None,[View Details](https://vw.oempartsonline.com/oem-parts/volkswagen-long-block-4e100037h) 1,,https://vw.oempartsonline.com/oem-parts/volkswagen-long-block-4e100037h
04E103170Q,04E 103 170 Q,Rear Main Seal Retainer,main seal retainer,engine,160.79,False,v-2019-volkswagen-golf--s--1-4l-l4-gas,engine--mounts #27,,illustrations/clip.webp,https://vw.oempartsonline.com/oem-parts/volkswagen-rear-main-seal-retainer-4e103170q
5Q0199262BN,5Q0 199 262 BN,Mount,mount,engine,164.18,False,v-2019-volkswagen-golf--s--1-4l-l4-gas,engine--mounts #None,,,https://vw.oempartsonline.com/oem-parts/volkswagen-mount-5q0199262bn
04E117021L,04E 117 021 L,Oil Cooler,oil cooler,engine,216.24,False,v-2019-volkswagen-golf--s--1-4l-l4-gas,engine--filters #18 | engine--mounts #None,,,https://vw.oempartsonline.com/oem-parts/volkswagen-oil-cooler-4e117021l
04E145807,04E 145 807,Oil Feed Tube Holder,oil feed tube holder,engine,1.15,False,v-2019-volkswagen-golf--s--1-4l-l4-gas,Turbocharger #9,,illustrations/bracket.webp,https://vw.oempartsonline.com/oem-parts/volkswagen-oil-feed-tube-holder-4e145807
04E115561T,04E 115 561 T,Oil Filter,oil filter,engine,11.79,False,v-2019-volkswagen-golf--s--1-4l-l4-gas,engine--filters #17,,,https://vw.oempartsonline.com/oem-parts/volkswagen-oil-filter-4e115561t
04E115103AC,04E 115 103 AC,Oil Pump,oil pump,engine,313.28,False,v-2019-volkswagen-golf--s--1-4l-l4-gas,engine--mounts #30,,,https://vw.oempartsonline.com/oem-parts/volkswagen-oil-pump-4e115103ac
04E145735AC,04E 145 735 AC,Oil Return Line,oil return line,engine,30.15,False,v-2019-volkswagen-golf--s--1-4l-l4-gas,Turbocharger #11,Oil return tube. Jetta. Return. 1.4l. 1.4L without hybrid. Golf SportWagen. 1.4l.,,https://vw.oempartsonline.com/oem-parts/volkswagen-oil-return-line-4e145735ac
N90813202,N 908 132 02,Plug,plug,engine,4.76,False,v-2019-volkswagen-golf--s--1-4l-l4-gas,engine--filters #5,"This OEM Volkswagen drain plug, part number N-908-132-02, is for the engine oil pan on most VW car and SUV models from between the 1998 and 2021 model years. For example, it fits models from Passat and Jetta to Touareg and Tiguan. It's even designed for models like EuroVan, Golf, Beetle, and Atlas Cross Sport, not to mention R32 and Phaeton. It's a genuine Volkswagen replacement for oil pan drain plugs with factory part numbers N-908-132-01 and N-908-132-03.",,https://vw.oempartsonline.com/oem-parts/volkswagen-plug-n90813202
04E906051,04E 906 051,Pressure Sensor,pressure sensor,engine,97.08,False,v-2019-volkswagen-golf--s--1-4l-l4-gas,Turbocharger #15,,,https://vw.oempartsonline.com/oem-parts/volkswagen-pressure-sensor-4e906051
04E253041J,04E 253 041 J,Shield,shield,engine,21.96,False,v-2019-volkswagen-golf--s--1-4l-l4-gas,Turbocharger #6,,,https://vw.oempartsonline.com/oem-parts/volkswagen-shield-4e253041j
04E109119F,04E 109 119 F,Timing Belt,timing belt,engine,144.16,False,v-2019-volkswagen-golf--s--1-4l-l4-gas,engine--mounts #15,,,https://vw.oempartsonline.com/oem-parts/volkswagen-timing-belt-4e109119f
04E198725R,04E 198 725 R,Turbocharger Boost Solenoid,turbocharger boost solenoid,engine,147.81,False,v-2019-volkswagen-golf--s--1-4l-l4-gas,Turbocharger #5,Jetta. 1.4l. Cut off valve. Golf SportWagen. 1.4l.,,https://vw.oempartsonline.com/oem-parts/volkswagen-turbocharger-boost-solenoid-4e198725r
WHT000001N,WHT 000 001 N,Turbocharger Nut,turbocharger nut,engine,0.38,False,v-2019-volkswagen-golf--s--1-4l-l4-gas,Turbocharger #4,"1.5L. Turbocharger,lock nut. 1.4L without hybrid.",,https://vw.oempartsonline.com/oem-parts/volkswagen-turbocharger-nut-wht000001n
04E145140AS,04E 145 140 AS,Turbocharger Oil Line,turbocharger oil line,engine,65.47,False,v-2019-volkswagen-golf--s--1-4l-l4-gas,Turbocharger #7,Oil feed tube. Jetta. Inlet. 1.4l. 1.4L without hybrid. Golf SportWagen. 1.4l.,,https://vw.oempartsonline.com/oem-parts/volkswagen-turbocharger-oil-line-4e145140as
WHT005363A,WHT 005 363 A,Turbocharger Oil Line O-Ring,turbocharger oil line o ring,engine,1.81,False,v-2019-volkswagen-golf--s--1-4l-l4-gas,Turbocharger #12,Return. O-Ring. 1.5L. 1.4L without hybrid.,,https://vw.oempartsonline.com/oem-parts/volkswagen-turbocharger-oil-line-o-ring-wht005363a
WHT006990A,WHT 006 990 A,Turbocharger Oil Line O-Ring,turbocharger oil line o ring,engine,0.68,False,v-2019-volkswagen-golf--s--1-4l-l4-gas,Turbocharger #8,"Feed. O-Ring. 1.5L. 1.4L without hybrid. Engine code: dyla, dylb.",,https://vw.oempartsonline.com/oem-parts/volkswagen-turbocharger-oil-line-o-ring-wht006990a
N91200201,N 912 002 01,Turbocharger Stud,turbocharger stud,engine,0.57,False,v-2019-volkswagen-golf--s--1-4l-l4-gas,Turbocharger #3,,illustrations/bolt.webp,https://vw.oempartsonline.com/oem-parts/volkswagen-turbocharger-stud-n91200201
04E103469EA,04E 103 469 EA,Valve Cover,valve cover,engine,682.18,False,v-2019-volkswagen-golf--s--1-4l-l4-gas,engine--mounts #3,,,https://vw.oempartsonline.com/oem-parts/volkswagen-valve-cover-4e103469ea
04E103469EJ,04E 103 469 EJ,Valve Cover,valve cover,engine,,False,v-2019-volkswagen-golf--s--1-4l-l4-gas,engine--filters #9,[View Details](https://vw.oempartsonline.com/oem-parts/volkswagen-valve-cover-4e103469ej) 10,,https://vw.oempartsonline.com/oem-parts/volkswagen-valve-cover-4e103469ej
04E103483H,04E 103 483 H,Valve Cover Gasket,valve cover gasket,engine,33.54,False,v-2019-volkswagen-golf--s--1-4l-l4-gas,engine--filters #10 | engine--mounts #4,,,https://vw.oempartsonline.com/oem-parts/volkswagen-valve-cover-gasket-4e103483h
04C105243D,04C 105 243 D,Vibration Damper,vibration damper,engine,131.96,False,v-2019-volkswagen-golf--s--1-4l-l4-gas,engine--filters #1 | engine--mounts #28,,,https://vw.oempartsonline.com/oem-parts/volkswagen-vibration-damper-4c105243d
N0195307,N 019 530 7,Blind Spot Detection System Warning Sensor Bolt,blind spot detection system warning sensor bolt,exhaust,4.45,False,v-2019-volkswagen-golf--s--1-4l-l4-gas,Converter & Pipe #17,,illustrations/bolt.webp,https://vw.oempartsonline.com/oem-parts/volkswagen-blind-spot-detection-system-warning-sensor-bolt-n0195307
1K0253144AE,1K0 253 144 AE,Catalytic Converter Bracket,catalytic converter bracket,exhaust,49.44,False,v-2019-volkswagen-golf--s--1-4l-l4-gas,Converter & Pipe #6,,illustrations/bracket.webp,https://vw.oempartsonline.com/oem-parts/volkswagen-catalytic-converter-bracket-1k0253144ae
5Q0253249A,5Q0 253 249 A,Catalytic Converter Bracket,catalytic converter bracket,exhaust,,False,v-2019-volkswagen-golf--s--1-4l-l4-gas,Converter & Pipe #4,1.4L. Front bracket. [View Details](https://vw.oempartsonline.com/oem-parts/volkswagen-catalytic-converter-bracket-5q0253249a) 5,illustrations/bracket.webp,https://vw.oempartsonline.com/oem-parts/volkswagen-catalytic-converter-bracket-5q0253249a
5Q0253461R,5Q0 253 461 R,Catalytic Converter Bracket,catalytic converter bracket,exhaust,24.07,False,v-2019-volkswagen-golf--s--1-4l-l4-gas,Converter & Pipe #8,1.5L. 1.4L. Awd.,illustrations/bracket.webp,https://vw.oempartsonline.com/oem-parts/volkswagen-catalytic-converter-bracket-5q0253461r
5QM254501,5QM 254 501,Converter & Pipe,converter & pipe,exhaust,,False,v-2019-volkswagen-golf--s--1-4l-l4-gas,Converter & Pipe #1,[View Details](https://vw.oempartsonline.com/oem-parts/volkswagen-converter-and-pipe-5qm254501) 2,,https://vw.oempartsonline.com/oem-parts/volkswagen-converter-and-pipe-5qm254501
5Q0253725H,5Q0 253 725 H,Converter & Pipe Clamp,converter & pipe clamp,exhaust,8.52,False,v-2019-volkswagen-golf--s--1-4l-l4-gas,Converter & Pipe #3,,illustrations/clip.webp,https://vw.oempartsonline.com/oem-parts/volkswagen-converter-and-pipe-clamp-5q0253725h
5C0253115A,5C0 253 115 A,Converter & Pipe Gasket,converter & pipe gasket,exhaust,3.42,False,v-2019-volkswagen-golf--s--1-4l-l4-gas,Converter & Pipe #2,,,https://vw.oempartsonline.com/oem-parts/volkswagen-converter-and-pipe-gasket-5c0253115a
N10653102,N 106 531 02,Lower Cross-Member Bolt,cross member bolt,exhaust,0.55,False,v-2019-volkswagen-golf--s--1-4l-l4-gas,Converter & Pipe #10,"2018-23. 1.5L, m8x20. 1.4L. Upper bracket,mount bolt. Left side. Fwd, m8x20. 2012-14. Awd, m8x20. 2013-14.",illustrations/bolt.webp,https://vw.oempartsonline.com/oem-parts/volkswagen-lower-cross-member-bolt-n10653102
N91079301,N 910 793 01,Drive Motor Battery Pack Charger Bolt,drive motor battery pack charger bolt,exhaust,0.31,False,v-2019-volkswagen-golf--s--1-4l-l4-gas,Converter & Pipe #5,,illustrations/bolt.webp,https://vw.oempartsonline.com/oem-parts/volkswagen-drive-motor-battery-pack-charger-bolt-n91079301
5QM253209T,5QM 253 209 T,Exhaust Muffler,exhaust muffler,exhaust,,False,v-2019-volkswagen-golf--s--1-4l-l4-gas,Converter & Pipe #11,Connecting pipe. 1.4L. [View Details](https://vw.oempartsonline.com/oem-parts/volkswagen-exhaust-muffler-5qm253209t) 12,,https://vw.oempartsonline.com/oem-parts/volkswagen-exhaust-muffler-5qm253209t
1K0253147F,1K0 253 147 F,Exhaust System Hanger,exhaust system hanger,exhaust,5.34,False,v-2019-volkswagen-golf--s--1-4l-l4-gas,Converter & Pipe #16,,illustrations/bracket.webp,https://vw.oempartsonline.com/oem-parts/volkswagen-exhaust-system-hanger-1k0253147f
5Q0253147,5Q0 253 147,Exhaust System Hanger,exhaust system hanger,exhaust,15.24,False,v-2019-volkswagen-golf--s--1-4l-l4-gas,Converter & Pipe #19,"Fwd, from 01/06/2019. 1.4L. 1.8L. Awd. 2024-26. 2.0L. Diesel. Rear.",illustrations/bracket.webp,https://vw.oempartsonline.com/oem-parts/volkswagen-exhaust-system-hanger-5q0253147
5Q0253144D,5Q0 253 144 D,Exhaust System Hanger Bracket,exhaust system hanger bracket,exhaust,32.95,False,v-2019-volkswagen-golf--s--1-4l-l4-gas,Converter & Pipe #18,"2024-26. 1.8L. Awd. Fwd. Engine code: dyla, dylb, all wheel drive. Engine code: dyla, dylb, front wheel drive. Diesel. 1.4L.",illustrations/bracket.webp,https://vw.oempartsonline.com/oem-parts/volkswagen-exhaust-system-hanger-bracket-5q0253144d
5Q0253144S,5Q0 253 144 S,Exhaust System Hanger Bracket,exhaust system hanger bracket,exhaust,32.95,False,v-2019-volkswagen-golf--s--1-4l-l4-gas,Converter & Pipe #15,1.5L. 1.8L. 2.0L. Fwd. 1.4L. Diesel.,illustrations/bracket.webp,https://vw.oempartsonline.com/oem-parts/volkswagen-exhaust-system-hanger-bracket-5q0253144s
1K0253141S,1K0 253 141 S,Exhaust Tail Pipe Clamp,exhaust tail pipe clamp,exhaust,15.56,False,v-2019-volkswagen-golf--s--1-4l-l4-gas,Converter & Pipe #12,3.6L. 1.4L. 2019-21. Awd. 2.5L. 2.0L diesel 2015.,illustrations/clip.webp,https://vw.oempartsonline.com/oem-parts/volkswagen-exhaust-tail-pipe-clamp-1k0253141s
5Q0825661BS,5Q0 825 661 BS,Heat Shield,heat shield,exhaust,100.47,False,v-2019-volkswagen-golf--s--1-4l-l4-gas,Converter & Pipe #21,,,https://vw.oempartsonline.com/oem-parts/volkswagen-heat-shield-5q0825661bs
5Q0825701E,5Q0 825 701 E,Heat Shield,heat shield,exhaust,81.28,False,v-2019-volkswagen-golf--s--1-4l-l4-gas,Converter & Pipe #22,,,https://vw.oempartsonline.com/oem-parts/volkswagen-heat-shield-5q0825701e
5GM253609M,5GM 253 609 M,Muffler,muffler,exhaust,,False,v-2019-volkswagen-golf--s--1-4l-l4-gas,Converter & Pipe #13,1.4L. [View Details](https://vw.oempartsonline.com/oem-parts/volkswagen-muffler-5gm253609m) 15,,https://vw.oempartsonline.com/oem-parts/volkswagen-muffler-5gm253609m
N10753101,N 107 531 01,Sound Absorber Bolt,sound absorber bolt,exhaust,0.52,False,v-2019-volkswagen-golf--s--1-4l-l4-gas,Converter & Pipe #9,"1.5L, m8x22. 1.4L. Upper bracket,bolt. Awd, m8x22.",illustrations/bolt.webp,https://vw.oempartsonline.com/oem-parts/volkswagen-sound-absorber-bolt-n10753101
N10240003,N 102 400 03,Steering Column Bolt,steering column bolt,exhaust,0.51,False,v-2019-volkswagen-golf--s--1-4l-l4-gas,Converter & Pipe #7,,illustrations/bolt.webp,https://vw.oempartsonline.com/oem-parts/volkswagen-steering-column-bolt-n10240003
3Q0816803,3Q0 816 803,A/C Compressor,a c compressor,hvac,784.61,False,v-2019-volkswagen-golf--s--1-4l-l4-gas,hvac--a-c-clutch-and-compressor #20,,illustrations/a-c-compressor.webp,https://vw.oempartsonline.com/oem-parts/volkswagen-a-c-compressor-3q0816803
5Q0816803D,5Q0 816 803 D,A/C Compressor,a c compressor,hvac,634.89,False,v-2019-volkswagen-golf--s--1-4l-l4-gas,hvac--a-c-clutch-and-compressor #20,,illustrations/a-c-compressor.webp,https://vw.oempartsonline.com/oem-parts/volkswagen-a-c-compressor-5q0816803d
5Q0820803K,5Q0 820 803 K,A/C Compressor,a c compressor,hvac,748.56,False,v-2019-volkswagen-golf--s--1-4l-l4-gas,hvac--a-c-clutch-and-compressor #20,To 02/28/2017. Incl.A/C Compressor Clutch. Vendor:denso. To 11/30/2014. From 12/01/2014. Vendor:sanden. R134A Refrigerant.,illustrations/a-c-compressor.webp,https://vw.oempartsonline.com/oem-parts/volkswagen-a-c-compressor-5q0820803k
5Q0820803Q,5Q0 820 803 Q,A/C Compressor,a c compressor,hvac,,False,v-2019-volkswagen-golf--s--1-4l-l4-gas,hvac--a-c-clutch-and-compressor #20,"Without e-Golf, sanden. [View Details](https://vw.oempartsonline.com/oem-parts/volkswagen-a-c-compressor-5q0820803q) 20",illustrations/a-c-compressor.webp,https://vw.oempartsonline.com/oem-parts/volkswagen-a-c-compressor-5q0820803q
5QM816411E,5QM 816 411 E,A/C Condenser,a c condenser,hvac,183.97,False,v-2019-volkswagen-golf--s--1-4l-l4-gas,hvac--a-c-clutch-and-compressor #1,"Without e-Golf, without r.",illustrations/a-c-condenser.webp,https://vw.oempartsonline.com/oem-parts/volkswagen-a-c-condenser-5qm816411e
5WB816738C,5WB 816 738 C,A/C Pipe,a c pipe,hvac,84.0,False,v-2019-volkswagen-golf--s--1-4l-l4-gas,hvac--a-c-clutch-and-compressor #10,From 08/04/2019.,,https://vw.oempartsonline.com/oem-parts/volkswagen-a-c-pipe-5wb816738c
5Q0298403A,5Q0 298 403 A,A/C Receiver Drier,a c receiver drier,hvac,37.9,False,v-2019-volkswagen-golf--s--1-4l-l4-gas,hvac--a-c-clutch-and-compressor #2,Keihin. Jetta. Tiguan. GTI. Without denso. Golf SportWagen. Arteon. Golf Alltrack. Taos. Golf R.,illustrations/a-c-receiver-drier.webp,https://vw.oempartsonline.com/oem-parts/volkswagen-a-c-receiver-drier-5q0298403a
3D0260749C,3D0 260 749 C,A/C Refrigerant Line O-Ring,a c refrigerant line o ring,hvac,2.77,False,v-2019-volkswagen-golf--s--1-4l-l4-gas,hvac--a-c-clutch-and-compressor #4,,,https://vw.oempartsonline.com/oem-parts/volkswagen-a-c-refrigerant-line-o-ring-3d0260749c
4D0260749B,4D0 260 749 B,A/C Refrigerant Line O-Ring,a c refrigerant line o ring,hvac,1.27,False,v-2019-volkswagen-golf--s--1-4l-l4-gas,hvac--a-c-clutch-and-compressor #4,,,https://vw.oempartsonline.com/oem-parts/volkswagen-a-c-refrigerant-line-o-ring-4d0260749b
4E0260749A,4E0 260 749 A,A/C Refrigerant Line O-Ring,a c refrigerant line o ring,hvac,3.23,False,v-2019-volkswagen-golf--s--1-4l-l4-gas,hvac--a-c-clutch-and-compressor #4,,,https://vw.oempartsonline.com/oem-parts/volkswagen-a-c-refrigerant-line-o-ring-4e0260749a
4E0260749B,4E0 260 749 B,A/C Refrigerant Line O-Ring,a c refrigerant line o ring,hvac,1.35,False,v-2019-volkswagen-golf--s--1-4l-l4-gas,hvac--a-c-clutch-and-compressor #4,,,https://vw.oempartsonline.com/oem-parts/volkswagen-a-c-refrigerant-line-o-ring-4e0260749b
5Q0816741C,5Q0 816 741 C,A/C Refrigerant Liquid Hose,a c refrigerant liquid hose,hvac,325.77,False,v-2019-volkswagen-golf--s--1-4l-l4-gas,hvac--a-c-clutch-and-compressor #6,,,https://vw.oempartsonline.com/oem-parts/volkswagen-a-c-refrigerant-liquid-hose-5q0816741c
5Q0820741C,5Q0 820 741 C,A/C Refrigerant Liquid Hose,a c refrigerant liquid hose,hvac,350.04,False,v-2019-volkswagen-golf--s--1-4l-l4-gas,hvac--a-c-clutch-and-compressor #6,"2.0 Liter. From 03/07/2016. From 05/30/2016. R134a. R134A Refrigerant. To 03/06/2016. To 05/29/2016. w/o E-Golf. (A/C) Discharge. Line. AC tube. Coolant Pipe. Fits AllTrack, Arteon, Golf, Golf R, GTI, Jetta, Jetta GLI, SportWagen 2.0 Liter, R134a, Type ...",,https://vw.oempartsonline.com/oem-parts/volkswagen-a-c-refrigerant-liquid-hose-5q0820741c
3C0820231,3C0 820 231,A/C Service Valve Cap,a c service valve cap,hvac,16.7,False,v-2019-volkswagen-golf--s--1-4l-l4-gas,hvac--a-c-clutch-and-compressor #14,,illustrations/cap.webp,https://vw.oempartsonline.com/oem-parts/volkswagen-a-c-service-valve-cap-3c0820231
3C0820581,3C0 820 581,A/C Service Valve Cap,a c service valve cap,hvac,12.05,False,v-2019-volkswagen-golf--s--1-4l-l4-gas,hvac--a-c-clutch-and-compressor #14,"1.8L. 3.0L, # 1. 2.5L. 3.6L. With e-Golf, with aux heater, r134a. 2.0L, diesel. Without e-Golf, r1234yf. 2.0L, gas, vin code a, 6 or 8. Coupe,. Sedan from 1/05, wagon 2009 only,.",illustrations/cap.webp,https://vw.oempartsonline.com/oem-parts/volkswagen-a-c-service-valve-cap-3c0820581
5Q0816231,5Q0 816 231,A/C Service Valve Cap,a c service valve cap,hvac,15.24,False,v-2019-volkswagen-golf--s--1-4l-l4-gas,hvac--a-c-clutch-and-compressor #14,,illustrations/cap.webp,https://vw.oempartsonline.com/oem-parts/volkswagen-a-c-service-valve-cap-5q0816231
8A0820855AA,8A0 820 855 AA,A/C Service Valve Core,a c service valve core,hvac,18.41,False,v-2019-volkswagen-golf--s--1-4l-l4-gas,hvac--a-c-clutch-and-compressor #13,,illustrations/a-c-service-valve-core.webp,https://vw.oempartsonline.com/oem-parts/volkswagen-a-c-service-valve-core-8a0820855aa
8E0820855,8E0 820 855,A/C Service Valve Core,a c service valve core,hvac,19.14,False,v-2019-volkswagen-golf--s--1-4l-l4-gas,hvac--a-c-clutch-and-compressor #13,,illustrations/a-c-service-valve-core.webp,https://vw.oempartsonline.com/oem-parts/volkswagen-a-c-service-valve-core-8e0820855
5Q0816721AF,5Q0 816 721 AF,Discharge Hose,discharge hose,hvac,249.13,False,v-2019-volkswagen-golf--s--1-4l-l4-gas,hvac--a-c-clutch-and-compressor #3,"Jetta. 1.5l. R1234yf refrigerant. Without e-Golf, 1.4L. Golf SportWagen. 1.4l.",,https://vw.oempartsonline.com/oem-parts/volkswagen-discharge-hose-5q0816721af
7H0820896,7H0 820 896,O-Ring,o ring,hvac,2.92,False,v-2019-volkswagen-golf--s--1-4l-l4-gas,hvac--a-c-clutch-and-compressor #17,With e-Golf without aux heater. Taos. 7.6x1.8.,,https://vw.oempartsonline.com/oem-parts/volkswagen-o-ring-7h0820896
5Q0959126B,5Q0 959 126 B,Pressure Sensor,pressure sensor,hvac,79.02,False,v-2019-volkswagen-golf--s--1-4l-l4-gas,hvac--a-c-clutch-and-compressor #16,,,https://vw.oempartsonline.com/oem-parts/volkswagen-pressure-sensor-5q0959126b
5Q0816743C,5Q0 816 743 C,Suction Hose,suction hose,hvac,126.41,False,v-2019-volkswagen-golf--s--1-4l-l4-gas,hvac--a-c-clutch-and-compressor #8,"Jetta. With r1234yf. 1.5l. R1234yf refrigerant. Without e-Golf, 1.4L. Golf SportWagen. 1.4l.",,https://vw.oempartsonline.com/oem-parts/volkswagen-suction-hose-5q0816743c
04E905199H,04E 905 199 H,Direct Ignition Coil Boot,direct ignition coil boot,ignition,33.54,False,v-2019-volkswagen-golf--s--1-4l-l4-gas,ignition--ignition-coil #2,1.4L. Vendor:eldor.,illustrations/direct-ignition-coil-boot.webp,https://vw.oempartsonline.com/oem-parts/volkswagen-direct-ignition-coil-boot-4e905199h
04E906024S,04E 906 024 S,ECM,ecm,ignition,,False,v-2019-volkswagen-golf--s--1-4l-l4-gas,ignition--ignition-coil #7,[View Details](https://vw.oempartsonline.com/oem-parts/volkswagen-ecm-4e906024s) 7,illustrations/ecm.webp,https://vw.oempartsonline.com/oem-parts/volkswagen-ecm-4e906024s
04C907601K,04C 907 601 K,Engine Camshaft Position Sensor,engine camshaft position sensor,ignition,82.41,False,v-2019-volkswagen-golf--s--1-4l-l4-gas,ignition--ignition-coil #4,1.8L.,illustrations/engine-camshaft-position-sensor.webp,https://vw.oempartsonline.com/oem-parts/volkswagen-engine-camshaft-position-sensor-4c907601k
04E906024AD,04E 906 024 AD,Engine Control Module (ECM),engine control module ecm,ignition,987.0,False,v-2019-volkswagen-golf--s--1-4l-l4-gas,ignition--ignition-coil #7,,illustrations/engine-control-module-ecm.webp,https://vw.oempartsonline.com/oem-parts/volkswagen-engine-control-module-ecm-4e906024ad
04E906024K,04E 906 024 K,Engine Control Module (ECM),engine control module ecm,ignition,1085.19,False,v-2019-volkswagen-golf--s--1-4l-l4-gas,ignition--ignition-coil #7,Golf. 1.4l. Automatic transmission.,illustrations/engine-control-module-ecm.webp,https://vw.oempartsonline.com/oem-parts/volkswagen-engine-control-module-ecm-4e906024k
5Q0906507F,5Q0 906 507 F,Engine Control Module (ECM) Bracket,engine control module ecm bracket,ignition,32.37,False,v-2019-volkswagen-golf--s--1-4l-l4-gas,ignition--ignition-coil #8,,illustrations/bracket.webp,https://vw.oempartsonline.com/oem-parts/volkswagen-engine-control-module-ecm-bracket-5q0906507f
5Q0907411F,5Q0 907 411 F,Engine Control Module (ECM) Cover,engine control module ecm cover,ignition,67.2,False,v-2019-volkswagen-golf--s--1-4l-l4-gas,ignition--ignition-coil #8,3.6L. 1.8L. 2.0L gas. from 03/02/2015. 1.4L. Cover.,illustrations/engine-control-module-ecm-cover.webp,https://vw.oempartsonline.com/oem-parts/volkswagen-engine-control-module-ecm-cover-5q0907411f
05E906433E,05E 906 433 E,Engine Crankshaft Position Sensor,engine crankshaft position sensor,ignition,112.89,False,v-2019-volkswagen-golf--s--1-4l-l4-gas,ignition--ignition-coil #5,Jetta. 1.5l. Taos. 1.5l. 1.4L without hybrid. Golf SportWagen. 1.4l.,illustrations/engine-crankshaft-position-sensor.webp,https://vw.oempartsonline.com/oem-parts/volkswagen-engine-crankshaft-position-sensor-5e906433e
04C905110N,04C 905 110 N,Ignition Coil,ignition coil,ignition,71.12,False,v-2019-volkswagen-golf--s--1-4l-l4-gas,ignition--ignition-coil #1,,,https://vw.oempartsonline.com/oem-parts/volkswagen-ignition-coil-4c905110n
04E905110P,04E 905 110 P,Ignition Coil,ignition coil,ignition,63.21,False,v-2019-volkswagen-golf--s--1-4l-l4-gas,ignition--ignition-coil #1,,,https://vw.oempartsonline.com/oem-parts/volkswagen-ignition-coil-4e905110p
030905377D,030 905 377 D,Ignition Knock (Detonation) Sensor,ignition knock detonation sensor,ignition,113.11,False,v-2019-volkswagen-golf--s--1-4l-l4-gas,ignition--ignition-coil #6,"3.6L, without harness.",,https://vw.oempartsonline.com/oem-parts/volkswagen-ignition-knock-detonation-sensor-30905377d
04E905602D,04E 905 602 D,Spark Plug,spark plug,ignition,20.24,False,v-2019-volkswagen-golf--s--1-4l-l4-gas,ignition--ignition-coil #3,"Fits Golf, Jetta, SportWagen 1.4 Liter. 1.4L.",,https://vw.oempartsonline.com/oem-parts/volkswagen-spark-plug-4e905602d
N90942902,N 909 429 02,Outer Tie Rod Lock Nut,tie rod lock nut,steering,0.74,False,v-2019-volkswagen-golf--s--1-4l-l4-gas,Outer Tie Rod Lock Nut #5,"With variable assist. Convertible,. Coupe,. To 07/2011. Without electric gear. Wagon, 2010-11,.",,https://vw.oempartsonline.com/oem-parts/volkswagen-outer-tie-rod-lock-nut-n90942902
5WA407365,5WA 407 365,Ball Joint,ball joint,suspension,75.63,False,v-2019-volkswagen-golf--s--1-4l-l4-gas,Lower Spring Insulator #11,Without r. Fwd. Golf SportWagen. Left.,illustrations/ball-joint.webp,https://vw.oempartsonline.com/oem-parts/volkswagen-ball-joint-5wa407365
5WA407366,5WA 407 366,Ball Joint,ball joint,suspension,75.63,False,v-2019-volkswagen-golf--s--1-4l-l4-gas,Lower Spring Insulator #11,Without r. Fwd. Golf SportWagen. Right.,illustrations/ball-joint.webp,https://vw.oempartsonline.com/oem-parts/volkswagen-ball-joint-5wa407366
1K0505129L,1K0 505 129 L,Bracket,bracket,suspension,103.86,False,v-2019-volkswagen-golf--s--1-4l-l4-gas,Lateral Arm #28,,illustrations/bracket.webp,https://vw.oempartsonline.com/oem-parts/volkswagen-bracket-1k0505129l
1K0505130L,1K0 505 130 L,Bracket,bracket,suspension,102.73,False,v-2019-volkswagen-golf--s--1-4l-l4-gas,Lateral Arm #28,,illustrations/bracket.webp,https://vw.oempartsonline.com/oem-parts/volkswagen-bracket-1k0505130l
5Q0614167B,5Q0 614 167 B,Bracket,bracket,suspension,2.54,False,v-2019-volkswagen-golf--s--1-4l-l4-gas,Lateral Arm #27,All wheel drive. With 4 link suspension. Fwd. With awd with link suspension. Front wheel drive.,illustrations/bracket.webp,https://vw.oempartsonline.com/oem-parts/volkswagen-bracket-5q0614167b
5QM412545,5QM 412 545,Coil Spring Insulator,coil spring insulator,suspension,4.93,False,v-2019-volkswagen-golf--s--1-4l-l4-gas,Lower Spring Insulator #None | Strut Lock Nut #4,,illustrations/coil-spring-insulator.webp,https://vw.oempartsonline.com/oem-parts/volkswagen-coil-spring-insulator-5qm412545
5Q0505311J,5Q0 505 311 J,Lower Control Arm,control arm,suspension,342.6,False,v-2019-volkswagen-golf--s--1-4l-l4-gas,Lateral Arm #12,E-Golf. Incl.Inner Bushing. Awd. Golf R. Golf Alltrack. Golf SportWagen.,illustrations/control-arm.webp,https://vw.oempartsonline.com/oem-parts/volkswagen-lower-control-arm-5q0505311j
5Q0505323D,5Q0 505 323 D,Upper Control Arm,control arm,suspension,214.25,False,v-2019-volkswagen-golf--s--1-4l-l4-gas,Lateral Arm #19,,illustrations/control-arm.webp,https://vw.oempartsonline.com/oem-parts/volkswagen-upper-control-arm-5q0505323d
5QM407151C,5QM 407 151 C,Control Arm,control arm,suspension,314.3,False,v-2019-volkswagen-golf--s--1-4l-l4-gas,Lower Spring Insulator #9,"Incl.Bushings. GTI. Left. Without r, without e-Golf. Golf SportWagen. 1.8l. Golf Alltrack. From 03/29/2020.",illustrations/control-arm.webp,https://vw.oempartsonline.com/oem-parts/volkswagen-control-arm-5qm407151c
5QM407152C,5QM 407 152 C,Control Arm,control arm,suspension,320.59,False,v-2019-volkswagen-golf--s--1-4l-l4-gas,Lower Spring Insulator #9,"Incl.Bushings. GTI. Right. Without r, without e-Golf. Golf SportWagen. 1.8l. Golf Alltrack. From 03/29/2020. To 03/29/2020.",illustrations/control-arm.webp,https://vw.oempartsonline.com/oem-parts/volkswagen-control-arm-5qm407152c
WHT000227,WHT 000 227,Upper Control Arm Adjust Bolt,control arm adjust bolt,suspension,17.07,False,v-2019-volkswagen-golf--s--1-4l-l4-gas,Lateral Arm #20,,illustrations/bolt.webp,https://vw.oempartsonline.com/oem-parts/volkswagen-upper-control-arm-adjust-bolt-wht000227
WHT000232,WHT 000 232,Lower Control Arm Adjust Cam,control arm adjust cam,suspension,4.47,False,v-2019-volkswagen-golf--s--1-4l-l4-gas,Lateral Arm #21,,illustrations/control-arm-adjust-cam.webp,https://vw.oempartsonline.com/oem-parts/volkswagen-lower-control-arm-adjust-cam-wht000232
5Q0407182A,5Q0 407 182 A,Lower Control Arm Front Bushing,control arm bushing,suspension,12.68,False,v-2019-volkswagen-golf--s--1-4l-l4-gas,Lower Spring Insulator #10,"Jetta. Front. Tiguan. Without r, without e-Golf. GTI. With gli. Golf Alltrack. Taos. Suspension code: g01 or g04, suspension code: g01, g04.",illustrations/control-arm-bushing.webp,https://vw.oempartsonline.com/oem-parts/volkswagen-lower-control-arm-front-bushing-5q0407182a
5Q0407183L,5Q0 407 183 L,Control Arm Rear Bushing,control arm bushing,suspension,21.58,False,v-2019-volkswagen-golf--s--1-4l-l4-gas,Lower Spring Insulator #10,"Rear. GTI, Golf R. With r. To 07/01/2019. E-Golf.",illustrations/control-arm-bushing.webp,https://vw.oempartsonline.com/oem-parts/volkswagen-control-arm-rear-bushing-5q0407183l
N10597701,N 105 977 01,Lower Control Arm Cap,control arm cap,suspension,1.92,False,v-2019-volkswagen-golf--s--1-4l-l4-gas,Lateral Arm #18,,illustrations/cap.webp,https://vw.oempartsonline.com/oem-parts/volkswagen-lower-control-arm-cap-n10597701
N10106403,N 101 064 03,Lower Control Arm Lock Nut,control arm lock nut,suspension,3.65,False,v-2019-volkswagen-golf--s--1-4l-l4-gas,Lateral Arm #3 | Strut Lock Nut #3,,,https://vw.oempartsonline.com/oem-parts/volkswagen-lower-control-arm-lock-nut-n10106403
WHT000724,WHT 000 724,Upper Control Arm Lock Washer,control arm lock washer,suspension,8.98,False,v-2019-volkswagen-golf--s--1-4l-l4-gas,Lateral Arm #24,"Link,washer. Fwd. Knuckle,washer. With 4 link suspension. With awd with link suspension. All wheel drive. Front wheel drive. With r. Upper cntrl arm,washer.",,https://vw.oempartsonline.com/oem-parts/volkswagen-upper-control-arm-lock-washer-wht000724
N10640501,N 106 405 01,Lower Control Arm Mount Bolt,control arm mount bolt,suspension,2.64,False,v-2019-volkswagen-golf--s--1-4l-l4-gas,Lateral Arm #16,,illustrations/bolt.webp,https://vw.oempartsonline.com/oem-parts/volkswagen-lower-control-arm-mount-bolt-n10640501
5QM407255,5QM 407 255,Knuckle,knuckle,suspension,391.87,False,v-2019-volkswagen-golf--s--1-4l-l4-gas,Lower Spring Insulator #1,,,https://vw.oempartsonline.com/oem-parts/volkswagen-knuckle-5qm407255
5QM407256,5QM 407 256,Knuckle,knuckle,suspension,412.64,False,v-2019-volkswagen-golf--s--1-4l-l4-gas,Lower Spring Insulator #1,,,https://vw.oempartsonline.com/oem-parts/volkswagen-knuckle-5qm407256
1K0505553A,1K0 505 553 A,Knuckle Bushing,knuckle bushing,suspension,22.07,False,v-2019-volkswagen-golf--s--1-4l-l4-gas,Lateral Arm #6,,,https://vw.oempartsonline.com/oem-parts/volkswagen-knuckle-bushing-1k0505553a
5Q0501529F,5Q0 501 529 F,Lateral Arm,lateral arm,suspension,68.86,False,v-2019-volkswagen-golf--s--1-4l-l4-gas,Lateral Arm #1,,,https://vw.oempartsonline.com/oem-parts/volkswagen-lateral-arm-5q0501529f
N10640301,N 106 403 01,Lateral Arm Bolt,lateral arm bolt,suspension,7.69,False,v-2019-volkswagen-golf--s--1-4l-l4-gas,Lateral Arm #4,,illustrations/bolt.webp,https://vw.oempartsonline.com/oem-parts/volkswagen-lateral-arm-bolt-n10640301
N10628301,N 106 283 01,Lateral Arm Mount Bolt,lateral arm mount bolt,suspension,5.66,False,v-2019-volkswagen-golf--s--1-4l-l4-gas,Lateral Arm #2,,illustrations/bolt.webp,https://vw.oempartsonline.com/oem-parts/volkswagen-lateral-arm-mount-bolt-n10628301
5Q0512521G,5Q0 512 521 G,Sensor,sensor,suspension,227.33,False,v-2019-volkswagen-golf--s--1-4l-l4-gas,Lateral Arm #31,"All wheel drive. Front wheel drive. Arteon. Headlamp leveling system, rear, awd. Taos. Self leveling sensor. Golf Alltrack. With awd with link suspension. Golf SportWagen. Fwd.",,https://vw.oempartsonline.com/oem-parts/volkswagen-sensor-5q0512521g
N90648402,N 906 484 02,Shock Mount Bolt,shock mount bolt,suspension,1.56,False,v-2019-volkswagen-golf--s--1-4l-l4-gas,Lateral Arm #29,,illustrations/bolt.webp,https://vw.oempartsonline.com/oem-parts/volkswagen-shock-mount-bolt-n90648402
5QM411303,5QM 411 303,Stabilizer Bar,stabilizer bar,suspension,162.26,False,v-2019-volkswagen-golf--s--1-4l-l4-gas,Lower Spring Insulator #12,,,https://vw.oempartsonline.com/oem-parts/volkswagen-stabilizer-bar-5qm411303
5Q0411315D,5Q0 411 315 D,Stabilizer Link,stabilizer link,suspension,60.95,False,v-2019-volkswagen-golf--s--1-4l-l4-gas,Lower Spring Insulator #14,Jetta. With r. Golf. With awd.,,https://vw.oempartsonline.com/oem-parts/volkswagen-stabilizer-link-5q0411315d
5Q0412331E,5Q0 412 331 E,Strut Mount,strut mount,suspension,68.86,False,v-2019-volkswagen-golf--s--1-4l-l4-gas,Lower Spring Insulator #8,,,https://vw.oempartsonline.com/oem-parts/volkswagen-strut-mount-5q0412331e
N10401801,N 104 018 01,Suspension Control Arm Nut,suspension control arm nut,suspension,2.27,False,v-2019-volkswagen-golf--s--1-4l-l4-gas,Lateral Arm #26,,,https://vw.oempartsonline.com/oem-parts/volkswagen-suspension-control-arm-nut-n10401801
5Q0505435J,5Q0 505 435 J,Suspension Knuckle,suspension knuckle,suspension,489.48,False,v-2019-volkswagen-golf--s--1-4l-l4-gas,Lateral Arm #5,Golf Alltrack. Left. Golf R. With awd with link suspension. Golf SportWagen.,,https://vw.oempartsonline.com/oem-parts/volkswagen-suspension-knuckle-5q0505435j
5Q0505436J,5Q0 505 436 J,Suspension Knuckle,suspension knuckle,suspension,489.48,False,v-2019-volkswagen-golf--s--1-4l-l4-gas,Lateral Arm #5,Golf Alltrack. Right. Golf R. With awd with link suspension. Golf SportWagen.,,https://vw.oempartsonline.com/oem-parts/volkswagen-suspension-knuckle-5q0505436j
5QM412249,5QM 412 249,Suspension Strut Bearing,suspension strut bearing,suspension,,False,v-2019-volkswagen-golf--s--1-4l-l4-gas,Lower Spring Insulator #7,[View Details](https://vw.oempartsonline.com/oem-parts/volkswagen-suspension-strut-bearing-5qm412249) 8,,https://vw.oempartsonline.com/oem-parts/volkswagen-suspension-strut-bearing-5qm412249
5Q0413175C,5Q0 413 175 C,Suspension Strut Bellows,suspension strut bellows,suspension,36.11,False,v-2019-volkswagen-golf--s--1-4l-l4-gas,Lower Spring Insulator #5,,,https://vw.oempartsonline.com/oem-parts/volkswagen-suspension-strut-bellows-5q0413175c
1K0412303B,1K0 412 303 B,Suspension Strut Bumper,suspension strut bumper,suspension,28.51,False,v-2019-volkswagen-golf--s--1-4l-l4-gas,Lower Spring Insulator #6,,,https://vw.oempartsonline.com/oem-parts/volkswagen-suspension-strut-bumper-1k0412303b
N10628401,N 106 284 01,Suspension Trailing Arm Bolt,suspension trailing arm bolt,suspension,1.15,False,v-2019-volkswagen-golf--s--1-4l-l4-gas,Lateral Arm #10,"Trailing arm,bolt. Front wheel drive, m12x1,5x40. With 4 link suspension, m12x1.5x25. Fwd. With r. With awd. All wheel drive.",illustrations/bolt.webp,https://vw.oempartsonline.com/oem-parts/volkswagen-suspension-trailing-arm-bolt-n10628401
WHT005749,WHT 005 749,Suspension Trailing Arm Bolt,suspension trailing arm bolt,suspension,1.24,False,v-2019-volkswagen-golf--s--1-4l-l4-gas,Lateral Arm #11,"Without awd. With 4 link suspension. Fwd. With awd with link suspension. All wheel drive. Trailing arm,bolt. Front wheel drive.",illustrations/bolt.webp,https://vw.oempartsonline.com/oem-parts/volkswagen-suspension-trailing-arm-bolt-wht005749
5Q0505223D,5Q0 505 223 D,Trailing Arm,trailing arm,suspension,253.25,False,v-2019-volkswagen-golf--s--1-4l-l4-gas,Lateral Arm #7,"Incl.Bushings. Trailing. Left. GTI. Golf R. With awd with link suspension. Golf Alltrack. Without awd, with e-Golf. Golf SportWagen.",,https://vw.oempartsonline.com/oem-parts/volkswagen-trailing-arm-5q0505223d
5Q0505224D,5Q0 505 224 D,Trailing Arm,trailing arm,suspension,202.94,False,v-2019-volkswagen-golf--s--1-4l-l4-gas,Lateral Arm #7,Incl.Bushings. Trailing. Right. GTI. Golf R. With awd with link suspension. Golf Alltrack. Golf SportWagen.,,https://vw.oempartsonline.com/oem-parts/volkswagen-trailing-arm-5q0505224d
5Q0505541A,5Q0 505 541 A,Trailing Arm Bushing,trailing arm bushing,suspension,19.02,False,v-2019-volkswagen-golf--s--1-4l-l4-gas,Lateral Arm #8,,,https://vw.oempartsonline.com/oem-parts/volkswagen-trailing-arm-bushing-5q0505541a
N10769501,N 107 695 01,Trailing Arm Mount Bolt,trailing arm mount bolt,suspension,2.15,False,v-2019-volkswagen-golf--s--1-4l-l4-gas,Lateral Arm #9,,illustrations/bolt.webp,https://vw.oempartsonline.com/oem-parts/volkswagen-trailing-arm-mount-bolt-n10769501
5G0955993,5G0 955 993,Back Glass Washer Nozzle,back glass washer nozzle,wiper and washer,38.68,False,v-2019-volkswagen-golf--s--1-4l-l4-gas,wiper-and-washer--wiper-arm-blade-and-related-components #9,Stop lamp. Without spoiler.,illustrations/back-glass-washer-nozzle.webp,https://vw.oempartsonline.com/oem-parts/volkswagen-back-glass-washer-nozzle-5g0955993
5G6955993,5G6 955 993,Back Glass Washer Nozzle,back glass washer nozzle,wiper and washer,12.55,False,v-2019-volkswagen-golf--s--1-4l-l4-gas,wiper-and-washer--wiper-arm-blade-and-related-components #9,With spoiler.,illustrations/back-glass-washer-nozzle.webp,https://vw.oempartsonline.com/oem-parts/volkswagen-back-glass-washer-nozzle-5g6955993
1J0955751D,1J0 955 751 D,Lift-Gate Washer Hose,lift gate washer hose,wiper and washer,42.77,False,v-2019-volkswagen-golf--s--1-4l-l4-gas,wiper-and-washer--wiper-arm-blade-and-related-components #13,,,https://vw.oempartsonline.com/oem-parts/volkswagen-lift-gate-washer-hose-1j0955751d
8V0998754,8V0 998 754,Motor & Linkage Mount Kit,motor & linkage mount,wiper and washer,57.57,False,v-2019-volkswagen-golf--s--1-4l-l4-gas,wiper-and-washer--wiper-arm-blade-and-related-components #7,With r.,,https://vw.oempartsonline.com/oem-parts/volkswagen-motor-and-linkage-mount-kit-8v0998754
5G6955793,5G6 955 793,Spray Jet Connector,spray jet connector,wiper and washer,7.16,False,v-2019-volkswagen-golf--s--1-4l-l4-gas,wiper-and-washer--wiper-arm-blade-and-related-components #11,,,https://vw.oempartsonline.com/oem-parts/volkswagen-spray-jet-connector-5g6955793
1J0955875P,1J0 955 875 P,Windshield Washer Hose Connector,windshield washer hose connector,wiper and washer,21.09,False,v-2019-volkswagen-golf--s--1-4l-l4-gas,wiper-and-washer--wiper-arm-blade-and-related-components #14,,,https://vw.oempartsonline.com/oem-parts/volkswagen-windshield-washer-hose-connector-1j0955875p
1J0955875R,1J0 955 875 R,Windshield Washer Hose Connector,windshield washer hose connector,wiper and washer,17.43,False,v-2019-volkswagen-golf--s--1-4l-l4-gas,wiper-and-washer--wiper-arm-blade-and-related-components #15,,,https://vw.oempartsonline.com/oem-parts/volkswagen-windshield-washer-hose-connector-1j0955875r
2D0955962,2D0 955 962,Windshield Washer Hose Connector,windshield washer hose connector,wiper and washer,17.8,False,v-2019-volkswagen-golf--s--1-4l-l4-gas,wiper-and-washer--wiper-arm-blade-and-related-components #12,"Type 1. Coupe,. 2019-21. Convertible,. 2022-23. Connector hose. 2022-24. Without r. Sedan from 1/05, wagon 2009 only,. Wagon, 2010-11,.",,https://vw.oempartsonline.com/oem-parts/volkswagen-windshield-washer-hose-connector-2d0955962
5GM955409,5GM 955 409,Wiper Arm,wiper arm,wiper and washer,77.07,False,v-2019-volkswagen-golf--s--1-4l-l4-gas,wiper-and-washer--wiper-arm-blade-and-related-components #2,"Windshield Wiper Arm. Fits AllTrack, Golf, Golf R, GTI, SportWagen Golf AllTrack Left. Golf Sportwagen Left. Golf Left. GTI Left. w/o R, w/o e-Golf. w/R. GTI. Left. Golf AllTrack. Golf SportWagen. w/o r, w/o e-Golf.",,https://vw.oempartsonline.com/oem-parts/volkswagen-wiper-arm-5gm955409
5GM955410,5GM 955 410,Wiper Arm,wiper arm,wiper and washer,,False,v-2019-volkswagen-golf--s--1-4l-l4-gas,wiper-and-washer--wiper-arm-blade-and-related-components #2,GTI. Right. Golf Alltrack. With r. [View Details](https://vw.oempartsonline.com/oem-parts/volkswagen-wiper-arm-5gm955410) 2,,https://vw.oempartsonline.com/oem-parts/volkswagen-wiper-arm-5gm955410
5GM955707,5GM 955 707,Wiper Arm,wiper arm,wiper and washer,,False,v-2019-volkswagen-golf--s--1-4l-l4-gas,wiper-and-washer--wiper-arm-blade-and-related-components #2,[View Details](https://vw.oempartsonline.com/oem-parts/volkswagen-wiper-arm-5gm955707) 2,,https://vw.oempartsonline.com/oem-parts/volkswagen-wiper-arm-5gm955707
5GM955707A,5GM 955 707 A,Wiper Arm,wiper arm,wiper and washer,44.57,False,v-2019-volkswagen-golf--s--1-4l-l4-gas,wiper-and-washer--wiper-arm-blade-and-related-components #2,Golf SportWagen. Golf Alltrack.,,https://vw.oempartsonline.com/oem-parts/volkswagen-wiper-arm-5gm955707a
5K6955435,5K6 955 435,Wiper Arm Cap,wiper arm cap,wiper and washer,5.45,False,v-2019-volkswagen-golf--s--1-4l-l4-gas,wiper-and-washer--wiper-arm-blade-and-related-components #4,,illustrations/cap.webp,https://vw.oempartsonline.com/oem-parts/volkswagen-wiper-arm-cap-5k6955435
6Q6955758A,6Q6 955 758 A,Wiper Arm Gasket,wiper arm gasket,wiper and washer,4.34,False,v-2019-volkswagen-golf--s--1-4l-l4-gas,wiper-and-washer--wiper-arm-blade-and-related-components #5,,,https://vw.oempartsonline.com/oem-parts/volkswagen-wiper-arm-gasket-6q6955758a
N10609204,N 106 092 04,Wiper Arm Nut,wiper arm nut,wiper and washer,2.03,False,v-2019-volkswagen-golf--s--1-4l-l4-gas,wiper-and-washer--wiper-arm-blade-and-related-components #3,,,https://vw.oempartsonline.com/oem-parts/volkswagen-wiper-arm-nut-n10609204
5G1998002,5G1 998 002,Wiper Blade,wiper blade,wiper and washer,47.1,False,v-2019-volkswagen-golf--s--1-4l-l4-gas,wiper-and-washer--wiper-arm-blade-and-related-components #1,"These OEM Volkswagen wiper blades, part number 5G1-998-002, are compatible with a range of VW cars, from Golf, Golf R, and Golf SportWagen to e-Golf, Golf Alltrack, and GTI. The complete set is a genuine replacement for factory wiper blades with VW part number 5GM-955-425, 5GM-955-426, or 5GM-998-002.",,https://vw.oempartsonline.com/oem-parts/volkswagen-wiper-blade-5g1998002
5GM955427,5GM 955 427,Wiper Blade,wiper blade,wiper and washer,,False,v-2019-volkswagen-golf--s--1-4l-l4-gas,wiper-and-washer--wiper-arm-blade-and-related-components #1,[View Details](https://vw.oempartsonline.com/oem-parts/volkswagen-wiper-blade-5gm955427) 1,,https://vw.oempartsonline.com/oem-parts/volkswagen-wiper-blade-5gm955427
5GM955427A,5GM 955 427 A,Wiper Blade,wiper blade,wiper and washer,16.32,False,v-2019-volkswagen-golf--s--1-4l-l4-gas,wiper-and-washer--wiper-arm-blade-and-related-components #1,,,https://vw.oempartsonline.com/oem-parts/volkswagen-wiper-blade-5gm955427a
5GM955427B,5GM 955 427 B,Wiper Blade,wiper blade,wiper and washer,,False,v-2019-volkswagen-golf--s--1-4l-l4-gas,wiper-and-washer--wiper-arm-blade-and-related-components #1,Golf SportWagen. Golf Alltrack. [View Details](https://vw.oempartsonline.com/oem-parts/volkswagen-wiper-blade-5gm955427b) 1,,https://vw.oempartsonline.com/oem-parts/volkswagen-wiper-blade-5gm955427b
5G0955711D,5G0 955 711 D,Wiper Motor,wiper motor,wiper and washer,266.15,False,v-2019-volkswagen-golf--s--1-4l-l4-gas,wiper-and-washer--wiper-arm-blade-and-related-components #6,With e-Golf. From 08/20/2017. Optional. From 08/21/2017.,,https://vw.oempartsonline.com/oem-parts/volkswagen-wiper-motor-5g0955711d
5GM955023A,5GM 955 023 A,Wiper Motor,wiper motor,wiper and washer,,False,v-2019-volkswagen-golf--s--1-4l-l4-gas,wiper-and-washer--wiper-arm-blade-and-related-components #6,"Incl.Windshield Wiper Linkage. GTI. Golf SportWagen. Without r, without e-Golf. Golf Alltrack. [View Details](https://vw.oempartsonline.com/oem-parts/volkswagen-wiper-motor-5gm955023a) 6",,https://vw.oempartsonline.com/oem-parts/volkswagen-wiper-motor-5gm955023a
5GM955711B,5GM 955 711 B,Wiper Motor,wiper motor,wiper and washer,,False,v-2019-volkswagen-golf--s--1-4l-l4-gas,wiper-and-washer--wiper-arm-blade-and-related-components #6,[View Details](https://vw.oempartsonline.com/oem-parts/volkswagen-wiper-motor-5gm955711b) 6,,https://vw.oempartsonline.com/oem-parts/volkswagen-wiper-motor-5gm955711b
3B9998754,3B9 998 754,Wiper Motor Insulator,wiper motor insulator,wiper and washer,28.98,False,v-2019-volkswagen-golf--s--1-4l-l4-gas,wiper-and-washer--wiper-arm-blade-and-related-components #7,"Sedan from 1/05, wagon 2009 only,. Wagon, 2010-11,.",,https://vw.oempartsonline.com/oem-parts/volkswagen-wiper-motor-insulator-3b9998754
N90714303,N 907 143 03,Wiper Motor Nut,wiper motor nut,wiper and washer,2.11,False,v-2019-volkswagen-golf--s--1-4l-l4-gas,wiper-and-washer--wiper-arm-blade-and-related-components #8,,,https://vw.oempartsonline.com/oem-parts/volkswagen-wiper-motor-nut-n90714303
