assetId,make,model,sourceTitle,qwen,gemini,title_says,proposal,action,posterUrl
bmw-m5-f90-undated-v1,bmw,m5,Bmw M5 F90,saloon,saloon,,saloon,propose,https://tfkvthprsntexrcuqpyd.supabase.co/storage/v1/object/public/car-renders/finished/bmw/bmw-m5-f90-undated-v1/portimao-blue-metallic.jpg
lamborghini-urus-x-2017-2019-v1,lamborghini,urus,Lamborghini Urus 2018,suv,suv,,suv,propose,https://tfkvthprsntexrcuqpyd.supabase.co/storage/v1/object/public/car-renders/finished/lamborghini/lamborghini-urus-x-2017-2019-v1/verde-mantis.jpg
bmw-m3-e30-undated-v1,bmw,M3 E30,[FREE] BMW M3 E30,coupe,coupe,,coupe,propose,https://tfkvthprsntexrcuqpyd.supabase.co/storage/v1/object/public/car-renders/finished/bmw/bmw-m3-e30-undated-v1/portimao-blue-metallic.jpg
fiat-500-classic-v1,fiat,500 Classic,Fiat 500 | Personal Work,hatchback,hatchback,,hatchback,propose,https://tfkvthprsntexrcuqpyd.supabase.co/storage/v1/object/public/car-renders/finished/fiat/500/passione-red.jpg
ferrari-308-v1,ferrari,308,Ferrari 308 GTS,coupe,coupe,,coupe,propose,https://tfkvthprsntexrcuqpyd.supabase.co/storage/v1/object/public/car-renders/finished/ferrari/308/rosso-corsa.jpg
polestar-2-v1,polestar,2,2020 Polestar 2,saloon,hatchback,,,REVIEW (models disagree),https://tfkvthprsntexrcuqpyd.supabase.co/storage/v1/object/public/car-renders/finished/polestar/polestar-2-v1/hero.jpg
kia-ev6-2022-v1,kia,ev6,2022 Kia EV6 GT-Line AWD,hatchback,hatchback,,hatchback,propose,https://tfkvthprsntexrcuqpyd.supabase.co/storage/v1/object/public/car-renders/finished/kia/kia-ev6-2022-v1/runway-red.jpg
citroen-c3-picasso-2017-w6-v1,citroen,C3 Picasso,2017 Citroën C3 Picasso,mpv,mpv,,mpv,propose,https://tfkvthprsntexrcuqpyd.supabase.co/storage/v1/object/public/car-renders/finished/citroen/citroen-c3-picasso-2017-w6-v1/hero.jpg
citroen-c4-lounge-2018-w6-v1,citroen,C4 Lounge,2018 Citroën C4 Lounge,saloon,saloon,,saloon,propose,https://tfkvthprsntexrcuqpyd.supabase.co/storage/v1/object/public/car-renders/finished/citroen/citroen-c4-lounge-2018-w6-v1/hero.jpg
byd-dolphin-2025-w6-v1,byd,Dolphin,BYD DOLPHIN 2025,hatchback,hatchback,,hatchback,propose,https://tfkvthprsntexrcuqpyd.supabase.co/storage/v1/object/public/car-renders/finished/byd/byd-dolphin-2025-w6-v1/hero.jpg
byd-dolphin-mini-2024-w6-v1,byd,Dolphin Mini,2024 BYD Dolphin Mini,hatchback,hatchback,,hatchback,propose,https://tfkvthprsntexrcuqpyd.supabase.co/storage/v1/object/public/car-renders/finished/byd/byd-dolphin-mini-2024-w6-v1/hero.jpg
hyundai-kona-w6-v1,hyundai,Kona,Hyundai Kona,suv,suv,,suv,propose,https://tfkvthprsntexrcuqpyd.supabase.co/storage/v1/object/public/car-renders/finished/hyundai/hyundai-kona-w6-v1/hero.jpg
citroen-cactus-2015-w6-v1,citroen,Cactus,2015 Citroën Cactus,hatchback,suv,,,REVIEW (models disagree),https://tfkvthprsntexrcuqpyd.supabase.co/storage/v1/object/public/car-renders/finished/citroen/citroen-cactus-2015-w6-v1/hero.jpg
genesis-g70-w6-v1,genesis,G70,Genesis G70,saloon,saloon,,saloon,propose,https://tfkvthprsntexrcuqpyd.supabase.co/storage/v1/object/public/car-renders/finished/genesis/genesis-g70-w6-v1/hero.jpg
fiat-bravo-2011-w6-v1,fiat,Bravo,2011 Fiat Bravo,hatchback,hatchback,,hatchback,propose,https://tfkvthprsntexrcuqpyd.supabase.co/storage/v1/object/public/car-renders/finished/fiat/fiat-bravo-2011-w6-v1/hero.jpg
hyundai-kona-w6-v2,hyundai,Kona,Hyundai Kona,suv,suv,,suv,propose,https://tfkvthprsntexrcuqpyd.supabase.co/storage/v1/object/public/car-renders/finished/hyundai/hyundai-kona-w6-v2/hero.jpg
jaguar-xf-2014-w6-v1,jaguar,XF,2014 Jaguar XF-RS (X250),saloon,saloon,,saloon,propose,https://tfkvthprsntexrcuqpyd.supabase.co/storage/v1/object/public/car-renders/finished/jaguar/jaguar-xf-2014-w6-v1/hero.jpg
jaguar-xj-2010-w6-v1,jaguar,XJ,Jaguar XJ 2010,saloon,saloon,,saloon,propose,https://tfkvthprsntexrcuqpyd.supabase.co/storage/v1/object/public/car-renders/finished/jaguar/jaguar-xj-2010-w6-v1/hero.jpg
jeep-renegade-2021-w6-v1,jeep,Renegade,2021 Jeep Renegade,suv,suv,,suv,propose,https://tfkvthprsntexrcuqpyd.supabase.co/storage/v1/object/public/car-renders/finished/jeep/jeep-renegade-2021-w6-v1/hero.jpg
kia-carnival-w6-v1,kia,Carnival,Kia Carnival,mpv,mpv,,mpv,propose,https://tfkvthprsntexrcuqpyd.supabase.co/storage/v1/object/public/car-renders/finished/kia/kia-carnival-w6-v1/hero.jpg
kia-sportage-2011-w6-v1,kia,Sportage,Kia Sportage 2011,suv,suv,,suv,propose,https://tfkvthprsntexrcuqpyd.supabase.co/storage/v1/object/public/car-renders/finished/kia/kia-sportage-2011-w6-v1/hero.jpg
kia-ev6-2022-w6-v1,kia,EV6,2022 Kia EV6,hatchback,suv,,,REVIEW (models disagree),https://tfkvthprsntexrcuqpyd.supabase.co/storage/v1/object/public/car-renders/finished/kia/kia-ev6-2022-w6-v1/hero.jpg
kia-carnival-2022-w6-v1,kia,Carnival,2022 Kia Carnival,mpv,mpv,,mpv,propose,https://tfkvthprsntexrcuqpyd.supabase.co/storage/v1/object/public/car-renders/finished/kia/kia-carnival-2022-w6-v1/hero.jpg
kia-picanto-w6-v1,kia,Picanto,Kia Picanto Morning GT-Line,hatchback,hatchback,,hatchback,propose,https://tfkvthprsntexrcuqpyd.supabase.co/storage/v1/object/public/car-renders/finished/kia/kia-picanto-w6-v1/hero.jpg
kia-sportage-w6-v1,kia,Sportage,Carro KIA Sportage Xnova360,suv,suv,,suv,propose,https://tfkvthprsntexrcuqpyd.supabase.co/storage/v1/object/public/car-renders/finished/kia/kia-sportage-w6-v1/hero.jpg
land-rover-defender-w6-v1,land-rover,Defender,Land Rover Defender 110 Double Cab Pick Up,pickup,pickup,pickup,pickup,propose,https://tfkvthprsntexrcuqpyd.supabase.co/storage/v1/object/public/car-renders/finished/land-rover/land-rover-defender-w6-v1/hero.jpg
land-rover-defender-2021-w6-v1,land-rover,Defender,2021 Land Rover Defender 110,suv,suv,,suv,propose,https://tfkvthprsntexrcuqpyd.supabase.co/storage/v1/object/public/car-renders/finished/land-rover/land-rover-defender-2021-w6-v1/hero.jpg
land-rover-range-rover-evoque-2011-w6-v1,land-rover,Range Rover Evoque,2011 - Range Rover Evoque - Free Vehicle Archive,suv,suv,,suv,propose,https://tfkvthprsntexrcuqpyd.supabase.co/storage/v1/object/public/car-renders/finished/land-rover/land-rover-range-rover-evoque-2011-w6-v1/hero.jpg
lexus-es-hybrid-w6-v1,lexus,ES Hybrid,Lexus ES Hybrid,saloon,saloon,,saloon,propose,https://tfkvthprsntexrcuqpyd.supabase.co/storage/v1/object/public/car-renders/finished/lexus/lexus-es-hybrid-w6-v1/hero.jpg
mazda-3-2003-w6-v1,mazda,3,Mazda 3 (Mk1) sedan HQ interior 2003,saloon,saloon,saloon,saloon,propose,https://tfkvthprsntexrcuqpyd.supabase.co/storage/v1/object/public/car-renders/finished/mazda/mazda-3-2003-w6-v1/hero.jpg
mazda-3-2011-w6-v1,mazda,3,Mazda 3 sedan 2011,saloon,saloon,saloon,saloon,propose,https://tfkvthprsntexrcuqpyd.supabase.co/storage/v1/object/public/car-renders/finished/mazda/mazda-3-2011-w6-v1/hero.jpg
mazda-mx-5-w6-v1,mazda,MX-5,Mazda MX-5 (NB),convertible,convertible,,convertible,propose,https://tfkvthprsntexrcuqpyd.supabase.co/storage/v1/object/public/car-renders/finished/mazda/mazda-mx-5-w6-v1/hero.jpg
mitsubishi-i-miev-2010-w6-v1,mitsubishi,I MiEV,2010 Mitsubishi I MiEV,hatchback,hatchback,,hatchback,propose,https://tfkvthprsntexrcuqpyd.supabase.co/storage/v1/object/public/car-renders/finished/mitsubishi/mitsubishi-i-miev-2010-w6-v1/hero.jpg
opel-astra-1991-w6-v1,opel,Astra,Opel Astra 3door G Si 1991,hatchback,hatchback,hatchback,hatchback,propose,https://tfkvthprsntexrcuqpyd.supabase.co/storage/v1/object/public/car-renders/finished/opel/opel-astra-1991-w6-v1/hero.jpg
nissan-juke-w6-v1,nissan,Juke,Nissan Juke,suv,suv,,suv,propose,https://tfkvthprsntexrcuqpyd.supabase.co/storage/v1/object/public/car-renders/finished/nissan/nissan-juke-w6-v1/hero.jpg
renault-koleos-2008-w7-v1,renault,Koleos,2008 Renault Koleos,suv,suv,,suv,propose,https://tfkvthprsntexrcuqpyd.supabase.co/storage/v1/object/public/car-renders/finished/renault/renault-koleos-2008-w7-v1/hero.jpg
renault-austral-2022-w7-v1,renault,Austral,2022 Renault Austral,suv,suv,,suv,propose,https://tfkvthprsntexrcuqpyd.supabase.co/storage/v1/object/public/car-renders/finished/renault/renault-austral-2022-w7-v1/hero.jpg
peugeot-308-2012-w7-v1,peugeot,308,Peugeot 308 SW 2012,estate,estate,estate,estate,propose,https://tfkvthprsntexrcuqpyd.supabase.co/storage/v1/object/public/car-renders/finished/peugeot/peugeot-308-2012-w7-v1/hero.jpg
renault-m-gane-grand-tour-2006-w7-v1,renault,Mégane Grand Tour,2006 Renault Mégane Grand Tour,estate,estate,,estate,propose,https://tfkvthprsntexrcuqpyd.supabase.co/storage/v1/object/public/car-renders/finished/renault/renault-m-gane-grand-tour-2006-w7-v1/hero.jpg
mitsubishi-eclipse-cross-w7-v1,mitsubishi,Eclipse Cross,Mitsubishi Eclipse Cross Facelift,suv,suv,,suv,propose,https://tfkvthprsntexrcuqpyd.supabase.co/storage/v1/object/public/car-renders/finished/mitsubishi/mitsubishi-eclipse-cross-w7-v1/hero.jpg
lexus-rx450h-2023-w7-v1,lexus,RX450h,2023 Lexus RX450h,suv,suv,,suv,propose,https://tfkvthprsntexrcuqpyd.supabase.co/storage/v1/object/public/car-renders/finished/lexus/lexus-rx450h-2023-w7-v1/hero.jpg
volkswagen-polo-w7-v1,volkswagen,Polo,Volkswagen polo,hatchback,hatchback,,hatchback,propose,https://tfkvthprsntexrcuqpyd.supabase.co/storage/v1/object/public/car-renders/finished/volkswagen/volkswagen-polo-w7-v1/hero.jpg
mazda-cx-5-2017-w7-v1,mazda,CX-5,Mazda CX-5 HQ interior 2017,suv,suv,,suv,propose,https://tfkvthprsntexrcuqpyd.supabase.co/storage/v1/object/public/car-renders/finished/mazda/mazda-cx-5-2017-w7-v1/hero.jpg
mercedes-benz-s600-1999-w7-v1,mercedes-benz,S600,1999 Mercedes benz S600,saloon,saloon,,saloon,propose,https://tfkvthprsntexrcuqpyd.supabase.co/storage/v1/object/public/car-renders/finished/mercedes-benz/mercedes-benz-s600-1999-w7-v1/hero.jpg
polestar-2-w7-v1,polestar,2,Polestar 2,saloon,hatchback,,,REVIEW (models disagree),https://tfkvthprsntexrcuqpyd.supabase.co/storage/v1/object/public/car-renders/finished/polestar/polestar-2-w7-v1/hero.jpg
tesla-model-3-w7-v2,tesla,Model 3,Tesla model 3 jb,saloon,saloon,,saloon,propose,https://tfkvthprsntexrcuqpyd.supabase.co/storage/v1/object/public/car-renders/finished/tesla/tesla-model-3-w7-v2/hero.jpg
tesla-model-3-2024-w7-v1,tesla,Model 3,Tesla model  3 2024,saloon,saloon,,saloon,propose,https://tfkvthprsntexrcuqpyd.supabase.co/storage/v1/object/public/car-renders/finished/tesla/tesla-model-3-2024-w7-v1/hero.jpg
renault-clio-2020-w7-v1,renault,Clio,2020 Renault Clio,hatchback,hatchback,,hatchback,propose,https://tfkvthprsntexrcuqpyd.supabase.co/storage/v1/object/public/car-renders/finished/renault/renault-clio-2020-w7-v1/hero.jpg
toyota-corolla-w7-v1,toyota,Corolla,Toyota Corolla,saloon,saloon,,saloon,propose,https://tfkvthprsntexrcuqpyd.supabase.co/storage/v1/object/public/car-renders/finished/toyota/toyota-corolla-w7-v1/hero.jpg
dacia-lodgy-2024-w7-v1,dacia,Lodgy,dacia lodgy 2024 moroccan,mpv,suv,,,REVIEW (models disagree),https://tfkvthprsntexrcuqpyd.supabase.co/storage/v1/object/public/car-renders/finished/dacia/dacia-lodgy-2024-w7-v1/hero.jpg
lexus-ls-2018-w7-v1,lexus,LS,Lexus LS (Mk5)(XF50) F-Sport HQ interior 2018,saloon,saloon,,saloon,propose,https://tfkvthprsntexrcuqpyd.supabase.co/storage/v1/object/public/car-renders/finished/lexus/lexus-ls-2018-w7-v1/hero.jpg
tesla-model-y-2021-w7-v1,tesla,Model Y,2021 Tesla Model Y,suv,suv,,suv,propose,https://tfkvthprsntexrcuqpyd.supabase.co/storage/v1/object/public/car-renders/finished/tesla/tesla-model-y-2021-w7-v1/hero.jpg
skoda-fabia-w7-v1,skoda,Fabia,Skoda Fabia,hatchback,hatchback,,hatchback,propose,https://tfkvthprsntexrcuqpyd.supabase.co/storage/v1/object/public/car-renders/finished/skoda/skoda-fabia-w7-v1/hero.jpg
kia-picanto-2012-w7-v1,kia,Picanto,Kia Picanto 2012,hatchback,hatchback,,hatchback,propose,https://tfkvthprsntexrcuqpyd.supabase.co/storage/v1/object/public/car-renders/finished/kia/kia-picanto-2012-w7-v1/hero.jpg
opel-astra-1998-w7-v1,opel,Astra,1998 Opel Astra,saloon,saloon,,saloon,propose,https://tfkvthprsntexrcuqpyd.supabase.co/storage/v1/object/public/car-renders/finished/opel/opel-astra-1998-w7-v1/hero.jpg
kia-sportage-2018-w7-v1,kia,Sportage,2018 Kia Sportage,suv,suv,,suv,propose,https://tfkvthprsntexrcuqpyd.supabase.co/storage/v1/object/public/car-renders/finished/kia/kia-sportage-2018-w7-v1/hero.jpg
volvo-xc60-2023-w7-v1,volvo,XC60,2023 Volvo XC60,suv,suv,,suv,propose,https://tfkvthprsntexrcuqpyd.supabase.co/storage/v1/object/public/car-renders/finished/volvo/volvo-xc60-2023-w7-v1/hero.jpg
subaru-outback-2022-w7-v1,subaru,Outback,2022 Subaru Outback,estate,suv,,,REVIEW (models disagree),https://tfkvthprsntexrcuqpyd.supabase.co/storage/v1/object/public/car-renders/finished/subaru/subaru-outback-2022-w7-v1/hero.jpg
lexus-nx-2017-w7-v1,lexus,NX,Lexus NX (Mk1) F-sport HQ interior 2017,suv,suv,,suv,propose,https://tfkvthprsntexrcuqpyd.supabase.co/storage/v1/object/public/car-renders/finished/lexus/lexus-nx-2017-w7-v1/hero.jpg
renault-clio-2023-w7-v1,renault,Clio,2023 Renault Clio,hatchback,hatchback,,hatchback,propose,https://tfkvthprsntexrcuqpyd.supabase.co/storage/v1/object/public/car-renders/finished/renault/renault-clio-2023-w7-v1/hero.jpg
tesla-model-3-w7-v3,tesla,Model 3,Tesla Model 3,saloon,saloon,,saloon,propose,https://tfkvthprsntexrcuqpyd.supabase.co/storage/v1/object/public/car-renders/finished/tesla/tesla-model-3-w7-v3/hero.jpg
kia-niro-hybrid-2020-w7-v1,kia,Niro Hybrid,2020 Kia Niro Hybrid,suv,suv,,suv,propose,https://tfkvthprsntexrcuqpyd.supabase.co/storage/v1/object/public/car-renders/finished/kia/kia-niro-hybrid-2020-w7-v1/hero.jpg
renault-clio-2010-w7-v1,renault,Clio,Renault Clio 5door 2010,hatchback,hatchback,hatchback,hatchback,propose,https://tfkvthprsntexrcuqpyd.supabase.co/storage/v1/object/public/car-renders/finished/renault/renault-clio-2010-w7-v1/hero.jpg
land-rover-defender-2021-w7-v1,land-rover,Defender,Land Rover Defender Works V8 Trophy 2021,suv,suv,,suv,propose,https://tfkvthprsntexrcuqpyd.supabase.co/storage/v1/object/public/car-renders/finished/land-rover/land-rover-defender-2021-w7-v1/hero.jpg
mitsubishi-galant-w7-v1,mitsubishi,Galant,Mitsubishi Galant 8,saloon,saloon,,saloon,propose,https://tfkvthprsntexrcuqpyd.supabase.co/storage/v1/object/public/car-renders/finished/mitsubishi/mitsubishi-galant-w7-v1/hero.jpg
mini-cooper-w7-v1,mini,Cooper,Mini Cooper S,hatchback,hatchback,,hatchback,propose,https://tfkvthprsntexrcuqpyd.supabase.co/storage/v1/object/public/car-renders/finished/mini/mini-cooper-w7-v1/hero.jpg
ford-focus-2012-w7-v1,ford,Focus,Ford Focus Hatchback 2012,hatchback,hatchback,hatchback,hatchback,propose,https://tfkvthprsntexrcuqpyd.supabase.co/storage/v1/object/public/car-renders/finished/ford/ford-focus-2012-w7-v1/hero.jpg
skoda-fabia-2011-w7-v1,skoda,Fabia,Skoda Fabia Combi 2011,estate,estate,,estate,propose,https://tfkvthprsntexrcuqpyd.supabase.co/storage/v1/object/public/car-renders/finished/skoda/skoda-fabia-2011-w7-v1/hero.jpg
mercedes-benz-sprinter-w7-v1,mercedes-benz,Sprinter,Mercedes- Benz Sprinter Passenger Van L3H2,van,van,van,van,propose,https://tfkvthprsntexrcuqpyd.supabase.co/storage/v1/object/public/car-renders/finished/mercedes-benz/mercedes-benz-sprinter-w7-v1/hero.jpg
mini-cooper-s-2011-w7-v1,mini,Cooper S,Mini Cooper S hardtop 2011,hatchback,hatchback,,hatchback,propose,https://tfkvthprsntexrcuqpyd.supabase.co/storage/v1/object/public/car-renders/finished/mini/mini-cooper-s-2011-w7-v1/hero.jpg
peugeot-308-2012-w7-v2,peugeot,308,Peugeot 308 CC 2012,coupe,coupe,,coupe,propose,https://tfkvthprsntexrcuqpyd.supabase.co/storage/v1/object/public/car-renders/finished/peugeot/peugeot-308-2012-w7-v2/hero.jpg
land-rover-defender-w7-v1,land-rover,Defender,Land- Rover Defender 130 Double Cab Pick Up,pickup,pickup,pickup,pickup,propose,https://tfkvthprsntexrcuqpyd.supabase.co/storage/v1/object/public/car-renders/finished/land-rover/land-rover-defender-w7-v1/hero.jpg
hyundai-santa-fe-w7-v1,hyundai,Santa Fe,Hyundai Santa Fe,suv,suv,,suv,propose,https://tfkvthprsntexrcuqpyd.supabase.co/storage/v1/object/public/car-renders/finished/hyundai/hyundai-santa-fe-w7-v1/hero.jpg
jeep-wrangler-1997-w8-v1,jeep,Wrangler,Jeep wrangler 1997 Reworked,suv,suv,,suv,propose,https://tfkvthprsntexrcuqpyd.supabase.co/storage/v1/object/public/car-renders/finished/jeep/jeep-wrangler-1997-w8-v1/hero.jpg
renault-clio-w8-v1,renault,Clio,Renault Clio Williams,hatchback,hatchback,,hatchback,propose,https://tfkvthprsntexrcuqpyd.supabase.co/storage/v1/object/public/car-renders/finished/renault/renault-clio-w8-v1/hero.jpg
volkswagen-vw-beetle-w7-v1,volkswagen,VW Beetle,Volkswagen Beetle,coupe,coupe,,coupe,propose,https://tfkvthprsntexrcuqpyd.supabase.co/storage/v1/object/public/car-renders/finished/volkswagen/volkswagen-vw-beetle-w7-v1/hero.jpg
ford-ranger-w7-v1,ford,Ranger,Ford ranger raptor,pickup,pickup,,pickup,propose,https://tfkvthprsntexrcuqpyd.supabase.co/storage/v1/object/public/car-renders/finished/ford/ford-ranger-w7-v1/hero.jpg
volkswagen-fox-2004-vw1-v1,volkswagen,fox,2004 Volkswagen Fox,hatchback,hatchback,,hatchback,propose,https://tfkvthprsntexrcuqpyd.supabase.co/storage/v1/object/public/car-renders/finished/volkswagen/volkswagen-fox-2004-vw1-v1/hero.jpg
ford-focus-2006-w12-v1,ford,Focus,2006 Ford Focus ST,coupe,hatchback,,,REVIEW (models disagree),https://tfkvthprsntexrcuqpyd.supabase.co/storage/v1/object/public/car-renders/finished/ford/ford-focus-2006-w12-v1/hero.jpg
mercedes-benz-eqe-w8-v1,mercedes-benz,EQE,Mercedes Benz EQE AMG,coupe,hatchback,,,REVIEW (models disagree),https://tfkvthprsntexrcuqpyd.supabase.co/storage/v1/object/public/car-renders/finished/mercedes-benz/mercedes-benz-eqe-w8-v1/hero.jpg
volkswagen-sharan-vw1-v1,volkswagen,sharan,Volkswagen Sharan,mpv,mpv,,mpv,propose,https://tfkvthprsntexrcuqpyd.supabase.co/storage/v1/object/public/car-renders/finished/volkswagen/volkswagen-sharan-vw1-v1/hero.jpg
volkswagen-new-beetle-2006-vw2-v1,volkswagen,new beetle,2006 Volkswagen New Beetle,coupe,hatchback,,,REVIEW (models disagree),https://tfkvthprsntexrcuqpyd.supabase.co/storage/v1/object/public/car-renders/finished/volkswagen/volkswagen-new-beetle-2006-vw2-v1/hero.jpg
volkswagen-golf-2017-vw2-v1,volkswagen,golf,Volkswagen+ Golf+(2017)(3ds)(1),hatchback,hatchback,,hatchback,propose,https://tfkvthprsntexrcuqpyd.supabase.co/storage/v1/object/public/car-renders/finished/volkswagen/volkswagen-golf-2017-vw2-v1/hero.jpg
volkswagen-golf-gti-2025-vw2-v1,volkswagen,golf gti,2025 Volkswagen Golf Gti MK8.5,hatchback,hatchback,,hatchback,propose,https://tfkvthprsntexrcuqpyd.supabase.co/storage/v1/object/public/car-renders/finished/volkswagen/volkswagen-golf-gti-2025-vw2-v1/hero.jpg
volkswagen-golf-gti-vw2-v1,volkswagen,golf gti,VW Golf V GTI Grand Turismo 5,hatchback,hatchback,,hatchback,propose,https://tfkvthprsntexrcuqpyd.supabase.co/storage/v1/object/public/car-renders/finished/volkswagen/volkswagen-golf-gti-vw2-v1/hero.jpg
volkswagen-jetta-2010-vw2-v1,volkswagen,jetta,2010 Volkswagen Jetta (A5),saloon,saloon,,saloon,propose,https://tfkvthprsntexrcuqpyd.supabase.co/storage/v1/object/public/car-renders/finished/volkswagen/volkswagen-jetta-2010-vw2-v1/hero.jpg
volkswagen-golf-r-2019-vw2-v1,volkswagen,golf r,2019 Volkswagen Golf R,hatchback,hatchback,,hatchback,propose,https://tfkvthprsntexrcuqpyd.supabase.co/storage/v1/object/public/car-renders/finished/volkswagen/volkswagen-golf-r-2019-vw2-v1/hero.jpg
volkswagen-id-buzz-2021-vw2-v1,volkswagen,id buzz,Volkswagen ID Buzz 2021,mpv,van,,,REVIEW (models disagree),https://tfkvthprsntexrcuqpyd.supabase.co/storage/v1/object/public/car-renders/finished/volkswagen/volkswagen-id-buzz-2021-vw2-v1/hero.jpg
volkswagen-golf-gti-2021-vw2-v1,volkswagen,golf gti,Volkswagen Golf GTI 2021,hatchback,hatchback,,hatchback,propose,https://tfkvthprsntexrcuqpyd.supabase.co/storage/v1/object/public/car-renders/finished/volkswagen/volkswagen-golf-gti-2021-vw2-v1/hero.jpg
volkswagen-jetta-2019-vw2-v1,volkswagen,jetta,2019 Volkswagen Jetta,saloon,saloon,,saloon,propose,https://tfkvthprsntexrcuqpyd.supabase.co/storage/v1/object/public/car-renders/finished/volkswagen/volkswagen-jetta-2019-vw2-v1/hero.jpg
volkswagen-scirocco-r-2015-vw2-v1,volkswagen,scirocco r,2015 Volkswagen Scirocco R,hatchback,hatchback,,hatchback,propose,https://tfkvthprsntexrcuqpyd.supabase.co/storage/v1/object/public/car-renders/finished/volkswagen/volkswagen-scirocco-r-2015-vw2-v1/hero.jpg
volkswagen-polo-gti-2011-vw2-v1,volkswagen,polo gti,2011 Volkswagen Polo GTI,hatchback,hatchback,,hatchback,propose,https://tfkvthprsntexrcuqpyd.supabase.co/storage/v1/object/public/car-renders/finished/volkswagen/volkswagen-polo-gti-2011-vw2-v1/hero.jpg
volkswagen-polo-gti-2023-vw2-v1,volkswagen,polo gti,2023 Volkswagen Polo GTI,hatchback,hatchback,,hatchback,propose,https://tfkvthprsntexrcuqpyd.supabase.co/storage/v1/object/public/car-renders/finished/volkswagen/volkswagen-polo-gti-2023-vw2-v1/hero.jpg
volkswagen-t-cross-vw2-v1,volkswagen,t-cross,Volkswagen Taigun,suv,suv,,suv,propose,https://tfkvthprsntexrcuqpyd.supabase.co/storage/v1/object/public/car-renders/finished/volkswagen/volkswagen-t-cross-vw2-v1/hero.jpg
volkswagen-tiguan-2020-vw2-v1,volkswagen,tiguan,Volkswagen Tiguan 2020,suv,suv,,suv,propose,https://tfkvthprsntexrcuqpyd.supabase.co/storage/v1/object/public/car-renders/finished/volkswagen/volkswagen-tiguan-2020-vw2-v1/hero.jpg
land-rover-range-rover-sport-2015-rr1-v1,land-rover,range rover sport,2015_sport_svr,suv,suv,,suv,propose,https://tfkvthprsntexrcuqpyd.supabase.co/storage/v1/object/public/car-renders/finished/land-rover/land-rover-range-rover-sport-2015-rr1-v1/hero.jpg
volkswagen-transporter-2003-vw2-v1,volkswagen,transporter,Volkswagen Transporter MK5 T5 2003-2015,van,van,,van,propose,https://tfkvthprsntexrcuqpyd.supabase.co/storage/v1/object/public/car-renders/finished/volkswagen/volkswagen-transporter-2003-vw2-v1/hero.jpg
land-rover-range-rover-sport-2018-rr1-v1,land-rover,range rover sport,2018_sport,suv,suv,,suv,propose,https://tfkvthprsntexrcuqpyd.supabase.co/storage/v1/object/public/car-renders/finished/land-rover/land-rover-range-rover-sport-2018-rr1-v1/hero.jpg
seat-toledo-2004-st1-v1,seat,toledo,,hatchback,hatchback,,hatchback,propose,https://tfkvthprsntexrcuqpyd.supabase.co/storage/v1/object/public/car-renders/finished/seat/seat-toledo-2004-st1-v1/hero.jpg
land-rover-range-rover-sport-2023-rr1-v1,land-rover,range rover sport,2023_sport,suv,suv,,suv,propose,https://tfkvthprsntexrcuqpyd.supabase.co/storage/v1/object/public/car-renders/finished/land-rover/land-rover-range-rover-sport-2023-rr1-v1/hero.jpg
bmw-isetta-1956-bm3-v1,bmw,isetta,,convertible,convertible,,convertible,propose,https://tfkvthprsntexrcuqpyd.supabase.co/storage/v1/object/public/car-renders/finished/bmw/bmw-isetta-1956-bm3-v1/hero.jpg
fiat-500-2010-fw1-v1,fiat,500,,hatchback,hatchback,,hatchback,propose,https://tfkvthprsntexrcuqpyd.supabase.co/storage/v1/object/public/car-renders/finished/fiat/fiat-500-2010-fw1-v1/hero.jpg
fiat-124-1966-fw1-v1,fiat,124,,saloon,saloon,,saloon,propose,https://tfkvthprsntexrcuqpyd.supabase.co/storage/v1/object/public/car-renders/finished/fiat/fiat-124-1966-fw1-v1/hero.jpg
fiat-124-1972-fw1-v1,fiat,124,,saloon,saloon,,saloon,propose,https://tfkvthprsntexrcuqpyd.supabase.co/storage/v1/object/public/car-renders/finished/fiat/fiat-124-1972-fw1-v1/hero.jpg
fiat-125-1970-fw1-v1,fiat,125,,saloon,saloon,,saloon,propose,https://tfkvthprsntexrcuqpyd.supabase.co/storage/v1/object/public/car-renders/finished/fiat/fiat-125-1970-fw1-v1/hero.jpg
fiat-126-fw1-v1,fiat,126,,hatchback,hatchback,,hatchback,propose,https://tfkvthprsntexrcuqpyd.supabase.co/storage/v1/object/public/car-renders/finished/fiat/fiat-126-fw1-v1/hero.jpg
fiat-132-fw1-v1,fiat,132,,saloon,saloon,,saloon,propose,https://tfkvthprsntexrcuqpyd.supabase.co/storage/v1/object/public/car-renders/finished/fiat/fiat-132-fw1-v1/hero.jpg
fiat-133-fw1-v1,fiat,133,,hatchback,hatchback,,hatchback,propose,https://tfkvthprsntexrcuqpyd.supabase.co/storage/v1/object/public/car-renders/finished/fiat/fiat-133-fw1-v1/hero.jpg
fiat-2300-1961-fw1-v1,fiat,2300,,coupe,coupe,,coupe,propose,https://tfkvthprsntexrcuqpyd.supabase.co/storage/v1/object/public/car-renders/finished/fiat/fiat-2300-1961-fw1-v1/hero.jpg
fiat-500-fw1-v1,fiat,500,,convertible,coupe,,,REVIEW (models disagree),https://tfkvthprsntexrcuqpyd.supabase.co/storage/v1/object/public/car-renders/finished/fiat/fiat-500-fw1-v1/hero.jpg
fiat-500-1970-fw1-v1,fiat,500,,hatchback,hatchback,,hatchback,propose,https://tfkvthprsntexrcuqpyd.supabase.co/storage/v1/object/public/car-renders/finished/fiat/fiat-500-1970-fw1-v1/hero.jpg
fiat-600-1967-fw1-v1,fiat,600,,van,van,,van,propose,https://tfkvthprsntexrcuqpyd.supabase.co/storage/v1/object/public/car-renders/finished/fiat/fiat-600-1967-fw1-v1/hero.jpg
fiat-600-1960-fw1-v1,fiat,600,,coupe,coupe,,coupe,propose,https://tfkvthprsntexrcuqpyd.supabase.co/storage/v1/object/public/car-renders/finished/fiat/fiat-600-1960-fw1-v1/hero.jpg
fiat-500-fw1-v2,fiat,500,,hatchback,hatchback,,hatchback,propose,https://tfkvthprsntexrcuqpyd.supabase.co/storage/v1/object/public/car-renders/finished/fiat/fiat-500-fw1-v2/hero.jpg
fiat-850-fw1-v1,fiat,850,,coupe,coupe,,coupe,propose,https://tfkvthprsntexrcuqpyd.supabase.co/storage/v1/object/public/car-renders/finished/fiat/fiat-850-fw1-v1/hero.jpg
fiat-linea-fw1-v1,fiat,linea,,saloon,saloon,,saloon,propose,https://tfkvthprsntexrcuqpyd.supabase.co/storage/v1/object/public/car-renders/finished/fiat/fiat-linea-fw1-v1/hero.jpg
fiat-barchetta-1995-fw1-v1,fiat,barchetta,,convertible,convertible,,convertible,propose,https://tfkvthprsntexrcuqpyd.supabase.co/storage/v1/object/public/car-renders/finished/fiat/fiat-barchetta-1995-fw1-v1/hero.jpg
fiat-850-spider-fw1-v1,fiat,850 spider,,convertible,convertible,,convertible,propose,https://tfkvthprsntexrcuqpyd.supabase.co/storage/v1/object/public/car-renders/finished/fiat/fiat-850-spider-fw1-v1/hero.jpg
fiat-linea-fw1-v2,fiat,linea,,saloon,saloon,,saloon,propose,https://tfkvthprsntexrcuqpyd.supabase.co/storage/v1/object/public/car-renders/finished/fiat/fiat-linea-fw1-v2/hero.jpg
fiat-regata-1984-fw1-v1,fiat,regata,,estate,estate,,estate,propose,https://tfkvthprsntexrcuqpyd.supabase.co/storage/v1/object/public/car-renders/finished/fiat/fiat-regata-1984-fw1-v1/hero.jpg
fiat-punto-fw1-v1,fiat,punto,,hatchback,hatchback,,hatchback,propose,https://tfkvthprsntexrcuqpyd.supabase.co/storage/v1/object/public/car-renders/finished/fiat/fiat-punto-fw1-v1/hero.jpg
fiat-panda-fw1-v2,fiat,panda,,hatchback,hatchback,,hatchback,propose,https://tfkvthprsntexrcuqpyd.supabase.co/storage/v1/object/public/car-renders/finished/fiat/fiat-panda-fw1-v2/hero.jpg
fiat-punto-2009-fw1-v1,fiat,punto,,hatchback,hatchback,,hatchback,propose,https://tfkvthprsntexrcuqpyd.supabase.co/storage/v1/object/public/car-renders/finished/fiat/fiat-punto-2009-fw1-v1/hero.jpg
fiat-tempra-1990-fw1-v1,fiat,tempra,,saloon,saloon,,saloon,propose,https://tfkvthprsntexrcuqpyd.supabase.co/storage/v1/object/public/car-renders/finished/fiat/fiat-tempra-1990-fw1-v1/hero.jpg
fiat-850-spring-1968-fw1-v1,fiat,850 spring,,convertible,convertible,,convertible,propose,https://tfkvthprsntexrcuqpyd.supabase.co/storage/v1/object/public/car-renders/finished/fiat/fiat-850-spring-1968-fw1-v1/hero.jpg
fiat-tipo-fw1-v1,fiat,tipo,,saloon,saloon,,saloon,propose,https://tfkvthprsntexrcuqpyd.supabase.co/storage/v1/object/public/car-renders/finished/fiat/fiat-tipo-fw1-v1/hero.jpg
fiat-toro-fw1-v1,fiat,toro,,pickup,pickup,,pickup,propose,https://tfkvthprsntexrcuqpyd.supabase.co/storage/v1/object/public/car-renders/finished/fiat/fiat-toro-fw1-v1/hero.jpg
fiat-147-fw1-v2,fiat,147,,hatchback,hatchback,,hatchback,propose,https://tfkvthprsntexrcuqpyd.supabase.co/storage/v1/object/public/car-renders/finished/fiat/fiat-147-fw1-v2/hero.jpg
fiat-x1-9-fw1-v1,fiat,x1/9,,coupe,convertible,,,REVIEW (models disagree),https://tfkvthprsntexrcuqpyd.supabase.co/storage/v1/object/public/car-renders/finished/fiat/fiat-x1-9-fw1-v1/hero.jpg
fiat-ducato-fw1-v1,fiat,ducato,,van,van,,van,propose,https://tfkvthprsntexrcuqpyd.supabase.co/storage/v1/object/public/car-renders/finished/fiat/fiat-ducato-fw1-v1/hero.jpg
ford-gt40-1964-fow1-v1,ford,gt40,,coupe,coupe,,coupe,propose,https://tfkvthprsntexrcuqpyd.supabase.co/storage/v1/object/public/car-renders/finished/ford/ford-gt40-1964-fow1-v1/hero.jpg
ford-consul-capri-fow1-v1,ford,consul capri,,coupe,coupe,,coupe,propose,https://tfkvthprsntexrcuqpyd.supabase.co/storage/v1/object/public/car-renders/finished/ford/ford-consul-capri-fow1-v1/hero.jpg
ford-transit-courier-2025-fow1-v1,ford,transit courier,,van,van,,van,propose,https://tfkvthprsntexrcuqpyd.supabase.co/storage/v1/object/public/car-renders/finished/ford/ford-transit-courier-2025-fow1-v1/hero.jpg
renault-estafette-rew1-v1,renault,estafette,,pickup,pickup,,pickup,propose,https://tfkvthprsntexrcuqpyd.supabase.co/storage/v1/object/public/car-renders/finished/renault/renault-estafette-rew1-v1/hero.jpg
ford-focus-2016-fow1-v1,ford,focus,,hatchback,hatchback,,hatchback,propose,https://tfkvthprsntexrcuqpyd.supabase.co/storage/v1/object/public/car-renders/finished/ford/ford-focus-2016-fow1-v1/hero.jpg
renault-8-gordini-rew1-v1,renault,8 gordini,,saloon,saloon,,saloon,propose,https://tfkvthprsntexrcuqpyd.supabase.co/storage/v1/object/public/car-renders/finished/renault/renault-8-gordini-rew1-v1/hero.jpg
land-rover-range-rover-law1-v1,land-rover,range rover,,suv,suv,,suv,propose,https://tfkvthprsntexrcuqpyd.supabase.co/storage/v1/object/public/car-renders/finished/land-rover/land-rover-range-rover-law1-v1/hero.jpg
land-rover-range-rover-law1-v2,land-rover,range rover,,suv,suv,,suv,propose,https://tfkvthprsntexrcuqpyd.supabase.co/storage/v1/object/public/car-renders/finished/land-rover/land-rover-range-rover-law1-v2/hero.jpg
land-rover-discovery-2022-law1-v1,land-rover,discovery,,suv,suv,,suv,propose,https://tfkvthprsntexrcuqpyd.supabase.co/storage/v1/object/public/car-renders/finished/land-rover/land-rover-discovery-2022-law1-v1/hero.jpg
land-rover-range-rover-sport-2023-law1-v1,land-rover,range rover sport,,suv,suv,,suv,propose,https://tfkvthprsntexrcuqpyd.supabase.co/storage/v1/object/public/car-renders/finished/land-rover/land-rover-range-rover-sport-2023-law1-v1/hero.jpg
land-rover-range-rover-sport-2023-law1-v2,land-rover,range rover sport,,suv,suv,,suv,propose,https://tfkvthprsntexrcuqpyd.supabase.co/storage/v1/object/public/car-renders/finished/land-rover/land-rover-range-rover-sport-2023-law1-v2/hero.jpg
land-rover-range-rover-2022-law1-v1,land-rover,range rover,,suv,suv,,suv,propose,https://tfkvthprsntexrcuqpyd.supabase.co/storage/v1/object/public/car-renders/finished/land-rover/land-rover-range-rover-2022-law1-v1/hero.jpg
land-rover-range-rover-2008-law1-v1,land-rover,range rover,,suv,suv,,suv,propose,https://tfkvthprsntexrcuqpyd.supabase.co/storage/v1/object/public/car-renders/finished/land-rover/land-rover-range-rover-2008-law1-v1/hero.jpg
renault-scenic-1998-rew1-v1,renault,scenic,,mpv,mpv,,mpv,propose,https://tfkvthprsntexrcuqpyd.supabase.co/storage/v1/object/public/car-renders/finished/renault/renault-scenic-1998-rew1-v1/hero.jpg
land-rover-discovery-2018-law1-v1,land-rover,discovery,,suv,suv,,suv,propose,https://tfkvthprsntexrcuqpyd.supabase.co/storage/v1/object/public/car-renders/finished/land-rover/land-rover-discovery-2018-law1-v1/hero.jpg
nissan-gt-r-nw1-v1,nissan,gt-r,,coupe,coupe,,coupe,propose,https://tfkvthprsntexrcuqpyd.supabase.co/storage/v1/object/public/car-renders/finished/nissan/nissan-gt-r-nw1-v1/hero.jpg
land-rover-range-rover-evoque-2016-law1-v1,land-rover,range rover evoque,,suv,suv,,suv,propose,https://tfkvthprsntexrcuqpyd.supabase.co/storage/v1/object/public/car-renders/finished/land-rover/land-rover-range-rover-evoque-2016-law1-v1/hero.jpg
nissan-skyline-1977-nw1-v1,nissan,skyline,,coupe,coupe,,coupe,propose,https://tfkvthprsntexrcuqpyd.supabase.co/storage/v1/object/public/car-renders/finished/nissan/nissan-skyline-1977-nw1-v1/hero.jpg
nissan-gt-r50-nw1-v1,nissan,gt-r50,,coupe,coupe,,coupe,propose,https://tfkvthprsntexrcuqpyd.supabase.co/storage/v1/object/public/car-renders/finished/nissan/nissan-gt-r50-nw1-v1/hero.jpg
nissan-gt-r-2002-nw1-v1,nissan,gt-r,,coupe,coupe,,coupe,propose,https://tfkvthprsntexrcuqpyd.supabase.co/storage/v1/object/public/car-renders/finished/nissan/nissan-gt-r-2002-nw1-v1/hero.jpg
nissan-fairlady-z-1978-nw1-v1,nissan,fairlady-z,,coupe,coupe,,coupe,propose,https://tfkvthprsntexrcuqpyd.supabase.co/storage/v1/object/public/car-renders/finished/nissan/nissan-fairlady-z-1978-nw1-v1/hero.jpg
nissan-gt-r-2018-nw1-v1,nissan,gt-r,,coupe,coupe,,coupe,propose,https://tfkvthprsntexrcuqpyd.supabase.co/storage/v1/object/public/car-renders/finished/nissan/nissan-gt-r-2018-nw1-v1/hero.jpg
nissan-gt-r-1999-nw1-v1,nissan,gt-r,,coupe,coupe,,coupe,propose,https://tfkvthprsntexrcuqpyd.supabase.co/storage/v1/object/public/car-renders/finished/nissan/nissan-gt-r-1999-nw1-v1/hero.jpg
nissan-stagea-2002-nw1-v1,nissan,stagea,,estate,estate,,estate,propose,https://tfkvthprsntexrcuqpyd.supabase.co/storage/v1/object/public/car-renders/finished/nissan/nissan-stagea-2002-nw1-v1/hero.jpg
nissan-370z-2020-nw1-v1,nissan,370z,,coupe,coupe,,coupe,propose,https://tfkvthprsntexrcuqpyd.supabase.co/storage/v1/object/public/car-renders/finished/nissan/nissan-370z-2020-nw1-v1/hero.jpg
nissan-gt-r-nismo-2024-nw1-v1,nissan,gt-r-nismo,,coupe,coupe,,coupe,propose,https://tfkvthprsntexrcuqpyd.supabase.co/storage/v1/object/public/car-renders/finished/nissan/nissan-gt-r-nismo-2024-nw1-v1/hero.jpg
nissan-skyline-1964-nw1-v1,nissan,skyline,,saloon,saloon,,saloon,propose,https://tfkvthprsntexrcuqpyd.supabase.co/storage/v1/object/public/car-renders/finished/nissan/nissan-skyline-1964-nw1-v1/hero.jpg
nissan-gt-r-nw1-v2,nissan,gt-r,,coupe,coupe,,coupe,propose,https://tfkvthprsntexrcuqpyd.supabase.co/storage/v1/object/public/car-renders/finished/nissan/nissan-gt-r-nw1-v2/hero.jpg
nissan-cube-nw1-v1,nissan,cube,,mpv,hatchback,,,REVIEW (models disagree),https://tfkvthprsntexrcuqpyd.supabase.co/storage/v1/object/public/car-renders/finished/nissan/nissan-cube-nw1-v1/hero.jpg
nissan-silvia-nw1-v1,nissan,silvia,,coupe,coupe,,coupe,propose,https://tfkvthprsntexrcuqpyd.supabase.co/storage/v1/object/public/car-renders/finished/nissan/nissan-silvia-nw1-v1/hero.jpg
nissan-tiida-2017-nw1-v1,nissan,tiida,,hatchback,hatchback,,hatchback,propose,https://tfkvthprsntexrcuqpyd.supabase.co/storage/v1/object/public/car-renders/finished/nissan/nissan-tiida-2017-nw1-v1/hero.jpg
nissan-gt-r-2017-nw1-v1,nissan,gt-r,,coupe,coupe,,coupe,propose,https://tfkvthprsntexrcuqpyd.supabase.co/storage/v1/object/public/car-renders/finished/nissan/nissan-gt-r-2017-nw1-v1/hero.jpg
nissan-terrano-1993-nw1-v1,nissan,terrano,,suv,suv,,suv,propose,https://tfkvthprsntexrcuqpyd.supabase.co/storage/v1/object/public/car-renders/finished/nissan/nissan-terrano-1993-nw1-v1/hero.jpg
nissan-president-1965-nw1-v1,nissan,president,,saloon,saloon,,saloon,propose,https://tfkvthprsntexrcuqpyd.supabase.co/storage/v1/object/public/car-renders/finished/nissan/nissan-president-1965-nw1-v1/hero.jpg
nissan-president-1998-nw1-v1,nissan,president,,saloon,saloon,,saloon,propose,https://tfkvthprsntexrcuqpyd.supabase.co/storage/v1/object/public/car-renders/finished/nissan/nissan-president-1998-nw1-v1/hero.jpg
nissan-gt-r-2017-nw1-v2,nissan,gt-r,,coupe,coupe,,coupe,propose,https://tfkvthprsntexrcuqpyd.supabase.co/storage/v1/object/public/car-renders/finished/nissan/nissan-gt-r-2017-nw1-v2/hero.jpg
nissan-primera-1990-nw1-v1,nissan,primera,,saloon,saloon,,saloon,propose,https://tfkvthprsntexrcuqpyd.supabase.co/storage/v1/object/public/car-renders/finished/nissan/nissan-primera-1990-nw1-v1/hero.jpg
nissan-murano-2015-nw1-v1,nissan,murano,,suv,suv,,suv,propose,https://tfkvthprsntexrcuqpyd.supabase.co/storage/v1/object/public/car-renders/finished/nissan/nissan-murano-2015-nw1-v1/hero.jpg
nissan-gt-r-nw1-v4,nissan,gt-r,,coupe,coupe,,coupe,propose,https://tfkvthprsntexrcuqpyd.supabase.co/storage/v1/object/public/car-renders/finished/nissan/nissan-gt-r-nw1-v4/hero.jpg
nissan-gt-r-nw1-v3,nissan,gt-r,,coupe,coupe,,coupe,propose,https://tfkvthprsntexrcuqpyd.supabase.co/storage/v1/object/public/car-renders/finished/nissan/nissan-gt-r-nw1-v3/hero.jpg
nissan-altima-2023-nw1-v1,nissan,altima,,saloon,saloon,,saloon,propose,https://tfkvthprsntexrcuqpyd.supabase.co/storage/v1/object/public/car-renders/finished/nissan/nissan-altima-2023-nw1-v1/hero.jpg
nissan-cefiro-nw1-v1,nissan,cefiro,,saloon,saloon,,saloon,propose,https://tfkvthprsntexrcuqpyd.supabase.co/storage/v1/object/public/car-renders/finished/nissan/nissan-cefiro-nw1-v1/hero.jpg
nissan-sylphy-2018-nw1-v1,nissan,sylphy,,saloon,saloon,,saloon,propose,https://tfkvthprsntexrcuqpyd.supabase.co/storage/v1/object/public/car-renders/finished/nissan/nissan-sylphy-2018-nw1-v1/hero.jpg
nissan-gt-r-nw1-v5,nissan,gt-r,,coupe,coupe,,coupe,propose,https://tfkvthprsntexrcuqpyd.supabase.co/storage/v1/object/public/car-renders/finished/nissan/nissan-gt-r-nw1-v5/hero.jpg
nissan-gt-r-2023-nw1-v1,nissan,gt-r,,coupe,coupe,,coupe,propose,https://tfkvthprsntexrcuqpyd.supabase.co/storage/v1/object/public/car-renders/finished/nissan/nissan-gt-r-2023-nw1-v1/hero.jpg
nissan-gt-r-nw1-v6,nissan,gt-r,,coupe,coupe,,coupe,propose,https://tfkvthprsntexrcuqpyd.supabase.co/storage/v1/object/public/car-renders/finished/nissan/nissan-gt-r-nw1-v6/hero.jpg
nissan-gt-r-2005-nw1-v1,nissan,gt-r,,coupe,coupe,,coupe,propose,https://tfkvthprsntexrcuqpyd.supabase.co/storage/v1/object/public/car-renders/finished/nissan/nissan-gt-r-2005-nw1-v1/hero.jpg
nissan-elgrand-2006-nw1-v1,nissan,elgrand,,van,van,,van,propose,https://tfkvthprsntexrcuqpyd.supabase.co/storage/v1/object/public/car-renders/finished/nissan/nissan-elgrand-2006-nw1-v1/hero.jpg
nissan-president-2003-nw1-v1,nissan,president,,saloon,saloon,,saloon,propose,https://tfkvthprsntexrcuqpyd.supabase.co/storage/v1/object/public/car-renders/finished/nissan/nissan-president-2003-nw1-v1/hero.jpg
nissan-gt-r-nw1-v7,nissan,gt-r,,coupe,coupe,,coupe,propose,https://tfkvthprsntexrcuqpyd.supabase.co/storage/v1/object/public/car-renders/finished/nissan/nissan-gt-r-nw1-v7/hero.jpg
nissan-titan-2024-nw1-v1,nissan,titan,,pickup,pickup,,pickup,propose,https://tfkvthprsntexrcuqpyd.supabase.co/storage/v1/object/public/car-renders/finished/nissan/nissan-titan-2024-nw1-v1/hero.jpg
nissan-gt-r-2021-nw1-v1,nissan,gt-r,,coupe,coupe,,coupe,propose,https://tfkvthprsntexrcuqpyd.supabase.co/storage/v1/object/public/car-renders/finished/nissan/nissan-gt-r-2021-nw1-v1/hero.jpg
nissan-micra-1982-nw1-v1,nissan,micra,,hatchback,hatchback,,hatchback,propose,https://tfkvthprsntexrcuqpyd.supabase.co/storage/v1/object/public/car-renders/finished/nissan/nissan-micra-1982-nw1-v1/hero.jpg
nissan-sentra-nw1-v1,nissan,sentra,,saloon,saloon,,saloon,propose,https://tfkvthprsntexrcuqpyd.supabase.co/storage/v1/object/public/car-renders/finished/nissan/nissan-sentra-nw1-v1/hero.jpg
nissan-pathfinder-nw1-v1,nissan,pathfinder,,suv,suv,,suv,propose,https://tfkvthprsntexrcuqpyd.supabase.co/storage/v1/object/public/car-renders/finished/nissan/nissan-pathfinder-nw1-v1/hero.jpg
nissan-370z-2018-nw1-v1,nissan,370z,,coupe,coupe,,coupe,propose,https://tfkvthprsntexrcuqpyd.supabase.co/storage/v1/object/public/car-renders/finished/nissan/nissan-370z-2018-nw1-v1/hero.jpg
nissan-gt-r-nismo-2017-nw1-v1,nissan,gt-r-nismo,,coupe,coupe,,coupe,propose,https://tfkvthprsntexrcuqpyd.supabase.co/storage/v1/object/public/car-renders/finished/nissan/nissan-gt-r-nismo-2017-nw1-v1/hero.jpg
nissan-cefiro-nw1-v2,nissan,cefiro,,saloon,saloon,,saloon,propose,https://tfkvthprsntexrcuqpyd.supabase.co/storage/v1/object/public/car-renders/finished/nissan/nissan-cefiro-nw1-v2/hero.jpg
nissan-300zx-nw1-v1,nissan,300zx,,coupe,coupe,,coupe,propose,https://tfkvthprsntexrcuqpyd.supabase.co/storage/v1/object/public/car-renders/finished/nissan/nissan-300zx-nw1-v1/hero.jpg
nissan-altima-2024-nw1-v1,nissan,altima,,saloon,saloon,,saloon,propose,https://tfkvthprsntexrcuqpyd.supabase.co/storage/v1/object/public/car-renders/finished/nissan/nissan-altima-2024-nw1-v1/hero.jpg
nissan-sylphy-2024-nw1-v1,nissan,sylphy,,saloon,saloon,,saloon,propose,https://tfkvthprsntexrcuqpyd.supabase.co/storage/v1/object/public/car-renders/finished/nissan/nissan-sylphy-2024-nw1-v1/hero.jpg
nissan-patrol-1987-nw1-v1,nissan,patrol,,suv,suv,,suv,propose,https://tfkvthprsntexrcuqpyd.supabase.co/storage/v1/object/public/car-renders/finished/nissan/nissan-patrol-1987-nw1-v1/hero.jpg
nissan-pathfinder-2024-nw1-v1,nissan,pathfinder,,suv,suv,,suv,propose,https://tfkvthprsntexrcuqpyd.supabase.co/storage/v1/object/public/car-renders/finished/nissan/nissan-pathfinder-2024-nw1-v1/hero.jpg
nissan-cefiro-nw1-v3,nissan,cefiro,,saloon,saloon,,saloon,propose,https://tfkvthprsntexrcuqpyd.supabase.co/storage/v1/object/public/car-renders/finished/nissan/nissan-cefiro-nw1-v3/hero.jpg
nissan-sentra-2021-nw1-v1,nissan,sentra,,saloon,saloon,,saloon,propose,https://tfkvthprsntexrcuqpyd.supabase.co/storage/v1/object/public/car-renders/finished/nissan/nissan-sentra-2021-nw1-v1/hero.jpg
nissan-kicks-2021-nw1-v1,nissan,kicks,,suv,suv,,suv,propose,https://tfkvthprsntexrcuqpyd.supabase.co/storage/v1/object/public/car-renders/finished/nissan/nissan-kicks-2021-nw1-v1/hero.jpg
nissan-silvia-1990-nw1-v1,nissan,silvia,,coupe,coupe,,coupe,propose,https://tfkvthprsntexrcuqpyd.supabase.co/storage/v1/object/public/car-renders/finished/nissan/nissan-silvia-1990-nw1-v1/hero.jpg
nissan-gt-r-nw1-v9,nissan,gt-r,,coupe,coupe,,coupe,propose,https://tfkvthprsntexrcuqpyd.supabase.co/storage/v1/object/public/car-renders/finished/nissan/nissan-gt-r-nw1-v9/hero.jpg
nissan-gt-r-nismo-nw1-v1,nissan,gt-r-nismo,,coupe,coupe,,coupe,propose,https://tfkvthprsntexrcuqpyd.supabase.co/storage/v1/object/public/car-renders/finished/nissan/nissan-gt-r-nismo-nw1-v1/hero.jpg
nissan-gt-r-nw1-v8,nissan,gt-r,,coupe,coupe,,coupe,propose,https://tfkvthprsntexrcuqpyd.supabase.co/storage/v1/object/public/car-renders/finished/nissan/nissan-gt-r-nw1-v8/hero.jpg
nissan-kicks-2019-nw1-v1,nissan,kicks,,suv,suv,,suv,propose,https://tfkvthprsntexrcuqpyd.supabase.co/storage/v1/object/public/car-renders/finished/nissan/nissan-kicks-2019-nw1-v1/hero.jpg
nissan-juke-nw1-v1,nissan,juke,,suv,suv,,suv,propose,https://tfkvthprsntexrcuqpyd.supabase.co/storage/v1/object/public/car-renders/finished/nissan/nissan-juke-nw1-v1/hero.jpg
nissan-gt-r-nw1-v10,nissan,gt-r,,coupe,coupe,,coupe,propose,https://tfkvthprsntexrcuqpyd.supabase.co/storage/v1/object/public/car-renders/finished/nissan/nissan-gt-r-nw1-v10/hero.jpg
nissan-skyline-nw1-v2,nissan,skyline,,coupe,coupe,,coupe,propose,https://tfkvthprsntexrcuqpyd.supabase.co/storage/v1/object/public/car-renders/finished/nissan/nissan-skyline-nw1-v2/hero.jpg
nissan-sentra-2021-nw1-v2,nissan,sentra,,saloon,saloon,,saloon,propose,https://tfkvthprsntexrcuqpyd.supabase.co/storage/v1/object/public/car-renders/finished/nissan/nissan-sentra-2021-nw1-v2/hero.jpg
nissan-silvia-1999-nw1-v1,nissan,silvia,,coupe,coupe,,coupe,propose,https://tfkvthprsntexrcuqpyd.supabase.co/storage/v1/object/public/car-renders/finished/nissan/nissan-silvia-1999-nw1-v1/hero.jpg
nissan-gt-r50-2021-nw1-v1,nissan,gt-r50,,coupe,coupe,,coupe,propose,https://tfkvthprsntexrcuqpyd.supabase.co/storage/v1/object/public/car-renders/finished/nissan/nissan-gt-r50-2021-nw1-v1/hero.jpg
nissan-gt-r-1989-nw1-v1,nissan,gt-r,,coupe,coupe,,coupe,propose,https://tfkvthprsntexrcuqpyd.supabase.co/storage/v1/object/public/car-renders/finished/nissan/nissan-gt-r-1989-nw1-v1/hero.jpg
nissan-gt-r-2002-nw1-v2,nissan,gt-r,,coupe,coupe,,coupe,propose,https://tfkvthprsntexrcuqpyd.supabase.co/storage/v1/object/public/car-renders/finished/nissan/nissan-gt-r-2002-nw1-v2/hero.jpg
nissan-370z-nw1-v1,nissan,370z,,coupe,coupe,,coupe,propose,https://tfkvthprsntexrcuqpyd.supabase.co/storage/v1/object/public/car-renders/finished/nissan/nissan-370z-nw1-v1/hero.jpg
nissan-datsun-nw1-v1,nissan,datsun,,pickup,pickup,,pickup,propose,https://tfkvthprsntexrcuqpyd.supabase.co/storage/v1/object/public/car-renders/finished/nissan/nissan-datsun-nw1-v1/hero.jpg
nissan-gt-r-1997-nw1-v1,nissan,gt-r,,coupe,coupe,,coupe,propose,https://tfkvthprsntexrcuqpyd.supabase.co/storage/v1/object/public/car-renders/finished/nissan/nissan-gt-r-1997-nw1-v1/hero.jpg
nissan-altima-2019-nw1-v1,nissan,altima,,saloon,saloon,,saloon,propose,https://tfkvthprsntexrcuqpyd.supabase.co/storage/v1/object/public/car-renders/finished/nissan/nissan-altima-2019-nw1-v1/hero.jpg
nissan-patrol-safari-nw1-v1,nissan,patrol-safari,,suv,suv,,suv,propose,https://tfkvthprsntexrcuqpyd.supabase.co/storage/v1/object/public/car-renders/finished/nissan/nissan-patrol-safari-nw1-v1/hero.jpg
nissan-juke-2015-nw1-v1,nissan,juke,,hatchback,suv,,,REVIEW (models disagree),https://tfkvthprsntexrcuqpyd.supabase.co/storage/v1/object/public/car-renders/finished/nissan/nissan-juke-2015-nw1-v1/hero.jpg
nissan-sentra-2018-nw1-v1,nissan,sentra,,saloon,saloon,,saloon,propose,https://tfkvthprsntexrcuqpyd.supabase.co/storage/v1/object/public/car-renders/finished/nissan/nissan-sentra-2018-nw1-v1/hero.jpg
nissan-cube-2010-nw1-v1,nissan,cube,,mpv,hatchback,,,REVIEW (models disagree),https://tfkvthprsntexrcuqpyd.supabase.co/storage/v1/object/public/car-renders/finished/nissan/nissan-cube-2010-nw1-v1/hero.jpg
nissan-gt-r-1989-nw1-v2,nissan,gt-r,,coupe,coupe,,coupe,propose,https://tfkvthprsntexrcuqpyd.supabase.co/storage/v1/object/public/car-renders/finished/nissan/nissan-gt-r-1989-nw1-v2/hero.jpg
nissan-micra-nw1-v1,nissan,micra,,hatchback,hatchback,,hatchback,propose,https://tfkvthprsntexrcuqpyd.supabase.co/storage/v1/object/public/car-renders/finished/nissan/nissan-micra-nw1-v1/hero.jpg
nissan-frontier-2022-nw1-v1,nissan,frontier,,pickup,pickup,,pickup,propose,https://tfkvthprsntexrcuqpyd.supabase.co/storage/v1/object/public/car-renders/finished/nissan/nissan-frontier-2022-nw1-v1/hero.jpg
nissan-300zx-1984-nw1-v1,nissan,300zx,,coupe,coupe,,coupe,propose,https://tfkvthprsntexrcuqpyd.supabase.co/storage/v1/object/public/car-renders/finished/nissan/nissan-300zx-1984-nw1-v1/hero.jpg
nissan-gt-r-1995-nw1-v1,nissan,gt-r,,coupe,coupe,,coupe,propose,https://tfkvthprsntexrcuqpyd.supabase.co/storage/v1/object/public/car-renders/finished/nissan/nissan-gt-r-1995-nw1-v1/hero.jpg
nissan-300zx-nw1-v2,nissan,300zx,,coupe,coupe,,coupe,propose,https://tfkvthprsntexrcuqpyd.supabase.co/storage/v1/object/public/car-renders/finished/nissan/nissan-300zx-nw1-v2/hero.jpg
nissan-370z-2013-nw1-v1,nissan,370z,,coupe,coupe,,coupe,propose,https://tfkvthprsntexrcuqpyd.supabase.co/storage/v1/object/public/car-renders/finished/nissan/nissan-370z-2013-nw1-v1/hero.jpg
nissan-silvia-nw1-v2,nissan,silvia,,coupe,coupe,,coupe,propose,https://tfkvthprsntexrcuqpyd.supabase.co/storage/v1/object/public/car-renders/finished/nissan/nissan-silvia-nw1-v2/hero.jpg
nissan-skyline-nw1-v3,nissan,skyline,,estate,estate,,estate,propose,https://tfkvthprsntexrcuqpyd.supabase.co/storage/v1/object/public/car-renders/finished/nissan/nissan-skyline-nw1-v3/hero.jpg
nissan-silvia-nw1-v3,nissan,silvia,,coupe,coupe,,coupe,propose,https://tfkvthprsntexrcuqpyd.supabase.co/storage/v1/object/public/car-renders/finished/nissan/nissan-silvia-nw1-v3/hero.jpg
nissan-altima-2007-nw1-v1,nissan,altima,,saloon,saloon,,saloon,propose,https://tfkvthprsntexrcuqpyd.supabase.co/storage/v1/object/public/car-renders/finished/nissan/nissan-altima-2007-nw1-v1/hero.jpg
nissan-gt-r-2017-nw1-v3,nissan,gt-r,,coupe,coupe,,coupe,propose,https://tfkvthprsntexrcuqpyd.supabase.co/storage/v1/object/public/car-renders/finished/nissan/nissan-gt-r-2017-nw1-v3/hero.jpg
nissan-gt-r-1999-nw1-v2,nissan,gt-r,,coupe,coupe,,coupe,propose,https://tfkvthprsntexrcuqpyd.supabase.co/storage/v1/object/public/car-renders/finished/nissan/nissan-gt-r-1999-nw1-v2/hero.jpg
nissan-silvia-1998-nw1-v1,nissan,silvia,,coupe,coupe,,coupe,propose,https://tfkvthprsntexrcuqpyd.supabase.co/storage/v1/object/public/car-renders/finished/nissan/nissan-silvia-1998-nw1-v1/hero.jpg
nissan-gt-r-nismo-2017-nw1-v2,nissan,gt-r-nismo,,coupe,coupe,,coupe,propose,https://tfkvthprsntexrcuqpyd.supabase.co/storage/v1/object/public/car-renders/finished/nissan/nissan-gt-r-nismo-2017-nw1-v2/hero.jpg
nissan-gt-r-2013-nw1-v1,nissan,gt-r,,coupe,coupe,,coupe,propose,https://tfkvthprsntexrcuqpyd.supabase.co/storage/v1/object/public/car-renders/finished/nissan/nissan-gt-r-2013-nw1-v1/hero.jpg
nissan-gt-r-nismo-2017-nw1-v3,nissan,gt-r-nismo,,coupe,coupe,,coupe,propose,https://tfkvthprsntexrcuqpyd.supabase.co/storage/v1/object/public/car-renders/finished/nissan/nissan-gt-r-nismo-2017-nw1-v3/hero.jpg
nissan-370z-2015-nw1-v1,nissan,370z,,coupe,coupe,,coupe,propose,https://tfkvthprsntexrcuqpyd.supabase.co/storage/v1/object/public/car-renders/finished/nissan/nissan-370z-2015-nw1-v1/hero.jpg
byd-song-plus-2022-bw1-v1,byd,song-plus,,suv,suv,,suv,propose,https://tfkvthprsntexrcuqpyd.supabase.co/storage/v1/object/public/car-renders/finished/byd/byd-song-plus-2022-bw1-v1/hero.jpg
nissan-fairlady-z-1972-nw1-v1,nissan,fairlady-z,,coupe,coupe,,coupe,propose,https://tfkvthprsntexrcuqpyd.supabase.co/storage/v1/object/public/car-renders/finished/nissan/nissan-fairlady-z-1972-nw1-v1/hero.jpg
nissan-370z-2018-nw1-v2,nissan,370z,,coupe,coupe,,coupe,propose,https://tfkvthprsntexrcuqpyd.supabase.co/storage/v1/object/public/car-renders/finished/nissan/nissan-370z-2018-nw1-v2/hero.jpg
byd-atto-2-2024-bw1-v1,byd,atto-2,,suv,suv,,suv,propose,https://tfkvthprsntexrcuqpyd.supabase.co/storage/v1/object/public/car-renders/finished/byd/byd-atto-2-2024-bw1-v1/hero.jpg
byd-han-2023-bw1-v1,byd,han,,saloon,saloon,,saloon,propose,https://tfkvthprsntexrcuqpyd.supabase.co/storage/v1/object/public/car-renders/finished/byd/byd-han-2023-bw1-v1/hero.jpg
byd-m6-2024-bw1-v1,byd,m6,,mpv,mpv,,mpv,propose,https://tfkvthprsntexrcuqpyd.supabase.co/storage/v1/object/public/car-renders/finished/byd/byd-m6-2024-bw1-v1/hero.jpg
byd-seagull-2024-bw1-v1,byd,seagull,,hatchback,hatchback,,hatchback,propose,https://tfkvthprsntexrcuqpyd.supabase.co/storage/v1/object/public/car-renders/finished/byd/byd-seagull-2024-bw1-v1/hero.jpg
byd-dolphin-2021-bw1-v1,byd,dolphin,,hatchback,hatchback,,hatchback,propose,https://tfkvthprsntexrcuqpyd.supabase.co/storage/v1/object/public/car-renders/finished/byd/byd-dolphin-2021-bw1-v1/hero.jpg
byd-seal-5-2025-bw1-v1,byd,seal-5,,saloon,saloon,,saloon,propose,https://tfkvthprsntexrcuqpyd.supabase.co/storage/v1/object/public/car-renders/finished/byd/byd-seal-5-2025-bw1-v1/hero.jpg
byd-seal-6-2025-bw1-v1,byd,seal-6,,estate,estate,,estate,propose,https://tfkvthprsntexrcuqpyd.supabase.co/storage/v1/object/public/car-renders/finished/byd/byd-seal-6-2025-bw1-v1/hero.jpg
byd-seal-u-2024-bw1-v2,byd,seal-u,,suv,suv,,suv,propose,https://tfkvthprsntexrcuqpyd.supabase.co/storage/v1/object/public/car-renders/finished/byd/byd-seal-u-2024-bw1-v2/hero.jpg
byd-seal-u-2024-bw1-v1,byd,seal-u,,suv,suv,,suv,propose,https://tfkvthprsntexrcuqpyd.supabase.co/storage/v1/object/public/car-renders/finished/byd/byd-seal-u-2024-bw1-v1/hero.jpg
byd-sealion-7-2024-bw1-v1,byd,sealion-7,,suv,suv,,suv,propose,https://tfkvthprsntexrcuqpyd.supabase.co/storage/v1/object/public/car-renders/finished/byd/byd-sealion-7-2024-bw1-v1/hero.jpg
byd-tang-2024-bw1-v1,byd,tang,,suv,suv,,suv,propose,https://tfkvthprsntexrcuqpyd.supabase.co/storage/v1/object/public/car-renders/finished/byd/byd-tang-2024-bw1-v1/hero.jpg
byd-yangwang-u8-2023-bw1-v1,byd,yangwang-u8,,suv,suv,,suv,propose,https://tfkvthprsntexrcuqpyd.supabase.co/storage/v1/object/public/car-renders/finished/byd/byd-yangwang-u8-2023-bw1-v1/hero.jpg
byd-atto-3-2024-bw1-v1,byd,atto-3,,suv,suv,,suv,propose,https://tfkvthprsntexrcuqpyd.supabase.co/storage/v1/object/public/car-renders/finished/byd/byd-atto-3-2024-bw1-v1/hero.jpg
byd-seal-06-2024-bw1-v1,byd,seal-06,,hatchback,suv,,,REVIEW (models disagree),https://tfkvthprsntexrcuqpyd.supabase.co/storage/v1/object/public/car-renders/finished/byd/byd-seal-06-2024-bw1-v1/hero.jpg
byd-dolphin-2024-bw1-v1,byd,dolphin,,hatchback,hatchback,,hatchback,propose,https://tfkvthprsntexrcuqpyd.supabase.co/storage/v1/object/public/car-renders/finished/byd/byd-dolphin-2024-bw1-v1/hero.jpg
byd-han-2022-bw1-v1,byd,han,,saloon,saloon,,saloon,propose,https://tfkvthprsntexrcuqpyd.supabase.co/storage/v1/object/public/car-renders/finished/byd/byd-han-2022-bw1-v1/hero.jpg
byd-yangwang-u9-2024-bw1-v1,byd,yangwang-u9,,coupe,coupe,,coupe,propose,https://tfkvthprsntexrcuqpyd.supabase.co/storage/v1/object/public/car-renders/finished/byd/byd-yangwang-u9-2024-bw1-v1/hero.jpg
hyundai-grand-i10-nios-hyw1-v1,hyundai,grand-i10-nios,,hatchback,hatchback,,hatchback,propose,https://tfkvthprsntexrcuqpyd.supabase.co/storage/v1/object/public/car-renders/finished/hyundai/hyundai-grand-i10-nios-hyw1-v1/hero.jpg
hyundai-ix55-veracruz-2011-hyw1-v1,hyundai,ix55-veracruz,,suv,suv,,suv,propose,https://tfkvthprsntexrcuqpyd.supabase.co/storage/v1/object/public/car-renders/finished/hyundai/hyundai-ix55-veracruz-2011-hyw1-v1/hero.jpg
byd-yangwang-u7-2024-bw1-v1,byd,yangwang-u7,,saloon,coupe,,,REVIEW (models disagree),https://tfkvthprsntexrcuqpyd.supabase.co/storage/v1/object/public/car-renders/finished/byd/byd-yangwang-u7-2024-bw1-v1/hero.jpg
hyundai-accent-2013-hyw1-v1,hyundai,accent,,saloon,saloon,,saloon,propose,https://tfkvthprsntexrcuqpyd.supabase.co/storage/v1/object/public/car-renders/finished/hyundai/hyundai-accent-2013-hyw1-v1/hero.jpg
hyundai-getz-2006-hyw1-v1,hyundai,getz,,hatchback,hatchback,,hatchback,propose,https://tfkvthprsntexrcuqpyd.supabase.co/storage/v1/object/public/car-renders/finished/hyundai/hyundai-getz-2006-hyw1-v1/hero.jpg
hyundai-i20-2010-hyw1-v1,hyundai,i20,,hatchback,hatchback,,hatchback,propose,https://tfkvthprsntexrcuqpyd.supabase.co/storage/v1/object/public/car-renders/finished/hyundai/hyundai-i20-2010-hyw1-v1/hero.jpg
hyundai-tucson-plug-in-hybrid-2025-hyw1-v1,hyundai,tucson-plug-in-hybrid,,suv,suv,,suv,propose,https://tfkvthprsntexrcuqpyd.supabase.co/storage/v1/object/public/car-renders/finished/hyundai/hyundai-tucson-plug-in-hybrid-2025-hyw1-v1/hero.jpg
hyundai-veloster-n-2022-hyw1-v1,hyundai,veloster-n,,hatchback,hatchback,,hatchback,propose,https://tfkvthprsntexrcuqpyd.supabase.co/storage/v1/object/public/car-renders/finished/hyundai/hyundai-veloster-n-2022-hyw1-v1/hero.jpg
hyundai-tucson-l-turbo-hybrid-2025-hyw1-v1,hyundai,tucson-l-turbo-hybrid,,suv,suv,,suv,propose,https://tfkvthprsntexrcuqpyd.supabase.co/storage/v1/object/public/car-renders/finished/hyundai/hyundai-tucson-l-turbo-hybrid-2025-hyw1-v1/hero.jpg
hyundai-creta-2023-hyw1-v1,hyundai,creta,,suv,suv,,suv,propose,https://tfkvthprsntexrcuqpyd.supabase.co/storage/v1/object/public/car-renders/finished/hyundai/hyundai-creta-2023-hyw1-v1/hero.jpg
hyundai-ioniq-5-n-2024-hyw1-v1,hyundai,ioniq-5-n,,hatchback,hatchback,,hatchback,propose,https://tfkvthprsntexrcuqpyd.supabase.co/storage/v1/object/public/car-renders/finished/hyundai/hyundai-ioniq-5-n-2024-hyw1-v1/hero.jpg
hyundai-elantra-n-2024-hyw1-v1,hyundai,elantra-n,,saloon,saloon,,saloon,propose,https://tfkvthprsntexrcuqpyd.supabase.co/storage/v1/object/public/car-renders/finished/hyundai/hyundai-elantra-n-2024-hyw1-v1/hero.jpg
hyundai-kona-2019-hyw1-v1,hyundai,kona,,suv,suv,,suv,propose,https://tfkvthprsntexrcuqpyd.supabase.co/storage/v1/object/public/car-renders/finished/hyundai/hyundai-kona-2019-hyw1-v1/hero.jpg
hyundai-encino-ev-2021-hyw1-v1,hyundai,encino-ev,,suv,suv,,suv,propose,https://tfkvthprsntexrcuqpyd.supabase.co/storage/v1/object/public/car-renders/finished/hyundai/hyundai-encino-ev-2021-hyw1-v1/hero.jpg
hyundai-elantra-n-2021-hyw1-v1,hyundai,elantra-n,,saloon,saloon,,saloon,propose,https://tfkvthprsntexrcuqpyd.supabase.co/storage/v1/object/public/car-renders/finished/hyundai/hyundai-elantra-n-2021-hyw1-v1/hero.jpg
hyundai-sonata-hybrid-2017-hyw1-v1,hyundai,sonata-hybrid,,saloon,saloon,,saloon,propose,https://tfkvthprsntexrcuqpyd.supabase.co/storage/v1/object/public/car-renders/finished/hyundai/hyundai-sonata-hybrid-2017-hyw1-v1/hero.jpg
hyundai-veloster-turbo-2013-hyw1-v1,hyundai,veloster-turbo,,hatchback,hatchback,,hatchback,propose,https://tfkvthprsntexrcuqpyd.supabase.co/storage/v1/object/public/car-renders/finished/hyundai/hyundai-veloster-turbo-2013-hyw1-v1/hero.jpg
hyundai-ix25-creta-2020-hyw1-v1,hyundai,ix25---creta,,suv,suv,,suv,propose,https://tfkvthprsntexrcuqpyd.supabase.co/storage/v1/object/public/car-renders/finished/hyundai/hyundai-ix25-creta-2020-hyw1-v1/hero.jpg
hyundai-tiburon-2003-hyw1-v1,hyundai,tiburon,,coupe,coupe,,coupe,propose,https://tfkvthprsntexrcuqpyd.supabase.co/storage/v1/object/public/car-renders/finished/hyundai/hyundai-tiburon-2003-hyw1-v1/hero.jpg
subaru-brz-sbw1-v1,subaru,brz,,coupe,coupe,,coupe,propose,https://tfkvthprsntexrcuqpyd.supabase.co/storage/v1/object/public/car-renders/finished/subaru/subaru-brz-sbw1-v1/hero.jpg
subaru-ascent-2019-sbw1-v1,subaru,ascent,,suv,suv,,suv,propose,https://tfkvthprsntexrcuqpyd.supabase.co/storage/v1/object/public/car-renders/finished/subaru/subaru-ascent-2019-sbw1-v1/hero.jpg
subaru-brz-2024-sbw1-v1,subaru,brz,,coupe,coupe,,coupe,propose,https://tfkvthprsntexrcuqpyd.supabase.co/storage/v1/object/public/car-renders/finished/subaru/subaru-brz-2024-sbw1-v1/hero.jpg
subaru-brz-2023-sbw1-v1,subaru,brz,,coupe,coupe,,coupe,propose,https://tfkvthprsntexrcuqpyd.supabase.co/storage/v1/object/public/car-renders/finished/subaru/subaru-brz-2023-sbw1-v1/hero.jpg
subaru-impreza-wrx-2022-sbw1-v1,subaru,impreza-wrx,,saloon,saloon,,saloon,propose,https://tfkvthprsntexrcuqpyd.supabase.co/storage/v1/object/public/car-renders/finished/subaru/subaru-impreza-wrx-2022-sbw1-v1/hero.jpg
subaru-brz-2020-sbw1-v1,subaru,brz,,coupe,coupe,,coupe,propose,https://tfkvthprsntexrcuqpyd.supabase.co/storage/v1/object/public/car-renders/finished/subaru/subaru-brz-2020-sbw1-v1/hero.jpg
subaru-impreza-wrx-sti-2018-sbw1-v1,subaru,impreza-wrx-sti,,saloon,saloon,,saloon,propose,https://tfkvthprsntexrcuqpyd.supabase.co/storage/v1/object/public/car-renders/finished/subaru/subaru-impreza-wrx-sti-2018-sbw1-v1/hero.jpg
subaru-legacy-2010-sbw1-v1,subaru,legacy,,saloon,saloon,,saloon,propose,https://tfkvthprsntexrcuqpyd.supabase.co/storage/v1/object/public/car-renders/finished/subaru/subaru-legacy-2010-sbw1-v1/hero.jpg
subaru-wrx-wagon-sbw1-v1,subaru,wrx-wagon,,estate,estate,,estate,propose,https://tfkvthprsntexrcuqpyd.supabase.co/storage/v1/object/public/car-renders/finished/subaru/subaru-wrx-wagon-sbw1-v1/hero.jpg
subaru-impreza-wrx-sti-sbw1-v1,subaru,impreza-wrx-sti,,saloon,coupe,,,REVIEW (models disagree),https://tfkvthprsntexrcuqpyd.supabase.co/storage/v1/object/public/car-renders/finished/subaru/subaru-impreza-wrx-sti-sbw1-v1/hero.jpg
subaru-forester-2009-sbw1-v1,subaru,forester,,suv,suv,,suv,propose,https://tfkvthprsntexrcuqpyd.supabase.co/storage/v1/object/public/car-renders/finished/subaru/subaru-forester-2009-sbw1-v1/hero.jpg
subaru-brz-2013-sbw1-v1,subaru,brz,,coupe,coupe,,coupe,propose,https://tfkvthprsntexrcuqpyd.supabase.co/storage/v1/object/public/car-renders/finished/subaru/subaru-brz-2013-sbw1-v1/hero.jpg
subaru-impreza-wrx-sti-2006-sbw1-v1,subaru,impreza-wrx-sti,,saloon,saloon,,saloon,propose,https://tfkvthprsntexrcuqpyd.supabase.co/storage/v1/object/public/car-renders/finished/subaru/subaru-impreza-wrx-sti-2006-sbw1-v1/hero.jpg
subaru-impreza-22b-sti-1998-sbw1-v1,subaru,impreza-22b-sti,,coupe,coupe,,coupe,propose,https://tfkvthprsntexrcuqpyd.supabase.co/storage/v1/object/public/car-renders/finished/subaru/subaru-impreza-22b-sti-1998-sbw1-v1/hero.jpg
porsche-911-2021-pw2-v1,porsche,911,,coupe,convertible,,,REVIEW (models disagree),https://tfkvthprsntexrcuqpyd.supabase.co/storage/v1/object/public/car-renders/finished/porsche/porsche-911-2021-pw2-v1/hero.jpg
porsche-cayman-2014-pw2-v1,porsche,cayman,,coupe,coupe,,coupe,propose,https://tfkvthprsntexrcuqpyd.supabase.co/storage/v1/object/public/car-renders/finished/porsche/porsche-cayman-2014-pw2-v1/hero.jpg
subaru-legacy-wagon-sbw1-v1,subaru,legacy-wagon,,estate,estate,,estate,propose,https://tfkvthprsntexrcuqpyd.supabase.co/storage/v1/object/public/car-renders/finished/subaru/subaru-legacy-wagon-sbw1-v1/hero.jpg
porsche-911-2018-pw2-v1,porsche,911,,coupe,coupe,,coupe,propose,https://tfkvthprsntexrcuqpyd.supabase.co/storage/v1/object/public/car-renders/finished/porsche/porsche-911-2018-pw2-v1/hero.jpg
porsche-959-pw2-v1,porsche,959,,coupe,coupe,,coupe,propose,https://tfkvthprsntexrcuqpyd.supabase.co/storage/v1/object/public/car-renders/finished/porsche/porsche-959-pw2-v1/hero.jpg
porsche-911-pw2-v1,porsche,911,,coupe,coupe,,coupe,propose,https://tfkvthprsntexrcuqpyd.supabase.co/storage/v1/object/public/car-renders/finished/porsche/porsche-911-pw2-v1/hero.jpg
porsche-cayenne-2009-pw2-v1,porsche,cayenne,,suv,suv,,suv,propose,https://tfkvthprsntexrcuqpyd.supabase.co/storage/v1/object/public/car-renders/finished/porsche/porsche-cayenne-2009-pw2-v1/hero.jpg
porsche-911-2021-pw2-v2,porsche,911,,convertible,convertible,,convertible,propose,https://tfkvthprsntexrcuqpyd.supabase.co/storage/v1/object/public/car-renders/finished/porsche/porsche-911-2021-pw2-v2/hero.jpg
porsche-boxster-2010-pw2-v1,porsche,boxster,,convertible,convertible,,convertible,propose,https://tfkvthprsntexrcuqpyd.supabase.co/storage/v1/object/public/car-renders/finished/porsche/porsche-boxster-2010-pw2-v1/hero.jpg
porsche-911-2014-pw2-v1,porsche,911,,coupe,coupe,,coupe,propose,https://tfkvthprsntexrcuqpyd.supabase.co/storage/v1/object/public/car-renders/finished/porsche/porsche-911-2014-pw2-v1/hero.jpg
porsche-macan-2020-pw2-v1,porsche,macan,,suv,suv,,suv,propose,https://tfkvthprsntexrcuqpyd.supabase.co/storage/v1/object/public/car-renders/finished/porsche/porsche-macan-2020-pw2-v1/hero.jpg
porsche-911-2025-pw2-v1,porsche,911,,coupe,coupe,,coupe,propose,https://tfkvthprsntexrcuqpyd.supabase.co/storage/v1/object/public/car-renders/finished/porsche/porsche-911-2025-pw2-v1/hero.jpg
porsche-911-2019-pw2-v1,porsche,911,,coupe,coupe,,coupe,propose,https://tfkvthprsntexrcuqpyd.supabase.co/storage/v1/object/public/car-renders/finished/porsche/porsche-911-2019-pw2-v1/hero.jpg
porsche-718-2020-pw2-v1,porsche,718,,convertible,convertible,,convertible,propose,https://tfkvthprsntexrcuqpyd.supabase.co/storage/v1/object/public/car-renders/finished/porsche/porsche-718-2020-pw2-v1/hero.jpg
porsche-911-2014-pw2-v2,porsche,911,,coupe,coupe,,coupe,propose,https://tfkvthprsntexrcuqpyd.supabase.co/storage/v1/object/public/car-renders/finished/porsche/porsche-911-2014-pw2-v2/hero.jpg
porsche-taycan-pw2-v1,porsche,taycan,,saloon,saloon,,saloon,propose,https://tfkvthprsntexrcuqpyd.supabase.co/storage/v1/object/public/car-renders/finished/porsche/porsche-taycan-pw2-v1/hero.jpg
porsche-911-1992-pw2-v1,porsche,911,,coupe,coupe,,coupe,propose,https://tfkvthprsntexrcuqpyd.supabase.co/storage/v1/object/public/car-renders/finished/porsche/porsche-911-1992-pw2-v1/hero.jpg
porsche-911-2017-pw2-v1,porsche,911,,coupe,coupe,,coupe,propose,https://tfkvthprsntexrcuqpyd.supabase.co/storage/v1/object/public/car-renders/finished/porsche/porsche-911-2017-pw2-v1/hero.jpg
porsche-718-cayman-2020-pw2-v1,porsche,718-cayman,,coupe,coupe,,coupe,propose,https://tfkvthprsntexrcuqpyd.supabase.co/storage/v1/object/public/car-renders/finished/porsche/porsche-718-cayman-2020-pw2-v1/hero.jpg
porsche-cayman-pw2-v1,porsche,cayman,,coupe,coupe,,coupe,propose,https://tfkvthprsntexrcuqpyd.supabase.co/storage/v1/object/public/car-renders/finished/porsche/porsche-cayman-pw2-v1/hero.jpg
porsche-718-2024-pw2-v1,porsche,718,,convertible,convertible,,convertible,propose,https://tfkvthprsntexrcuqpyd.supabase.co/storage/v1/object/public/car-renders/finished/porsche/porsche-718-2024-pw2-v1/hero.jpg
porsche-911-1995-pw2-v1,porsche,911,,coupe,coupe,,coupe,propose,https://tfkvthprsntexrcuqpyd.supabase.co/storage/v1/object/public/car-renders/finished/porsche/porsche-911-1995-pw2-v1/hero.jpg
porsche-911-1994-pw2-v1,porsche,911,,coupe,coupe,,coupe,propose,https://tfkvthprsntexrcuqpyd.supabase.co/storage/v1/object/public/car-renders/finished/porsche/porsche-911-1994-pw2-v1/hero.jpg
porsche-911-pw2-v2,porsche,911,,coupe,coupe,,coupe,propose,https://tfkvthprsntexrcuqpyd.supabase.co/storage/v1/object/public/car-renders/finished/porsche/porsche-911-pw2-v2/hero.jpg
porsche-911-2018-pw2-v2,porsche,911,,coupe,coupe,,coupe,propose,https://tfkvthprsntexrcuqpyd.supabase.co/storage/v1/object/public/car-renders/finished/porsche/porsche-911-2018-pw2-v2/hero.jpg
porsche-911-1989-pw2-v1,porsche,911,,coupe,coupe,,coupe,propose,https://tfkvthprsntexrcuqpyd.supabase.co/storage/v1/object/public/car-renders/finished/porsche/porsche-911-1989-pw2-v1/hero.jpg
porsche-911-2022-pw2-v1,porsche,911,,coupe,coupe,,coupe,propose,https://tfkvthprsntexrcuqpyd.supabase.co/storage/v1/object/public/car-renders/finished/porsche/porsche-911-2022-pw2-v1/hero.jpg
porsche-718-boxster-2017-pw2-v1,porsche,718-boxster,,convertible,convertible,,convertible,propose,https://tfkvthprsntexrcuqpyd.supabase.co/storage/v1/object/public/car-renders/finished/porsche/porsche-718-boxster-2017-pw2-v1/hero.jpg
porsche-911-pw2-v3,porsche,911,,coupe,coupe,,coupe,propose,https://tfkvthprsntexrcuqpyd.supabase.co/storage/v1/object/public/car-renders/finished/porsche/porsche-911-pw2-v3/hero.jpg
porsche-cayenne-2020-pw2-v1,porsche,cayenne,,suv,suv,,suv,propose,https://tfkvthprsntexrcuqpyd.supabase.co/storage/v1/object/public/car-renders/finished/porsche/porsche-cayenne-2020-pw2-v1/hero.jpg
porsche-911-2016-pw2-v1,porsche,911,,coupe,coupe,,coupe,propose,https://tfkvthprsntexrcuqpyd.supabase.co/storage/v1/object/public/car-renders/finished/porsche/porsche-911-2016-pw2-v1/hero.jpg
porsche-taycan-2025-pw2-v1,porsche,taycan,,coupe,saloon,,,REVIEW (models disagree),https://tfkvthprsntexrcuqpyd.supabase.co/storage/v1/object/public/car-renders/finished/porsche/porsche-taycan-2025-pw2-v1/hero.jpg
porsche-911-pw2-v5,porsche,911,,coupe,convertible,,,REVIEW (models disagree),https://tfkvthprsntexrcuqpyd.supabase.co/storage/v1/object/public/car-renders/finished/porsche/porsche-911-pw2-v5/hero.jpg
porsche-911-pw2-v4,porsche,911,,coupe,coupe,,coupe,propose,https://tfkvthprsntexrcuqpyd.supabase.co/storage/v1/object/public/car-renders/finished/porsche/porsche-911-pw2-v4/hero.jpg
porsche-944-1991-pw2-v1,porsche,944,,coupe,coupe,,coupe,propose,https://tfkvthprsntexrcuqpyd.supabase.co/storage/v1/object/public/car-renders/finished/porsche/porsche-944-1991-pw2-v1/hero.jpg
porsche-911-pw2-v6,porsche,911,,coupe,coupe,,coupe,propose,https://tfkvthprsntexrcuqpyd.supabase.co/storage/v1/object/public/car-renders/finished/porsche/porsche-911-pw2-v6/hero.jpg
porsche-panamera-2019-pw2-v1,porsche,panamera,,saloon,hatchback,,,REVIEW (models disagree),https://tfkvthprsntexrcuqpyd.supabase.co/storage/v1/object/public/car-renders/finished/porsche/porsche-panamera-2019-pw2-v1/hero.jpg
porsche-911-2019-pw2-v2,porsche,911,,convertible,convertible,,convertible,propose,https://tfkvthprsntexrcuqpyd.supabase.co/storage/v1/object/public/car-renders/finished/porsche/porsche-911-2019-pw2-v2/hero.jpg
porsche-930-pw2-v1,porsche,930,,coupe,coupe,,coupe,propose,https://tfkvthprsntexrcuqpyd.supabase.co/storage/v1/object/public/car-renders/finished/porsche/porsche-930-pw2-v1/hero.jpg
porsche-718-boxster-2019-pw2-v1,porsche,718-boxster,,convertible,convertible,,convertible,propose,https://tfkvthprsntexrcuqpyd.supabase.co/storage/v1/object/public/car-renders/finished/porsche/porsche-718-boxster-2019-pw2-v1/hero.jpg
porsche-959-1987-pw2-v1,porsche,959,,coupe,coupe,,coupe,propose,https://tfkvthprsntexrcuqpyd.supabase.co/storage/v1/object/public/car-renders/finished/porsche/porsche-959-1987-pw2-v1/hero.jpg
porsche-914-6-pw2-v1,porsche,914-6,,convertible,convertible,,convertible,propose,https://tfkvthprsntexrcuqpyd.supabase.co/storage/v1/object/public/car-renders/finished/porsche/porsche-914-6-pw2-v1/hero.jpg
porsche-911-pw2-v7,porsche,911,,coupe,coupe,,coupe,propose,https://tfkvthprsntexrcuqpyd.supabase.co/storage/v1/object/public/car-renders/finished/porsche/porsche-911-pw2-v7/hero.jpg
porsche-911-pw2-v8,porsche,911,,coupe,coupe,,coupe,propose,https://tfkvthprsntexrcuqpyd.supabase.co/storage/v1/object/public/car-renders/finished/porsche/porsche-911-pw2-v8/hero.jpg
porsche-boxster-2015-pw2-v1,porsche,boxster,,convertible,convertible,,convertible,propose,https://tfkvthprsntexrcuqpyd.supabase.co/storage/v1/object/public/car-renders/finished/porsche/porsche-boxster-2015-pw2-v1/hero.jpg
porsche-911-pw2-v9,porsche,911,,coupe,coupe,,coupe,propose,https://tfkvthprsntexrcuqpyd.supabase.co/storage/v1/object/public/car-renders/finished/porsche/porsche-911-pw2-v9/hero.jpg
porsche-911-pw2-v10,porsche,911,,coupe,coupe,,coupe,propose,https://tfkvthprsntexrcuqpyd.supabase.co/storage/v1/object/public/car-renders/finished/porsche/porsche-911-pw2-v10/hero.jpg
porsche-911-pw2-v11,porsche,911,,coupe,coupe,,coupe,propose,https://tfkvthprsntexrcuqpyd.supabase.co/storage/v1/object/public/car-renders/finished/porsche/porsche-911-pw2-v11/hero.jpg
porsche-911-2015-pw2-v1,porsche,911,,coupe,coupe,,coupe,propose,https://tfkvthprsntexrcuqpyd.supabase.co/storage/v1/object/public/car-renders/finished/porsche/porsche-911-2015-pw2-v1/hero.jpg
porsche-911-2019-pw2-v3,porsche,911,,coupe,convertible,,,REVIEW (models disagree),https://tfkvthprsntexrcuqpyd.supabase.co/storage/v1/object/public/car-renders/finished/porsche/porsche-911-2019-pw2-v3/hero.jpg
porsche-911-pw2-v12,porsche,911,,coupe,coupe,,coupe,propose,https://tfkvthprsntexrcuqpyd.supabase.co/storage/v1/object/public/car-renders/finished/porsche/porsche-911-pw2-v12/hero.jpg
porsche-panamera-2010-pw2-v1,porsche,panamera,,saloon,saloon,,saloon,propose,https://tfkvthprsntexrcuqpyd.supabase.co/storage/v1/object/public/car-renders/finished/porsche/porsche-panamera-2010-pw2-v1/hero.jpg
porsche-carrera-gt-pw2-v1,porsche,carrera-gt,,convertible,coupe,,,REVIEW (models disagree),https://tfkvthprsntexrcuqpyd.supabase.co/storage/v1/object/public/car-renders/finished/porsche/porsche-carrera-gt-pw2-v1/hero.jpg
porsche-911-2019-pw2-v4,porsche,911,,coupe,coupe,,coupe,propose,https://tfkvthprsntexrcuqpyd.supabase.co/storage/v1/object/public/car-renders/finished/porsche/porsche-911-2019-pw2-v4/hero.jpg
porsche-911-2013-pw2-v1,porsche,911,,coupe,coupe,,coupe,propose,https://tfkvthprsntexrcuqpyd.supabase.co/storage/v1/object/public/car-renders/finished/porsche/porsche-911-2013-pw2-v1/hero.jpg
porsche-cayman-pw2-v2,porsche,cayman,,coupe,coupe,,coupe,propose,https://tfkvthprsntexrcuqpyd.supabase.co/storage/v1/object/public/car-renders/finished/porsche/porsche-cayman-pw2-v2/hero.jpg
porsche-911-pw2-v13,porsche,911,,coupe,coupe,,coupe,propose,https://tfkvthprsntexrcuqpyd.supabase.co/storage/v1/object/public/car-renders/finished/porsche/porsche-911-pw2-v13/hero.jpg
porsche-911-2019-pw2-v5,porsche,911,,coupe,coupe,,coupe,propose,https://tfkvthprsntexrcuqpyd.supabase.co/storage/v1/object/public/car-renders/finished/porsche/porsche-911-2019-pw2-v5/hero.jpg
porsche-911-pw2-v15,porsche,911,,coupe,coupe,,coupe,propose,https://tfkvthprsntexrcuqpyd.supabase.co/storage/v1/object/public/car-renders/finished/porsche/porsche-911-pw2-v15/hero.jpg
porsche-911-pw2-v14,porsche,911,,coupe,coupe,,coupe,propose,https://tfkvthprsntexrcuqpyd.supabase.co/storage/v1/object/public/car-renders/finished/porsche/porsche-911-pw2-v14/hero.jpg
porsche-993-1995-pw2-v1,porsche,993,,coupe,coupe,,coupe,propose,https://tfkvthprsntexrcuqpyd.supabase.co/storage/v1/object/public/car-renders/finished/porsche/porsche-993-1995-pw2-v1/hero.jpg
porsche-carrera-gt-2004-pw2-v1,porsche,carrera-gt,,convertible,coupe,,,REVIEW (models disagree),https://tfkvthprsntexrcuqpyd.supabase.co/storage/v1/object/public/car-renders/finished/porsche/porsche-carrera-gt-2004-pw2-v1/hero.jpg
porsche-panamera-pw2-v1,porsche,panamera,,saloon,hatchback,,,REVIEW (models disagree),https://tfkvthprsntexrcuqpyd.supabase.co/storage/v1/object/public/car-renders/finished/porsche/porsche-panamera-pw2-v1/hero.jpg
porsche-918-2015-pw2-v1,porsche,918,,coupe,coupe,,coupe,propose,https://tfkvthprsntexrcuqpyd.supabase.co/storage/v1/object/public/car-renders/finished/porsche/porsche-918-2015-pw2-v1/hero.jpg
porsche-911-2019-pw2-v6,porsche,911,,coupe,coupe,,coupe,propose,https://tfkvthprsntexrcuqpyd.supabase.co/storage/v1/object/public/car-renders/finished/porsche/porsche-911-2019-pw2-v6/hero.jpg
porsche-911-2022-pw2-v2,porsche,911,,coupe,coupe,,coupe,propose,https://tfkvthprsntexrcuqpyd.supabase.co/storage/v1/object/public/car-renders/finished/porsche/porsche-911-2022-pw2-v2/hero.jpg
porsche-911-1964-pw2-v1,porsche,911,,coupe,coupe,,coupe,propose,https://tfkvthprsntexrcuqpyd.supabase.co/storage/v1/object/public/car-renders/finished/porsche/porsche-911-1964-pw2-v1/hero.jpg
porsche-718-cayman-2022-pw2-v1,porsche,718-cayman,,coupe,coupe,,coupe,propose,https://tfkvthprsntexrcuqpyd.supabase.co/storage/v1/object/public/car-renders/finished/porsche/porsche-718-cayman-2022-pw2-v1/hero.jpg
porsche-macan-2022-pw2-v1,porsche,macan,,suv,suv,,suv,propose,https://tfkvthprsntexrcuqpyd.supabase.co/storage/v1/object/public/car-renders/finished/porsche/porsche-macan-2022-pw2-v1/hero.jpg
porsche-911-2017-pw2-v2,porsche,911,,coupe,coupe,,coupe,propose,https://tfkvthprsntexrcuqpyd.supabase.co/storage/v1/object/public/car-renders/finished/porsche/porsche-911-2017-pw2-v2/hero.jpg
porsche-911-2021-pw2-v3,porsche,911,,coupe,coupe,,coupe,propose,https://tfkvthprsntexrcuqpyd.supabase.co/storage/v1/object/public/car-renders/finished/porsche/porsche-911-2021-pw2-v3/hero.jpg
porsche-911-2025-pw2-v2,porsche,911,,coupe,convertible,,,REVIEW (models disagree),https://tfkvthprsntexrcuqpyd.supabase.co/storage/v1/object/public/car-renders/finished/porsche/porsche-911-2025-pw2-v2/hero.jpg
porsche-911-2022-pw2-v3,porsche,911,,coupe,coupe,,coupe,propose,https://tfkvthprsntexrcuqpyd.supabase.co/storage/v1/object/public/car-renders/finished/porsche/porsche-911-2022-pw2-v3/hero.jpg
porsche-cayenne-2010-pw2-v1,porsche,cayenne,,suv,suv,,suv,propose,https://tfkvthprsntexrcuqpyd.supabase.co/storage/v1/object/public/car-renders/finished/porsche/porsche-cayenne-2010-pw2-v1/hero.jpg
porsche-panamera-2010-pw2-v2,porsche,panamera,,estate,hatchback,,,REVIEW (models disagree),https://tfkvthprsntexrcuqpyd.supabase.co/storage/v1/object/public/car-renders/finished/porsche/porsche-panamera-2010-pw2-v2/hero.jpg
porsche-918-2015-pw2-v2,porsche,918,,convertible,convertible,,convertible,propose,https://tfkvthprsntexrcuqpyd.supabase.co/storage/v1/object/public/car-renders/finished/porsche/porsche-918-2015-pw2-v2/hero.jpg
porsche-cayman-2011-pw2-v1,porsche,cayman,,coupe,coupe,,coupe,propose,https://tfkvthprsntexrcuqpyd.supabase.co/storage/v1/object/public/car-renders/finished/porsche/porsche-cayman-2011-pw2-v1/hero.jpg
porsche-taycan-pw2-v2,porsche,taycan,,estate,estate,,estate,propose,https://tfkvthprsntexrcuqpyd.supabase.co/storage/v1/object/public/car-renders/finished/porsche/porsche-taycan-pw2-v2/hero.jpg
porsche-911-2008-pw2-v1,porsche,911,,coupe,coupe,,coupe,propose,https://tfkvthprsntexrcuqpyd.supabase.co/storage/v1/object/public/car-renders/finished/porsche/porsche-911-2008-pw2-v1/hero.jpg
porsche-718-cayman-2017-pw2-v1,porsche,718-cayman,,coupe,coupe,,coupe,propose,https://tfkvthprsntexrcuqpyd.supabase.co/storage/v1/object/public/car-renders/finished/porsche/porsche-718-cayman-2017-pw2-v1/hero.jpg
porsche-911-2019-pw2-v7,porsche,911,,convertible,convertible,,convertible,propose,https://tfkvthprsntexrcuqpyd.supabase.co/storage/v1/object/public/car-renders/finished/porsche/porsche-911-2019-pw2-v7/hero.jpg
porsche-718-2020-pw2-v2,porsche,718,,convertible,convertible,,convertible,propose,https://tfkvthprsntexrcuqpyd.supabase.co/storage/v1/object/public/car-renders/finished/porsche/porsche-718-2020-pw2-v2/hero.jpg
porsche-macan-pw2-v1,porsche,macan,,suv,suv,,suv,propose,https://tfkvthprsntexrcuqpyd.supabase.co/storage/v1/object/public/car-renders/finished/porsche/porsche-macan-pw2-v1/hero.jpg
porsche-911-1977-pw2-v1,porsche,911,,coupe,coupe,,coupe,propose,https://tfkvthprsntexrcuqpyd.supabase.co/storage/v1/object/public/car-renders/finished/porsche/porsche-911-1977-pw2-v1/hero.jpg
porsche-panamera-pw2-v2,porsche,panamera,,saloon,hatchback,,,REVIEW (models disagree),https://tfkvthprsntexrcuqpyd.supabase.co/storage/v1/object/public/car-renders/finished/porsche/porsche-panamera-pw2-v2/hero.jpg
porsche-959-pw2-v2,porsche,959,,coupe,coupe,,coupe,propose,https://tfkvthprsntexrcuqpyd.supabase.co/storage/v1/object/public/car-renders/finished/porsche/porsche-959-pw2-v2/hero.jpg
porsche-unknown-pw2-v1,porsche,unknown,,coupe,coupe,,coupe,propose,https://tfkvthprsntexrcuqpyd.supabase.co/storage/v1/object/public/car-renders/finished/porsche/porsche-unknown-pw2-v1/hero.jpg
porsche-718-cayman-2018-pw2-v1,porsche,718-cayman,,coupe,coupe,,coupe,propose,https://tfkvthprsntexrcuqpyd.supabase.co/storage/v1/object/public/car-renders/finished/porsche/porsche-718-cayman-2018-pw2-v1/hero.jpg
porsche-911-2020-pw2-v1,porsche,911,,coupe,coupe,,coupe,propose,https://tfkvthprsntexrcuqpyd.supabase.co/storage/v1/object/public/car-renders/finished/porsche/porsche-911-2020-pw2-v1/hero.jpg
porsche-911-pw2-v16,porsche,911,,coupe,coupe,,coupe,propose,https://tfkvthprsntexrcuqpyd.supabase.co/storage/v1/object/public/car-renders/finished/porsche/porsche-911-pw2-v16/hero.jpg
porsche-macan-2022-pw2-v2,porsche,macan,,suv,suv,,suv,propose,https://tfkvthprsntexrcuqpyd.supabase.co/storage/v1/object/public/car-renders/finished/porsche/porsche-macan-2022-pw2-v2/hero.jpg
porsche-911-2023-pw2-v1,porsche,911,,coupe,coupe,,coupe,propose,https://tfkvthprsntexrcuqpyd.supabase.co/storage/v1/object/public/car-renders/finished/porsche/porsche-911-2023-pw2-v1/hero.jpg
porsche-panamera-2021-pw2-v1,porsche,panamera,,estate,estate,,estate,propose,https://tfkvthprsntexrcuqpyd.supabase.co/storage/v1/object/public/car-renders/finished/porsche/porsche-panamera-2021-pw2-v1/hero.jpg
porsche-911-2024-pw2-v1,porsche,911,,coupe,coupe,,coupe,propose,https://tfkvthprsntexrcuqpyd.supabase.co/storage/v1/object/public/car-renders/finished/porsche/porsche-911-2024-pw2-v1/hero.jpg
porsche-panamera-2017-pw2-v1,porsche,panamera,,saloon,hatchback,,,REVIEW (models disagree),https://tfkvthprsntexrcuqpyd.supabase.co/storage/v1/object/public/car-renders/finished/porsche/porsche-panamera-2017-pw2-v1/hero.jpg
porsche-macan-2022-pw2-v3,porsche,macan,,suv,suv,,suv,propose,https://tfkvthprsntexrcuqpyd.supabase.co/storage/v1/object/public/car-renders/finished/porsche/porsche-macan-2022-pw2-v3/hero.jpg
porsche-911-pw2-v17,porsche,911,,coupe,coupe,,coupe,propose,https://tfkvthprsntexrcuqpyd.supabase.co/storage/v1/object/public/car-renders/finished/porsche/porsche-911-pw2-v17/hero.jpg
porsche-911-pw2-v18,porsche,911,,coupe,coupe,,coupe,propose,https://tfkvthprsntexrcuqpyd.supabase.co/storage/v1/object/public/car-renders/finished/porsche/porsche-911-pw2-v18/hero.jpg
porsche-911-pw2-v19,porsche,911,,coupe,coupe,,coupe,propose,https://tfkvthprsntexrcuqpyd.supabase.co/storage/v1/object/public/car-renders/finished/porsche/porsche-911-pw2-v19/hero.jpg
lexus-gs-350-2011-lxw1-v1,lexus,gs-350,,saloon,saloon,,saloon,propose,https://tfkvthprsntexrcuqpyd.supabase.co/storage/v1/object/public/car-renders/finished/lexus/lexus-gs-350-2011-lxw1-v1/hero.jpg
lexus-es350-f-sport-2021-lxw1-v1,lexus,es350-f-sport,,saloon,saloon,,saloon,propose,https://tfkvthprsntexrcuqpyd.supabase.co/storage/v1/object/public/car-renders/finished/lexus/lexus-es350-f-sport-2021-lxw1-v1/hero.jpg
lexus-unknown-lxw1-v1,lexus,unknown,,saloon,saloon,,saloon,propose,https://tfkvthprsntexrcuqpyd.supabase.co/storage/v1/object/public/car-renders/finished/lexus/lexus-unknown-lxw1-v1/hero.jpg
lexus-is300-200-lxw1-v1,lexus,is300-200,,saloon,saloon,,saloon,propose,https://tfkvthprsntexrcuqpyd.supabase.co/storage/v1/object/public/car-renders/finished/lexus/lexus-is300-200-lxw1-v1/hero.jpg
lexus-gx-2024-lxw1-v1,lexus,gx,,suv,suv,,suv,propose,https://tfkvthprsntexrcuqpyd.supabase.co/storage/v1/object/public/car-renders/finished/lexus/lexus-gx-2024-lxw1-v1/hero.jpg
lexus-gs-s130-1997-lxw1-v1,lexus,gs-s130,,saloon,saloon,,saloon,propose,https://tfkvthprsntexrcuqpyd.supabase.co/storage/v1/object/public/car-renders/finished/lexus/lexus-gs-s130-1997-lxw1-v1/hero.jpg
lexus-gx-550-h-overtrail-2023-lxw1-v1,lexus,gx-550-h-overtrail,,suv,suv,,suv,propose,https://tfkvthprsntexrcuqpyd.supabase.co/storage/v1/object/public/car-renders/finished/lexus/lexus-gx-550-h-overtrail-2023-lxw1-v1/hero.jpg
lexus-lc-2020-lxw1-v1,lexus,lc,,coupe,coupe,,coupe,propose,https://tfkvthprsntexrcuqpyd.supabase.co/storage/v1/object/public/car-renders/finished/lexus/lexus-lc-2020-lxw1-v1/hero.jpg
lexus-lfa-2011-lxw1-v1,lexus,lfa,,coupe,coupe,,coupe,propose,https://tfkvthprsntexrcuqpyd.supabase.co/storage/v1/object/public/car-renders/finished/lexus/lexus-lfa-2011-lxw1-v1/hero.jpg
lexus-lc-500-2017-lxw1-v1,lexus,lc-500,,coupe,coupe,,coupe,propose,https://tfkvthprsntexrcuqpyd.supabase.co/storage/v1/object/public/car-renders/finished/lexus/lexus-lc-500-2017-lxw1-v1/hero.jpg
lexus-lfa-2010-lxw1-v1,lexus,lfa,,coupe,coupe,,coupe,propose,https://tfkvthprsntexrcuqpyd.supabase.co/storage/v1/object/public/car-renders/finished/lexus/lexus-lfa-2010-lxw1-v1/hero.jpg
lexus-ls-mk2-1997-lxw1-v1,lexus,ls-mk2,,saloon,saloon,,saloon,propose,https://tfkvthprsntexrcuqpyd.supabase.co/storage/v1/object/public/car-renders/finished/lexus/lexus-ls-mk2-1997-lxw1-v1/hero.jpg
lexus-lx-j100-2003-lxw1-v1,lexus,lx-j100,,suv,suv,,suv,propose,https://tfkvthprsntexrcuqpyd.supabase.co/storage/v1/object/public/car-renders/finished/lexus/lexus-lx-j100-2003-lxw1-v1/hero.jpg
lexus-lx700h-2025-lxw1-v1,lexus,lx700h,,suv,suv,,suv,propose,https://tfkvthprsntexrcuqpyd.supabase.co/storage/v1/object/public/car-renders/finished/lexus/lexus-lx700h-2025-lxw1-v1/hero.jpg
lexus-rc-f-usc10-lxw1-v1,lexus,rc-f-(usc10),,coupe,coupe,,coupe,propose,https://tfkvthprsntexrcuqpyd.supabase.co/storage/v1/object/public/car-renders/finished/lexus/lexus-rc-f-usc10-lxw1-v1/hero.jpg
jaecoo-tiggo-8-pro-champion-edition-390t-awd-2023-jcw1-v1,jaecoo,tiggo-8-pro-champion-edition-390t-awd,,suv,suv,,suv,propose,https://tfkvthprsntexrcuqpyd.supabase.co/storage/v1/object/public/car-renders/finished/jaecoo/jaecoo-tiggo-8-pro-champion-edition-390t-awd-2023-jcw1-v1/hero.jpg
jaecoo-tiggo-5x-jcw1-v1,jaecoo,tiggo-5x,,suv,suv,,suv,propose,https://tfkvthprsntexrcuqpyd.supabase.co/storage/v1/object/public/car-renders/finished/jaecoo/jaecoo-tiggo-5x-jcw1-v1/hero.jpg
jaecoo-tiggo-7-plus-290t-2023-jcw1-v1,jaecoo,tiggo-7-plus-290t,,suv,suv,,suv,propose,https://tfkvthprsntexrcuqpyd.supabase.co/storage/v1/object/public/car-renders/finished/jaecoo/jaecoo-tiggo-7-plus-290t-2023-jcw1-v1/hero.jpg
jaecoo-omoda-5-2023-jcw1-v1,jaecoo,omoda-5,,suv,suv,,suv,propose,https://tfkvthprsntexrcuqpyd.supabase.co/storage/v1/object/public/car-renders/finished/jaecoo/jaecoo-omoda-5-2023-jcw1-v1/hero.jpg
jaecoo-tiggo-9-awd-2023-jcw1-v1,jaecoo,tiggo-9-awd,,suv,suv,,suv,propose,https://tfkvthprsntexrcuqpyd.supabase.co/storage/v1/object/public/car-renders/finished/jaecoo/jaecoo-tiggo-9-awd-2023-jcw1-v1/hero.jpg
jaecoo-jaecoo-j7-2025-jcw1-v1,jaecoo,jaecoo-j7,,suv,suv,,suv,propose,https://tfkvthprsntexrcuqpyd.supabase.co/storage/v1/object/public/car-renders/finished/jaecoo/jaecoo-jaecoo-j7-2025-jcw1-v1/hero.jpg
jaecoo-tiggo-8-pro-e-2022-jcw1-v1,jaecoo,tiggo-8-pro-e+,,suv,suv,,suv,propose,https://tfkvthprsntexrcuqpyd.supabase.co/storage/v1/object/public/car-renders/finished/jaecoo/jaecoo-tiggo-8-pro-e-2022-jcw1-v1/hero.jpg
jaecoo-arrizo-8-290t-2023-jcw1-v1,jaecoo,arrizo-8-290t,,saloon,saloon,,saloon,propose,https://tfkvthprsntexrcuqpyd.supabase.co/storage/v1/object/public/car-renders/finished/jaecoo/jaecoo-arrizo-8-290t-2023-jcw1-v1/hero.jpg
jaecoo-tiggo-2-pro-2024-jcw1-v1,jaecoo,tiggo-2-pro,,suv,suv,,suv,propose,https://tfkvthprsntexrcuqpyd.supabase.co/storage/v1/object/public/car-renders/finished/jaecoo/jaecoo-tiggo-2-pro-2024-jcw1-v1/hero.jpg
porsche-911-2000-pw2-v1,porsche,911,,coupe,coupe,,coupe,propose,https://tfkvthprsntexrcuqpyd.supabase.co/storage/v1/object/public/car-renders/finished/porsche/porsche-911-2000-pw2-v1/hero.jpg
jaguar-e-type-1963-jgw1-v1,jaguar,E-Type,,coupe,coupe,,coupe,propose,https://tfkvthprsntexrcuqpyd.supabase.co/storage/v1/object/public/car-renders/finished/jaguar/jaguar-e-type-1963-jgw1-v1/hero.jpg
jaguar-f-type-jgw1-v2,jaguar,F-Type,,convertible,convertible,,convertible,propose,https://tfkvthprsntexrcuqpyd.supabase.co/storage/v1/object/public/car-renders/finished/jaguar/jaguar-f-type-jgw1-v2/hero.jpg
jaguar-e-type-1971-jgw1-v1,jaguar,E-Type,,convertible,convertible,,convertible,propose,https://tfkvthprsntexrcuqpyd.supabase.co/storage/v1/object/public/car-renders/finished/jaguar/jaguar-e-type-1971-jgw1-v1/hero.jpg
jaguar-f-type-jgw1-v1,jaguar,F-Type,,convertible,convertible,,convertible,propose,https://tfkvthprsntexrcuqpyd.supabase.co/storage/v1/object/public/car-renders/finished/jaguar/jaguar-f-type-jgw1-v1/hero.jpg
jaguar-f-type-jgw1-v3,jaguar,F-Type,,coupe,coupe,,coupe,propose,https://tfkvthprsntexrcuqpyd.supabase.co/storage/v1/object/public/car-renders/finished/jaguar/jaguar-f-type-jgw1-v3/hero.jpg
jaguar-f-type-2017-jgw1-v1,jaguar,F-Type,,convertible,convertible,,convertible,propose,https://tfkvthprsntexrcuqpyd.supabase.co/storage/v1/object/public/car-renders/finished/jaguar/jaguar-f-type-2017-jgw1-v1/hero.jpg
jaguar-f-type-2016-jgw1-v1,jaguar,F-Type,,convertible,convertible,,convertible,propose,https://tfkvthprsntexrcuqpyd.supabase.co/storage/v1/object/public/car-renders/finished/jaguar/jaguar-f-type-2016-jgw1-v1/hero.jpg
jaguar-f-type-2018-jgw1-v1,jaguar,F-Type,,coupe,coupe,,coupe,propose,https://tfkvthprsntexrcuqpyd.supabase.co/storage/v1/object/public/car-renders/finished/jaguar/jaguar-f-type-2018-jgw1-v1/hero.jpg
jaguar-f-type-2019-jgw1-v1,jaguar,F-Type,,convertible,convertible,,convertible,propose,https://tfkvthprsntexrcuqpyd.supabase.co/storage/v1/object/public/car-renders/finished/jaguar/jaguar-f-type-2019-jgw1-v1/hero.jpg
jaguar-i-pace-jgw1-v1,jaguar,I-Pace,,suv,suv,,suv,propose,https://tfkvthprsntexrcuqpyd.supabase.co/storage/v1/object/public/car-renders/finished/jaguar/jaguar-i-pace-jgw1-v1/hero.jpg
jaguar-f-type-2021-jgw1-v1,jaguar,F-Type,,convertible,convertible,,convertible,propose,https://tfkvthprsntexrcuqpyd.supabase.co/storage/v1/object/public/car-renders/finished/jaguar/jaguar-f-type-2021-jgw1-v1/hero.jpg
jaguar-xf-jgw1-v1,jaguar,XF,,saloon,saloon,,saloon,propose,https://tfkvthprsntexrcuqpyd.supabase.co/storage/v1/object/public/car-renders/finished/jaguar/jaguar-xf-jgw1-v1/hero.jpg
jaguar-xe-2018-jgw1-v1,jaguar,XE,,saloon,saloon,,saloon,propose,https://tfkvthprsntexrcuqpyd.supabase.co/storage/v1/object/public/car-renders/finished/jaguar/jaguar-xe-2018-jgw1-v1/hero.jpg
jaguar-mk2-1962-jgw1-v1,jaguar,MK2,,saloon,saloon,,saloon,propose,https://tfkvthprsntexrcuqpyd.supabase.co/storage/v1/object/public/car-renders/finished/jaguar/jaguar-mk2-1962-jgw1-v1/hero.jpg
jaguar-xfr-s-jgw1-v1,jaguar,XFR-S,,estate,estate,,estate,propose,https://tfkvthprsntexrcuqpyd.supabase.co/storage/v1/object/public/car-renders/finished/jaguar/jaguar-xfr-s-jgw1-v1/hero.jpg
jaguar-xj-2015-jgw1-v1,jaguar,XJ,,saloon,saloon,,saloon,propose,https://tfkvthprsntexrcuqpyd.supabase.co/storage/v1/object/public/car-renders/finished/jaguar/jaguar-xj-2015-jgw1-v1/hero.jpg
jaguar-xkr-s-2014-jgw1-v1,jaguar,XKR-S,,coupe,coupe,,coupe,propose,https://tfkvthprsntexrcuqpyd.supabase.co/storage/v1/object/public/car-renders/finished/jaguar/jaguar-xkr-s-2014-jgw1-v1/hero.jpg
jaguar-xkr-2010-jgw1-v1,jaguar,XKR,,coupe,coupe,,coupe,propose,https://tfkvthprsntexrcuqpyd.supabase.co/storage/v1/object/public/car-renders/finished/jaguar/jaguar-xkr-2010-jgw1-v1/hero.jpg
jaguar-xj220-1992-jgw1-v1,jaguar,XJ220,,coupe,coupe,,coupe,propose,https://tfkvthprsntexrcuqpyd.supabase.co/storage/v1/object/public/car-renders/finished/jaguar/jaguar-xj220-1992-jgw1-v1/hero.jpg
jeep-grand-cherokee-jpw1-v1,jeep,Grand Cherokee,,suv,suv,,suv,propose,https://tfkvthprsntexrcuqpyd.supabase.co/storage/v1/object/public/car-renders/finished/jeep/jeep-grand-cherokee-jpw1-v1/hero.jpg
jeep-grand-cherokee-2018-jpw1-v1,jeep,Grand Cherokee,,suv,suv,,suv,propose,https://tfkvthprsntexrcuqpyd.supabase.co/storage/v1/object/public/car-renders/finished/jeep/jeep-grand-cherokee-2018-jpw1-v1/hero.jpg
jeep-cherokee-2000-jpw1-v1,jeep,Cherokee,,suv,suv,,suv,propose,https://tfkvthprsntexrcuqpyd.supabase.co/storage/v1/object/public/car-renders/finished/jeep/jeep-cherokee-2000-jpw1-v1/hero.jpg
jeep-cherokee-2019-jpw1-v1,jeep,Cherokee,,suv,suv,,suv,propose,https://tfkvthprsntexrcuqpyd.supabase.co/storage/v1/object/public/car-renders/finished/jeep/jeep-cherokee-2019-jpw1-v1/hero.jpg
jeep-grand-cherokee-jpw1-v2,jeep,Grand Cherokee,,suv,suv,,suv,propose,https://tfkvthprsntexrcuqpyd.supabase.co/storage/v1/object/public/car-renders/finished/jeep/jeep-grand-cherokee-jpw1-v2/hero.jpg
jeep-wrangler-jpw1-v1,jeep,Wrangler,,suv,suv,,suv,propose,https://tfkvthprsntexrcuqpyd.supabase.co/storage/v1/object/public/car-renders/finished/jeep/jeep-wrangler-jpw1-v1/hero.jpg
jeep-wrangler-2023-jpw1-v1,jeep,Wrangler,,suv,suv,,suv,propose,https://tfkvthprsntexrcuqpyd.supabase.co/storage/v1/object/public/car-renders/finished/jeep/jeep-wrangler-2023-jpw1-v1/hero.jpg
jeep-wrangler-jpw1-v2,jeep,Wrangler,,suv,suv,,suv,propose,https://tfkvthprsntexrcuqpyd.supabase.co/storage/v1/object/public/car-renders/finished/jeep/jeep-wrangler-jpw1-v2/hero.jpg
jeep-wrangler-2007-jpw1-v1,jeep,Wrangler,,convertible,suv,,,REVIEW (models disagree),https://tfkvthprsntexrcuqpyd.supabase.co/storage/v1/object/public/car-renders/finished/jeep/jeep-wrangler-2007-jpw1-v1/hero.jpg
jeep-gladiator-1962-jpw1-v1,jeep,Gladiator,,pickup,pickup,,pickup,propose,https://tfkvthprsntexrcuqpyd.supabase.co/storage/v1/object/public/car-renders/finished/jeep/jeep-gladiator-1962-jpw1-v1/hero.jpg
jeep-wagoneer-1978-jpw1-v1,jeep,Wagoneer,,estate,suv,,,REVIEW (models disagree),https://tfkvthprsntexrcuqpyd.supabase.co/storage/v1/object/public/car-renders/finished/jeep/jeep-wagoneer-1978-jpw1-v1/hero.jpg
jeep-grand-commander-2021-jpw1-v1,jeep,Grand Commander,,suv,suv,,suv,propose,https://tfkvthprsntexrcuqpyd.supabase.co/storage/v1/object/public/car-renders/finished/jeep/jeep-grand-commander-2021-jpw1-v1/hero.jpg
jeep-gladiator-2020-jpw1-v1,jeep,Gladiator,,pickup,pickup,,pickup,propose,https://tfkvthprsntexrcuqpyd.supabase.co/storage/v1/object/public/car-renders/finished/jeep/jeep-gladiator-2020-jpw1-v1/hero.jpg
chrysler-pt-cruiser-2005-crw1-v1,chrysler,PT Cruiser,,hatchback,hatchback,,hatchback,propose,https://tfkvthprsntexrcuqpyd.supabase.co/storage/v1/object/public/car-renders/finished/chrysler/chrysler-pt-cruiser-2005-crw1-v1/hero.jpg
chrysler-300c-crw1-v1,chrysler,300C,,saloon,saloon,,saloon,propose,https://tfkvthprsntexrcuqpyd.supabase.co/storage/v1/object/public/car-renders/finished/chrysler/chrysler-300c-crw1-v1/hero.jpg
chrysler-pacifica-2021-crw1-v1,chrysler,Pacifica,,mpv,mpv,,mpv,propose,https://tfkvthprsntexrcuqpyd.supabase.co/storage/v1/object/public/car-renders/finished/chrysler/chrysler-pacifica-2021-crw1-v1/hero.jpg
volvo-v60-vow1-v1,volvo,V60,,estate,estate,,estate,propose,https://tfkvthprsntexrcuqpyd.supabase.co/storage/v1/object/public/car-renders/finished/volvo/volvo-v60-vow1-v1/hero.jpg
chrysler-pacifica-2008-crw1-v1,chrysler,Pacifica,,estate,suv,,,REVIEW (models disagree),https://tfkvthprsntexrcuqpyd.supabase.co/storage/v1/object/public/car-renders/finished/chrysler/chrysler-pacifica-2008-crw1-v1/hero.jpg
volvo-v40-2018-vow1-v1,volvo,V40,,hatchback,hatchback,,hatchback,propose,https://tfkvthprsntexrcuqpyd.supabase.co/storage/v1/object/public/car-renders/finished/volvo/volvo-v40-2018-vow1-v1/hero.jpg
volvo-c30-vow1-v1,volvo,C30,,hatchback,hatchback,,hatchback,propose,https://tfkvthprsntexrcuqpyd.supabase.co/storage/v1/object/public/car-renders/finished/volvo/volvo-c30-vow1-v1/hero.jpg
volvo-v50-vow1-v1,volvo,V50,,estate,estate,,estate,propose,https://tfkvthprsntexrcuqpyd.supabase.co/storage/v1/object/public/car-renders/finished/volvo/volvo-v50-vow1-v1/hero.jpg
volvo-c70-2000-vow1-v1,volvo,C70,,coupe,coupe,,coupe,propose,https://tfkvthprsntexrcuqpyd.supabase.co/storage/v1/object/public/car-renders/finished/volvo/volvo-c70-2000-vow1-v1/hero.jpg
volvo-pv4-vow1-v1,volvo,PV4,,saloon,saloon,,saloon,propose,https://tfkvthprsntexrcuqpyd.supabase.co/storage/v1/object/public/car-renders/finished/volvo/volvo-pv4-vow1-v1/hero.jpg
mazda-323-1978-mzw1-v1,mazda,323,,hatchback,hatchback,,hatchback,propose,https://tfkvthprsntexrcuqpyd.supabase.co/storage/v1/object/public/car-renders/finished/mazda/mazda-323-1978-mzw1-v1/hero.jpg
mazda-323-mzw1-v1,mazda,323,,saloon,saloon,,saloon,propose,https://tfkvthprsntexrcuqpyd.supabase.co/storage/v1/object/public/car-renders/finished/mazda/mazda-323-mzw1-v1/hero.jpg
volvo-740-vow1-v1,volvo,740,,saloon,saloon,,saloon,propose,https://tfkvthprsntexrcuqpyd.supabase.co/storage/v1/object/public/car-renders/finished/volvo/volvo-740-vow1-v1/hero.jpg
volvo-240-vow1-v1,volvo,240,,saloon,saloon,,saloon,propose,https://tfkvthprsntexrcuqpyd.supabase.co/storage/v1/object/public/car-renders/finished/volvo/volvo-240-vow1-v1/hero.jpg
mazda-626-1997-mzw1-v1,mazda,626,,saloon,saloon,,saloon,propose,https://tfkvthprsntexrcuqpyd.supabase.co/storage/v1/object/public/car-renders/finished/mazda/mazda-626-1997-mzw1-v1/hero.jpg
mazda-cx-8-2020-mzw1-v1,mazda,CX-8,,suv,suv,,suv,propose,https://tfkvthprsntexrcuqpyd.supabase.co/storage/v1/object/public/car-renders/finished/mazda/mazda-cx-8-2020-mzw1-v1/hero.jpg
mazda-mpv-2002-mzw1-v1,mazda,MPV,,mpv,mpv,,mpv,propose,https://tfkvthprsntexrcuqpyd.supabase.co/storage/v1/object/public/car-renders/finished/mazda/mazda-mpv-2002-mzw1-v1/hero.jpg
mazda-cx-5-2020-mzw1-v1,mazda,CX-5,,suv,suv,,suv,propose,https://tfkvthprsntexrcuqpyd.supabase.co/storage/v1/object/public/car-renders/finished/mazda/mazda-cx-5-2020-mzw1-v1/hero.jpg
mazda-mx-5-2009-mzw1-v1,mazda,MX-5,,convertible,convertible,,convertible,propose,https://tfkvthprsntexrcuqpyd.supabase.co/storage/v1/object/public/car-renders/finished/mazda/mazda-mx-5-2009-mzw1-v1/hero.jpg
mazda-mx-3-mzw1-v1,mazda,MX-3,,coupe,coupe,,coupe,propose,https://tfkvthprsntexrcuqpyd.supabase.co/storage/v1/object/public/car-renders/finished/mazda/mazda-mx-3-mzw1-v1/hero.jpg
mazda-mx-5-1998-mzw1-v1,mazda,MX-5,,convertible,coupe,,,REVIEW (models disagree),https://tfkvthprsntexrcuqpyd.supabase.co/storage/v1/object/public/car-renders/finished/mazda/mazda-mx-5-1998-mzw1-v1/hero.jpg
mazda-mx-5-1989-mzw1-v1,mazda,MX-5,,convertible,convertible,,convertible,propose,https://tfkvthprsntexrcuqpyd.supabase.co/storage/v1/object/public/car-renders/finished/mazda/mazda-mx-5-1989-mzw1-v1/hero.jpg
mazda-mx-6-1992-mzw1-v1,mazda,MX-6,,coupe,coupe,,coupe,propose,https://tfkvthprsntexrcuqpyd.supabase.co/storage/v1/object/public/car-renders/finished/mazda/mazda-mx-6-1992-mzw1-v1/hero.jpg
mazda-mazda-2-2011-mzw1-v1,mazda,Mazda 2,,hatchback,hatchback,,hatchback,propose,https://tfkvthprsntexrcuqpyd.supabase.co/storage/v1/object/public/car-renders/finished/mazda/mazda-mazda-2-2011-mzw1-v1/hero.jpg
mazda-mazda-3-mzw1-v1,mazda,Mazda 3,,hatchback,hatchback,,hatchback,propose,https://tfkvthprsntexrcuqpyd.supabase.co/storage/v1/object/public/car-renders/finished/mazda/mazda-mazda-3-mzw1-v1/hero.jpg
mazda-mazda-3-2003-mzw1-v1,mazda,Mazda 3,,hatchback,hatchback,,hatchback,propose,https://tfkvthprsntexrcuqpyd.supabase.co/storage/v1/object/public/car-renders/finished/mazda/mazda-mazda-3-2003-mzw1-v1/hero.jpg
mazda-mazda-3-2007-mzw1-v1,mazda,Mazda 3,,hatchback,hatchback,,hatchback,propose,https://tfkvthprsntexrcuqpyd.supabase.co/storage/v1/object/public/car-renders/finished/mazda/mazda-mazda-3-2007-mzw1-v1/hero.jpg
mazda-mazda-3-2003-mzw1-v2,mazda,Mazda 3,,saloon,saloon,,saloon,propose,https://tfkvthprsntexrcuqpyd.supabase.co/storage/v1/object/public/car-renders/finished/mazda/mazda-mazda-3-2003-mzw1-v2/hero.jpg
mazda-mazda-3-2005-mzw1-v1,mazda,Mazda 3,,saloon,saloon,,saloon,propose,https://tfkvthprsntexrcuqpyd.supabase.co/storage/v1/object/public/car-renders/finished/mazda/mazda-mazda-3-2005-mzw1-v1/hero.jpg
mazda-mazda-3-2010-mzw1-v1,mazda,Mazda 3,,hatchback,hatchback,,hatchback,propose,https://tfkvthprsntexrcuqpyd.supabase.co/storage/v1/object/public/car-renders/finished/mazda/mazda-mazda-3-2010-mzw1-v1/hero.jpg
mazda-mazda-3-2020-mzw1-v2,mazda,Mazda 3,,hatchback,hatchback,,hatchback,propose,https://tfkvthprsntexrcuqpyd.supabase.co/storage/v1/object/public/car-renders/finished/mazda/mazda-mazda-3-2020-mzw1-v2/hero.jpg
mazda-mazda-3-2011-mzw1-v1,mazda,Mazda 3,,saloon,saloon,,saloon,propose,https://tfkvthprsntexrcuqpyd.supabase.co/storage/v1/object/public/car-renders/finished/mazda/mazda-mazda-3-2011-mzw1-v1/hero.jpg
mazda-mazda-3-2020-mzw1-v1,mazda,Mazda 3,,hatchback,hatchback,,hatchback,propose,https://tfkvthprsntexrcuqpyd.supabase.co/storage/v1/object/public/car-renders/finished/mazda/mazda-mazda-3-2020-mzw1-v1/hero.jpg
mazda-mazda-6-mzw1-v1,mazda,Mazda 6,,saloon,saloon,,saloon,propose,https://tfkvthprsntexrcuqpyd.supabase.co/storage/v1/object/public/car-renders/finished/mazda/mazda-mazda-6-mzw1-v1/hero.jpg
mazda-mazda-6-2002-mzw1-v1,mazda,Mazda 6,,saloon,saloon,,saloon,propose,https://tfkvthprsntexrcuqpyd.supabase.co/storage/v1/object/public/car-renders/finished/mazda/mazda-mazda-6-2002-mzw1-v1/hero.jpg
mazda-mazda-6-mzw1-v2,mazda,Mazda 6,,saloon,saloon,,saloon,propose,https://tfkvthprsntexrcuqpyd.supabase.co/storage/v1/object/public/car-renders/finished/mazda/mazda-mazda-6-mzw1-v2/hero.jpg
mazda-rx-7-1985-mzw1-v1,mazda,RX-7,,coupe,coupe,,coupe,propose,https://tfkvthprsntexrcuqpyd.supabase.co/storage/v1/object/public/car-renders/finished/mazda/mazda-rx-7-1985-mzw1-v1/hero.jpg
mazda-rx-7-1999-mzw1-v1,mazda,RX-7,,coupe,coupe,,coupe,propose,https://tfkvthprsntexrcuqpyd.supabase.co/storage/v1/object/public/car-renders/finished/mazda/mazda-rx-7-1999-mzw1-v1/hero.jpg
mazda-rx-8-2011-mzw1-v1,mazda,RX-8,,coupe,coupe,,coupe,propose,https://tfkvthprsntexrcuqpyd.supabase.co/storage/v1/object/public/car-renders/finished/mazda/mazda-rx-8-2011-mzw1-v1/hero.jpg
mazda-xedos-6-1992-mzw1-v1,mazda,Xedos 6,,saloon,saloon,,saloon,propose,https://tfkvthprsntexrcuqpyd.supabase.co/storage/v1/object/public/car-renders/finished/mazda/mazda-xedos-6-1992-mzw1-v1/hero.jpg
nissan-juke-2023-cr1-v1,nissan,Juke,,suv,suv,,suv,propose,https://tfkvthprsntexrcuqpyd.supabase.co/storage/v1/object/public/car-renders/finished/nissan/nissan-juke-2023-cr1-v1/hero.jpg
ford-fiesta-st-2019-fo1-v1,ford,Fiesta ST,,hatchback,hatchback,,hatchback,propose,https://tfkvthprsntexrcuqpyd.supabase.co/storage/v1/object/public/car-renders/finished/ford/ford-fiesta-st-2019-fo1-v1/hero.jpg
vauxhall-astra-2022-cr1-v1,vauxhall,Astra,,hatchback,hatchback,,hatchback,propose,https://tfkvthprsntexrcuqpyd.supabase.co/storage/v1/object/public/car-renders/finished/vauxhall/vauxhall-astra-2022-cr1-v1/hero.jpg
hyundai-tucson-2022-ht1-v1,hyundai,Tucson,,suv,suv,,suv,propose,https://tfkvthprsntexrcuqpyd.supabase.co/storage/v1/object/public/car-renders/finished/hyundai/hyundai-tucson-2022-ht1-v1/hero.jpg
kia-sportage-2023-m1-v1,kia,Sportage,,suv,suv,,suv,propose,https://tfkvthprsntexrcuqpyd.supabase.co/storage/v1/object/public/car-renders/finished/kia/kia-sportage-2023-m1-v1/hero.jpg
toyota-rav4-2021-cr4-v1,toyota,RAV4,,suv,suv,,suv,propose,https://tfkvthprsntexrcuqpyd.supabase.co/storage/v1/object/public/car-renders/finished/toyota/toyota-rav4-2021-cr4-v1/hero.jpg
skoda-octavia-2025-m1-v1,skoda,Octavia,,saloon,saloon,,saloon,propose,https://tfkvthprsntexrcuqpyd.supabase.co/storage/v1/object/public/car-renders/finished/skoda/skoda-octavia-2025-m1-v1/hero.jpg
kia-picanto-2024-m1-v1,kia,Picanto,,hatchback,hatchback,,hatchback,propose,https://tfkvthprsntexrcuqpyd.supabase.co/storage/v1/object/public/car-renders/finished/kia/kia-picanto-2024-m1-v1/hero.jpg
mg-zs-2025-m1-v1,mg,ZS,,suv,suv,,suv,propose,https://tfkvthprsntexrcuqpyd.supabase.co/storage/v1/object/public/car-renders/finished/mg/mg-zs-2025-m1-v1/hero.jpg
mg-mg4-2025-m1-v1,mg,MG4,,hatchback,hatchback,,hatchback,propose,https://tfkvthprsntexrcuqpyd.supabase.co/storage/v1/object/public/car-renders/finished/mg/mg-mg4-2025-m1-v1/hero.jpg
ford-mondeo-2021-cr3-v1,ford,Mondeo,,estate,estate,,estate,propose,https://tfkvthprsntexrcuqpyd.supabase.co/storage/v1/object/public/car-renders/finished/ford/ford-mondeo-2021-cr3-v1/hero.jpg
mg-mg3-2025-m1-v1,mg,MG3,,hatchback,hatchback,,hatchback,propose,https://tfkvthprsntexrcuqpyd.supabase.co/storage/v1/object/public/car-renders/finished/mg/mg-mg3-2025-m1-v1/hero.jpg
