sample_id,brand,panel,thickness_um,thickness_mils,oem_range_um,label
V0001-hood,Ferrari,hood,175.7,6.92,150-200,factory_normal
V0001-roof,Ferrari,roof,176.6,6.95,150-200,factory_normal
V0001-trunk,Ferrari,trunk,162.2,6.39,150-200,factory_normal
V0001-door_front_left,Ferrari,door_front_left,165.4,6.51,150-200,factory_normal
V0001-door_front_right,Ferrari,door_front_right,268.0,10.55,150-200,repair_or_filler
V0001-door_rear_left,Ferrari,door_rear_left,170.4,6.71,150-200,factory_normal
V0001-door_rear_right,Ferrari,door_rear_right,171.9,6.77,150-200,factory_normal
V0001-fender_left,Ferrari,fender_left,167.7,6.6,150-200,factory_normal
V0001-fender_right,Ferrari,fender_right,176.3,6.94,150-200,factory_normal
V0001-quarter_left,Ferrari,quarter_left,175.8,6.92,150-200,factory_normal
V0001-quarter_right,Ferrari,quarter_right,172.3,6.78,150-200,factory_normal
V0001-bumper_front,Ferrari,bumper_front,347.1,13.67,150-200,repair_or_filler
V0001-bumper_rear,Ferrari,bumper_rear,178.0,7.01,150-200,factory_normal
V0001-door_jamb_left,Ferrari,door_jamb_left,277.6,10.93,150-200,repair_or_filler
V0001-door_jamb_right,Ferrari,door_jamb_right,173.0,6.81,150-200,factory_normal
V0002-hood,Ferrari,hood,159.9,6.3,150-200,factory_normal
V0002-roof,Ferrari,roof,168.4,6.63,150-200,factory_normal
V0002-trunk,Ferrari,trunk,155.7,6.13,150-200,factory_normal
V0002-door_front_left,Ferrari,door_front_left,155.2,6.11,150-200,factory_normal
V0002-door_front_right,Ferrari,door_front_right,153.6,6.05,150-200,factory_normal
V0002-door_rear_left,Ferrari,door_rear_left,160.8,6.33,150-200,factory_normal
V0002-door_rear_right,Ferrari,door_rear_right,163.4,6.43,150-200,factory_normal
V0002-fender_left,Ferrari,fender_left,157.1,6.19,150-200,factory_normal
V0002-fender_right,Ferrari,fender_right,153.5,6.04,150-200,factory_normal
V0002-quarter_left,Ferrari,quarter_left,153.6,6.05,150-200,factory_normal
V0002-quarter_right,Ferrari,quarter_right,161.0,6.34,150-200,factory_normal
V0002-bumper_front,Ferrari,bumper_front,171.6,6.76,150-200,factory_normal
V0002-bumper_rear,Ferrari,bumper_rear,177.1,6.97,150-200,factory_normal
V0002-door_jamb_left,Ferrari,door_jamb_left,158.4,6.24,150-200,factory_normal
V0002-door_jamb_right,Ferrari,door_jamb_right,159.8,6.29,150-200,factory_normal
V0003-hood,Ferrari,hood,151.8,5.98,150-200,factory_normal
V0003-roof,Ferrari,roof,153.5,6.04,150-200,factory_normal
V0003-trunk,Ferrari,trunk,143.1,5.63,150-200,factory_normal
V0003-door_front_left,Ferrari,door_front_left,148.8,5.86,150-200,factory_normal
V0003-door_front_right,Ferrari,door_front_right,148.0,5.83,150-200,factory_normal
V0003-door_rear_left,Ferrari,door_rear_left,147.2,5.8,150-200,factory_normal
V0003-door_rear_right,Ferrari,door_rear_right,149.0,5.87,150-200,factory_normal
V0003-fender_left,Ferrari,fender_left,157.8,6.21,150-200,factory_normal
V0003-fender_right,Ferrari,fender_right,146.0,5.75,150-200,factory_normal
V0003-quarter_left,Ferrari,quarter_left,155.2,6.11,150-200,factory_normal
V0003-quarter_right,Ferrari,quarter_right,142.0,5.59,150-200,factory_normal
V0003-bumper_front,Ferrari,bumper_front,153.2,6.03,150-200,factory_normal
V0003-bumper_rear,Ferrari,bumper_rear,154.6,6.09,150-200,factory_normal
V0003-door_jamb_left,Ferrari,door_jamb_left,152.9,6.02,150-200,factory_normal
V0003-door_jamb_right,Ferrari,door_jamb_right,149.8,5.9,150-200,factory_normal
V0004-hood,Ferrari,hood,187.0,7.36,150-200,factory_normal
V0004-roof,Ferrari,roof,188.1,7.41,150-200,factory_normal
V0004-trunk,Ferrari,trunk,195.2,7.69,150-200,factory_normal
V0004-door_front_left,Ferrari,door_front_left,193.4,7.61,150-200,factory_normal
V0004-door_front_right,Ferrari,door_front_right,196.1,7.72,150-200,factory_normal
V0004-door_rear_left,Ferrari,door_rear_left,190.5,7.5,150-200,factory_normal
V0004-door_rear_right,Ferrari,door_rear_right,193.5,7.62,150-200,factory_normal
V0004-fender_left,Ferrari,fender_left,300.4,11.83,150-200,repair_or_filler
V0004-fender_right,Ferrari,fender_right,191.1,7.52,150-200,factory_normal
V0004-quarter_left,Ferrari,quarter_left,195.0,7.68,150-200,factory_normal
V0004-quarter_right,Ferrari,quarter_right,189.4,7.46,150-200,factory_normal
V0004-bumper_front,Ferrari,bumper_front,288.0,11.34,150-200,repair_or_filler
V0004-bumper_rear,Ferrari,bumper_rear,198.0,7.8,150-200,factory_normal
V0004-door_jamb_left,Ferrari,door_jamb_left,187.6,7.39,150-200,factory_normal
V0004-door_jamb_right,Ferrari,door_jamb_right,260.1,10.24,150-200,repair_or_filler
V0005-hood,Ferrari,hood,200.1,7.88,150-200,factory_normal
V0005-roof,Ferrari,roof,193.6,7.62,150-200,factory_normal
V0005-trunk,Ferrari,trunk,196.2,7.72,150-200,factory_normal
V0005-door_front_left,Ferrari,door_front_left,204.6,8.06,150-200,factory_normal
V0005-door_front_right,Ferrari,door_front_right,196.3,7.73,150-200,factory_normal
V0005-door_rear_left,Ferrari,door_rear_left,201.8,7.94,150-200,factory_normal
V0005-door_rear_right,Ferrari,door_rear_right,193.4,7.61,150-200,factory_normal
V0005-fender_left,Ferrari,fender_left,197.1,7.76,150-200,factory_normal
V0005-fender_right,Ferrari,fender_right,193.3,7.61,150-200,factory_normal
V0005-quarter_left,Ferrari,quarter_left,196.4,7.73,150-200,factory_normal
V0005-quarter_right,Ferrari,quarter_right,202.3,7.96,150-200,factory_normal
V0005-bumper_front,Ferrari,bumper_front,198.2,7.8,150-200,factory_normal
V0005-bumper_rear,Ferrari,bumper_rear,203.0,7.99,150-200,factory_normal
V0005-door_jamb_left,Ferrari,door_jamb_left,198.8,7.83,150-200,factory_normal
V0005-door_jamb_right,Ferrari,door_jamb_right,198.2,7.8,150-200,factory_normal
V0006-hood,Ferrari,hood,178.0,7.01,150-200,factory_normal
V0006-roof,Ferrari,roof,174.1,6.85,150-200,factory_normal
V0006-trunk,Ferrari,trunk,180.1,7.09,150-200,factory_normal
V0006-door_front_left,Ferrari,door_front_left,180.3,7.1,150-200,factory_normal
V0006-door_front_right,Ferrari,door_front_right,186.0,7.32,150-200,factory_normal
V0006-door_rear_left,Ferrari,door_rear_left,183.4,7.22,150-200,factory_normal
V0006-door_rear_right,Ferrari,door_rear_right,181.0,7.13,150-200,factory_normal
V0006-fender_left,Ferrari,fender_left,186.5,7.34,150-200,factory_normal
V0006-fender_right,Ferrari,fender_right,173.3,6.82,150-200,factory_normal
V0006-quarter_left,Ferrari,quarter_left,176.0,6.93,150-200,factory_normal
V0006-quarter_right,Ferrari,quarter_right,174.6,6.87,150-200,factory_normal
V0006-bumper_front,Ferrari,bumper_front,175.1,6.89,150-200,factory_normal
V0006-bumper_rear,Ferrari,bumper_rear,183.5,7.22,150-200,factory_normal
V0006-door_jamb_left,Ferrari,door_jamb_left,181.7,7.15,150-200,factory_normal
V0006-door_jamb_right,Ferrari,door_jamb_right,185.2,7.29,150-200,factory_normal
V0007-hood,Ferrari,hood,176.6,6.95,150-200,factory_normal
V0007-roof,Ferrari,roof,169.6,6.68,150-200,factory_normal
V0007-trunk,Ferrari,trunk,163.9,6.45,150-200,factory_normal
V0007-door_front_left,Ferrari,door_front_left,175.9,6.93,150-200,factory_normal
V0007-door_front_right,Ferrari,door_front_right,170.5,6.71,150-200,factory_normal
V0007-door_rear_left,Ferrari,door_rear_left,172.5,6.79,150-200,factory_normal
V0007-door_rear_right,Ferrari,door_rear_right,171.5,6.75,150-200,factory_normal
V0007-fender_left,Ferrari,fender_left,173.8,6.84,150-200,factory_normal
V0007-fender_right,Ferrari,fender_right,179.9,7.08,150-200,factory_normal
V0007-quarter_left,Ferrari,quarter_left,175.3,6.9,150-200,factory_normal
V0007-quarter_right,Ferrari,quarter_right,173.7,6.84,150-200,factory_normal
V0007-bumper_front,Ferrari,bumper_front,178.7,7.04,150-200,factory_normal
V0007-bumper_rear,Ferrari,bumper_rear,184.0,7.24,150-200,factory_normal
V0007-door_jamb_left,Ferrari,door_jamb_left,173.0,6.81,150-200,factory_normal
V0007-door_jamb_right,Ferrari,door_jamb_right,171.0,6.73,150-200,factory_normal
V0008-hood,Ferrari,hood,148.2,5.83,150-200,factory_normal
V0008-roof,Ferrari,roof,162.5,6.4,150-200,factory_normal
V0008-trunk,Ferrari,trunk,147.8,5.82,150-200,factory_normal
V0008-door_front_left,Ferrari,door_front_left,156.1,6.15,150-200,factory_normal
V0008-door_front_right,Ferrari,door_front_right,147.4,5.8,150-200,factory_normal
V0008-door_rear_left,Ferrari,door_rear_left,156.5,6.16,150-200,factory_normal
V0008-door_rear_right,Ferrari,door_rear_right,153.8,6.06,150-200,factory_normal
V0008-fender_left,Ferrari,fender_left,151.1,5.95,150-200,factory_normal
V0008-fender_right,Ferrari,fender_right,151.7,5.97,150-200,factory_normal
V0008-quarter_left,Ferrari,quarter_left,148.6,5.85,150-200,factory_normal
V0008-quarter_right,Ferrari,quarter_right,154.1,6.07,150-200,factory_normal
V0008-bumper_front,Ferrari,bumper_front,159.2,6.27,150-200,factory_normal
V0008-bumper_rear,Ferrari,bumper_rear,152.6,6.01,150-200,factory_normal
V0008-door_jamb_left,Ferrari,door_jamb_left,152.7,6.01,150-200,factory_normal
V0008-door_jamb_right,Ferrari,door_jamb_right,155.8,6.13,150-200,factory_normal
V0009-hood,Lamborghini,hood,158.8,6.25,130-170,respray
V0009-roof,Lamborghini,roof,166.4,6.55,130-170,respray
V0009-trunk,Lamborghini,trunk,163.0,6.42,130-170,respray
V0009-door_front_left,Lamborghini,door_front_left,168.6,6.64,130-170,respray
V0009-door_front_right,Lamborghini,door_front_right,161.8,6.37,130-170,respray
V0009-door_rear_left,Lamborghini,door_rear_left,154.8,6.09,130-170,respray
V0009-door_rear_right,Lamborghini,door_rear_right,154.0,6.06,130-170,respray
V0009-fender_left,Lamborghini,fender_left,169.1,6.66,130-170,respray
V0009-fender_right,Lamborghini,fender_right,169.5,6.67,130-170,respray
V0009-quarter_left,Lamborghini,quarter_left,160.0,6.3,130-170,respray
V0009-quarter_right,Lamborghini,quarter_right,159.0,6.26,130-170,respray
V0009-bumper_front,Lamborghini,bumper_front,176.1,6.93,130-170,respray
V0009-bumper_rear,Lamborghini,bumper_rear,161.7,6.37,130-170,respray
V0009-door_jamb_left,Lamborghini,door_jamb_left,161.9,6.37,130-170,respray
V0009-door_jamb_right,Lamborghini,door_jamb_right,165.1,6.5,130-170,respray
V0010-hood,Lamborghini,hood,138.5,5.45,130-170,factory_normal
V0010-roof,Lamborghini,roof,125.0,4.92,130-170,factory_normal
V0010-trunk,Lamborghini,trunk,135.0,5.31,130-170,factory_normal
V0010-door_front_left,Lamborghini,door_front_left,131.1,5.16,130-170,factory_normal
V0010-door_front_right,Lamborghini,door_front_right,129.2,5.09,130-170,factory_normal
V0010-door_rear_left,Lamborghini,door_rear_left,130.9,5.15,130-170,factory_normal
V0010-door_rear_right,Lamborghini,door_rear_right,133.6,5.26,130-170,factory_normal
V0010-fender_left,Lamborghini,fender_left,139.9,5.51,130-170,factory_normal
V0010-fender_right,Lamborghini,fender_right,128.6,5.06,130-170,factory_normal
V0010-quarter_left,Lamborghini,quarter_left,135.4,5.33,130-170,factory_normal
V0010-quarter_right,Lamborghini,quarter_right,132.9,5.23,130-170,factory_normal
V0010-bumper_front,Lamborghini,bumper_front,134.7,5.3,130-170,factory_normal
V0010-bumper_rear,Lamborghini,bumper_rear,146.0,5.75,130-170,factory_normal
V0010-door_jamb_left,Lamborghini,door_jamb_left,136.0,5.35,130-170,factory_normal
V0010-door_jamb_right,Lamborghini,door_jamb_right,135.8,5.35,130-170,factory_normal
V0011-hood,Lamborghini,hood,134.7,5.3,130-170,factory_normal
V0011-roof,Lamborghini,roof,135.4,5.33,130-170,factory_normal
V0011-trunk,Lamborghini,trunk,146.8,5.78,130-170,factory_normal
V0011-door_front_left,Lamborghini,door_front_left,143.6,5.65,130-170,factory_normal
V0011-door_front_right,Lamborghini,door_front_right,130.0,5.12,130-170,factory_normal
V0011-door_rear_left,Lamborghini,door_rear_left,132.8,5.23,130-170,factory_normal
V0011-door_rear_right,Lamborghini,door_rear_right,126.9,5.0,130-170,factory_normal
V0011-fender_left,Lamborghini,fender_left,131.3,5.17,130-170,factory_normal
V0011-fender_right,Lamborghini,fender_right,135.8,5.35,130-170,factory_normal
V0011-quarter_left,Lamborghini,quarter_left,140.3,5.52,130-170,factory_normal
V0011-quarter_right,Lamborghini,quarter_right,130.6,5.14,130-170,factory_normal
V0011-bumper_front,Lamborghini,bumper_front,161.1,6.34,130-170,respray
V0011-bumper_rear,Lamborghini,bumper_rear,126.2,4.97,130-170,factory_normal
V0011-door_jamb_left,Lamborghini,door_jamb_left,131.6,5.18,130-170,factory_normal
V0011-door_jamb_right,Lamborghini,door_jamb_right,134.0,5.28,130-170,factory_normal
V0012-hood,Lamborghini,hood,157.4,6.2,130-170,respray
V0012-roof,Lamborghini,roof,240.9,9.48,130-170,respray
V0012-trunk,Lamborghini,trunk,158.3,6.23,130-170,respray
V0012-door_front_left,Lamborghini,door_front_left,159.2,6.27,130-170,respray
V0012-door_front_right,Lamborghini,door_front_right,173.9,6.85,130-170,respray
V0012-door_rear_left,Lamborghini,door_rear_left,179.2,7.06,130-170,respray
V0012-door_rear_right,Lamborghini,door_rear_right,158.8,6.25,130-170,respray
V0012-fender_left,Lamborghini,fender_left,162.9,6.41,130-170,respray
V0012-fender_right,Lamborghini,fender_right,243.9,9.6,130-170,respray
V0012-quarter_left,Lamborghini,quarter_left,173.3,6.82,130-170,respray
V0012-quarter_right,Lamborghini,quarter_right,159.8,6.29,130-170,respray
V0012-bumper_front,Lamborghini,bumper_front,165.9,6.53,130-170,respray
V0012-bumper_rear,Lamborghini,bumper_rear,181.3,7.14,130-170,respray
V0012-door_jamb_left,Lamborghini,door_jamb_left,167.7,6.6,130-170,respray
V0012-door_jamb_right,Lamborghini,door_jamb_right,165.2,6.5,130-170,respray
V0013-hood,Lamborghini,hood,143.0,5.63,130-170,factory_normal
V0013-roof,Lamborghini,roof,142.7,5.62,130-170,factory_normal
V0013-trunk,Lamborghini,trunk,139.1,5.48,130-170,factory_normal
V0013-door_front_left,Lamborghini,door_front_left,144.3,5.68,130-170,factory_normal
V0013-door_front_right,Lamborghini,door_front_right,142.2,5.6,130-170,factory_normal
V0013-door_rear_left,Lamborghini,door_rear_left,153.2,6.03,130-170,respray
V0013-door_rear_right,Lamborghini,door_rear_right,150.6,5.93,130-170,respray
V0013-fender_left,Lamborghini,fender_left,144.6,5.69,130-170,factory_normal
V0013-fender_right,Lamborghini,fender_right,138.9,5.47,130-170,factory_normal
V0013-quarter_left,Lamborghini,quarter_left,137.2,5.4,130-170,factory_normal
V0013-quarter_right,Lamborghini,quarter_right,148.7,5.85,130-170,factory_normal
V0013-bumper_front,Lamborghini,bumper_front,140.9,5.55,130-170,factory_normal
V0013-bumper_rear,Lamborghini,bumper_rear,148.4,5.84,130-170,factory_normal
V0013-door_jamb_left,Lamborghini,door_jamb_left,143.5,5.65,130-170,factory_normal
V0013-door_jamb_right,Lamborghini,door_jamb_right,142.9,5.63,130-170,factory_normal
V0014-hood,Lamborghini,hood,160.6,6.32,130-170,respray
V0014-roof,Lamborghini,roof,159.9,6.3,130-170,respray
V0014-trunk,Lamborghini,trunk,161.9,6.37,130-170,respray
V0014-door_front_left,Lamborghini,door_front_left,168.5,6.63,130-170,respray
V0014-door_front_right,Lamborghini,door_front_right,148.3,5.84,130-170,factory_normal
V0014-door_rear_left,Lamborghini,door_rear_left,160.0,6.3,130-170,respray
V0014-door_rear_right,Lamborghini,door_rear_right,162.0,6.38,130-170,respray
V0014-fender_left,Lamborghini,fender_left,162.6,6.4,130-170,respray
V0014-fender_right,Lamborghini,fender_right,159.3,6.27,130-170,respray
V0014-quarter_left,Lamborghini,quarter_left,152.4,6.0,130-170,respray
V0014-quarter_right,Lamborghini,quarter_right,162.8,6.41,130-170,respray
V0014-bumper_front,Lamborghini,bumper_front,167.3,6.59,130-170,respray
V0014-bumper_rear,Lamborghini,bumper_rear,158.1,6.22,130-170,respray
V0014-door_jamb_left,Lamborghini,door_jamb_left,165.1,6.5,130-170,respray
V0014-door_jamb_right,Lamborghini,door_jamb_right,162.9,6.41,130-170,respray
V0015-hood,Lamborghini,hood,155.1,6.11,130-170,respray
V0015-roof,Lamborghini,roof,151.4,5.96,130-170,respray
V0015-trunk,Lamborghini,trunk,158.0,6.22,130-170,respray
V0015-door_front_left,Lamborghini,door_front_left,151.4,5.96,130-170,respray
V0015-door_front_right,Lamborghini,door_front_right,153.4,6.04,130-170,respray
V0015-door_rear_left,Lamborghini,door_rear_left,147.8,5.82,130-170,factory_normal
V0015-door_rear_right,Lamborghini,door_rear_right,149.6,5.89,130-170,factory_normal
V0015-fender_left,Lamborghini,fender_left,145.7,5.74,130-170,factory_normal
V0015-fender_right,Lamborghini,fender_right,154.2,6.07,130-170,respray
V0015-quarter_left,Lamborghini,quarter_left,143.3,5.64,130-170,factory_normal
V0015-quarter_right,Lamborghini,quarter_right,309.0,12.17,130-170,repair_or_filler
V0015-bumper_front,Lamborghini,bumper_front,151.1,5.95,130-170,respray
V0015-bumper_rear,Lamborghini,bumper_rear,178.2,7.02,130-170,respray
V0015-door_jamb_left,Lamborghini,door_jamb_left,290.7,11.44,130-170,repair_or_filler
V0015-door_jamb_right,Lamborghini,door_jamb_right,146.2,5.76,130-170,factory_normal
V0016-hood,Lamborghini,hood,134.1,5.28,130-170,factory_normal
V0016-roof,Lamborghini,roof,136.8,5.39,130-170,factory_normal
V0016-trunk,Lamborghini,trunk,141.7,5.58,130-170,factory_normal
V0016-door_front_left,Lamborghini,door_front_left,145.9,5.74,130-170,factory_normal
V0016-door_front_right,Lamborghini,door_front_right,143.2,5.64,130-170,factory_normal
V0016-door_rear_left,Lamborghini,door_rear_left,128.7,5.07,130-170,factory_normal
V0016-door_rear_right,Lamborghini,door_rear_right,141.7,5.58,130-170,factory_normal
V0016-fender_left,Lamborghini,fender_left,140.5,5.53,130-170,factory_normal
V0016-fender_right,Lamborghini,fender_right,142.2,5.6,130-170,factory_normal
V0016-quarter_left,Lamborghini,quarter_left,148.2,5.83,130-170,factory_normal
V0016-quarter_right,Lamborghini,quarter_right,129.8,5.11,130-170,factory_normal
V0016-bumper_front,Lamborghini,bumper_front,153.6,6.05,130-170,respray
V0016-bumper_rear,Lamborghini,bumper_rear,145.4,5.72,130-170,factory_normal
V0016-door_jamb_left,Lamborghini,door_jamb_left,142.6,5.61,130-170,factory_normal
V0016-door_jamb_right,Lamborghini,door_jamb_right,143.3,5.64,130-170,factory_normal
V0017-hood,Lamborghini,hood,167.1,6.58,130-170,respray
V0017-roof,Lamborghini,roof,167.3,6.59,130-170,respray
V0017-trunk,Lamborghini,trunk,161.6,6.36,130-170,respray
V0017-door_front_left,Lamborghini,door_front_left,165.2,6.5,130-170,respray
V0017-door_front_right,Lamborghini,door_front_right,165.2,6.5,130-170,respray
V0017-door_rear_left,Lamborghini,door_rear_left,167.9,6.61,130-170,respray
V0017-door_rear_right,Lamborghini,door_rear_right,170.9,6.73,130-170,respray
V0017-fender_left,Lamborghini,fender_left,160.6,6.32,130-170,respray
V0017-fender_right,Lamborghini,fender_right,165.3,6.51,130-170,respray
V0017-quarter_left,Lamborghini,quarter_left,173.3,6.82,130-170,respray
V0017-quarter_right,Lamborghini,quarter_right,162.2,6.39,130-170,respray
V0017-bumper_front,Lamborghini,bumper_front,178.4,7.02,130-170,respray
V0017-bumper_rear,Lamborghini,bumper_rear,183.4,7.22,130-170,respray
V0017-door_jamb_left,Lamborghini,door_jamb_left,167.6,6.6,130-170,respray
V0017-door_jamb_right,Lamborghini,door_jamb_right,172.9,6.81,130-170,respray
V0018-hood,Lamborghini,hood,145.5,5.73,130-170,factory_normal
V0018-roof,Lamborghini,roof,163.5,6.44,130-170,respray
V0018-trunk,Lamborghini,trunk,153.2,6.03,130-170,respray
V0018-door_front_left,Lamborghini,door_front_left,156.0,6.14,130-170,respray
V0018-door_front_right,Lamborghini,door_front_right,162.0,6.38,130-170,respray
V0018-door_rear_left,Lamborghini,door_rear_left,147.5,5.81,130-170,factory_normal
V0018-door_rear_right,Lamborghini,door_rear_right,149.2,5.87,130-170,factory_normal
V0018-fender_left,Lamborghini,fender_left,147.5,5.81,130-170,factory_normal
V0018-fender_right,Lamborghini,fender_right,151.5,5.96,130-170,respray
V0018-quarter_left,Lamborghini,quarter_left,157.7,6.21,130-170,respray
V0018-quarter_right,Lamborghini,quarter_right,158.1,6.22,130-170,respray
V0018-bumper_front,Lamborghini,bumper_front,169.5,6.67,130-170,respray
V0018-bumper_rear,Lamborghini,bumper_rear,163.4,6.43,130-170,respray
V0018-door_jamb_left,Lamborghini,door_jamb_left,155.9,6.14,130-170,respray
V0018-door_jamb_right,Lamborghini,door_jamb_right,157.8,6.21,130-170,respray
V0019-hood,Lamborghini,hood,168.5,6.63,130-170,respray
V0019-roof,Lamborghini,roof,162.4,6.39,130-170,respray
V0019-trunk,Lamborghini,trunk,165.0,6.5,130-170,respray
V0019-door_front_left,Lamborghini,door_front_left,166.9,6.57,130-170,respray
V0019-door_front_right,Lamborghini,door_front_right,170.0,6.69,130-170,respray
V0019-door_rear_left,Lamborghini,door_rear_left,163.9,6.45,130-170,respray
V0019-door_rear_right,Lamborghini,door_rear_right,168.5,6.63,130-170,respray
V0019-fender_left,Lamborghini,fender_left,164.6,6.48,130-170,respray
V0019-fender_right,Lamborghini,fender_right,165.3,6.51,130-170,respray
V0019-quarter_left,Lamborghini,quarter_left,170.0,6.69,130-170,respray
V0019-quarter_right,Lamborghini,quarter_right,155.9,6.14,130-170,respray
V0019-bumper_front,Lamborghini,bumper_front,164.6,6.48,130-170,respray
V0019-bumper_rear,Lamborghini,bumper_rear,168.4,6.63,130-170,respray
V0019-door_jamb_left,Lamborghini,door_jamb_left,169.1,6.66,130-170,respray
V0019-door_jamb_right,Lamborghini,door_jamb_right,169.9,6.69,130-170,respray
V0020-hood,Lamborghini,hood,127.8,5.03,130-170,factory_normal
V0020-roof,Lamborghini,roof,138.4,5.45,130-170,factory_normal
V0020-trunk,Lamborghini,trunk,132.1,5.2,130-170,factory_normal
V0020-door_front_left,Lamborghini,door_front_left,127.4,5.02,130-170,factory_normal
V0020-door_front_right,Lamborghini,door_front_right,128.6,5.06,130-170,factory_normal
V0020-door_rear_left,Lamborghini,door_rear_left,124.2,4.89,130-170,factory_normal
V0020-door_rear_right,Lamborghini,door_rear_right,127.2,5.01,130-170,factory_normal
V0020-fender_left,Lamborghini,fender_left,129.8,5.11,130-170,factory_normal
V0020-fender_right,Lamborghini,fender_right,135.6,5.34,130-170,factory_normal
V0020-quarter_left,Lamborghini,quarter_left,140.2,5.52,130-170,factory_normal
V0020-quarter_right,Lamborghini,quarter_right,124.7,4.91,130-170,factory_normal
V0020-bumper_front,Lamborghini,bumper_front,150.9,5.94,130-170,respray
V0020-bumper_rear,Lamborghini,bumper_rear,128.4,5.06,130-170,factory_normal
V0020-door_jamb_left,Lamborghini,door_jamb_left,130.0,5.12,130-170,factory_normal
V0020-door_jamb_right,Lamborghini,door_jamb_right,128.4,5.06,130-170,factory_normal
V0021-hood,Porsche,hood,126.5,4.98,100-135,factory_normal
V0021-roof,Porsche,roof,129.1,5.08,100-135,factory_normal
V0021-trunk,Porsche,trunk,129.3,5.09,100-135,factory_normal
V0021-door_front_left,Porsche,door_front_left,134.0,5.28,100-135,factory_normal
V0021-door_front_right,Porsche,door_front_right,125.7,4.95,100-135,factory_normal
V0021-door_rear_left,Porsche,door_rear_left,120.1,4.73,100-135,factory_normal
V0021-door_rear_right,Porsche,door_rear_right,132.8,5.23,100-135,factory_normal
V0021-fender_left,Porsche,fender_left,125.8,4.95,100-135,factory_normal
V0021-fender_right,Porsche,fender_right,133.0,5.24,100-135,factory_normal
V0021-quarter_left,Porsche,quarter_left,129.4,5.09,100-135,factory_normal
V0021-quarter_right,Porsche,quarter_right,126.8,4.99,100-135,factory_normal
V0021-bumper_front,Porsche,bumper_front,147.9,5.82,100-135,factory_normal
V0021-bumper_rear,Porsche,bumper_rear,136.7,5.38,100-135,factory_normal
V0021-door_jamb_left,Porsche,door_jamb_left,128.4,5.06,100-135,factory_normal
V0021-door_jamb_right,Porsche,door_jamb_right,127.4,5.02,100-135,factory_normal
V0022-hood,Porsche,hood,110.2,4.34,100-135,factory_normal
V0022-roof,Porsche,roof,106.5,4.19,100-135,factory_normal
V0022-trunk,Porsche,trunk,104.0,4.09,100-135,factory_normal
V0022-door_front_left,Porsche,door_front_left,108.8,4.28,100-135,factory_normal
V0022-door_front_right,Porsche,door_front_right,112.1,4.41,100-135,factory_normal
V0022-door_rear_left,Porsche,door_rear_left,112.9,4.44,100-135,factory_normal
V0022-door_rear_right,Porsche,door_rear_right,124.1,4.89,100-135,factory_normal
V0022-fender_left,Porsche,fender_left,119.9,4.72,100-135,factory_normal
V0022-fender_right,Porsche,fender_right,109.6,4.31,100-135,factory_normal
V0022-quarter_left,Porsche,quarter_left,116.2,4.57,100-135,factory_normal
V0022-quarter_right,Porsche,quarter_right,112.4,4.43,100-135,factory_normal
V0022-bumper_front,Porsche,bumper_front,109.6,4.31,100-135,factory_normal
V0022-bumper_rear,Porsche,bumper_rear,123.4,4.86,100-135,factory_normal
V0022-door_jamb_left,Porsche,door_jamb_left,122.2,4.81,100-135,factory_normal
V0022-door_jamb_right,Porsche,door_jamb_right,115.1,4.53,100-135,factory_normal
V0023-hood,Porsche,hood,126.2,4.97,100-135,factory_normal
V0023-roof,Porsche,roof,128.7,5.07,100-135,factory_normal
V0023-trunk,Porsche,trunk,125.5,4.94,100-135,factory_normal
V0023-door_front_left,Porsche,door_front_left,124.9,4.92,100-135,factory_normal
V0023-door_front_right,Porsche,door_front_right,121.9,4.8,100-135,factory_normal
V0023-door_rear_left,Porsche,door_rear_left,127.9,5.04,100-135,factory_normal
V0023-door_rear_right,Porsche,door_rear_right,218.8,8.61,100-135,respray
V0023-fender_left,Porsche,fender_left,129.1,5.08,100-135,factory_normal
V0023-fender_right,Porsche,fender_right,131.2,5.17,100-135,factory_normal
V0023-quarter_left,Porsche,quarter_left,127.6,5.02,100-135,factory_normal
V0023-quarter_right,Porsche,quarter_right,124.4,4.9,100-135,factory_normal
V0023-bumper_front,Porsche,bumper_front,145.0,5.71,100-135,factory_normal
V0023-bumper_rear,Porsche,bumper_rear,197.0,7.76,100-135,respray
V0023-door_jamb_left,Porsche,door_jamb_left,116.9,4.6,100-135,factory_normal
V0023-door_jamb_right,Porsche,door_jamb_right,124.2,4.89,100-135,factory_normal
V0024-hood,Porsche,hood,137.0,5.39,100-135,factory_normal
V0024-roof,Porsche,roof,132.0,5.2,100-135,factory_normal
V0024-trunk,Porsche,trunk,137.2,5.4,100-135,factory_normal
V0024-door_front_left,Porsche,door_front_left,127.0,5.0,100-135,factory_normal
V0024-door_front_right,Porsche,door_front_right,133.4,5.25,100-135,factory_normal
V0024-door_rear_left,Porsche,door_rear_left,135.3,5.33,100-135,factory_normal
V0024-door_rear_right,Porsche,door_rear_right,134.4,5.29,100-135,factory_normal
V0024-fender_left,Porsche,fender_left,138.8,5.46,100-135,factory_normal
V0024-fender_right,Porsche,fender_right,136.6,5.38,100-135,factory_normal
V0024-quarter_left,Porsche,quarter_left,138.2,5.44,100-135,factory_normal
V0024-quarter_right,Porsche,quarter_right,131.4,5.17,100-135,factory_normal
V0024-bumper_front,Porsche,bumper_front,145.4,5.72,100-135,factory_normal
V0024-bumper_rear,Porsche,bumper_rear,165.0,6.5,100-135,respray
V0024-door_jamb_left,Porsche,door_jamb_left,133.5,5.26,100-135,factory_normal
V0024-door_jamb_right,Porsche,door_jamb_right,139.2,5.48,100-135,factory_normal
V0025-hood,Porsche,hood,127.7,5.03,100-135,factory_normal
V0025-roof,Porsche,roof,134.3,5.29,100-135,factory_normal
V0025-trunk,Porsche,trunk,124.6,4.91,100-135,factory_normal
V0025-door_front_left,Porsche,door_front_left,121.7,4.79,100-135,factory_normal
V0025-door_front_right,Porsche,door_front_right,124.2,4.89,100-135,factory_normal
V0025-door_rear_left,Porsche,door_rear_left,128.7,5.07,100-135,factory_normal
V0025-door_rear_right,Porsche,door_rear_right,118.6,4.67,100-135,factory_normal
V0025-fender_left,Porsche,fender_left,129.6,5.1,100-135,factory_normal
V0025-fender_right,Porsche,fender_right,123.7,4.87,100-135,factory_normal
V0025-quarter_left,Porsche,quarter_left,132.2,5.2,100-135,factory_normal
V0025-quarter_right,Porsche,quarter_right,114.5,4.51,100-135,factory_normal
V0025-bumper_front,Porsche,bumper_front,128.0,5.04,100-135,factory_normal
V0025-bumper_rear,Porsche,bumper_rear,124.4,4.9,100-135,factory_normal
V0025-door_jamb_left,Porsche,door_jamb_left,127.0,5.0,100-135,factory_normal
V0025-door_jamb_right,Porsche,door_jamb_right,123.4,4.86,100-135,factory_normal
V0026-hood,Porsche,hood,122.2,4.81,100-135,factory_normal
V0026-roof,Porsche,roof,120.8,4.76,100-135,factory_normal
V0026-trunk,Porsche,trunk,121.7,4.79,100-135,factory_normal
V0026-door_front_left,Porsche,door_front_left,120.4,4.74,100-135,factory_normal
V0026-door_front_right,Porsche,door_front_right,129.1,5.08,100-135,factory_normal
V0026-door_rear_left,Porsche,door_rear_left,118.4,4.66,100-135,factory_normal
V0026-door_rear_right,Porsche,door_rear_right,117.3,4.62,100-135,factory_normal
V0026-fender_left,Porsche,fender_left,115.1,4.53,100-135,factory_normal
V0026-fender_right,Porsche,fender_right,113.7,4.48,100-135,factory_normal
V0026-quarter_left,Porsche,quarter_left,112.7,4.44,100-135,factory_normal
V0026-quarter_right,Porsche,quarter_right,114.4,4.5,100-135,factory_normal
V0026-bumper_front,Porsche,bumper_front,133.9,5.27,100-135,factory_normal
V0026-bumper_rear,Porsche,bumper_rear,127.0,5.0,100-135,factory_normal
V0026-door_jamb_left,Porsche,door_jamb_left,116.9,4.6,100-135,factory_normal
V0026-door_jamb_right,Porsche,door_jamb_right,120.5,4.74,100-135,factory_normal
V0027-hood,Porsche,hood,103.5,4.07,100-135,factory_normal
V0027-roof,Porsche,roof,110.4,4.35,100-135,factory_normal
V0027-trunk,Porsche,trunk,112.1,4.41,100-135,factory_normal
V0027-door_front_left,Porsche,door_front_left,106.3,4.19,100-135,factory_normal
V0027-door_front_right,Porsche,door_front_right,111.7,4.4,100-135,factory_normal
V0027-door_rear_left,Porsche,door_rear_left,103.5,4.07,100-135,factory_normal
V0027-door_rear_right,Porsche,door_rear_right,117.4,4.62,100-135,factory_normal
V0027-fender_left,Porsche,fender_left,117.0,4.61,100-135,factory_normal
V0027-fender_right,Porsche,fender_right,109.5,4.31,100-135,factory_normal
V0027-quarter_left,Porsche,quarter_left,112.6,4.43,100-135,factory_normal
V0027-quarter_right,Porsche,quarter_right,98.7,3.89,100-135,factory_normal
V0027-bumper_front,Porsche,bumper_front,101.2,3.98,100-135,factory_normal
V0027-bumper_rear,Porsche,bumper_rear,108.9,4.29,100-135,factory_normal
V0027-door_jamb_left,Porsche,door_jamb_left,111.5,4.39,100-135,factory_normal
V0027-door_jamb_right,Porsche,door_jamb_right,115.6,4.55,100-135,factory_normal
V0028-hood,Porsche,hood,135.7,5.34,100-135,factory_normal
V0028-roof,Porsche,roof,143.6,5.65,100-135,factory_normal
V0028-trunk,Porsche,trunk,126.2,4.97,100-135,factory_normal
V0028-door_front_left,Porsche,door_front_left,128.1,5.04,100-135,factory_normal
V0028-door_front_right,Porsche,door_front_right,132.3,5.21,100-135,factory_normal
V0028-door_rear_left,Porsche,door_rear_left,131.9,5.19,100-135,factory_normal
V0028-door_rear_right,Porsche,door_rear_right,138.5,5.45,100-135,factory_normal
V0028-fender_left,Porsche,fender_left,135.7,5.34,100-135,factory_normal
V0028-fender_right,Porsche,fender_right,125.6,4.94,100-135,factory_normal
V0028-quarter_left,Porsche,quarter_left,137.0,5.39,100-135,factory_normal
V0028-quarter_right,Porsche,quarter_right,131.6,5.18,100-135,factory_normal
V0028-bumper_front,Porsche,bumper_front,153.3,6.04,100-135,respray
V0028-bumper_rear,Porsche,bumper_rear,122.5,4.82,100-135,factory_normal
V0028-door_jamb_left,Porsche,door_jamb_left,136.1,5.36,100-135,factory_normal
V0028-door_jamb_right,Porsche,door_jamb_right,131.4,5.17,100-135,factory_normal
V0029-hood,Porsche,hood,116.5,4.59,100-135,factory_normal
V0029-roof,Porsche,roof,125.9,4.96,100-135,factory_normal
V0029-trunk,Porsche,trunk,119.6,4.71,100-135,factory_normal
V0029-door_front_left,Porsche,door_front_left,117.2,4.61,100-135,factory_normal
V0029-door_front_right,Porsche,door_front_right,127.2,5.01,100-135,factory_normal
V0029-door_rear_left,Porsche,door_rear_left,124.8,4.91,100-135,factory_normal
V0029-door_rear_right,Porsche,door_rear_right,120.6,4.75,100-135,factory_normal
V0029-fender_left,Porsche,fender_left,130.9,5.15,100-135,factory_normal
V0029-fender_right,Porsche,fender_right,121.4,4.78,100-135,factory_normal
V0029-quarter_left,Porsche,quarter_left,123.8,4.87,100-135,factory_normal
V0029-quarter_right,Porsche,quarter_right,125.0,4.92,100-135,factory_normal
V0029-bumper_front,Porsche,bumper_front,118.1,4.65,100-135,factory_normal
V0029-bumper_rear,Porsche,bumper_rear,109.9,4.33,100-135,factory_normal
V0029-door_jamb_left,Porsche,door_jamb_left,128.5,5.06,100-135,factory_normal
V0029-door_jamb_right,Porsche,door_jamb_right,131.3,5.17,100-135,factory_normal
V0030-hood,Porsche,hood,100.8,3.97,100-135,factory_normal
V0030-roof,Porsche,roof,108.9,4.29,100-135,factory_normal
V0030-trunk,Porsche,trunk,109.0,4.29,100-135,factory_normal
V0030-door_front_left,Porsche,door_front_left,109.5,4.31,100-135,factory_normal
V0030-door_front_right,Porsche,door_front_right,104.9,4.13,100-135,factory_normal
V0030-door_rear_left,Porsche,door_rear_left,113.4,4.46,100-135,factory_normal
V0030-door_rear_right,Porsche,door_rear_right,113.1,4.45,100-135,factory_normal
V0030-fender_left,Porsche,fender_left,103.0,4.06,100-135,factory_normal
V0030-fender_right,Porsche,fender_right,114.0,4.49,100-135,factory_normal
V0030-quarter_left,Porsche,quarter_left,120.7,4.75,100-135,factory_normal
V0030-quarter_right,Porsche,quarter_right,111.3,4.38,100-135,factory_normal
V0030-bumper_front,Porsche,bumper_front,112.9,4.44,100-135,factory_normal
V0030-bumper_rear,Porsche,bumper_rear,136.2,5.36,100-135,factory_normal
V0030-door_jamb_left,Porsche,door_jamb_left,109.9,4.33,100-135,factory_normal
V0030-door_jamb_right,Porsche,door_jamb_right,115.5,4.55,100-135,factory_normal
V0031-hood,Porsche,hood,105.3,4.15,100-135,factory_normal
V0031-roof,Porsche,roof,103.9,4.09,100-135,factory_normal
V0031-trunk,Porsche,trunk,98.0,3.86,100-135,factory_normal
V0031-door_front_left,Porsche,door_front_left,103.2,4.06,100-135,factory_normal
V0031-door_front_right,Porsche,door_front_right,108.4,4.27,100-135,factory_normal
V0031-door_rear_left,Porsche,door_rear_left,100.7,3.96,100-135,factory_normal
V0031-door_rear_right,Porsche,door_rear_right,93.9,3.7,100-135,factory_normal
V0031-fender_left,Porsche,fender_left,102.3,4.03,100-135,factory_normal
V0031-fender_right,Porsche,fender_right,97.8,3.85,100-135,factory_normal
V0031-quarter_left,Porsche,quarter_left,100.6,3.96,100-135,factory_normal
V0031-quarter_right,Porsche,quarter_right,101.9,4.01,100-135,factory_normal
V0031-bumper_front,Porsche,bumper_front,109.7,4.32,100-135,factory_normal
V0031-bumper_rear,Porsche,bumper_rear,105.0,4.13,100-135,factory_normal
V0031-door_jamb_left,Porsche,door_jamb_left,100.2,3.94,100-135,factory_normal
V0031-door_jamb_right,Porsche,door_jamb_right,98.4,3.87,100-135,factory_normal
V0032-hood,Mercedes-Benz,hood,114.6,4.51,100-140,factory_normal
V0032-roof,Mercedes-Benz,roof,124.8,4.91,100-140,factory_normal
V0032-trunk,Mercedes-Benz,trunk,115.0,4.53,100-140,factory_normal
V0032-door_front_left,Mercedes-Benz,door_front_left,114.8,4.52,100-140,factory_normal
V0032-door_front_right,Mercedes-Benz,door_front_right,112.1,4.41,100-140,factory_normal
V0032-door_rear_left,Mercedes-Benz,door_rear_left,117.0,4.61,100-140,factory_normal
V0032-door_rear_right,Mercedes-Benz,door_rear_right,116.0,4.57,100-140,factory_normal
V0032-fender_left,Mercedes-Benz,fender_left,119.2,4.69,100-140,factory_normal
V0032-fender_right,Mercedes-Benz,fender_right,110.3,4.34,100-140,factory_normal
V0032-quarter_left,Mercedes-Benz,quarter_left,110.7,4.36,100-140,factory_normal
V0032-quarter_right,Mercedes-Benz,quarter_right,110.5,4.35,100-140,factory_normal
V0032-bumper_front,Mercedes-Benz,bumper_front,122.4,4.82,100-140,factory_normal
V0032-bumper_rear,Mercedes-Benz,bumper_rear,137.9,5.43,100-140,factory_normal
V0032-door_jamb_left,Mercedes-Benz,door_jamb_left,106.1,4.18,100-140,factory_normal
V0032-door_jamb_right,Mercedes-Benz,door_jamb_right,110.4,4.35,100-140,factory_normal
V0033-hood,Mercedes-Benz,hood,90.0,3.54,100-140,factory_normal
V0033-roof,Mercedes-Benz,roof,96.8,3.81,100-140,factory_normal
V0033-trunk,Mercedes-Benz,trunk,207.9,8.19,100-140,respray
V0033-door_front_left,Mercedes-Benz,door_front_left,100.6,3.96,100-140,factory_normal
V0033-door_front_right,Mercedes-Benz,door_front_right,107.2,4.22,100-140,factory_normal
V0033-door_rear_left,Mercedes-Benz,door_rear_left,100.4,3.95,100-140,factory_normal
V0033-door_rear_right,Mercedes-Benz,door_rear_right,96.5,3.8,100-140,factory_normal
V0033-fender_left,Mercedes-Benz,fender_left,101.4,3.99,100-140,factory_normal
V0033-fender_right,Mercedes-Benz,fender_right,106.9,4.21,100-140,factory_normal
V0033-quarter_left,Mercedes-Benz,quarter_left,96.8,3.81,100-140,factory_normal
V0033-quarter_right,Mercedes-Benz,quarter_right,97.1,3.82,100-140,factory_normal
V0033-bumper_front,Mercedes-Benz,bumper_front,100.3,3.95,100-140,factory_normal
V0033-bumper_rear,Mercedes-Benz,bumper_rear,196.0,7.72,100-140,respray
V0033-door_jamb_left,Mercedes-Benz,door_jamb_left,100.6,3.96,100-140,factory_normal
V0033-door_jamb_right,Mercedes-Benz,door_jamb_right,98.6,3.88,100-140,factory_normal
V0034-hood,Mercedes-Benz,hood,116.1,4.57,100-140,factory_normal
V0034-roof,Mercedes-Benz,roof,99.0,3.9,100-140,factory_normal
V0034-trunk,Mercedes-Benz,trunk,102.9,4.05,100-140,factory_normal
V0034-door_front_left,Mercedes-Benz,door_front_left,105.8,4.17,100-140,factory_normal
V0034-door_front_right,Mercedes-Benz,door_front_right,117.7,4.63,100-140,factory_normal
V0034-door_rear_left,Mercedes-Benz,door_rear_left,111.8,4.4,100-140,factory_normal
V0034-door_rear_right,Mercedes-Benz,door_rear_right,114.3,4.5,100-140,factory_normal
V0034-fender_left,Mercedes-Benz,fender_left,104.7,4.12,100-140,factory_normal
V0034-fender_right,Mercedes-Benz,fender_right,104.8,4.13,100-140,factory_normal
V0034-quarter_left,Mercedes-Benz,quarter_left,112.7,4.44,100-140,factory_normal
V0034-quarter_right,Mercedes-Benz,quarter_right,110.7,4.36,100-140,factory_normal
V0034-bumper_front,Mercedes-Benz,bumper_front,129.2,5.09,100-140,factory_normal
V0034-bumper_rear,Mercedes-Benz,bumper_rear,101.3,3.99,100-140,factory_normal
V0034-door_jamb_left,Mercedes-Benz,door_jamb_left,103.7,4.08,100-140,factory_normal
V0034-door_jamb_right,Mercedes-Benz,door_jamb_right,113.4,4.46,100-140,factory_normal
V0035-hood,Mercedes-Benz,hood,117.7,4.63,100-140,factory_normal
V0035-roof,Mercedes-Benz,roof,113.5,4.47,100-140,factory_normal
V0035-trunk,Mercedes-Benz,trunk,123.3,4.85,100-140,factory_normal
V0035-door_front_left,Mercedes-Benz,door_front_left,127.4,5.02,100-140,factory_normal
V0035-door_front_right,Mercedes-Benz,door_front_right,131.8,5.19,100-140,factory_normal
V0035-door_rear_left,Mercedes-Benz,door_rear_left,125.3,4.93,100-140,factory_normal
V0035-door_rear_right,Mercedes-Benz,door_rear_right,120.9,4.76,100-140,factory_normal
V0035-fender_left,Mercedes-Benz,fender_left,118.3,4.66,100-140,factory_normal
V0035-fender_right,Mercedes-Benz,fender_right,122.8,4.83,100-140,factory_normal
V0035-quarter_left,Mercedes-Benz,quarter_left,121.3,4.78,100-140,factory_normal
V0035-quarter_right,Mercedes-Benz,quarter_right,117.7,4.63,100-140,factory_normal
V0035-bumper_front,Mercedes-Benz,bumper_front,147.4,5.8,100-140,factory_normal
V0035-bumper_rear,Mercedes-Benz,bumper_rear,144.1,5.67,100-140,factory_normal
V0035-door_jamb_left,Mercedes-Benz,door_jamb_left,126.5,4.98,100-140,factory_normal
V0035-door_jamb_right,Mercedes-Benz,door_jamb_right,124.7,4.91,100-140,factory_normal
V0036-hood,Mercedes-Benz,hood,115.9,4.56,100-140,factory_normal
V0036-roof,Mercedes-Benz,roof,114.4,4.5,100-140,factory_normal
V0036-trunk,Mercedes-Benz,trunk,103.8,4.09,100-140,factory_normal
V0036-door_front_left,Mercedes-Benz,door_front_left,113.1,4.45,100-140,factory_normal
V0036-door_front_right,Mercedes-Benz,door_front_right,109.9,4.33,100-140,factory_normal
V0036-door_rear_left,Mercedes-Benz,door_rear_left,106.3,4.19,100-140,factory_normal
V0036-door_rear_right,Mercedes-Benz,door_rear_right,121.1,4.77,100-140,factory_normal
V0036-fender_left,Mercedes-Benz,fender_left,121.4,4.78,100-140,factory_normal
V0036-fender_right,Mercedes-Benz,fender_right,119.5,4.7,100-140,factory_normal
V0036-quarter_left,Mercedes-Benz,quarter_left,114.0,4.49,100-140,factory_normal
V0036-quarter_right,Mercedes-Benz,quarter_right,119.5,4.7,100-140,factory_normal
V0036-bumper_front,Mercedes-Benz,bumper_front,107.7,4.24,100-140,factory_normal
V0036-bumper_rear,Mercedes-Benz,bumper_rear,121.2,4.77,100-140,factory_normal
V0036-door_jamb_left,Mercedes-Benz,door_jamb_left,112.5,4.43,100-140,factory_normal
V0036-door_jamb_right,Mercedes-Benz,door_jamb_right,118.1,4.65,100-140,factory_normal
V0037-hood,Mercedes-Benz,hood,123.4,4.86,100-140,factory_normal
V0037-roof,Mercedes-Benz,roof,124.6,4.91,100-140,factory_normal
V0037-trunk,Mercedes-Benz,trunk,123.6,4.87,100-140,factory_normal
V0037-door_front_left,Mercedes-Benz,door_front_left,122.4,4.82,100-140,factory_normal
V0037-door_front_right,Mercedes-Benz,door_front_right,118.0,4.65,100-140,factory_normal
V0037-door_rear_left,Mercedes-Benz,door_rear_left,122.6,4.83,100-140,factory_normal
V0037-door_rear_right,Mercedes-Benz,door_rear_right,119.7,4.71,100-140,factory_normal
V0037-fender_left,Mercedes-Benz,fender_left,117.1,4.61,100-140,factory_normal
V0037-fender_right,Mercedes-Benz,fender_right,125.9,4.96,100-140,factory_normal
V0037-quarter_left,Mercedes-Benz,quarter_left,125.3,4.93,100-140,factory_normal
V0037-quarter_right,Mercedes-Benz,quarter_right,114.5,4.51,100-140,factory_normal
V0037-bumper_front,Mercedes-Benz,bumper_front,122.3,4.81,100-140,factory_normal
V0037-bumper_rear,Mercedes-Benz,bumper_rear,125.5,4.94,100-140,factory_normal
V0037-door_jamb_left,Mercedes-Benz,door_jamb_left,124.4,4.9,100-140,factory_normal
V0037-door_jamb_right,Mercedes-Benz,door_jamb_right,124.5,4.9,100-140,factory_normal
V0038-hood,Mercedes-Benz,hood,134.5,5.3,100-140,factory_normal
V0038-roof,Mercedes-Benz,roof,128.4,5.06,100-140,factory_normal
V0038-trunk,Mercedes-Benz,trunk,204.0,8.03,100-140,respray
V0038-door_front_left,Mercedes-Benz,door_front_left,127.4,5.02,100-140,factory_normal
V0038-door_front_right,Mercedes-Benz,door_front_right,130.1,5.12,100-140,factory_normal
V0038-door_rear_left,Mercedes-Benz,door_rear_left,128.0,5.04,100-140,factory_normal
V0038-door_rear_right,Mercedes-Benz,door_rear_right,126.1,4.96,100-140,factory_normal
V0038-fender_left,Mercedes-Benz,fender_left,130.3,5.13,100-140,factory_normal
V0038-fender_right,Mercedes-Benz,fender_right,126.5,4.98,100-140,factory_normal
V0038-quarter_left,Mercedes-Benz,quarter_left,125.9,4.96,100-140,factory_normal
V0038-quarter_right,Mercedes-Benz,quarter_right,130.6,5.14,100-140,factory_normal
V0038-bumper_front,Mercedes-Benz,bumper_front,113.9,4.48,100-140,factory_normal
V0038-bumper_rear,Mercedes-Benz,bumper_rear,267.5,10.53,100-140,repair_or_filler
V0038-door_jamb_left,Mercedes-Benz,door_jamb_left,129.1,5.08,100-140,factory_normal
V0038-door_jamb_right,Mercedes-Benz,door_jamb_right,262.8,10.35,100-140,repair_or_filler
V0039-hood,Mercedes-Benz,hood,131.2,5.17,100-140,factory_normal
V0039-roof,Mercedes-Benz,roof,137.1,5.4,100-140,factory_normal
V0039-trunk,Mercedes-Benz,trunk,123.6,4.87,100-140,factory_normal
V0039-door_front_left,Mercedes-Benz,door_front_left,127.3,5.01,100-140,factory_normal
V0039-door_front_right,Mercedes-Benz,door_front_right,125.5,4.94,100-140,factory_normal
V0039-door_rear_left,Mercedes-Benz,door_rear_left,124.8,4.91,100-140,factory_normal
V0039-door_rear_right,Mercedes-Benz,door_rear_right,127.6,5.02,100-140,factory_normal
V0039-fender_left,Mercedes-Benz,fender_left,136.4,5.37,100-140,factory_normal
V0039-fender_right,Mercedes-Benz,fender_right,138.4,5.45,100-140,factory_normal
V0039-quarter_left,Mercedes-Benz,quarter_left,127.6,5.02,100-140,factory_normal
V0039-quarter_right,Mercedes-Benz,quarter_right,138.8,5.46,100-140,factory_normal
V0039-bumper_front,Mercedes-Benz,bumper_front,169.2,6.66,100-140,respray
V0039-bumper_rear,Mercedes-Benz,bumper_rear,154.5,6.08,100-140,respray
V0039-door_jamb_left,Mercedes-Benz,door_jamb_left,127.1,5.0,100-140,factory_normal
V0039-door_jamb_right,Mercedes-Benz,door_jamb_right,132.2,5.2,100-140,factory_normal
V0040-hood,Mercedes-Benz,hood,135.0,5.31,100-140,factory_normal
V0040-roof,Mercedes-Benz,roof,142.0,5.59,100-140,factory_normal
V0040-trunk,Mercedes-Benz,trunk,137.6,5.42,100-140,factory_normal
V0040-door_front_left,Mercedes-Benz,door_front_left,138.8,5.46,100-140,factory_normal
V0040-door_front_right,Mercedes-Benz,door_front_right,137.5,5.41,100-140,factory_normal
V0040-door_rear_left,Mercedes-Benz,door_rear_left,139.1,5.48,100-140,factory_normal
V0040-door_rear_right,Mercedes-Benz,door_rear_right,139.5,5.49,100-140,factory_normal
V0040-fender_left,Mercedes-Benz,fender_left,127.7,5.03,100-140,factory_normal
V0040-fender_right,Mercedes-Benz,fender_right,140.7,5.54,100-140,factory_normal
V0040-quarter_left,Mercedes-Benz,quarter_left,132.5,5.22,100-140,factory_normal
V0040-quarter_right,Mercedes-Benz,quarter_right,130.2,5.13,100-140,factory_normal
V0040-bumper_front,Mercedes-Benz,bumper_front,141.1,5.56,100-140,factory_normal
V0040-bumper_rear,Mercedes-Benz,bumper_rear,140.0,5.51,100-140,factory_normal
V0040-door_jamb_left,Mercedes-Benz,door_jamb_left,137.3,5.41,100-140,factory_normal
V0040-door_jamb_right,Mercedes-Benz,door_jamb_right,138.3,5.44,100-140,factory_normal
V0041-hood,Mercedes-Benz,hood,122.9,4.84,100-140,factory_normal
V0041-roof,Mercedes-Benz,roof,119.6,4.71,100-140,factory_normal
V0041-trunk,Mercedes-Benz,trunk,109.8,4.32,100-140,factory_normal
V0041-door_front_left,Mercedes-Benz,door_front_left,109.5,4.31,100-140,factory_normal
V0041-door_front_right,Mercedes-Benz,door_front_right,119.2,4.69,100-140,factory_normal
V0041-door_rear_left,Mercedes-Benz,door_rear_left,118.2,4.65,100-140,factory_normal
V0041-door_rear_right,Mercedes-Benz,door_rear_right,118.7,4.67,100-140,factory_normal
V0041-fender_left,Mercedes-Benz,fender_left,119.1,4.69,100-140,factory_normal
V0041-fender_right,Mercedes-Benz,fender_right,120.4,4.74,100-140,factory_normal
V0041-quarter_left,Mercedes-Benz,quarter_left,124.0,4.88,100-140,factory_normal
V0041-quarter_right,Mercedes-Benz,quarter_right,113.7,4.48,100-140,factory_normal
V0041-bumper_front,Mercedes-Benz,bumper_front,96.4,3.8,100-140,factory_normal
V0041-bumper_rear,Mercedes-Benz,bumper_rear,104.8,4.13,100-140,factory_normal
V0041-door_jamb_left,Mercedes-Benz,door_jamb_left,116.8,4.6,100-140,factory_normal
V0041-door_jamb_right,Mercedes-Benz,door_jamb_right,117.6,4.63,100-140,factory_normal
V0042-hood,Mercedes-Benz,hood,106.8,4.2,100-140,factory_normal
V0042-roof,Mercedes-Benz,roof,105.1,4.14,100-140,factory_normal
V0042-trunk,Mercedes-Benz,trunk,111.9,4.41,100-140,factory_normal
V0042-door_front_left,Mercedes-Benz,door_front_left,103.2,4.06,100-140,factory_normal
V0042-door_front_right,Mercedes-Benz,door_front_right,102.3,4.03,100-140,factory_normal
V0042-door_rear_left,Mercedes-Benz,door_rear_left,109.0,4.29,100-140,factory_normal
V0042-door_rear_right,Mercedes-Benz,door_rear_right,98.9,3.89,100-140,factory_normal
V0042-fender_left,Mercedes-Benz,fender_left,108.6,4.28,100-140,factory_normal
V0042-fender_right,Mercedes-Benz,fender_right,107.1,4.22,100-140,factory_normal
V0042-quarter_left,Mercedes-Benz,quarter_left,105.9,4.17,100-140,factory_normal
V0042-quarter_right,Mercedes-Benz,quarter_right,114.6,4.51,100-140,factory_normal
V0042-bumper_front,Mercedes-Benz,bumper_front,100.7,3.96,100-140,factory_normal
V0042-bumper_rear,Mercedes-Benz,bumper_rear,117.4,4.62,100-140,factory_normal
V0042-door_jamb_left,Mercedes-Benz,door_jamb_left,107.8,4.24,100-140,factory_normal
V0042-door_jamb_right,Mercedes-Benz,door_jamb_right,108.3,4.26,100-140,factory_normal
V0043-hood,Mercedes-Benz,hood,114.7,4.52,100-140,factory_normal
V0043-roof,Mercedes-Benz,roof,223.8,8.81,100-140,respray
V0043-trunk,Mercedes-Benz,trunk,272.3,10.72,100-140,repair_or_filler
V0043-door_front_left,Mercedes-Benz,door_front_left,112.5,4.43,100-140,factory_normal
V0043-door_front_right,Mercedes-Benz,door_front_right,116.6,4.59,100-140,factory_normal
V0043-door_rear_left,Mercedes-Benz,door_rear_left,100.4,3.95,100-140,factory_normal
V0043-door_rear_right,Mercedes-Benz,door_rear_right,108.2,4.26,100-140,factory_normal
V0043-fender_left,Mercedes-Benz,fender_left,105.5,4.15,100-140,factory_normal
V0043-fender_right,Mercedes-Benz,fender_right,110.4,4.35,100-140,factory_normal
V0043-quarter_left,Mercedes-Benz,quarter_left,107.0,4.21,100-140,factory_normal
V0043-quarter_right,Mercedes-Benz,quarter_right,109.0,4.29,100-140,factory_normal
V0043-bumper_front,Mercedes-Benz,bumper_front,130.3,5.13,100-140,factory_normal
V0043-bumper_rear,Mercedes-Benz,bumper_rear,122.9,4.84,100-140,factory_normal
V0043-door_jamb_left,Mercedes-Benz,door_jamb_left,106.4,4.19,100-140,factory_normal
V0043-door_jamb_right,Mercedes-Benz,door_jamb_right,109.5,4.31,100-140,factory_normal
V0044-hood,Mercedes-Benz,hood,240.6,9.47,100-140,respray
V0044-roof,Mercedes-Benz,roof,102.3,4.03,100-140,factory_normal
V0044-trunk,Mercedes-Benz,trunk,105.6,4.16,100-140,factory_normal
V0044-door_front_left,Mercedes-Benz,door_front_left,103.7,4.08,100-140,factory_normal
V0044-door_front_right,Mercedes-Benz,door_front_right,246.6,9.71,100-140,respray
V0044-door_rear_left,Mercedes-Benz,door_rear_left,102.6,4.04,100-140,factory_normal
V0044-door_rear_right,Mercedes-Benz,door_rear_right,99.4,3.91,100-140,factory_normal
V0044-fender_left,Mercedes-Benz,fender_left,102.9,4.05,100-140,factory_normal
V0044-fender_right,Mercedes-Benz,fender_right,86.5,3.41,100-140,thin_caution
V0044-quarter_left,Mercedes-Benz,quarter_left,103.1,4.06,100-140,factory_normal
V0044-quarter_right,Mercedes-Benz,quarter_right,83.0,3.27,100-140,thin_caution
V0044-bumper_front,Mercedes-Benz,bumper_front,269.1,10.59,100-140,repair_or_filler
V0044-bumper_rear,Mercedes-Benz,bumper_rear,101.4,3.99,100-140,factory_normal
V0044-door_jamb_left,Mercedes-Benz,door_jamb_left,100.9,3.97,100-140,factory_normal
V0044-door_jamb_right,Mercedes-Benz,door_jamb_right,101.1,3.98,100-140,factory_normal
V0045-hood,BMW,hood,107.5,4.23,100-140,factory_normal
V0045-roof,BMW,roof,220.8,8.69,100-140,respray
V0045-trunk,BMW,trunk,111.4,4.39,100-140,factory_normal
V0045-door_front_left,BMW,door_front_left,109.8,4.32,100-140,factory_normal
V0045-door_front_right,BMW,door_front_right,110.7,4.36,100-140,factory_normal
V0045-door_rear_left,BMW,door_rear_left,112.4,4.43,100-140,factory_normal
V0045-door_rear_right,BMW,door_rear_right,114.3,4.5,100-140,factory_normal
V0045-fender_left,BMW,fender_left,106.2,4.18,100-140,factory_normal
V0045-fender_right,BMW,fender_right,106.0,4.17,100-140,factory_normal
V0045-quarter_left,BMW,quarter_left,266.0,10.47,100-140,repair_or_filler
V0045-quarter_right,BMW,quarter_right,109.2,4.3,100-140,factory_normal
V0045-bumper_front,BMW,bumper_front,109.1,4.3,100-140,factory_normal
V0045-bumper_rear,BMW,bumper_rear,116.6,4.59,100-140,factory_normal
V0045-door_jamb_left,BMW,door_jamb_left,113.8,4.48,100-140,factory_normal
V0045-door_jamb_right,BMW,door_jamb_right,212.3,8.36,100-140,respray
V0046-hood,BMW,hood,129.0,5.08,100-140,factory_normal
V0046-roof,BMW,roof,131.3,5.17,100-140,factory_normal
V0046-trunk,BMW,trunk,133.4,5.25,100-140,factory_normal
V0046-door_front_left,BMW,door_front_left,130.1,5.12,100-140,factory_normal
V0046-door_front_right,BMW,door_front_right,130.2,5.13,100-140,factory_normal
V0046-door_rear_left,BMW,door_rear_left,133.7,5.26,100-140,factory_normal
V0046-door_rear_right,BMW,door_rear_right,129.2,5.09,100-140,factory_normal
V0046-fender_left,BMW,fender_left,125.9,4.96,100-140,factory_normal
V0046-fender_right,BMW,fender_right,127.5,5.02,100-140,factory_normal
V0046-quarter_left,BMW,quarter_left,132.7,5.22,100-140,factory_normal
V0046-quarter_right,BMW,quarter_right,129.6,5.1,100-140,factory_normal
V0046-bumper_front,BMW,bumper_front,153.7,6.05,100-140,respray
V0046-bumper_rear,BMW,bumper_rear,135.9,5.35,100-140,factory_normal
V0046-door_jamb_left,BMW,door_jamb_left,209.2,8.24,100-140,respray
V0046-door_jamb_right,BMW,door_jamb_right,126.5,4.98,100-140,factory_normal
V0047-hood,BMW,hood,103.8,4.09,100-140,factory_normal
V0047-roof,BMW,roof,103.5,4.07,100-140,factory_normal
V0047-trunk,BMW,trunk,108.3,4.26,100-140,factory_normal
V0047-door_front_left,BMW,door_front_left,106.9,4.21,100-140,factory_normal
V0047-door_front_right,BMW,door_front_right,106.8,4.2,100-140,factory_normal
V0047-door_rear_left,BMW,door_rear_left,107.2,4.22,100-140,factory_normal
V0047-door_rear_right,BMW,door_rear_right,108.3,4.26,100-140,factory_normal
V0047-fender_left,BMW,fender_left,94.6,3.72,100-140,factory_normal
V0047-fender_right,BMW,fender_right,103.4,4.07,100-140,factory_normal
V0047-quarter_left,BMW,quarter_left,94.3,3.71,100-140,factory_normal
V0047-quarter_right,BMW,quarter_right,105.4,4.15,100-140,factory_normal
V0047-bumper_front,BMW,bumper_front,118.0,4.65,100-140,factory_normal
V0047-bumper_rear,BMW,bumper_rear,113.1,4.45,100-140,factory_normal
V0047-door_jamb_left,BMW,door_jamb_left,105.2,4.14,100-140,factory_normal
V0047-door_jamb_right,BMW,door_jamb_right,108.1,4.26,100-140,factory_normal
V0048-hood,BMW,hood,121.8,4.8,100-140,factory_normal
V0048-roof,BMW,roof,121.1,4.77,100-140,factory_normal
V0048-trunk,BMW,trunk,113.0,4.45,100-140,factory_normal
V0048-door_front_left,BMW,door_front_left,122.6,4.83,100-140,factory_normal
V0048-door_front_right,BMW,door_front_right,121.3,4.78,100-140,factory_normal
V0048-door_rear_left,BMW,door_rear_left,118.3,4.66,100-140,factory_normal
V0048-door_rear_right,BMW,door_rear_right,113.9,4.48,100-140,factory_normal
V0048-fender_left,BMW,fender_left,113.5,4.47,100-140,factory_normal
V0048-fender_right,BMW,fender_right,115.1,4.53,100-140,factory_normal
V0048-quarter_left,BMW,quarter_left,120.5,4.74,100-140,factory_normal
V0048-quarter_right,BMW,quarter_right,113.0,4.45,100-140,factory_normal
V0048-bumper_front,BMW,bumper_front,114.2,4.5,100-140,factory_normal
V0048-bumper_rear,BMW,bumper_rear,134.3,5.29,100-140,factory_normal
V0048-door_jamb_left,BMW,door_jamb_left,118.2,4.65,100-140,factory_normal
V0048-door_jamb_right,BMW,door_jamb_right,119.0,4.69,100-140,factory_normal
V0049-hood,BMW,hood,112.5,4.43,100-140,factory_normal
V0049-roof,BMW,roof,109.5,4.31,100-140,factory_normal
V0049-trunk,BMW,trunk,117.6,4.63,100-140,factory_normal
V0049-door_front_left,BMW,door_front_left,108.0,4.25,100-140,factory_normal
V0049-door_front_right,BMW,door_front_right,116.0,4.57,100-140,factory_normal
V0049-door_rear_left,BMW,door_rear_left,107.1,4.22,100-140,factory_normal
V0049-door_rear_right,BMW,door_rear_right,110.0,4.33,100-140,factory_normal
V0049-fender_left,BMW,fender_left,105.0,4.13,100-140,factory_normal
V0049-fender_right,BMW,fender_right,112.6,4.43,100-140,factory_normal
V0049-quarter_left,BMW,quarter_left,117.5,4.63,100-140,factory_normal
V0049-quarter_right,BMW,quarter_right,109.9,4.33,100-140,factory_normal
V0049-bumper_front,BMW,bumper_front,119.6,4.71,100-140,factory_normal
V0049-bumper_rear,BMW,bumper_rear,125.9,4.96,100-140,factory_normal
V0049-door_jamb_left,BMW,door_jamb_left,118.7,4.67,100-140,factory_normal
V0049-door_jamb_right,BMW,door_jamb_right,108.6,4.28,100-140,factory_normal
V0050-hood,BMW,hood,140.5,5.53,100-140,factory_normal
V0050-roof,BMW,roof,138.5,5.45,100-140,factory_normal
V0050-trunk,BMW,trunk,141.4,5.57,100-140,factory_normal
V0050-door_front_left,BMW,door_front_left,139.5,5.49,100-140,factory_normal
V0050-door_front_right,BMW,door_front_right,139.8,5.5,100-140,factory_normal
V0050-door_rear_left,BMW,door_rear_left,137.2,5.4,100-140,factory_normal
V0050-door_rear_right,BMW,door_rear_right,132.2,5.2,100-140,factory_normal
V0050-fender_left,BMW,fender_left,131.5,5.18,100-140,factory_normal
V0050-fender_right,BMW,fender_right,142.5,5.61,100-140,factory_normal
V0050-quarter_left,BMW,quarter_left,137.8,5.43,100-140,factory_normal
V0050-quarter_right,BMW,quarter_right,136.3,5.37,100-140,factory_normal
V0050-bumper_front,BMW,bumper_front,146.6,5.77,100-140,factory_normal
V0050-bumper_rear,BMW,bumper_rear,167.0,6.57,100-140,respray
V0050-door_jamb_left,BMW,door_jamb_left,140.7,5.54,100-140,factory_normal
V0050-door_jamb_right,BMW,door_jamb_right,142.2,5.6,100-140,factory_normal
V0051-hood,BMW,hood,118.4,4.66,100-140,factory_normal
V0051-roof,BMW,roof,115.8,4.56,100-140,factory_normal
V0051-trunk,BMW,trunk,115.7,4.56,100-140,factory_normal
V0051-door_front_left,BMW,door_front_left,115.3,4.54,100-140,factory_normal
V0051-door_front_right,BMW,door_front_right,107.2,4.22,100-140,factory_normal
V0051-door_rear_left,BMW,door_rear_left,116.2,4.57,100-140,factory_normal
V0051-door_rear_right,BMW,door_rear_right,106.0,4.17,100-140,factory_normal
V0051-fender_left,BMW,fender_left,108.8,4.28,100-140,factory_normal
V0051-fender_right,BMW,fender_right,119.3,4.7,100-140,factory_normal
V0051-quarter_left,BMW,quarter_left,116.9,4.6,100-140,factory_normal
V0051-quarter_right,BMW,quarter_right,120.2,4.73,100-140,factory_normal
V0051-bumper_front,BMW,bumper_front,130.7,5.15,100-140,factory_normal
V0051-bumper_rear,BMW,bumper_rear,111.4,4.39,100-140,factory_normal
V0051-door_jamb_left,BMW,door_jamb_left,113.8,4.48,100-140,factory_normal
V0051-door_jamb_right,BMW,door_jamb_right,109.8,4.32,100-140,factory_normal
V0052-hood,BMW,hood,102.1,4.02,100-140,factory_normal
V0052-roof,BMW,roof,98.4,3.87,100-140,factory_normal
V0052-trunk,BMW,trunk,100.9,3.97,100-140,factory_normal
V0052-door_front_left,BMW,door_front_left,101.2,3.98,100-140,factory_normal
V0052-door_front_right,BMW,door_front_right,100.8,3.97,100-140,factory_normal
V0052-door_rear_left,BMW,door_rear_left,111.0,4.37,100-140,factory_normal
V0052-door_rear_right,BMW,door_rear_right,101.6,4.0,100-140,factory_normal
V0052-fender_left,BMW,fender_left,100.9,3.97,100-140,factory_normal
V0052-fender_right,BMW,fender_right,91.6,3.61,100-140,factory_normal
V0052-quarter_left,BMW,quarter_left,97.6,3.84,100-140,factory_normal
V0052-quarter_right,BMW,quarter_right,100.8,3.97,100-140,factory_normal
V0052-bumper_front,BMW,bumper_front,107.1,4.22,100-140,factory_normal
V0052-bumper_rear,BMW,bumper_rear,116.1,4.57,100-140,factory_normal
V0052-door_jamb_left,BMW,door_jamb_left,102.1,4.02,100-140,factory_normal
V0052-door_jamb_right,BMW,door_jamb_right,107.3,4.22,100-140,factory_normal
V0053-hood,BMW,hood,104.7,4.12,100-140,factory_normal
V0053-roof,BMW,roof,112.0,4.41,100-140,factory_normal
V0053-trunk,BMW,trunk,114.8,4.52,100-140,factory_normal
V0053-door_front_left,BMW,door_front_left,118.2,4.65,100-140,factory_normal
V0053-door_front_right,BMW,door_front_right,117.1,4.61,100-140,factory_normal
V0053-door_rear_left,BMW,door_rear_left,112.8,4.44,100-140,factory_normal
V0053-door_rear_right,BMW,door_rear_right,119.8,4.72,100-140,factory_normal
V0053-fender_left,BMW,fender_left,119.9,4.72,100-140,factory_normal
V0053-fender_right,BMW,fender_right,115.6,4.55,100-140,factory_normal
V0053-quarter_left,BMW,quarter_left,119.5,4.7,100-140,factory_normal
V0053-quarter_right,BMW,quarter_right,116.1,4.57,100-140,factory_normal
V0053-bumper_front,BMW,bumper_front,95.4,3.76,100-140,factory_normal
V0053-bumper_rear,BMW,bumper_rear,112.0,4.41,100-140,factory_normal
V0053-door_jamb_left,BMW,door_jamb_left,111.2,4.38,100-140,factory_normal
V0053-door_jamb_right,BMW,door_jamb_right,113.6,4.47,100-140,factory_normal
V0054-hood,BMW,hood,104.0,4.09,100-140,factory_normal
V0054-roof,BMW,roof,106.6,4.2,100-140,factory_normal
V0054-trunk,BMW,trunk,107.3,4.22,100-140,factory_normal
V0054-door_front_left,BMW,door_front_left,123.9,4.88,100-140,factory_normal
V0054-door_front_right,BMW,door_front_right,120.6,4.75,100-140,factory_normal
V0054-door_rear_left,BMW,door_rear_left,109.5,4.31,100-140,factory_normal
V0054-door_rear_right,BMW,door_rear_right,109.7,4.32,100-140,factory_normal
V0054-fender_left,BMW,fender_left,105.8,4.17,100-140,factory_normal
V0054-fender_right,BMW,fender_right,102.0,4.02,100-140,factory_normal
V0054-quarter_left,BMW,quarter_left,111.0,4.37,100-140,factory_normal
V0054-quarter_right,BMW,quarter_right,106.6,4.2,100-140,factory_normal
V0054-bumper_front,BMW,bumper_front,123.3,4.85,100-140,factory_normal
V0054-bumper_rear,BMW,bumper_rear,98.4,3.87,100-140,factory_normal
V0054-door_jamb_left,BMW,door_jamb_left,114.1,4.49,100-140,factory_normal
V0054-door_jamb_right,BMW,door_jamb_right,109.2,4.3,100-140,factory_normal
V0055-hood,BMW,hood,102.6,4.04,100-140,factory_normal
V0055-roof,BMW,roof,95.8,3.77,100-140,factory_normal
V0055-trunk,BMW,trunk,101.1,3.98,100-140,factory_normal
V0055-door_front_left,BMW,door_front_left,104.5,4.11,100-140,factory_normal
V0055-door_front_right,BMW,door_front_right,105.7,4.16,100-140,factory_normal
V0055-door_rear_left,BMW,door_rear_left,101.9,4.01,100-140,factory_normal
V0055-door_rear_right,BMW,door_rear_right,212.6,8.37,100-140,respray
V0055-fender_left,BMW,fender_left,107.7,4.24,100-140,factory_normal
V0055-fender_right,BMW,fender_right,101.4,3.99,100-140,factory_normal
V0055-quarter_left,BMW,quarter_left,106.4,4.19,100-140,factory_normal
V0055-quarter_right,BMW,quarter_right,112.3,4.42,100-140,factory_normal
V0055-bumper_front,BMW,bumper_front,124.6,4.91,100-140,factory_normal
V0055-bumper_rear,BMW,bumper_rear,103.5,4.07,100-140,factory_normal
V0055-door_jamb_left,BMW,door_jamb_left,100.7,3.96,100-140,factory_normal
V0055-door_jamb_right,BMW,door_jamb_right,100.6,3.96,100-140,factory_normal
V0056-hood,Audi,hood,106.4,4.19,100-130,factory_normal
V0056-roof,Audi,roof,122.2,4.81,100-130,factory_normal
V0056-trunk,Audi,trunk,112.3,4.42,100-130,factory_normal
V0056-door_front_left,Audi,door_front_left,115.3,4.54,100-130,factory_normal
V0056-door_front_right,Audi,door_front_right,108.4,4.27,100-130,factory_normal
V0056-door_rear_left,Audi,door_rear_left,109.9,4.33,100-130,factory_normal
V0056-door_rear_right,Audi,door_rear_right,107.3,4.22,100-130,factory_normal
V0056-fender_left,Audi,fender_left,97.6,3.84,100-130,factory_normal
V0056-fender_right,Audi,fender_right,103.9,4.09,100-130,factory_normal
V0056-quarter_left,Audi,quarter_left,101.8,4.01,100-130,factory_normal
V0056-quarter_right,Audi,quarter_right,99.6,3.92,100-130,factory_normal
V0056-bumper_front,Audi,bumper_front,120.7,4.75,100-130,factory_normal
V0056-bumper_rear,Audi,bumper_rear,116.4,4.58,100-130,factory_normal
V0056-door_jamb_left,Audi,door_jamb_left,112.4,4.43,100-130,factory_normal
V0056-door_jamb_right,Audi,door_jamb_right,113.0,4.45,100-130,factory_normal
V0057-hood,Audi,hood,131.3,5.17,100-130,factory_normal
V0057-roof,Audi,roof,131.3,5.17,100-130,factory_normal
V0057-trunk,Audi,trunk,125.7,4.95,100-130,factory_normal
V0057-door_front_left,Audi,door_front_left,122.8,4.83,100-130,factory_normal
V0057-door_front_right,Audi,door_front_right,122.5,4.82,100-130,factory_normal
V0057-door_rear_left,Audi,door_rear_left,128.9,5.07,100-130,factory_normal
V0057-door_rear_right,Audi,door_rear_right,130.1,5.12,100-130,factory_normal
V0057-fender_left,Audi,fender_left,124.5,4.9,100-130,factory_normal
V0057-fender_right,Audi,fender_right,128.6,5.06,100-130,factory_normal
V0057-quarter_left,Audi,quarter_left,131.3,5.17,100-130,factory_normal
V0057-quarter_right,Audi,quarter_right,131.6,5.18,100-130,factory_normal
V0057-bumper_front,Audi,bumper_front,154.7,6.09,100-130,respray
V0057-bumper_rear,Audi,bumper_rear,143.5,5.65,100-130,factory_normal
V0057-door_jamb_left,Audi,door_jamb_left,127.2,5.01,100-130,factory_normal
V0057-door_jamb_right,Audi,door_jamb_right,123.0,4.84,100-130,factory_normal
V0058-hood,Audi,hood,103.9,4.09,100-130,factory_normal
V0058-roof,Audi,roof,116.6,4.59,100-130,factory_normal
V0058-trunk,Audi,trunk,119.3,4.7,100-130,factory_normal
V0058-door_front_left,Audi,door_front_left,107.8,4.24,100-130,factory_normal
V0058-door_front_right,Audi,door_front_right,113.3,4.46,100-130,factory_normal
V0058-door_rear_left,Audi,door_rear_left,108.1,4.26,100-130,factory_normal
V0058-door_rear_right,Audi,door_rear_right,108.6,4.28,100-130,factory_normal
V0058-fender_left,Audi,fender_left,115.6,4.55,100-130,factory_normal
V0058-fender_right,Audi,fender_right,111.6,4.39,100-130,factory_normal
V0058-quarter_left,Audi,quarter_left,120.4,4.74,100-130,factory_normal
V0058-quarter_right,Audi,quarter_right,109.3,4.3,100-130,factory_normal
V0058-bumper_front,Audi,bumper_front,123.6,4.87,100-130,factory_normal
V0058-bumper_rear,Audi,bumper_rear,111.9,4.41,100-130,factory_normal
V0058-door_jamb_left,Audi,door_jamb_left,113.7,4.48,100-130,factory_normal
V0058-door_jamb_right,Audi,door_jamb_right,113.7,4.48,100-130,factory_normal
V0059-hood,Audi,hood,127.8,5.03,100-130,factory_normal
V0059-roof,Audi,roof,127.3,5.01,100-130,factory_normal
V0059-trunk,Audi,trunk,118.2,4.65,100-130,factory_normal
V0059-door_front_left,Audi,door_front_left,121.9,4.8,100-130,factory_normal
V0059-door_front_right,Audi,door_front_right,117.0,4.61,100-130,factory_normal
V0059-door_rear_left,Audi,door_rear_left,120.2,4.73,100-130,factory_normal
V0059-door_rear_right,Audi,door_rear_right,117.1,4.61,100-130,factory_normal
V0059-fender_left,Audi,fender_left,128.2,5.05,100-130,factory_normal
V0059-fender_right,Audi,fender_right,121.9,4.8,100-130,factory_normal
V0059-quarter_left,Audi,quarter_left,119.0,4.69,100-130,factory_normal
V0059-quarter_right,Audi,quarter_right,126.0,4.96,100-130,factory_normal
V0059-bumper_front,Audi,bumper_front,104.0,4.09,100-130,factory_normal
V0059-bumper_rear,Audi,bumper_rear,117.8,4.64,100-130,factory_normal
V0059-door_jamb_left,Audi,door_jamb_left,126.1,4.96,100-130,factory_normal
V0059-door_jamb_right,Audi,door_jamb_right,122.5,4.82,100-130,factory_normal
V0060-hood,Audi,hood,105.9,4.17,100-130,factory_normal
V0060-roof,Audi,roof,106.1,4.18,100-130,factory_normal
V0060-trunk,Audi,trunk,97.5,3.84,100-130,factory_normal
V0060-door_front_left,Audi,door_front_left,109.4,4.31,100-130,factory_normal
V0060-door_front_right,Audi,door_front_right,112.3,4.42,100-130,factory_normal
V0060-door_rear_left,Audi,door_rear_left,100.2,3.94,100-130,factory_normal
V0060-door_rear_right,Audi,door_rear_right,104.8,4.13,100-130,factory_normal
V0060-fender_left,Audi,fender_left,102.3,4.03,100-130,factory_normal
V0060-fender_right,Audi,fender_right,103.3,4.07,100-130,factory_normal
V0060-quarter_left,Audi,quarter_left,108.4,4.27,100-130,factory_normal
V0060-quarter_right,Audi,quarter_right,97.7,3.85,100-130,factory_normal
V0060-bumper_front,Audi,bumper_front,131.5,5.18,100-130,factory_normal
V0060-bumper_rear,Audi,bumper_rear,92.1,3.63,100-130,factory_normal
V0060-door_jamb_left,Audi,door_jamb_left,107.1,4.22,100-130,factory_normal
V0060-door_jamb_right,Audi,door_jamb_right,104.6,4.12,100-130,factory_normal
V0061-hood,Audi,hood,120.5,4.74,100-130,factory_normal
V0061-roof,Audi,roof,125.9,4.96,100-130,factory_normal
V0061-trunk,Audi,trunk,126.7,4.99,100-130,factory_normal
V0061-door_front_left,Audi,door_front_left,133.0,5.24,100-130,factory_normal
V0061-door_front_right,Audi,door_front_right,122.8,4.83,100-130,factory_normal
V0061-door_rear_left,Audi,door_rear_left,125.7,4.95,100-130,factory_normal
V0061-door_rear_right,Audi,door_rear_right,116.4,4.58,100-130,factory_normal
V0061-fender_left,Audi,fender_left,129.8,5.11,100-130,factory_normal
V0061-fender_right,Audi,fender_right,120.0,4.72,100-130,factory_normal
V0061-quarter_left,Audi,quarter_left,121.0,4.76,100-130,factory_normal
V0061-quarter_right,Audi,quarter_right,123.7,4.87,100-130,factory_normal
V0061-bumper_front,Audi,bumper_front,122.8,4.83,100-130,factory_normal
V0061-bumper_rear,Audi,bumper_rear,140.4,5.53,100-130,factory_normal
V0061-door_jamb_left,Audi,door_jamb_left,118.2,4.65,100-130,factory_normal
V0061-door_jamb_right,Audi,door_jamb_right,120.6,4.75,100-130,factory_normal
V0062-hood,Audi,hood,129.8,5.11,100-130,factory_normal
V0062-roof,Audi,roof,130.5,5.14,100-130,factory_normal
V0062-trunk,Audi,trunk,137.7,5.42,100-130,factory_normal
V0062-door_front_left,Audi,door_front_left,130.8,5.15,100-130,factory_normal
V0062-door_front_right,Audi,door_front_right,131.7,5.19,100-130,factory_normal
V0062-door_rear_left,Audi,door_rear_left,142.0,5.59,100-130,factory_normal
V0062-door_rear_right,Audi,door_rear_right,127.4,5.02,100-130,factory_normal
V0062-fender_left,Audi,fender_left,124.4,4.9,100-130,factory_normal
V0062-fender_right,Audi,fender_right,130.6,5.14,100-130,factory_normal
V0062-quarter_left,Audi,quarter_left,130.6,5.14,100-130,factory_normal
V0062-quarter_right,Audi,quarter_right,125.8,4.95,100-130,factory_normal
V0062-bumper_front,Audi,bumper_front,130.2,5.13,100-130,factory_normal
V0062-bumper_rear,Audi,bumper_rear,145.4,5.72,100-130,factory_normal
V0062-door_jamb_left,Audi,door_jamb_left,130.1,5.12,100-130,factory_normal
V0062-door_jamb_right,Audi,door_jamb_right,124.5,4.9,100-130,factory_normal
V0063-hood,Audi,hood,107.1,4.22,100-130,factory_normal
V0063-roof,Audi,roof,113.1,4.45,100-130,factory_normal
V0063-trunk,Audi,trunk,105.9,4.17,100-130,factory_normal
V0063-door_front_left,Audi,door_front_left,101.6,4.0,100-130,factory_normal
V0063-door_front_right,Audi,door_front_right,101.0,3.98,100-130,factory_normal
V0063-door_rear_left,Audi,door_rear_left,101.5,4.0,100-130,factory_normal
V0063-door_rear_right,Audi,door_rear_right,102.3,4.03,100-130,factory_normal
V0063-fender_left,Audi,fender_left,101.6,4.0,100-130,factory_normal
V0063-fender_right,Audi,fender_right,108.1,4.26,100-130,factory_normal
V0063-quarter_left,Audi,quarter_left,94.9,3.74,100-130,factory_normal
V0063-quarter_right,Audi,quarter_right,107.8,4.24,100-130,factory_normal
V0063-bumper_front,Audi,bumper_front,119.2,4.69,100-130,factory_normal
V0063-bumper_rear,Audi,bumper_rear,98.3,3.87,100-130,factory_normal
V0063-door_jamb_left,Audi,door_jamb_left,106.0,4.17,100-130,factory_normal
V0063-door_jamb_right,Audi,door_jamb_right,104.7,4.12,100-130,factory_normal
V0064-hood,Audi,hood,128.2,5.05,100-130,factory_normal
V0064-roof,Audi,roof,130.1,5.12,100-130,factory_normal
V0064-trunk,Audi,trunk,131.1,5.16,100-130,factory_normal
V0064-door_front_left,Audi,door_front_left,129.2,5.09,100-130,factory_normal
V0064-door_front_right,Audi,door_front_right,129.8,5.11,100-130,factory_normal
V0064-door_rear_left,Audi,door_rear_left,135.7,5.34,100-130,factory_normal
V0064-door_rear_right,Audi,door_rear_right,134.4,5.29,100-130,factory_normal
V0064-fender_left,Audi,fender_left,114.0,4.49,100-130,factory_normal
V0064-fender_right,Audi,fender_right,126.7,4.99,100-130,factory_normal
V0064-quarter_left,Audi,quarter_left,127.5,5.02,100-130,factory_normal
V0064-quarter_right,Audi,quarter_right,119.5,4.7,100-130,factory_normal
V0064-bumper_front,Audi,bumper_front,130.1,5.12,100-130,factory_normal
V0064-bumper_rear,Audi,bumper_rear,157.3,6.19,100-130,respray
V0064-door_jamb_left,Audi,door_jamb_left,126.7,4.99,100-130,factory_normal
V0064-door_jamb_right,Audi,door_jamb_right,129.7,5.11,100-130,factory_normal
V0065-hood,Volkswagen,hood,132.3,5.21,100-130,factory_normal
V0065-roof,Volkswagen,roof,128.4,5.06,100-130,factory_normal
V0065-trunk,Volkswagen,trunk,132.1,5.2,100-130,factory_normal
V0065-door_front_left,Volkswagen,door_front_left,122.2,4.81,100-130,factory_normal
V0065-door_front_right,Volkswagen,door_front_right,135.2,5.32,100-130,factory_normal
V0065-door_rear_left,Volkswagen,door_rear_left,127.7,5.03,100-130,factory_normal
V0065-door_rear_right,Volkswagen,door_rear_right,128.3,5.05,100-130,factory_normal
V0065-fender_left,Volkswagen,fender_left,126.8,4.99,100-130,factory_normal
V0065-fender_right,Volkswagen,fender_right,126.4,4.98,100-130,factory_normal
V0065-quarter_left,Volkswagen,quarter_left,132.7,5.22,100-130,factory_normal
V0065-quarter_right,Volkswagen,quarter_right,130.6,5.14,100-130,factory_normal
V0065-bumper_front,Volkswagen,bumper_front,124.9,4.92,100-130,factory_normal
V0065-bumper_rear,Volkswagen,bumper_rear,149.8,5.9,100-130,factory_normal
V0065-door_jamb_left,Volkswagen,door_jamb_left,133.4,5.25,100-130,factory_normal
V0065-door_jamb_right,Volkswagen,door_jamb_right,126.7,4.99,100-130,factory_normal
V0066-hood,Volkswagen,hood,111.8,4.4,100-130,factory_normal
V0066-roof,Volkswagen,roof,111.6,4.39,100-130,factory_normal
V0066-trunk,Volkswagen,trunk,106.9,4.21,100-130,factory_normal
V0066-door_front_left,Volkswagen,door_front_left,105.7,4.16,100-130,factory_normal
V0066-door_front_right,Volkswagen,door_front_right,105.7,4.16,100-130,factory_normal
V0066-door_rear_left,Volkswagen,door_rear_left,108.7,4.28,100-130,factory_normal
V0066-door_rear_right,Volkswagen,door_rear_right,113.8,4.48,100-130,factory_normal
V0066-fender_left,Volkswagen,fender_left,107.7,4.24,100-130,factory_normal
V0066-fender_right,Volkswagen,fender_right,214.2,8.43,100-130,respray
V0066-quarter_left,Volkswagen,quarter_left,110.9,4.37,100-130,factory_normal
V0066-quarter_right,Volkswagen,quarter_right,111.4,4.39,100-130,factory_normal
V0066-bumper_front,Volkswagen,bumper_front,117.2,4.61,100-130,factory_normal
V0066-bumper_rear,Volkswagen,bumper_rear,114.1,4.49,100-130,factory_normal
V0066-door_jamb_left,Volkswagen,door_jamb_left,97.9,3.85,100-130,factory_normal
V0066-door_jamb_right,Volkswagen,door_jamb_right,103.0,4.06,100-130,factory_normal
V0067-hood,Volkswagen,hood,111.0,4.37,100-130,factory_normal
V0067-roof,Volkswagen,roof,116.1,4.57,100-130,factory_normal
V0067-trunk,Volkswagen,trunk,107.4,4.23,100-130,factory_normal
V0067-door_front_left,Volkswagen,door_front_left,121.5,4.78,100-130,factory_normal
V0067-door_front_right,Volkswagen,door_front_right,113.6,4.47,100-130,factory_normal
V0067-door_rear_left,Volkswagen,door_rear_left,115.8,4.56,100-130,factory_normal
V0067-door_rear_right,Volkswagen,door_rear_right,126.0,4.96,100-130,factory_normal
V0067-fender_left,Volkswagen,fender_left,121.9,4.8,100-130,factory_normal
V0067-fender_right,Volkswagen,fender_right,112.8,4.44,100-130,factory_normal
V0067-quarter_left,Volkswagen,quarter_left,111.4,4.39,100-130,factory_normal
V0067-quarter_right,Volkswagen,quarter_right,112.7,4.44,100-130,factory_normal
V0067-bumper_front,Volkswagen,bumper_front,147.9,5.82,100-130,factory_normal
V0067-bumper_rear,Volkswagen,bumper_rear,122.7,4.83,100-130,factory_normal
V0067-door_jamb_left,Volkswagen,door_jamb_left,119.7,4.71,100-130,factory_normal
V0067-door_jamb_right,Volkswagen,door_jamb_right,115.4,4.54,100-130,factory_normal
V0068-hood,Volkswagen,hood,116.5,4.59,100-130,factory_normal
V0068-roof,Volkswagen,roof,195.7,7.7,100-130,respray
V0068-trunk,Volkswagen,trunk,122.5,4.82,100-130,factory_normal
V0068-door_front_left,Volkswagen,door_front_left,125.1,4.93,100-130,factory_normal
V0068-door_front_right,Volkswagen,door_front_right,120.4,4.74,100-130,factory_normal
V0068-door_rear_left,Volkswagen,door_rear_left,113.7,4.48,100-130,factory_normal
V0068-door_rear_right,Volkswagen,door_rear_right,113.4,4.46,100-130,factory_normal
V0068-fender_left,Volkswagen,fender_left,113.0,4.45,100-130,factory_normal
V0068-fender_right,Volkswagen,fender_right,111.3,4.38,100-130,factory_normal
V0068-quarter_left,Volkswagen,quarter_left,120.7,4.75,100-130,factory_normal
V0068-quarter_right,Volkswagen,quarter_right,125.8,4.95,100-130,factory_normal
V0068-bumper_front,Volkswagen,bumper_front,132.6,5.22,100-130,factory_normal
V0068-bumper_rear,Volkswagen,bumper_rear,122.5,4.82,100-130,factory_normal
V0068-door_jamb_left,Volkswagen,door_jamb_left,120.5,4.74,100-130,factory_normal
V0068-door_jamb_right,Volkswagen,door_jamb_right,252.0,9.92,100-130,repair_or_filler
V0069-hood,Volkswagen,hood,109.6,4.31,100-130,factory_normal
V0069-roof,Volkswagen,roof,98.4,3.87,100-130,factory_normal
V0069-trunk,Volkswagen,trunk,106.9,4.21,100-130,factory_normal
V0069-door_front_left,Volkswagen,door_front_left,106.1,4.18,100-130,factory_normal
V0069-door_front_right,Volkswagen,door_front_right,102.2,4.02,100-130,factory_normal
V0069-door_rear_left,Volkswagen,door_rear_left,105.1,4.14,100-130,factory_normal
V0069-door_rear_right,Volkswagen,door_rear_right,102.1,4.02,100-130,factory_normal
V0069-fender_left,Volkswagen,fender_left,99.9,3.93,100-130,factory_normal
V0069-fender_right,Volkswagen,fender_right,103.5,4.07,100-130,factory_normal
V0069-quarter_left,Volkswagen,quarter_left,99.7,3.93,100-130,factory_normal
V0069-quarter_right,Volkswagen,quarter_right,106.9,4.21,100-130,factory_normal
V0069-bumper_front,Volkswagen,bumper_front,120.8,4.76,100-130,factory_normal
V0069-bumper_rear,Volkswagen,bumper_rear,120.1,4.73,100-130,factory_normal
V0069-door_jamb_left,Volkswagen,door_jamb_left,104.6,4.12,100-130,factory_normal
V0069-door_jamb_right,Volkswagen,door_jamb_right,106.8,4.2,100-130,factory_normal
V0070-hood,Volkswagen,hood,107.0,4.21,100-130,factory_normal
V0070-roof,Volkswagen,roof,117.2,4.61,100-130,factory_normal
V0070-trunk,Volkswagen,trunk,107.9,4.25,100-130,factory_normal
V0070-door_front_left,Volkswagen,door_front_left,107.6,4.24,100-130,factory_normal
V0070-door_front_right,Volkswagen,door_front_right,110.0,4.33,100-130,factory_normal
V0070-door_rear_left,Volkswagen,door_rear_left,111.7,4.4,100-130,factory_normal
V0070-door_rear_right,Volkswagen,door_rear_right,97.2,3.83,100-130,factory_normal
V0070-fender_left,Volkswagen,fender_left,98.8,3.89,100-130,factory_normal
V0070-fender_right,Volkswagen,fender_right,108.3,4.26,100-130,factory_normal
V0070-quarter_left,Volkswagen,quarter_left,103.7,4.08,100-130,factory_normal
V0070-quarter_right,Volkswagen,quarter_right,113.8,4.48,100-130,factory_normal
V0070-bumper_front,Volkswagen,bumper_front,111.8,4.4,100-130,factory_normal
V0070-bumper_rear,Volkswagen,bumper_rear,101.3,3.99,100-130,factory_normal
V0070-door_jamb_left,Volkswagen,door_jamb_left,110.5,4.35,100-130,factory_normal
V0070-door_jamb_right,Volkswagen,door_jamb_right,110.8,4.36,100-130,factory_normal
V0071-hood,Volkswagen,hood,89.8,3.54,100-130,thin_caution
V0071-roof,Volkswagen,roof,103.6,4.08,100-130,factory_normal
V0071-trunk,Volkswagen,trunk,103.3,4.07,100-130,factory_normal
V0071-door_front_left,Volkswagen,door_front_left,102.0,4.02,100-130,factory_normal
V0071-door_front_right,Volkswagen,door_front_right,105.4,4.15,100-130,factory_normal
V0071-door_rear_left,Volkswagen,door_rear_left,94.7,3.73,100-130,factory_normal
V0071-door_rear_right,Volkswagen,door_rear_right,110.5,4.35,100-130,factory_normal
V0071-fender_left,Volkswagen,fender_left,95.7,3.77,100-130,factory_normal
V0071-fender_right,Volkswagen,fender_right,104.2,4.1,100-130,factory_normal
V0071-quarter_left,Volkswagen,quarter_left,92.0,3.62,100-130,factory_normal
V0071-quarter_right,Volkswagen,quarter_right,95.8,3.77,100-130,factory_normal
V0071-bumper_front,Volkswagen,bumper_front,129.7,5.11,100-130,factory_normal
V0071-bumper_rear,Volkswagen,bumper_rear,104.8,4.13,100-130,factory_normal
V0071-door_jamb_left,Volkswagen,door_jamb_left,95.1,3.74,100-130,factory_normal
V0071-door_jamb_right,Volkswagen,door_jamb_right,98.1,3.86,100-130,factory_normal
V0072-hood,Volkswagen,hood,110.9,4.37,100-130,factory_normal
V0072-roof,Volkswagen,roof,101.1,3.98,100-130,factory_normal
V0072-trunk,Volkswagen,trunk,105.3,4.15,100-130,factory_normal
V0072-door_front_left,Volkswagen,door_front_left,106.0,4.17,100-130,factory_normal
V0072-door_front_right,Volkswagen,door_front_right,107.1,4.22,100-130,factory_normal
V0072-door_rear_left,Volkswagen,door_rear_left,102.0,4.02,100-130,factory_normal
V0072-door_rear_right,Volkswagen,door_rear_right,105.7,4.16,100-130,factory_normal
V0072-fender_left,Volkswagen,fender_left,105.2,4.14,100-130,factory_normal
V0072-fender_right,Volkswagen,fender_right,112.7,4.44,100-130,factory_normal
V0072-quarter_left,Volkswagen,quarter_left,112.9,4.44,100-130,factory_normal
V0072-quarter_right,Volkswagen,quarter_right,108.2,4.26,100-130,factory_normal
V0072-bumper_front,Volkswagen,bumper_front,108.6,4.28,100-130,factory_normal
V0072-bumper_rear,Volkswagen,bumper_rear,106.0,4.17,100-130,factory_normal
V0072-door_jamb_left,Volkswagen,door_jamb_left,109.4,4.31,100-130,factory_normal
V0072-door_jamb_right,Volkswagen,door_jamb_right,111.1,4.37,100-130,factory_normal
V0073-hood,Volkswagen,hood,113.1,4.45,100-130,factory_normal
V0073-roof,Volkswagen,roof,111.9,4.41,100-130,factory_normal
V0073-trunk,Volkswagen,trunk,114.7,4.52,100-130,factory_normal
V0073-door_front_left,Volkswagen,door_front_left,112.9,4.44,100-130,factory_normal
V0073-door_front_right,Volkswagen,door_front_right,105.7,4.16,100-130,factory_normal
V0073-door_rear_left,Volkswagen,door_rear_left,106.7,4.2,100-130,factory_normal
V0073-door_rear_right,Volkswagen,door_rear_right,113.1,4.45,100-130,factory_normal
V0073-fender_left,Volkswagen,fender_left,118.1,4.65,100-130,factory_normal
V0073-fender_right,Volkswagen,fender_right,101.9,4.01,100-130,factory_normal
V0073-quarter_left,Volkswagen,quarter_left,114.7,4.52,100-130,factory_normal
V0073-quarter_right,Volkswagen,quarter_right,118.9,4.68,100-130,factory_normal
V0073-bumper_front,Volkswagen,bumper_front,96.8,3.81,100-130,factory_normal
V0073-bumper_rear,Volkswagen,bumper_rear,133.2,5.24,100-130,factory_normal
V0073-door_jamb_left,Volkswagen,door_jamb_left,110.0,4.33,100-130,factory_normal
V0073-door_jamb_right,Volkswagen,door_jamb_right,111.6,4.39,100-130,factory_normal
V0074-hood,Volkswagen,hood,107.3,4.22,100-130,factory_normal
V0074-roof,Volkswagen,roof,113.5,4.47,100-130,factory_normal
V0074-trunk,Volkswagen,trunk,110.7,4.36,100-130,factory_normal
V0074-door_front_left,Volkswagen,door_front_left,116.3,4.58,100-130,factory_normal
V0074-door_front_right,Volkswagen,door_front_right,116.6,4.59,100-130,factory_normal
V0074-door_rear_left,Volkswagen,door_rear_left,116.0,4.57,100-130,factory_normal
V0074-door_rear_right,Volkswagen,door_rear_right,115.6,4.55,100-130,factory_normal
V0074-fender_left,Volkswagen,fender_left,122.3,4.81,100-130,factory_normal
V0074-fender_right,Volkswagen,fender_right,109.0,4.29,100-130,factory_normal
V0074-quarter_left,Volkswagen,quarter_left,114.1,4.49,100-130,factory_normal
V0074-quarter_right,Volkswagen,quarter_right,120.0,4.72,100-130,factory_normal
V0074-bumper_front,Volkswagen,bumper_front,130.7,5.15,100-130,factory_normal
V0074-bumper_rear,Volkswagen,bumper_rear,113.1,4.45,100-130,factory_normal
V0074-door_jamb_left,Volkswagen,door_jamb_left,113.2,4.46,100-130,factory_normal
V0074-door_jamb_right,Volkswagen,door_jamb_right,115.2,4.54,100-130,factory_normal
V0075-hood,Volkswagen,hood,108.0,4.25,100-130,factory_normal
V0075-roof,Volkswagen,roof,108.6,4.28,100-130,factory_normal
V0075-trunk,Volkswagen,trunk,104.8,4.13,100-130,factory_normal
V0075-door_front_left,Volkswagen,door_front_left,110.9,4.37,100-130,factory_normal
V0075-door_front_right,Volkswagen,door_front_right,122.8,4.83,100-130,factory_normal
V0075-door_rear_left,Volkswagen,door_rear_left,99.3,3.91,100-130,factory_normal
V0075-door_rear_right,Volkswagen,door_rear_right,109.8,4.32,100-130,factory_normal
V0075-fender_left,Volkswagen,fender_left,104.4,4.11,100-130,factory_normal
V0075-fender_right,Volkswagen,fender_right,111.1,4.37,100-130,factory_normal
V0075-quarter_left,Volkswagen,quarter_left,108.5,4.27,100-130,factory_normal
V0075-quarter_right,Volkswagen,quarter_right,112.0,4.41,100-130,factory_normal
V0075-bumper_front,Volkswagen,bumper_front,125.9,4.96,100-130,factory_normal
V0075-bumper_rear,Volkswagen,bumper_rear,128.0,5.04,100-130,factory_normal
V0075-door_jamb_left,Volkswagen,door_jamb_left,104.6,4.12,100-130,factory_normal
V0075-door_jamb_right,Volkswagen,door_jamb_right,105.7,4.16,100-130,factory_normal
V0076-hood,Volkswagen,hood,122.7,4.83,100-130,factory_normal
V0076-roof,Volkswagen,roof,124.2,4.89,100-130,factory_normal
V0076-trunk,Volkswagen,trunk,128.2,5.05,100-130,factory_normal
V0076-door_front_left,Volkswagen,door_front_left,114.0,4.49,100-130,factory_normal
V0076-door_front_right,Volkswagen,door_front_right,127.7,5.03,100-130,factory_normal
V0076-door_rear_left,Volkswagen,door_rear_left,122.8,4.83,100-130,factory_normal
V0076-door_rear_right,Volkswagen,door_rear_right,121.8,4.8,100-130,factory_normal
V0076-fender_left,Volkswagen,fender_left,115.4,4.54,100-130,factory_normal
V0076-fender_right,Volkswagen,fender_right,125.3,4.93,100-130,factory_normal
V0076-quarter_left,Volkswagen,quarter_left,110.7,4.36,100-130,factory_normal
V0076-quarter_right,Volkswagen,quarter_right,126.0,4.96,100-130,factory_normal
V0076-bumper_front,Volkswagen,bumper_front,116.4,4.58,100-130,factory_normal
V0076-bumper_rear,Volkswagen,bumper_rear,126.0,4.96,100-130,factory_normal
V0076-door_jamb_left,Volkswagen,door_jamb_left,126.6,4.98,100-130,factory_normal
V0076-door_jamb_right,Volkswagen,door_jamb_right,124.4,4.9,100-130,factory_normal
V0077-hood,Volkswagen,hood,119.2,4.69,100-130,factory_normal
V0077-roof,Volkswagen,roof,112.5,4.43,100-130,factory_normal
V0077-trunk,Volkswagen,trunk,122.3,4.81,100-130,factory_normal
V0077-door_front_left,Volkswagen,door_front_left,111.5,4.39,100-130,factory_normal
V0077-door_front_right,Volkswagen,door_front_right,124.1,4.89,100-130,factory_normal
V0077-door_rear_left,Volkswagen,door_rear_left,121.0,4.76,100-130,factory_normal
V0077-door_rear_right,Volkswagen,door_rear_right,132.3,5.21,100-130,factory_normal
V0077-fender_left,Volkswagen,fender_left,114.8,4.52,100-130,factory_normal
V0077-fender_right,Volkswagen,fender_right,119.8,4.72,100-130,factory_normal
V0077-quarter_left,Volkswagen,quarter_left,129.3,5.09,100-130,factory_normal
V0077-quarter_right,Volkswagen,quarter_right,126.3,4.97,100-130,factory_normal
V0077-bumper_front,Volkswagen,bumper_front,124.0,4.88,100-130,factory_normal
V0077-bumper_rear,Volkswagen,bumper_rear,113.5,4.47,100-130,factory_normal
V0077-door_jamb_left,Volkswagen,door_jamb_left,120.7,4.75,100-130,factory_normal
V0077-door_jamb_right,Volkswagen,door_jamb_right,121.7,4.79,100-130,factory_normal
V0078-hood,Volvo,hood,120.0,4.72,105-135,factory_normal
V0078-roof,Volvo,roof,133.0,5.24,105-135,factory_normal
V0078-trunk,Volvo,trunk,129.9,5.11,105-135,factory_normal
V0078-door_front_left,Volvo,door_front_left,124.5,4.9,105-135,factory_normal
V0078-door_front_right,Volvo,door_front_right,126.7,4.99,105-135,factory_normal
V0078-door_rear_left,Volvo,door_rear_left,120.6,4.75,105-135,factory_normal
V0078-door_rear_right,Volvo,door_rear_right,123.0,4.84,105-135,factory_normal
V0078-fender_left,Volvo,fender_left,125.4,4.94,105-135,factory_normal
V0078-fender_right,Volvo,fender_right,280.9,11.06,105-135,repair_or_filler
V0078-quarter_left,Volvo,quarter_left,124.9,4.92,105-135,factory_normal
V0078-quarter_right,Volvo,quarter_right,265.9,10.47,105-135,repair_or_filler
V0078-bumper_front,Volvo,bumper_front,135.2,5.32,105-135,factory_normal
V0078-bumper_rear,Volvo,bumper_rear,124.9,4.92,105-135,factory_normal
V0078-door_jamb_left,Volvo,door_jamb_left,129.3,5.09,105-135,factory_normal
V0078-door_jamb_right,Volvo,door_jamb_right,126.7,4.99,105-135,factory_normal
V0079-hood,Volvo,hood,103.7,4.08,105-135,factory_normal
V0079-roof,Volvo,roof,113.4,4.46,105-135,factory_normal
V0079-trunk,Volvo,trunk,106.7,4.2,105-135,factory_normal
V0079-door_front_left,Volvo,door_front_left,109.9,4.33,105-135,factory_normal
V0079-door_front_right,Volvo,door_front_right,113.1,4.45,105-135,factory_normal
V0079-door_rear_left,Volvo,door_rear_left,100.7,3.96,105-135,factory_normal
V0079-door_rear_right,Volvo,door_rear_right,113.6,4.47,105-135,factory_normal
V0079-fender_left,Volvo,fender_left,121.9,4.8,105-135,factory_normal
V0079-fender_right,Volvo,fender_right,110.1,4.33,105-135,factory_normal
V0079-quarter_left,Volvo,quarter_left,113.7,4.48,105-135,factory_normal
V0079-quarter_right,Volvo,quarter_right,117.5,4.63,105-135,factory_normal
V0079-bumper_front,Volvo,bumper_front,120.8,4.76,105-135,factory_normal
V0079-bumper_rear,Volvo,bumper_rear,111.6,4.39,105-135,factory_normal
V0079-door_jamb_left,Volvo,door_jamb_left,110.8,4.36,105-135,factory_normal
V0079-door_jamb_right,Volvo,door_jamb_right,195.4,7.69,105-135,respray
V0080-hood,Volvo,hood,100.7,3.96,105-135,factory_normal
V0080-roof,Volvo,roof,104.4,4.11,105-135,factory_normal
V0080-trunk,Volvo,trunk,117.3,4.62,105-135,factory_normal
V0080-door_front_left,Volvo,door_front_left,113.3,4.46,105-135,factory_normal
V0080-door_front_right,Volvo,door_front_right,108.2,4.26,105-135,factory_normal
V0080-door_rear_left,Volvo,door_rear_left,103.0,4.06,105-135,factory_normal
V0080-door_rear_right,Volvo,door_rear_right,105.1,4.14,105-135,factory_normal
V0080-fender_left,Volvo,fender_left,108.1,4.26,105-135,factory_normal
V0080-fender_right,Volvo,fender_right,107.9,4.25,105-135,factory_normal
V0080-quarter_left,Volvo,quarter_left,107.2,4.22,105-135,factory_normal
V0080-quarter_right,Volvo,quarter_right,107.5,4.23,105-135,factory_normal
V0080-bumper_front,Volvo,bumper_front,112.7,4.44,105-135,factory_normal
V0080-bumper_rear,Volvo,bumper_rear,100.3,3.95,105-135,factory_normal
V0080-door_jamb_left,Volvo,door_jamb_left,108.0,4.25,105-135,factory_normal
V0080-door_jamb_right,Volvo,door_jamb_right,106.5,4.19,105-135,factory_normal
V0081-hood,Volvo,hood,114.9,4.52,105-135,factory_normal
V0081-roof,Volvo,roof,105.8,4.17,105-135,factory_normal
V0081-trunk,Volvo,trunk,115.7,4.56,105-135,factory_normal
V0081-door_front_left,Volvo,door_front_left,108.5,4.27,105-135,factory_normal
V0081-door_front_right,Volvo,door_front_right,109.5,4.31,105-135,factory_normal
V0081-door_rear_left,Volvo,door_rear_left,114.0,4.49,105-135,factory_normal
V0081-door_rear_right,Volvo,door_rear_right,109.9,4.33,105-135,factory_normal
V0081-fender_left,Volvo,fender_left,116.9,4.6,105-135,factory_normal
V0081-fender_right,Volvo,fender_right,108.5,4.27,105-135,factory_normal
V0081-quarter_left,Volvo,quarter_left,109.3,4.3,105-135,factory_normal
V0081-quarter_right,Volvo,quarter_right,109.1,4.3,105-135,factory_normal
V0081-bumper_front,Volvo,bumper_front,107.3,4.22,105-135,factory_normal
V0081-bumper_rear,Volvo,bumper_rear,126.6,4.98,105-135,factory_normal
V0081-door_jamb_left,Volvo,door_jamb_left,108.9,4.29,105-135,factory_normal
V0081-door_jamb_right,Volvo,door_jamb_right,110.1,4.33,105-135,factory_normal
V0082-hood,Volvo,hood,120.2,4.73,105-135,factory_normal
V0082-roof,Volvo,roof,120.2,4.73,105-135,factory_normal
V0082-trunk,Volvo,trunk,124.8,4.91,105-135,factory_normal
V0082-door_front_left,Volvo,door_front_left,119.4,4.7,105-135,factory_normal
V0082-door_front_right,Volvo,door_front_right,129.7,5.11,105-135,factory_normal
V0082-door_rear_left,Volvo,door_rear_left,120.9,4.76,105-135,factory_normal
V0082-door_rear_right,Volvo,door_rear_right,139.5,5.49,105-135,factory_normal
V0082-fender_left,Volvo,fender_left,123.2,4.85,105-135,factory_normal
V0082-fender_right,Volvo,fender_right,125.8,4.95,105-135,factory_normal
V0082-quarter_left,Volvo,quarter_left,119.0,4.69,105-135,factory_normal
V0082-quarter_right,Volvo,quarter_right,134.0,5.28,105-135,factory_normal
V0082-bumper_front,Volvo,bumper_front,153.7,6.05,105-135,respray
V0082-bumper_rear,Volvo,bumper_rear,143.1,5.63,105-135,factory_normal
V0082-door_jamb_left,Volvo,door_jamb_left,125.8,4.95,105-135,factory_normal
V0082-door_jamb_right,Volvo,door_jamb_right,118.2,4.65,105-135,factory_normal
V0083-hood,Volvo,hood,136.1,5.36,105-135,factory_normal
V0083-roof,Volvo,roof,138.7,5.46,105-135,factory_normal
V0083-trunk,Volvo,trunk,262.4,10.33,105-135,repair_or_filler
V0083-door_front_left,Volvo,door_front_left,124.7,4.91,105-135,factory_normal
V0083-door_front_right,Volvo,door_front_right,134.2,5.28,105-135,factory_normal
V0083-door_rear_left,Volvo,door_rear_left,137.7,5.42,105-135,factory_normal
V0083-door_rear_right,Volvo,door_rear_right,124.4,4.9,105-135,factory_normal
V0083-fender_left,Volvo,fender_left,132.6,5.22,105-135,factory_normal
V0083-fender_right,Volvo,fender_right,235.2,9.26,105-135,respray
V0083-quarter_left,Volvo,quarter_left,131.1,5.16,105-135,factory_normal
V0083-quarter_right,Volvo,quarter_right,123.4,4.86,105-135,factory_normal
V0083-bumper_front,Volvo,bumper_front,139.9,5.51,105-135,factory_normal
V0083-bumper_rear,Volvo,bumper_rear,119.8,4.72,105-135,factory_normal
V0083-door_jamb_left,Volvo,door_jamb_left,134.1,5.28,105-135,factory_normal
V0083-door_jamb_right,Volvo,door_jamb_right,132.6,5.22,105-135,factory_normal
V0084-hood,Volvo,hood,132.5,5.22,105-135,factory_normal
V0084-roof,Volvo,roof,117.9,4.64,105-135,factory_normal
V0084-trunk,Volvo,trunk,117.8,4.64,105-135,factory_normal
V0084-door_front_left,Volvo,door_front_left,129.1,5.08,105-135,factory_normal
V0084-door_front_right,Volvo,door_front_right,127.6,5.02,105-135,factory_normal
V0084-door_rear_left,Volvo,door_rear_left,128.5,5.06,105-135,factory_normal
V0084-door_rear_right,Volvo,door_rear_right,125.4,4.94,105-135,factory_normal
V0084-fender_left,Volvo,fender_left,131.0,5.16,105-135,factory_normal
V0084-fender_right,Volvo,fender_right,132.3,5.21,105-135,factory_normal
V0084-quarter_left,Volvo,quarter_left,130.1,5.12,105-135,factory_normal
V0084-quarter_right,Volvo,quarter_right,126.4,4.98,105-135,factory_normal
V0084-bumper_front,Volvo,bumper_front,131.9,5.19,105-135,factory_normal
V0084-bumper_rear,Volvo,bumper_rear,148.1,5.83,105-135,factory_normal
V0084-door_jamb_left,Volvo,door_jamb_left,132.4,5.21,105-135,factory_normal
V0084-door_jamb_right,Volvo,door_jamb_right,125.1,4.93,105-135,factory_normal
V0085-hood,Volvo,hood,135.9,5.35,105-135,factory_normal
V0085-roof,Volvo,roof,132.5,5.22,105-135,factory_normal
V0085-trunk,Volvo,trunk,126.6,4.98,105-135,factory_normal
V0085-door_front_left,Volvo,door_front_left,134.3,5.29,105-135,factory_normal
V0085-door_front_right,Volvo,door_front_right,135.1,5.32,105-135,factory_normal
V0085-door_rear_left,Volvo,door_rear_left,132.6,5.22,105-135,factory_normal
V0085-door_rear_right,Volvo,door_rear_right,133.3,5.25,105-135,factory_normal
V0085-fender_left,Volvo,fender_left,130.9,5.15,105-135,factory_normal
V0085-fender_right,Volvo,fender_right,139.6,5.5,105-135,factory_normal
V0085-quarter_left,Volvo,quarter_left,127.7,5.03,105-135,factory_normal
V0085-quarter_right,Volvo,quarter_right,129.2,5.09,105-135,factory_normal
V0085-bumper_front,Volvo,bumper_front,140.6,5.54,105-135,factory_normal
V0085-bumper_rear,Volvo,bumper_rear,133.4,5.25,105-135,factory_normal
V0085-door_jamb_left,Volvo,door_jamb_left,131.0,5.16,105-135,factory_normal
V0085-door_jamb_right,Volvo,door_jamb_right,134.2,5.28,105-135,factory_normal
V0086-hood,Land Rover,hood,126.5,4.98,105-140,factory_normal
V0086-roof,Land Rover,roof,131.3,5.17,105-140,factory_normal
V0086-trunk,Land Rover,trunk,130.3,5.13,105-140,factory_normal
V0086-door_front_left,Land Rover,door_front_left,124.5,4.9,105-140,factory_normal
V0086-door_front_right,Land Rover,door_front_right,127.1,5.0,105-140,factory_normal
V0086-door_rear_left,Land Rover,door_rear_left,133.2,5.24,105-140,factory_normal
V0086-door_rear_right,Land Rover,door_rear_right,129.9,5.11,105-140,factory_normal
V0086-fender_left,Land Rover,fender_left,121.0,4.76,105-140,factory_normal
V0086-fender_right,Land Rover,fender_right,131.2,5.17,105-140,factory_normal
V0086-quarter_left,Land Rover,quarter_left,122.5,4.82,105-140,factory_normal
V0086-quarter_right,Land Rover,quarter_right,135.0,5.31,105-140,factory_normal
V0086-bumper_front,Land Rover,bumper_front,137.4,5.41,105-140,factory_normal
V0086-bumper_rear,Land Rover,bumper_rear,139.8,5.5,105-140,factory_normal
V0086-door_jamb_left,Land Rover,door_jamb_left,130.6,5.14,105-140,factory_normal
V0086-door_jamb_right,Land Rover,door_jamb_right,126.3,4.97,105-140,factory_normal
V0087-hood,Land Rover,hood,124.4,4.9,105-140,factory_normal
V0087-roof,Land Rover,roof,125.0,4.92,105-140,factory_normal
V0087-trunk,Land Rover,trunk,121.2,4.77,105-140,factory_normal
V0087-door_front_left,Land Rover,door_front_left,134.0,5.28,105-140,factory_normal
V0087-door_front_right,Land Rover,door_front_right,139.4,5.49,105-140,factory_normal
V0087-door_rear_left,Land Rover,door_rear_left,137.5,5.41,105-140,factory_normal
V0087-door_rear_right,Land Rover,door_rear_right,122.2,4.81,105-140,factory_normal
V0087-fender_left,Land Rover,fender_left,134.0,5.28,105-140,factory_normal
V0087-fender_right,Land Rover,fender_right,137.5,5.41,105-140,factory_normal
V0087-quarter_left,Land Rover,quarter_left,128.1,5.04,105-140,factory_normal
V0087-quarter_right,Land Rover,quarter_right,130.9,5.15,105-140,factory_normal
V0087-bumper_front,Land Rover,bumper_front,133.8,5.27,105-140,factory_normal
V0087-bumper_rear,Land Rover,bumper_rear,149.9,5.9,105-140,factory_normal
V0087-door_jamb_left,Land Rover,door_jamb_left,128.0,5.04,105-140,factory_normal
V0087-door_jamb_right,Land Rover,door_jamb_right,127.0,5.0,105-140,factory_normal
V0088-hood,Land Rover,hood,112.3,4.42,105-140,factory_normal
V0088-roof,Land Rover,roof,110.7,4.36,105-140,factory_normal
V0088-trunk,Land Rover,trunk,105.8,4.17,105-140,factory_normal
V0088-door_front_left,Land Rover,door_front_left,115.9,4.56,105-140,factory_normal
V0088-door_front_right,Land Rover,door_front_right,111.3,4.38,105-140,factory_normal
V0088-door_rear_left,Land Rover,door_rear_left,108.2,4.26,105-140,factory_normal
V0088-door_rear_right,Land Rover,door_rear_right,110.8,4.36,105-140,factory_normal
V0088-fender_left,Land Rover,fender_left,119.0,4.69,105-140,factory_normal
V0088-fender_right,Land Rover,fender_right,116.6,4.59,105-140,factory_normal
V0088-quarter_left,Land Rover,quarter_left,112.9,4.44,105-140,factory_normal
V0088-quarter_right,Land Rover,quarter_right,116.7,4.59,105-140,factory_normal
V0088-bumper_front,Land Rover,bumper_front,108.0,4.25,105-140,factory_normal
V0088-bumper_rear,Land Rover,bumper_rear,126.9,5.0,105-140,factory_normal
V0088-door_jamb_left,Land Rover,door_jamb_left,115.3,4.54,105-140,factory_normal
V0088-door_jamb_right,Land Rover,door_jamb_right,104.8,4.13,105-140,factory_normal
V0089-hood,Land Rover,hood,111.2,4.38,105-140,factory_normal
V0089-roof,Land Rover,roof,123.4,4.86,105-140,factory_normal
V0089-trunk,Land Rover,trunk,131.6,5.18,105-140,factory_normal
V0089-door_front_left,Land Rover,door_front_left,124.9,4.92,105-140,factory_normal
V0089-door_front_right,Land Rover,door_front_right,119.2,4.69,105-140,factory_normal
V0089-door_rear_left,Land Rover,door_rear_left,121.0,4.76,105-140,factory_normal
V0089-door_rear_right,Land Rover,door_rear_right,131.6,5.18,105-140,factory_normal
V0089-fender_left,Land Rover,fender_left,116.9,4.6,105-140,factory_normal
V0089-fender_right,Land Rover,fender_right,132.1,5.2,105-140,factory_normal
V0089-quarter_left,Land Rover,quarter_left,126.2,4.97,105-140,factory_normal
V0089-quarter_right,Land Rover,quarter_right,120.5,4.74,105-140,factory_normal
V0089-bumper_front,Land Rover,bumper_front,127.5,5.02,105-140,factory_normal
V0089-bumper_rear,Land Rover,bumper_rear,120.8,4.76,105-140,factory_normal
V0089-door_jamb_left,Land Rover,door_jamb_left,130.4,5.13,105-140,factory_normal
V0089-door_jamb_right,Land Rover,door_jamb_right,122.4,4.82,105-140,factory_normal
V0090-hood,Land Rover,hood,134.9,5.31,105-140,factory_normal
V0090-roof,Land Rover,roof,129.3,5.09,105-140,factory_normal
V0090-trunk,Land Rover,trunk,131.7,5.19,105-140,factory_normal
V0090-door_front_left,Land Rover,door_front_left,131.1,5.16,105-140,factory_normal
V0090-door_front_right,Land Rover,door_front_right,128.7,5.07,105-140,factory_normal
V0090-door_rear_left,Land Rover,door_rear_left,135.6,5.34,105-140,factory_normal
V0090-door_rear_right,Land Rover,door_rear_right,128.9,5.07,105-140,factory_normal
V0090-fender_left,Land Rover,fender_left,124.2,4.89,105-140,factory_normal
V0090-fender_right,Land Rover,fender_right,133.2,5.24,105-140,factory_normal
V0090-quarter_left,Land Rover,quarter_left,126.1,4.96,105-140,factory_normal
V0090-quarter_right,Land Rover,quarter_right,131.3,5.17,105-140,factory_normal
V0090-bumper_front,Land Rover,bumper_front,120.8,4.76,105-140,factory_normal
V0090-bumper_rear,Land Rover,bumper_rear,132.2,5.2,105-140,factory_normal
V0090-door_jamb_left,Land Rover,door_jamb_left,135.7,5.34,105-140,factory_normal
V0090-door_jamb_right,Land Rover,door_jamb_right,132.0,5.2,105-140,factory_normal
V0091-hood,Land Rover,hood,114.6,4.51,105-140,factory_normal
V0091-roof,Land Rover,roof,119.2,4.69,105-140,factory_normal
V0091-trunk,Land Rover,trunk,117.7,4.63,105-140,factory_normal
V0091-door_front_left,Land Rover,door_front_left,121.4,4.78,105-140,factory_normal
V0091-door_front_right,Land Rover,door_front_right,117.4,4.62,105-140,factory_normal
V0091-door_rear_left,Land Rover,door_rear_left,119.3,4.7,105-140,factory_normal
V0091-door_rear_right,Land Rover,door_rear_right,119.4,4.7,105-140,factory_normal
V0091-fender_left,Land Rover,fender_left,117.0,4.61,105-140,factory_normal
V0091-fender_right,Land Rover,fender_right,123.0,4.84,105-140,factory_normal
V0091-quarter_left,Land Rover,quarter_left,121.8,4.8,105-140,factory_normal
V0091-quarter_right,Land Rover,quarter_right,217.6,8.57,105-140,respray
V0091-bumper_front,Land Rover,bumper_front,134.2,5.28,105-140,factory_normal
V0091-bumper_rear,Land Rover,bumper_rear,113.7,4.48,105-140,factory_normal
V0091-door_jamb_left,Land Rover,door_jamb_left,121.3,4.78,105-140,factory_normal
V0091-door_jamb_right,Land Rover,door_jamb_right,125.3,4.93,105-140,factory_normal
V0092-hood,Land Rover,hood,121.8,4.8,105-140,factory_normal
V0092-roof,Land Rover,roof,118.2,4.65,105-140,factory_normal
V0092-trunk,Land Rover,trunk,121.1,4.77,105-140,factory_normal
V0092-door_front_left,Land Rover,door_front_left,119.7,4.71,105-140,factory_normal
V0092-door_front_right,Land Rover,door_front_right,117.0,4.61,105-140,factory_normal
V0092-door_rear_left,Land Rover,door_rear_left,119.5,4.7,105-140,factory_normal
V0092-door_rear_right,Land Rover,door_rear_right,122.0,4.8,105-140,factory_normal
V0092-fender_left,Land Rover,fender_left,117.1,4.61,105-140,factory_normal
V0092-fender_right,Land Rover,fender_right,116.9,4.6,105-140,factory_normal
V0092-quarter_left,Land Rover,quarter_left,114.2,4.5,105-140,factory_normal
V0092-quarter_right,Land Rover,quarter_right,122.9,4.84,105-140,factory_normal
V0092-bumper_front,Land Rover,bumper_front,134.7,5.3,105-140,factory_normal
V0092-bumper_rear,Land Rover,bumper_rear,129.2,5.09,105-140,factory_normal
V0092-door_jamb_left,Land Rover,door_jamb_left,119.4,4.7,105-140,factory_normal
V0092-door_jamb_right,Land Rover,door_jamb_right,127.6,5.02,105-140,factory_normal
V0093-hood,Land Rover,hood,103.2,4.06,105-140,factory_normal
V0093-roof,Land Rover,roof,108.7,4.28,105-140,factory_normal
V0093-trunk,Land Rover,trunk,107.7,4.24,105-140,factory_normal
V0093-door_front_left,Land Rover,door_front_left,99.5,3.92,105-140,factory_normal
V0093-door_front_right,Land Rover,door_front_right,112.1,4.41,105-140,factory_normal
V0093-door_rear_left,Land Rover,door_rear_left,106.0,4.17,105-140,factory_normal
V0093-door_rear_right,Land Rover,door_rear_right,100.9,3.97,105-140,factory_normal
V0093-fender_left,Land Rover,fender_left,112.4,4.43,105-140,factory_normal
V0093-fender_right,Land Rover,fender_right,109.6,4.31,105-140,factory_normal
V0093-quarter_left,Land Rover,quarter_left,100.2,3.94,105-140,factory_normal
V0093-quarter_right,Land Rover,quarter_right,115.4,4.54,105-140,factory_normal
V0093-bumper_front,Land Rover,bumper_front,111.2,4.38,105-140,factory_normal
V0093-bumper_rear,Land Rover,bumper_rear,120.2,4.73,105-140,factory_normal
V0093-door_jamb_left,Land Rover,door_jamb_left,107.9,4.25,105-140,factory_normal
V0093-door_jamb_right,Land Rover,door_jamb_right,106.5,4.19,105-140,factory_normal
V0094-hood,Toyota,hood,114.9,4.52,90-115,factory_normal
V0094-roof,Toyota,roof,113.9,4.48,90-115,factory_normal
V0094-trunk,Toyota,trunk,107.6,4.24,90-115,factory_normal
V0094-door_front_left,Toyota,door_front_left,106.9,4.21,90-115,factory_normal
V0094-door_front_right,Toyota,door_front_right,117.1,4.61,90-115,factory_normal
V0094-door_rear_left,Toyota,door_rear_left,101.3,3.99,90-115,factory_normal
V0094-door_rear_right,Toyota,door_rear_right,115.3,4.54,90-115,factory_normal
V0094-fender_left,Toyota,fender_left,111.9,4.41,90-115,factory_normal
V0094-fender_right,Toyota,fender_right,120.8,4.76,90-115,factory_normal
V0094-quarter_left,Toyota,quarter_left,111.8,4.4,90-115,factory_normal
V0094-quarter_right,Toyota,quarter_right,117.6,4.63,90-115,factory_normal
V0094-bumper_front,Toyota,bumper_front,110.4,4.35,90-115,factory_normal
V0094-bumper_rear,Toyota,bumper_rear,125.8,4.95,90-115,factory_normal
V0094-door_jamb_left,Toyota,door_jamb_left,117.0,4.61,90-115,factory_normal
V0094-door_jamb_right,Toyota,door_jamb_right,116.3,4.58,90-115,factory_normal
V0095-hood,Toyota,hood,104.1,4.1,90-115,factory_normal
V0095-roof,Toyota,roof,101.0,3.98,90-115,factory_normal
V0095-trunk,Toyota,trunk,102.9,4.05,90-115,factory_normal
V0095-door_front_left,Toyota,door_front_left,111.2,4.38,90-115,factory_normal
V0095-door_front_right,Toyota,door_front_right,110.4,4.35,90-115,factory_normal
V0095-door_rear_left,Toyota,door_rear_left,108.4,4.27,90-115,factory_normal
V0095-door_rear_right,Toyota,door_rear_right,102.3,4.03,90-115,factory_normal
V0095-fender_left,Toyota,fender_left,111.8,4.4,90-115,factory_normal
V0095-fender_right,Toyota,fender_right,101.8,4.01,90-115,factory_normal
V0095-quarter_left,Toyota,quarter_left,113.7,4.48,90-115,factory_normal
V0095-quarter_right,Toyota,quarter_right,122.2,4.81,90-115,factory_normal
V0095-bumper_front,Toyota,bumper_front,106.8,4.2,90-115,factory_normal
V0095-bumper_rear,Toyota,bumper_rear,104.4,4.11,90-115,factory_normal
V0095-door_jamb_left,Toyota,door_jamb_left,113.1,4.45,90-115,factory_normal
V0095-door_jamb_right,Toyota,door_jamb_right,108.7,4.28,90-115,factory_normal
V0096-hood,Toyota,hood,101.4,3.99,90-115,factory_normal
V0096-roof,Toyota,roof,102.1,4.02,90-115,factory_normal
V0096-trunk,Toyota,trunk,107.8,4.24,90-115,factory_normal
V0096-door_front_left,Toyota,door_front_left,102.8,4.05,90-115,factory_normal
V0096-door_front_right,Toyota,door_front_right,105.6,4.16,90-115,factory_normal
V0096-door_rear_left,Toyota,door_rear_left,102.0,4.02,90-115,factory_normal
V0096-door_rear_right,Toyota,door_rear_right,101.3,3.99,90-115,factory_normal
V0096-fender_left,Toyota,fender_left,95.9,3.78,90-115,factory_normal
V0096-fender_right,Toyota,fender_right,93.1,3.67,90-115,factory_normal
V0096-quarter_left,Toyota,quarter_left,101.7,4.0,90-115,factory_normal
V0096-quarter_right,Toyota,quarter_right,103.3,4.07,90-115,factory_normal
V0096-bumper_front,Toyota,bumper_front,108.6,4.28,90-115,factory_normal
V0096-bumper_rear,Toyota,bumper_rear,114.7,4.52,90-115,factory_normal
V0096-door_jamb_left,Toyota,door_jamb_left,99.5,3.92,90-115,factory_normal
V0096-door_jamb_right,Toyota,door_jamb_right,103.5,4.07,90-115,factory_normal
V0097-hood,Toyota,hood,118.7,4.67,90-115,factory_normal
V0097-roof,Toyota,roof,114.3,4.5,90-115,factory_normal
V0097-trunk,Toyota,trunk,112.4,4.43,90-115,factory_normal
V0097-door_front_left,Toyota,door_front_left,111.6,4.39,90-115,factory_normal
V0097-door_front_right,Toyota,door_front_right,117.1,4.61,90-115,factory_normal
V0097-door_rear_left,Toyota,door_rear_left,115.7,4.56,90-115,factory_normal
V0097-door_rear_right,Toyota,door_rear_right,117.9,4.64,90-115,factory_normal
V0097-fender_left,Toyota,fender_left,115.4,4.54,90-115,factory_normal
V0097-fender_right,Toyota,fender_right,118.9,4.68,90-115,factory_normal
V0097-quarter_left,Toyota,quarter_left,115.2,4.54,90-115,factory_normal
V0097-quarter_right,Toyota,quarter_right,118.7,4.67,90-115,factory_normal
V0097-bumper_front,Toyota,bumper_front,110.0,4.33,90-115,factory_normal
V0097-bumper_rear,Toyota,bumper_rear,111.6,4.39,90-115,factory_normal
V0097-door_jamb_left,Toyota,door_jamb_left,117.1,4.61,90-115,factory_normal
V0097-door_jamb_right,Toyota,door_jamb_right,113.9,4.48,90-115,factory_normal
V0098-hood,Toyota,hood,117.0,4.61,90-115,factory_normal
V0098-roof,Toyota,roof,104.7,4.12,90-115,factory_normal
V0098-trunk,Toyota,trunk,106.0,4.17,90-115,factory_normal
V0098-door_front_left,Toyota,door_front_left,111.0,4.37,90-115,factory_normal
V0098-door_front_right,Toyota,door_front_right,111.9,4.41,90-115,factory_normal
V0098-door_rear_left,Toyota,door_rear_left,112.5,4.43,90-115,factory_normal
V0098-door_rear_right,Toyota,door_rear_right,114.5,4.51,90-115,factory_normal
V0098-fender_left,Toyota,fender_left,111.0,4.37,90-115,factory_normal
V0098-fender_right,Toyota,fender_right,112.4,4.43,90-115,factory_normal
V0098-quarter_left,Toyota,quarter_left,108.7,4.28,90-115,factory_normal
V0098-quarter_right,Toyota,quarter_right,110.3,4.34,90-115,factory_normal
V0098-bumper_front,Toyota,bumper_front,110.4,4.35,90-115,factory_normal
V0098-bumper_rear,Toyota,bumper_rear,119.7,4.71,90-115,factory_normal
V0098-door_jamb_left,Toyota,door_jamb_left,109.9,4.33,90-115,factory_normal
V0098-door_jamb_right,Toyota,door_jamb_right,110.6,4.35,90-115,factory_normal
V0099-hood,Toyota,hood,96.2,3.79,90-115,factory_normal
V0099-roof,Toyota,roof,100.9,3.97,90-115,factory_normal
V0099-trunk,Toyota,trunk,104.1,4.1,90-115,factory_normal
V0099-door_front_left,Toyota,door_front_left,99.3,3.91,90-115,factory_normal
V0099-door_front_right,Toyota,door_front_right,110.5,4.35,90-115,factory_normal
V0099-door_rear_left,Toyota,door_rear_left,162.8,6.41,90-115,respray
V0099-door_rear_right,Toyota,door_rear_right,100.4,3.95,90-115,factory_normal
V0099-fender_left,Toyota,fender_left,214.6,8.45,90-115,respray
V0099-fender_right,Toyota,fender_right,97.0,3.82,90-115,factory_normal
V0099-quarter_left,Toyota,quarter_left,100.0,3.94,90-115,factory_normal
V0099-quarter_right,Toyota,quarter_right,103.0,4.06,90-115,factory_normal
V0099-bumper_front,Toyota,bumper_front,117.8,4.64,90-115,factory_normal
V0099-bumper_rear,Toyota,bumper_rear,109.5,4.31,90-115,factory_normal
V0099-door_jamb_left,Toyota,door_jamb_left,99.2,3.91,90-115,factory_normal
V0099-door_jamb_right,Toyota,door_jamb_right,98.6,3.88,90-115,factory_normal
V0100-hood,Toyota,hood,102.3,4.03,90-115,factory_normal
V0100-roof,Toyota,roof,101.2,3.98,90-115,factory_normal
V0100-trunk,Toyota,trunk,107.7,4.24,90-115,factory_normal
V0100-door_front_left,Toyota,door_front_left,109.6,4.31,90-115,factory_normal
V0100-door_front_right,Toyota,door_front_right,108.2,4.26,90-115,factory_normal
V0100-door_rear_left,Toyota,door_rear_left,102.5,4.04,90-115,factory_normal
V0100-door_rear_right,Toyota,door_rear_right,110.0,4.33,90-115,factory_normal
V0100-fender_left,Toyota,fender_left,102.9,4.05,90-115,factory_normal
V0100-fender_right,Toyota,fender_right,104.0,4.09,90-115,factory_normal
V0100-quarter_left,Toyota,quarter_left,101.9,4.01,90-115,factory_normal
V0100-quarter_right,Toyota,quarter_right,113.1,4.45,90-115,factory_normal
V0100-bumper_front,Toyota,bumper_front,110.4,4.35,90-115,factory_normal
V0100-bumper_rear,Toyota,bumper_rear,111.4,4.39,90-115,factory_normal
V0100-door_jamb_left,Toyota,door_jamb_left,104.0,4.09,90-115,factory_normal
V0100-door_jamb_right,Toyota,door_jamb_right,103.3,4.07,90-115,factory_normal
V0101-hood,Toyota,hood,94.3,3.71,90-115,factory_normal
V0101-roof,Toyota,roof,102.1,4.02,90-115,factory_normal
V0101-trunk,Toyota,trunk,100.7,3.96,90-115,factory_normal
V0101-door_front_left,Toyota,door_front_left,102.8,4.05,90-115,factory_normal
V0101-door_front_right,Toyota,door_front_right,102.9,4.05,90-115,factory_normal
V0101-door_rear_left,Toyota,door_rear_left,103.4,4.07,90-115,factory_normal
V0101-door_rear_right,Toyota,door_rear_right,98.5,3.88,90-115,factory_normal
V0101-fender_left,Toyota,fender_left,111.0,4.37,90-115,factory_normal
V0101-fender_right,Toyota,fender_right,101.6,4.0,90-115,factory_normal
V0101-quarter_left,Toyota,quarter_left,91.1,3.59,90-115,factory_normal
V0101-quarter_right,Toyota,quarter_right,95.4,3.76,90-115,factory_normal
V0101-bumper_front,Toyota,bumper_front,105.2,4.14,90-115,factory_normal
V0101-bumper_rear,Toyota,bumper_rear,115.8,4.56,90-115,factory_normal
V0101-door_jamb_left,Toyota,door_jamb_left,97.6,3.84,90-115,factory_normal
V0101-door_jamb_right,Toyota,door_jamb_right,97.4,3.83,90-115,factory_normal
V0102-hood,Toyota,hood,97.2,3.83,90-115,factory_normal
V0102-roof,Toyota,roof,87.1,3.43,90-115,thin_caution
V0102-trunk,Toyota,trunk,95.5,3.76,90-115,factory_normal
V0102-door_front_left,Toyota,door_front_left,96.4,3.8,90-115,factory_normal
V0102-door_front_right,Toyota,door_front_right,95.3,3.75,90-115,factory_normal
V0102-door_rear_left,Toyota,door_rear_left,92.3,3.63,90-115,factory_normal
V0102-door_rear_right,Toyota,door_rear_right,93.7,3.69,90-115,factory_normal
V0102-fender_left,Toyota,fender_left,95.5,3.76,90-115,factory_normal
V0102-fender_right,Toyota,fender_right,96.8,3.81,90-115,factory_normal
V0102-quarter_left,Toyota,quarter_left,99.4,3.91,90-115,factory_normal
V0102-quarter_right,Toyota,quarter_right,101.8,4.01,90-115,factory_normal
V0102-bumper_front,Toyota,bumper_front,110.8,4.36,90-115,factory_normal
V0102-bumper_rear,Toyota,bumper_rear,111.9,4.41,90-115,factory_normal
V0102-door_jamb_left,Toyota,door_jamb_left,100.2,3.94,90-115,factory_normal
V0102-door_jamb_right,Toyota,door_jamb_right,101.7,4.0,90-115,factory_normal
V0103-hood,Toyota,hood,104.1,4.1,90-115,factory_normal
V0103-roof,Toyota,roof,104.1,4.1,90-115,factory_normal
V0103-trunk,Toyota,trunk,103.6,4.08,90-115,factory_normal
V0103-door_front_left,Toyota,door_front_left,100.8,3.97,90-115,factory_normal
V0103-door_front_right,Toyota,door_front_right,96.6,3.8,90-115,factory_normal
V0103-door_rear_left,Toyota,door_rear_left,104.5,4.11,90-115,factory_normal
V0103-door_rear_right,Toyota,door_rear_right,100.2,3.94,90-115,factory_normal
V0103-fender_left,Toyota,fender_left,104.5,4.11,90-115,factory_normal
V0103-fender_right,Toyota,fender_right,100.1,3.94,90-115,factory_normal
V0103-quarter_left,Toyota,quarter_left,98.6,3.88,90-115,factory_normal
V0103-quarter_right,Toyota,quarter_right,105.2,4.14,90-115,factory_normal
V0103-bumper_front,Toyota,bumper_front,102.0,4.02,90-115,factory_normal
V0103-bumper_rear,Toyota,bumper_rear,102.1,4.02,90-115,factory_normal
V0103-door_jamb_left,Toyota,door_jamb_left,108.8,4.28,90-115,factory_normal
V0103-door_jamb_right,Toyota,door_jamb_right,101.3,3.99,90-115,factory_normal
V0104-hood,Toyota,hood,92.1,3.63,90-115,factory_normal
V0104-roof,Toyota,roof,91.9,3.62,90-115,factory_normal
V0104-trunk,Toyota,trunk,87.8,3.46,90-115,thin_caution
V0104-door_front_left,Toyota,door_front_left,90.8,3.57,90-115,factory_normal
V0104-door_front_right,Toyota,door_front_right,98.5,3.88,90-115,factory_normal
V0104-door_rear_left,Toyota,door_rear_left,88.3,3.48,90-115,thin_caution
V0104-door_rear_right,Toyota,door_rear_right,85.4,3.36,90-115,thin_caution
V0104-fender_left,Toyota,fender_left,97.1,3.82,90-115,factory_normal
V0104-fender_right,Toyota,fender_right,94.8,3.73,90-115,factory_normal
V0104-quarter_left,Toyota,quarter_left,89.2,3.51,90-115,thin_caution
V0104-quarter_right,Toyota,quarter_right,84.4,3.32,90-115,thin_caution
V0104-bumper_front,Toyota,bumper_front,103.4,4.07,90-115,factory_normal
V0104-bumper_rear,Toyota,bumper_rear,76.3,3.0,90-115,thin_caution
V0104-door_jamb_left,Toyota,door_jamb_left,95.4,3.76,90-115,factory_normal
V0104-door_jamb_right,Toyota,door_jamb_right,88.8,3.5,90-115,thin_caution
V0105-hood,Lexus,hood,111.2,4.38,95-120,factory_normal
V0105-roof,Lexus,roof,108.5,4.27,95-120,factory_normal
V0105-trunk,Lexus,trunk,93.9,3.7,95-120,factory_normal
V0105-door_front_left,Lexus,door_front_left,182.8,7.2,95-120,respray
V0105-door_front_right,Lexus,door_front_right,186.3,7.33,95-120,respray
V0105-door_rear_left,Lexus,door_rear_left,104.8,4.13,95-120,factory_normal
V0105-door_rear_right,Lexus,door_rear_right,108.2,4.26,95-120,factory_normal
V0105-fender_left,Lexus,fender_left,109.7,4.32,95-120,factory_normal
V0105-fender_right,Lexus,fender_right,108.8,4.28,95-120,factory_normal
V0105-quarter_left,Lexus,quarter_left,104.7,4.12,95-120,factory_normal
V0105-quarter_right,Lexus,quarter_right,96.5,3.8,95-120,factory_normal
V0105-bumper_front,Lexus,bumper_front,106.0,4.17,95-120,factory_normal
V0105-bumper_rear,Lexus,bumper_rear,96.0,3.78,95-120,factory_normal
V0105-door_jamb_left,Lexus,door_jamb_left,109.5,4.31,95-120,factory_normal
V0105-door_jamb_right,Lexus,door_jamb_right,105.8,4.17,95-120,factory_normal
V0106-hood,Lexus,hood,200.5,7.89,95-120,respray
V0106-roof,Lexus,roof,118.0,4.65,95-120,factory_normal
V0106-trunk,Lexus,trunk,117.5,4.63,95-120,factory_normal
V0106-door_front_left,Lexus,door_front_left,234.0,9.21,95-120,respray
V0106-door_front_right,Lexus,door_front_right,127.1,5.0,95-120,factory_normal
V0106-door_rear_left,Lexus,door_rear_left,120.5,4.74,95-120,factory_normal
V0106-door_rear_right,Lexus,door_rear_right,107.8,4.24,95-120,factory_normal
V0106-fender_left,Lexus,fender_left,117.9,4.64,95-120,factory_normal
V0106-fender_right,Lexus,fender_right,121.4,4.78,95-120,factory_normal
V0106-quarter_left,Lexus,quarter_left,121.7,4.79,95-120,factory_normal
V0106-quarter_right,Lexus,quarter_right,113.5,4.47,95-120,factory_normal
V0106-bumper_front,Lexus,bumper_front,133.2,5.24,95-120,factory_normal
V0106-bumper_rear,Lexus,bumper_rear,123.4,4.86,95-120,factory_normal
V0106-door_jamb_left,Lexus,door_jamb_left,231.5,9.11,95-120,respray
V0106-door_jamb_right,Lexus,door_jamb_right,119.5,4.7,95-120,factory_normal
V0107-hood,Lexus,hood,102.9,4.05,95-120,factory_normal
V0107-roof,Lexus,roof,100.1,3.94,95-120,factory_normal
V0107-trunk,Lexus,trunk,105.6,4.16,95-120,factory_normal
V0107-door_front_left,Lexus,door_front_left,228.4,8.99,95-120,respray
V0107-door_front_right,Lexus,door_front_right,101.2,3.98,95-120,factory_normal
V0107-door_rear_left,Lexus,door_rear_left,100.6,3.96,95-120,factory_normal
V0107-door_rear_right,Lexus,door_rear_right,97.3,3.83,95-120,factory_normal
V0107-fender_left,Lexus,fender_left,100.8,3.97,95-120,factory_normal
V0107-fender_right,Lexus,fender_right,109.9,4.33,95-120,factory_normal
V0107-quarter_left,Lexus,quarter_left,97.4,3.83,95-120,factory_normal
V0107-quarter_right,Lexus,quarter_right,245.6,9.67,95-120,respray
V0107-bumper_front,Lexus,bumper_front,97.5,3.84,95-120,factory_normal
V0107-bumper_rear,Lexus,bumper_rear,175.9,6.93,95-120,respray
V0107-door_jamb_left,Lexus,door_jamb_left,97.3,3.83,95-120,factory_normal
V0107-door_jamb_right,Lexus,door_jamb_right,99.0,3.9,95-120,factory_normal
V0108-hood,Lexus,hood,123.9,4.88,95-120,factory_normal
V0108-roof,Lexus,roof,124.9,4.92,95-120,factory_normal
V0108-trunk,Lexus,trunk,123.9,4.88,95-120,factory_normal
V0108-door_front_left,Lexus,door_front_left,127.1,5.0,95-120,factory_normal
V0108-door_front_right,Lexus,door_front_right,118.7,4.67,95-120,factory_normal
V0108-door_rear_left,Lexus,door_rear_left,109.4,4.31,95-120,factory_normal
V0108-door_rear_right,Lexus,door_rear_right,118.7,4.67,95-120,factory_normal
V0108-fender_left,Lexus,fender_left,123.7,4.87,95-120,factory_normal
V0108-fender_right,Lexus,fender_right,114.8,4.52,95-120,factory_normal
V0108-quarter_left,Lexus,quarter_left,118.8,4.68,95-120,factory_normal
V0108-quarter_right,Lexus,quarter_right,116.2,4.57,95-120,factory_normal
V0108-bumper_front,Lexus,bumper_front,137.2,5.4,95-120,factory_normal
V0108-bumper_rear,Lexus,bumper_rear,119.6,4.71,95-120,factory_normal
V0108-door_jamb_left,Lexus,door_jamb_left,113.1,4.45,95-120,factory_normal
V0108-door_jamb_right,Lexus,door_jamb_right,120.1,4.73,95-120,factory_normal
V0109-hood,Lexus,hood,108.5,4.27,95-120,factory_normal
V0109-roof,Lexus,roof,110.3,4.34,95-120,factory_normal
V0109-trunk,Lexus,trunk,242.9,9.56,95-120,respray
V0109-door_front_left,Lexus,door_front_left,97.4,3.83,95-120,factory_normal
V0109-door_front_right,Lexus,door_front_right,100.7,3.96,95-120,factory_normal
V0109-door_rear_left,Lexus,door_rear_left,104.8,4.13,95-120,factory_normal
V0109-door_rear_right,Lexus,door_rear_right,115.1,4.53,95-120,factory_normal
V0109-fender_left,Lexus,fender_left,109.8,4.32,95-120,factory_normal
V0109-fender_right,Lexus,fender_right,108.0,4.25,95-120,factory_normal
V0109-quarter_left,Lexus,quarter_left,100.5,3.96,95-120,factory_normal
V0109-quarter_right,Lexus,quarter_right,98.0,3.86,95-120,factory_normal
V0109-bumper_front,Lexus,bumper_front,119.4,4.7,95-120,factory_normal
V0109-bumper_rear,Lexus,bumper_rear,97.9,3.85,95-120,factory_normal
V0109-door_jamb_left,Lexus,door_jamb_left,102.6,4.04,95-120,factory_normal
V0109-door_jamb_right,Lexus,door_jamb_right,102.2,4.02,95-120,factory_normal
V0110-hood,Lexus,hood,119.7,4.71,95-120,factory_normal
V0110-roof,Lexus,roof,108.0,4.25,95-120,factory_normal
V0110-trunk,Lexus,trunk,113.1,4.45,95-120,factory_normal
V0110-door_front_left,Lexus,door_front_left,119.1,4.69,95-120,factory_normal
V0110-door_front_right,Lexus,door_front_right,112.6,4.43,95-120,factory_normal
V0110-door_rear_left,Lexus,door_rear_left,233.4,9.19,95-120,respray
V0110-door_rear_right,Lexus,door_rear_right,251.1,9.89,95-120,repair_or_filler
V0110-fender_left,Lexus,fender_left,121.3,4.78,95-120,factory_normal
V0110-fender_right,Lexus,fender_right,115.5,4.55,95-120,factory_normal
V0110-quarter_left,Lexus,quarter_left,105.9,4.17,95-120,factory_normal
V0110-quarter_right,Lexus,quarter_right,119.2,4.69,95-120,factory_normal
V0110-bumper_front,Lexus,bumper_front,118.2,4.65,95-120,factory_normal
V0110-bumper_rear,Lexus,bumper_rear,240.7,9.48,95-120,respray
V0110-door_jamb_left,Lexus,door_jamb_left,117.4,4.62,95-120,factory_normal
V0110-door_jamb_right,Lexus,door_jamb_right,113.1,4.45,95-120,factory_normal
V0111-hood,Lexus,hood,99.0,3.9,95-120,factory_normal
V0111-roof,Lexus,roof,95.8,3.77,95-120,factory_normal
V0111-trunk,Lexus,trunk,85.7,3.37,95-120,thin_caution
V0111-door_front_left,Lexus,door_front_left,94.9,3.74,95-120,factory_normal
V0111-door_front_right,Lexus,door_front_right,93.0,3.66,95-120,factory_normal
V0111-door_rear_left,Lexus,door_rear_left,105.4,4.15,95-120,factory_normal
V0111-door_rear_right,Lexus,door_rear_right,89.0,3.5,95-120,thin_caution
V0111-fender_left,Lexus,fender_left,90.3,3.56,95-120,factory_normal
V0111-fender_right,Lexus,fender_right,103.1,4.06,95-120,factory_normal
V0111-quarter_left,Lexus,quarter_left,104.3,4.11,95-120,factory_normal
V0111-quarter_right,Lexus,quarter_right,93.8,3.69,95-120,factory_normal
V0111-bumper_front,Lexus,bumper_front,117.9,4.64,95-120,factory_normal
V0111-bumper_rear,Lexus,bumper_rear,104.3,4.11,95-120,factory_normal
V0111-door_jamb_left,Lexus,door_jamb_left,97.8,3.85,95-120,factory_normal
V0111-door_jamb_right,Lexus,door_jamb_right,100.9,3.97,95-120,factory_normal
V0112-hood,Lexus,hood,101.5,4.0,95-120,factory_normal
V0112-roof,Lexus,roof,104.3,4.11,95-120,factory_normal
V0112-trunk,Lexus,trunk,113.4,4.46,95-120,factory_normal
V0112-door_front_left,Lexus,door_front_left,96.7,3.81,95-120,factory_normal
V0112-door_front_right,Lexus,door_front_right,109.5,4.31,95-120,factory_normal
V0112-door_rear_left,Lexus,door_rear_left,99.2,3.91,95-120,factory_normal
V0112-door_rear_right,Lexus,door_rear_right,104.8,4.13,95-120,factory_normal
V0112-fender_left,Lexus,fender_left,103.1,4.06,95-120,factory_normal
V0112-fender_right,Lexus,fender_right,99.5,3.92,95-120,factory_normal
V0112-quarter_left,Lexus,quarter_left,99.4,3.91,95-120,factory_normal
V0112-quarter_right,Lexus,quarter_right,105.7,4.16,95-120,factory_normal
V0112-bumper_front,Lexus,bumper_front,124.7,4.91,95-120,factory_normal
V0112-bumper_rear,Lexus,bumper_rear,119.9,4.72,95-120,factory_normal
V0112-door_jamb_left,Lexus,door_jamb_left,112.1,4.41,95-120,factory_normal
V0112-door_jamb_right,Lexus,door_jamb_right,103.2,4.06,95-120,factory_normal
V0113-hood,Lexus,hood,115.9,4.56,95-120,factory_normal
V0113-roof,Lexus,roof,116.2,4.57,95-120,factory_normal
V0113-trunk,Lexus,trunk,109.4,4.31,95-120,factory_normal
V0113-door_front_left,Lexus,door_front_left,110.1,4.33,95-120,factory_normal
V0113-door_front_right,Lexus,door_front_right,114.8,4.52,95-120,factory_normal
V0113-door_rear_left,Lexus,door_rear_left,107.9,4.25,95-120,factory_normal
V0113-door_rear_right,Lexus,door_rear_right,110.0,4.33,95-120,factory_normal
V0113-fender_left,Lexus,fender_left,112.5,4.43,95-120,factory_normal
V0113-fender_right,Lexus,fender_right,117.1,4.61,95-120,factory_normal
V0113-quarter_left,Lexus,quarter_left,109.1,4.3,95-120,factory_normal
V0113-quarter_right,Lexus,quarter_right,102.9,4.05,95-120,factory_normal
V0113-bumper_front,Lexus,bumper_front,103.5,4.07,95-120,factory_normal
V0113-bumper_rear,Lexus,bumper_rear,106.0,4.17,95-120,factory_normal
V0113-door_jamb_left,Lexus,door_jamb_left,110.8,4.36,95-120,factory_normal
V0113-door_jamb_right,Lexus,door_jamb_right,116.0,4.57,95-120,factory_normal
V0114-hood,Lexus,hood,104.3,4.11,95-120,factory_normal
V0114-roof,Lexus,roof,101.9,4.01,95-120,factory_normal
V0114-trunk,Lexus,trunk,102.0,4.02,95-120,factory_normal
V0114-door_front_left,Lexus,door_front_left,105.8,4.17,95-120,factory_normal
V0114-door_front_right,Lexus,door_front_right,107.1,4.22,95-120,factory_normal
V0114-door_rear_left,Lexus,door_rear_left,99.7,3.93,95-120,factory_normal
V0114-door_rear_right,Lexus,door_rear_right,104.4,4.11,95-120,factory_normal
V0114-fender_left,Lexus,fender_left,197.7,7.78,95-120,respray
V0114-fender_right,Lexus,fender_right,105.3,4.15,95-120,factory_normal
V0114-quarter_left,Lexus,quarter_left,108.0,4.25,95-120,factory_normal
V0114-quarter_right,Lexus,quarter_right,102.8,4.05,95-120,factory_normal
V0114-bumper_front,Lexus,bumper_front,220.0,8.66,95-120,respray
V0114-bumper_rear,Lexus,bumper_rear,110.1,4.33,95-120,factory_normal
V0114-door_jamb_left,Lexus,door_jamb_left,104.2,4.1,95-120,factory_normal
V0114-door_jamb_right,Lexus,door_jamb_right,106.6,4.2,95-120,factory_normal
V0115-hood,Lexus,hood,103.2,4.06,95-120,factory_normal
V0115-roof,Lexus,roof,95.5,3.76,95-120,factory_normal
V0115-trunk,Lexus,trunk,104.8,4.13,95-120,factory_normal
V0115-door_front_left,Lexus,door_front_left,110.4,4.35,95-120,factory_normal
V0115-door_front_right,Lexus,door_front_right,98.7,3.89,95-120,factory_normal
V0115-door_rear_left,Lexus,door_rear_left,88.4,3.48,95-120,thin_caution
V0115-door_rear_right,Lexus,door_rear_right,96.6,3.8,95-120,factory_normal
V0115-fender_left,Lexus,fender_left,105.5,4.15,95-120,factory_normal
V0115-fender_right,Lexus,fender_right,102.1,4.02,95-120,factory_normal
V0115-quarter_left,Lexus,quarter_left,100.6,3.96,95-120,factory_normal
V0115-quarter_right,Lexus,quarter_right,104.4,4.11,95-120,factory_normal
V0115-bumper_front,Lexus,bumper_front,118.8,4.68,95-120,factory_normal
V0115-bumper_rear,Lexus,bumper_rear,110.3,4.34,95-120,factory_normal
V0115-door_jamb_left,Lexus,door_jamb_left,97.5,3.84,95-120,factory_normal
V0115-door_jamb_right,Lexus,door_jamb_right,104.4,4.11,95-120,factory_normal
V0116-hood,Lexus,hood,115.4,4.54,95-120,factory_normal
V0116-roof,Lexus,roof,112.0,4.41,95-120,factory_normal
V0116-trunk,Lexus,trunk,108.4,4.27,95-120,factory_normal
V0116-door_front_left,Lexus,door_front_left,111.4,4.39,95-120,factory_normal
V0116-door_front_right,Lexus,door_front_right,118.6,4.67,95-120,factory_normal
V0116-door_rear_left,Lexus,door_rear_left,114.2,4.5,95-120,factory_normal
V0116-door_rear_right,Lexus,door_rear_right,102.8,4.05,95-120,factory_normal
V0116-fender_left,Lexus,fender_left,110.3,4.34,95-120,factory_normal
V0116-fender_right,Lexus,fender_right,120.3,4.74,95-120,factory_normal
V0116-quarter_left,Lexus,quarter_left,110.3,4.34,95-120,factory_normal
V0116-quarter_right,Lexus,quarter_right,102.4,4.03,95-120,factory_normal
V0116-bumper_front,Lexus,bumper_front,123.4,4.86,95-120,factory_normal
V0116-bumper_rear,Lexus,bumper_rear,134.3,5.29,95-120,factory_normal
V0116-door_jamb_left,Lexus,door_jamb_left,113.0,4.45,95-120,factory_normal
V0116-door_jamb_right,Lexus,door_jamb_right,112.1,4.41,95-120,factory_normal
V0117-hood,Honda,hood,106.7,4.2,90-115,factory_normal
V0117-roof,Honda,roof,110.1,4.33,90-115,factory_normal
V0117-trunk,Honda,trunk,100.9,3.97,90-115,factory_normal
V0117-door_front_left,Honda,door_front_left,104.2,4.1,90-115,factory_normal
V0117-door_front_right,Honda,door_front_right,115.4,4.54,90-115,factory_normal
V0117-door_rear_left,Honda,door_rear_left,115.5,4.55,90-115,factory_normal
V0117-door_rear_right,Honda,door_rear_right,114.7,4.52,90-115,factory_normal
V0117-fender_left,Honda,fender_left,114.4,4.5,90-115,factory_normal
V0117-fender_right,Honda,fender_right,110.7,4.36,90-115,factory_normal
V0117-quarter_left,Honda,quarter_left,116.3,4.58,90-115,factory_normal
V0117-quarter_right,Honda,quarter_right,112.1,4.41,90-115,factory_normal
V0117-bumper_front,Honda,bumper_front,97.0,3.82,90-115,factory_normal
V0117-bumper_rear,Honda,bumper_rear,122.7,4.83,90-115,factory_normal
V0117-door_jamb_left,Honda,door_jamb_left,111.2,4.38,90-115,factory_normal
V0117-door_jamb_right,Honda,door_jamb_right,106.0,4.17,90-115,factory_normal
V0118-hood,Honda,hood,96.0,3.78,90-115,factory_normal
V0118-roof,Honda,roof,96.8,3.81,90-115,factory_normal
V0118-trunk,Honda,trunk,91.6,3.61,90-115,factory_normal
V0118-door_front_left,Honda,door_front_left,95.2,3.75,90-115,factory_normal
V0118-door_front_right,Honda,door_front_right,101.6,4.0,90-115,factory_normal
V0118-door_rear_left,Honda,door_rear_left,103.3,4.07,90-115,factory_normal
V0118-door_rear_right,Honda,door_rear_right,100.6,3.96,90-115,factory_normal
V0118-fender_left,Honda,fender_left,90.2,3.55,90-115,factory_normal
V0118-fender_right,Honda,fender_right,95.9,3.78,90-115,factory_normal
V0118-quarter_left,Honda,quarter_left,97.1,3.82,90-115,factory_normal
V0118-quarter_right,Honda,quarter_right,85.9,3.38,90-115,thin_caution
V0118-bumper_front,Honda,bumper_front,95.6,3.76,90-115,factory_normal
V0118-bumper_rear,Honda,bumper_rear,127.0,5.0,90-115,factory_normal
V0118-door_jamb_left,Honda,door_jamb_left,99.1,3.9,90-115,factory_normal
V0118-door_jamb_right,Honda,door_jamb_right,92.0,3.62,90-115,factory_normal
V0119-hood,Honda,hood,101.7,4.0,90-115,factory_normal
V0119-roof,Honda,roof,106.1,4.18,90-115,factory_normal
V0119-trunk,Honda,trunk,106.1,4.18,90-115,factory_normal
V0119-door_front_left,Honda,door_front_left,112.9,4.44,90-115,factory_normal
V0119-door_front_right,Honda,door_front_right,108.3,4.26,90-115,factory_normal
V0119-door_rear_left,Honda,door_rear_left,115.0,4.53,90-115,factory_normal
V0119-door_rear_right,Honda,door_rear_right,109.5,4.31,90-115,factory_normal
V0119-fender_left,Honda,fender_left,111.0,4.37,90-115,factory_normal
V0119-fender_right,Honda,fender_right,103.7,4.08,90-115,factory_normal
V0119-quarter_left,Honda,quarter_left,118.7,4.67,90-115,factory_normal
V0119-quarter_right,Honda,quarter_right,110.3,4.34,90-115,factory_normal
V0119-bumper_front,Honda,bumper_front,133.6,5.26,90-115,factory_normal
V0119-bumper_rear,Honda,bumper_rear,107.0,4.21,90-115,factory_normal
V0119-door_jamb_left,Honda,door_jamb_left,108.5,4.27,90-115,factory_normal
V0119-door_jamb_right,Honda,door_jamb_right,111.5,4.39,90-115,factory_normal
V0120-hood,Honda,hood,90.1,3.55,90-115,factory_normal
V0120-roof,Honda,roof,97.5,3.84,90-115,factory_normal
V0120-trunk,Honda,trunk,100.5,3.96,90-115,factory_normal
V0120-door_front_left,Honda,door_front_left,95.6,3.76,90-115,factory_normal
V0120-door_front_right,Honda,door_front_right,94.0,3.7,90-115,factory_normal
V0120-door_rear_left,Honda,door_rear_left,106.4,4.19,90-115,factory_normal
V0120-door_rear_right,Honda,door_rear_right,99.3,3.91,90-115,factory_normal
V0120-fender_left,Honda,fender_left,100.3,3.95,90-115,factory_normal
V0120-fender_right,Honda,fender_right,93.0,3.66,90-115,factory_normal
V0120-quarter_left,Honda,quarter_left,98.9,3.89,90-115,factory_normal
V0120-quarter_right,Honda,quarter_right,102.3,4.03,90-115,factory_normal
V0120-bumper_front,Honda,bumper_front,113.4,4.46,90-115,factory_normal
V0120-bumper_rear,Honda,bumper_rear,120.0,4.72,90-115,factory_normal
V0120-door_jamb_left,Honda,door_jamb_left,106.7,4.2,90-115,factory_normal
V0120-door_jamb_right,Honda,door_jamb_right,99.8,3.93,90-115,factory_normal
V0121-hood,Honda,hood,92.7,3.65,90-115,factory_normal
V0121-roof,Honda,roof,87.6,3.45,90-115,thin_caution
V0121-trunk,Honda,trunk,89.9,3.54,90-115,thin_caution
V0121-door_front_left,Honda,door_front_left,96.4,3.8,90-115,factory_normal
V0121-door_front_right,Honda,door_front_right,102.1,4.02,90-115,factory_normal
V0121-door_rear_left,Honda,door_rear_left,102.4,4.03,90-115,factory_normal
V0121-door_rear_right,Honda,door_rear_right,94.7,3.73,90-115,factory_normal
V0121-fender_left,Honda,fender_left,95.3,3.75,90-115,factory_normal
V0121-fender_right,Honda,fender_right,99.7,3.93,90-115,factory_normal
V0121-quarter_left,Honda,quarter_left,93.5,3.68,90-115,factory_normal
V0121-quarter_right,Honda,quarter_right,99.3,3.91,90-115,factory_normal
V0121-bumper_front,Honda,bumper_front,127.9,5.04,90-115,factory_normal
V0121-bumper_rear,Honda,bumper_rear,89.0,3.5,90-115,thin_caution
V0121-door_jamb_left,Honda,door_jamb_left,90.7,3.57,90-115,factory_normal
V0121-door_jamb_right,Honda,door_jamb_right,100.2,3.94,90-115,factory_normal
V0122-hood,Honda,hood,89.8,3.54,90-115,thin_caution
V0122-roof,Honda,roof,88.1,3.47,90-115,thin_caution
V0122-trunk,Honda,trunk,92.6,3.65,90-115,factory_normal
V0122-door_front_left,Honda,door_front_left,90.9,3.58,90-115,factory_normal
V0122-door_front_right,Honda,door_front_right,94.8,3.73,90-115,factory_normal
V0122-door_rear_left,Honda,door_rear_left,97.9,3.85,90-115,factory_normal
V0122-door_rear_right,Honda,door_rear_right,90.6,3.57,90-115,factory_normal
V0122-fender_left,Honda,fender_left,92.2,3.63,90-115,factory_normal
V0122-fender_right,Honda,fender_right,93.9,3.7,90-115,factory_normal
V0122-quarter_left,Honda,quarter_left,88.5,3.48,90-115,thin_caution
V0122-quarter_right,Honda,quarter_right,93.5,3.68,90-115,factory_normal
V0122-bumper_front,Honda,bumper_front,109.1,4.3,90-115,factory_normal
V0122-bumper_rear,Honda,bumper_rear,99.3,3.91,90-115,factory_normal
V0122-door_jamb_left,Honda,door_jamb_left,96.8,3.81,90-115,factory_normal
V0122-door_jamb_right,Honda,door_jamb_right,100.4,3.95,90-115,factory_normal
V0123-hood,Honda,hood,88.2,3.47,90-115,thin_caution
V0123-roof,Honda,roof,100.2,3.94,90-115,factory_normal
V0123-trunk,Honda,trunk,104.2,4.1,90-115,factory_normal
V0123-door_front_left,Honda,door_front_left,103.3,4.07,90-115,factory_normal
V0123-door_front_right,Honda,door_front_right,109.4,4.31,90-115,factory_normal
V0123-door_rear_left,Honda,door_rear_left,100.9,3.97,90-115,factory_normal
V0123-door_rear_right,Honda,door_rear_right,97.0,3.82,90-115,factory_normal
V0123-fender_left,Honda,fender_left,105.1,4.14,90-115,factory_normal
V0123-fender_right,Honda,fender_right,95.6,3.76,90-115,factory_normal
V0123-quarter_left,Honda,quarter_left,103.2,4.06,90-115,factory_normal
V0123-quarter_right,Honda,quarter_right,110.8,4.36,90-115,factory_normal
V0123-bumper_front,Honda,bumper_front,104.3,4.11,90-115,factory_normal
V0123-bumper_rear,Honda,bumper_rear,109.9,4.33,90-115,factory_normal
V0123-door_jamb_left,Honda,door_jamb_left,101.8,4.01,90-115,factory_normal
V0123-door_jamb_right,Honda,door_jamb_right,107.0,4.21,90-115,factory_normal
V0124-hood,Honda,hood,95.9,3.78,90-115,factory_normal
V0124-roof,Honda,roof,180.7,7.11,90-115,respray
V0124-trunk,Honda,trunk,92.5,3.64,90-115,factory_normal
V0124-door_front_left,Honda,door_front_left,97.0,3.82,90-115,factory_normal
V0124-door_front_right,Honda,door_front_right,99.9,3.93,90-115,factory_normal
V0124-door_rear_left,Honda,door_rear_left,83.6,3.29,90-115,thin_caution
V0124-door_rear_right,Honda,door_rear_right,99.4,3.91,90-115,factory_normal
V0124-fender_left,Honda,fender_left,97.3,3.83,90-115,factory_normal
V0124-fender_right,Honda,fender_right,97.6,3.84,90-115,factory_normal
V0124-quarter_left,Honda,quarter_left,101.4,3.99,90-115,factory_normal
V0124-quarter_right,Honda,quarter_right,97.5,3.84,90-115,factory_normal
V0124-bumper_front,Honda,bumper_front,208.3,8.2,90-115,respray
V0124-bumper_rear,Honda,bumper_rear,96.1,3.78,90-115,factory_normal
V0124-door_jamb_left,Honda,door_jamb_left,97.4,3.83,90-115,factory_normal
V0124-door_jamb_right,Honda,door_jamb_right,103.4,4.07,90-115,factory_normal
V0125-hood,Honda,hood,82.1,3.23,90-115,thin_caution
V0125-roof,Honda,roof,81.5,3.21,90-115,thin_caution
V0125-trunk,Honda,trunk,97.3,3.83,90-115,factory_normal
V0125-door_front_left,Honda,door_front_left,89.6,3.53,90-115,thin_caution
V0125-door_front_right,Honda,door_front_right,91.8,3.61,90-115,factory_normal
V0125-door_rear_left,Honda,door_rear_left,89.9,3.54,90-115,thin_caution
V0125-door_rear_right,Honda,door_rear_right,87.2,3.43,90-115,thin_caution
V0125-fender_left,Honda,fender_left,90.7,3.57,90-115,factory_normal
V0125-fender_right,Honda,fender_right,104.2,4.1,90-115,factory_normal
V0125-quarter_left,Honda,quarter_left,98.8,3.89,90-115,factory_normal
V0125-quarter_right,Honda,quarter_right,87.6,3.45,90-115,thin_caution
V0125-bumper_front,Honda,bumper_front,110.6,4.35,90-115,factory_normal
V0125-bumper_rear,Honda,bumper_rear,99.6,3.92,90-115,factory_normal
V0125-door_jamb_left,Honda,door_jamb_left,90.7,3.57,90-115,factory_normal
V0125-door_jamb_right,Honda,door_jamb_right,87.0,3.43,90-115,thin_caution
V0126-hood,Honda,hood,95.3,3.75,90-115,factory_normal
V0126-roof,Honda,roof,84.7,3.33,90-115,thin_caution
V0126-trunk,Honda,trunk,94.0,3.7,90-115,factory_normal
V0126-door_front_left,Honda,door_front_left,98.7,3.89,90-115,factory_normal
V0126-door_front_right,Honda,door_front_right,100.8,3.97,90-115,factory_normal
V0126-door_rear_left,Honda,door_rear_left,101.4,3.99,90-115,factory_normal
V0126-door_rear_right,Honda,door_rear_right,93.6,3.69,90-115,factory_normal
V0126-fender_left,Honda,fender_left,89.0,3.5,90-115,thin_caution
V0126-fender_right,Honda,fender_right,94.4,3.72,90-115,factory_normal
V0126-quarter_left,Honda,quarter_left,101.5,4.0,90-115,factory_normal
V0126-quarter_right,Honda,quarter_right,94.4,3.72,90-115,factory_normal
V0126-bumper_front,Honda,bumper_front,100.0,3.94,90-115,factory_normal
V0126-bumper_rear,Honda,bumper_rear,91.7,3.61,90-115,factory_normal
V0126-door_jamb_left,Honda,door_jamb_left,105.0,4.13,90-115,factory_normal
V0126-door_jamb_right,Honda,door_jamb_right,98.7,3.89,90-115,factory_normal
V0127-hood,Honda,hood,106.8,4.2,90-115,factory_normal
V0127-roof,Honda,roof,97.9,3.85,90-115,factory_normal
V0127-trunk,Honda,trunk,111.9,4.41,90-115,factory_normal
V0127-door_front_left,Honda,door_front_left,106.4,4.19,90-115,factory_normal
V0127-door_front_right,Honda,door_front_right,112.2,4.42,90-115,factory_normal
V0127-door_rear_left,Honda,door_rear_left,115.0,4.53,90-115,factory_normal
V0127-door_rear_right,Honda,door_rear_right,111.6,4.39,90-115,factory_normal
V0127-fender_left,Honda,fender_left,110.1,4.33,90-115,factory_normal
V0127-fender_right,Honda,fender_right,109.7,4.32,90-115,factory_normal
V0127-quarter_left,Honda,quarter_left,109.4,4.31,90-115,factory_normal
V0127-quarter_right,Honda,quarter_right,106.8,4.2,90-115,factory_normal
V0127-bumper_front,Honda,bumper_front,121.0,4.76,90-115,factory_normal
V0127-bumper_rear,Honda,bumper_rear,122.5,4.82,90-115,factory_normal
V0127-door_jamb_left,Honda,door_jamb_left,111.4,4.39,90-115,factory_normal
V0127-door_jamb_right,Honda,door_jamb_right,107.7,4.24,90-115,factory_normal
V0128-hood,Acura,hood,102.2,4.02,95-118,factory_normal
V0128-roof,Acura,roof,92.9,3.66,95-118,factory_normal
V0128-trunk,Acura,trunk,93.6,3.69,95-118,factory_normal
V0128-door_front_left,Acura,door_front_left,98.4,3.87,95-118,factory_normal
V0128-door_front_right,Acura,door_front_right,106.5,4.19,95-118,factory_normal
V0128-door_rear_left,Acura,door_rear_left,88.3,3.48,95-118,thin_caution
V0128-door_rear_right,Acura,door_rear_right,99.2,3.91,95-118,factory_normal
V0128-fender_left,Acura,fender_left,91.0,3.58,95-118,factory_normal
V0128-fender_right,Acura,fender_right,94.7,3.73,95-118,factory_normal
V0128-quarter_left,Acura,quarter_left,96.0,3.78,95-118,factory_normal
V0128-quarter_right,Acura,quarter_right,95.7,3.77,95-118,factory_normal
V0128-bumper_front,Acura,bumper_front,110.7,4.36,95-118,factory_normal
V0128-bumper_rear,Acura,bumper_rear,114.3,4.5,95-118,factory_normal
V0128-door_jamb_left,Acura,door_jamb_left,93.2,3.67,95-118,factory_normal
V0128-door_jamb_right,Acura,door_jamb_right,98.7,3.89,95-118,factory_normal
V0129-hood,Acura,hood,111.5,4.39,95-118,factory_normal
V0129-roof,Acura,roof,116.7,4.59,95-118,factory_normal
V0129-trunk,Acura,trunk,116.1,4.57,95-118,factory_normal
V0129-door_front_left,Acura,door_front_left,125.9,4.96,95-118,factory_normal
V0129-door_front_right,Acura,door_front_right,126.3,4.97,95-118,factory_normal
V0129-door_rear_left,Acura,door_rear_left,108.3,4.26,95-118,factory_normal
V0129-door_rear_right,Acura,door_rear_right,129.1,5.08,95-118,factory_normal
V0129-fender_left,Acura,fender_left,112.1,4.41,95-118,factory_normal
V0129-fender_right,Acura,fender_right,121.6,4.79,95-118,factory_normal
V0129-quarter_left,Acura,quarter_left,121.5,4.78,95-118,factory_normal
V0129-quarter_right,Acura,quarter_right,111.7,4.4,95-118,factory_normal
V0129-bumper_front,Acura,bumper_front,127.9,5.04,95-118,factory_normal
V0129-bumper_rear,Acura,bumper_rear,122.4,4.82,95-118,factory_normal
V0129-door_jamb_left,Acura,door_jamb_left,119.9,4.72,95-118,factory_normal
V0129-door_jamb_right,Acura,door_jamb_right,118.4,4.66,95-118,factory_normal
V0130-hood,Acura,hood,112.9,4.44,95-118,factory_normal
V0130-roof,Acura,roof,111.0,4.37,95-118,factory_normal
V0130-trunk,Acura,trunk,232.2,9.14,95-118,respray
V0130-door_front_left,Acura,door_front_left,113.1,4.45,95-118,factory_normal
V0130-door_front_right,Acura,door_front_right,120.2,4.73,95-118,factory_normal
V0130-door_rear_left,Acura,door_rear_left,121.1,4.77,95-118,factory_normal
V0130-door_rear_right,Acura,door_rear_right,115.5,4.55,95-118,factory_normal
V0130-fender_left,Acura,fender_left,123.4,4.86,95-118,factory_normal
V0130-fender_right,Acura,fender_right,219.6,8.65,95-118,respray
V0130-quarter_left,Acura,quarter_left,117.4,4.62,95-118,factory_normal
V0130-quarter_right,Acura,quarter_right,112.1,4.41,95-118,factory_normal
V0130-bumper_front,Acura,bumper_front,121.2,4.77,95-118,factory_normal
V0130-bumper_rear,Acura,bumper_rear,111.3,4.38,95-118,factory_normal
V0130-door_jamb_left,Acura,door_jamb_left,117.8,4.64,95-118,factory_normal
V0130-door_jamb_right,Acura,door_jamb_right,120.8,4.76,95-118,factory_normal
V0131-hood,Acura,hood,118.1,4.65,95-118,factory_normal
V0131-roof,Acura,roof,106.1,4.18,95-118,factory_normal
V0131-trunk,Acura,trunk,111.9,4.41,95-118,factory_normal
V0131-door_front_left,Acura,door_front_left,109.9,4.33,95-118,factory_normal
V0131-door_front_right,Acura,door_front_right,105.8,4.17,95-118,factory_normal
V0131-door_rear_left,Acura,door_rear_left,115.9,4.56,95-118,factory_normal
V0131-door_rear_right,Acura,door_rear_right,104.1,4.1,95-118,factory_normal
V0131-fender_left,Acura,fender_left,108.7,4.28,95-118,factory_normal
V0131-fender_right,Acura,fender_right,112.6,4.43,95-118,factory_normal
V0131-quarter_left,Acura,quarter_left,111.1,4.37,95-118,factory_normal
V0131-quarter_right,Acura,quarter_right,117.3,4.62,95-118,factory_normal
V0131-bumper_front,Acura,bumper_front,127.8,5.03,95-118,factory_normal
V0131-bumper_rear,Acura,bumper_rear,132.9,5.23,95-118,factory_normal
V0131-door_jamb_left,Acura,door_jamb_left,115.7,4.56,95-118,factory_normal
V0131-door_jamb_right,Acura,door_jamb_right,114.1,4.49,95-118,factory_normal
V0132-hood,Acura,hood,102.8,4.05,95-118,factory_normal
V0132-roof,Acura,roof,109.0,4.29,95-118,factory_normal
V0132-trunk,Acura,trunk,106.4,4.19,95-118,factory_normal
V0132-door_front_left,Acura,door_front_left,229.0,9.02,95-118,respray
V0132-door_front_right,Acura,door_front_right,103.6,4.08,95-118,factory_normal
V0132-door_rear_left,Acura,door_rear_left,100.9,3.97,95-118,factory_normal
V0132-door_rear_right,Acura,door_rear_right,111.8,4.4,95-118,factory_normal
V0132-fender_left,Acura,fender_left,107.3,4.22,95-118,factory_normal
V0132-fender_right,Acura,fender_right,102.6,4.04,95-118,factory_normal
V0132-quarter_left,Acura,quarter_left,111.0,4.37,95-118,factory_normal
V0132-quarter_right,Acura,quarter_right,104.1,4.1,95-118,factory_normal
V0132-bumper_front,Acura,bumper_front,103.0,4.06,95-118,factory_normal
V0132-bumper_rear,Acura,bumper_rear,138.9,5.47,95-118,factory_normal
V0132-door_jamb_left,Acura,door_jamb_left,228.3,8.99,95-118,respray
V0132-door_jamb_right,Acura,door_jamb_right,177.9,7.0,95-118,respray
V0133-hood,Acura,hood,118.1,4.65,95-118,factory_normal
V0133-roof,Acura,roof,103.8,4.09,95-118,factory_normal
V0133-trunk,Acura,trunk,113.5,4.47,95-118,factory_normal
V0133-door_front_left,Acura,door_front_left,105.3,4.15,95-118,factory_normal
V0133-door_front_right,Acura,door_front_right,110.1,4.33,95-118,factory_normal
V0133-door_rear_left,Acura,door_rear_left,102.6,4.04,95-118,factory_normal
V0133-door_rear_right,Acura,door_rear_right,105.7,4.16,95-118,factory_normal
V0133-fender_left,Acura,fender_left,105.6,4.16,95-118,factory_normal
V0133-fender_right,Acura,fender_right,248.0,9.76,95-118,respray
V0133-quarter_left,Acura,quarter_left,181.4,7.14,95-118,respray
V0133-quarter_right,Acura,quarter_right,110.3,4.34,95-118,factory_normal
V0133-bumper_front,Acura,bumper_front,225.2,8.87,95-118,respray
V0133-bumper_rear,Acura,bumper_rear,131.8,5.19,95-118,factory_normal
V0133-door_jamb_left,Acura,door_jamb_left,112.7,4.44,95-118,factory_normal
V0133-door_jamb_right,Acura,door_jamb_right,109.0,4.29,95-118,factory_normal
V0134-hood,Acura,hood,101.1,3.98,95-118,factory_normal
V0134-roof,Acura,roof,102.9,4.05,95-118,factory_normal
V0134-trunk,Acura,trunk,109.7,4.32,95-118,factory_normal
V0134-door_front_left,Acura,door_front_left,103.8,4.09,95-118,factory_normal
V0134-door_front_right,Acura,door_front_right,105.4,4.15,95-118,factory_normal
V0134-door_rear_left,Acura,door_rear_left,107.6,4.24,95-118,factory_normal
V0134-door_rear_right,Acura,door_rear_right,95.9,3.78,95-118,factory_normal
V0134-fender_left,Acura,fender_left,105.5,4.15,95-118,factory_normal
V0134-fender_right,Acura,fender_right,100.3,3.95,95-118,factory_normal
V0134-quarter_left,Acura,quarter_left,89.2,3.51,95-118,thin_caution
V0134-quarter_right,Acura,quarter_right,91.1,3.59,95-118,factory_normal
V0134-bumper_front,Acura,bumper_front,92.0,3.62,95-118,factory_normal
V0134-bumper_rear,Acura,bumper_rear,112.1,4.41,95-118,factory_normal
V0134-door_jamb_left,Acura,door_jamb_left,102.7,4.04,95-118,factory_normal
V0134-door_jamb_right,Acura,door_jamb_right,99.5,3.92,95-118,factory_normal
V0135-hood,Acura,hood,92.8,3.65,95-118,factory_normal
V0135-roof,Acura,roof,107.9,4.25,95-118,factory_normal
V0135-trunk,Acura,trunk,97.4,3.83,95-118,factory_normal
V0135-door_front_left,Acura,door_front_left,111.0,4.37,95-118,factory_normal
V0135-door_front_right,Acura,door_front_right,100.7,3.96,95-118,factory_normal
V0135-door_rear_left,Acura,door_rear_left,106.0,4.17,95-118,factory_normal
V0135-door_rear_right,Acura,door_rear_right,100.6,3.96,95-118,factory_normal
V0135-fender_left,Acura,fender_left,100.7,3.96,95-118,factory_normal
V0135-fender_right,Acura,fender_right,97.9,3.85,95-118,factory_normal
V0135-quarter_left,Acura,quarter_left,101.4,3.99,95-118,factory_normal
V0135-quarter_right,Acura,quarter_right,102.4,4.03,95-118,factory_normal
V0135-bumper_front,Acura,bumper_front,120.4,4.74,95-118,factory_normal
V0135-bumper_rear,Acura,bumper_rear,106.3,4.19,95-118,factory_normal
V0135-door_jamb_left,Acura,door_jamb_left,101.6,4.0,95-118,factory_normal
V0135-door_jamb_right,Acura,door_jamb_right,96.9,3.81,95-118,factory_normal
V0136-hood,Acura,hood,113.5,4.47,95-118,factory_normal
V0136-roof,Acura,roof,107.4,4.23,95-118,factory_normal
V0136-trunk,Acura,trunk,114.3,4.5,95-118,factory_normal
V0136-door_front_left,Acura,door_front_left,107.5,4.23,95-118,factory_normal
V0136-door_front_right,Acura,door_front_right,113.3,4.46,95-118,factory_normal
V0136-door_rear_left,Acura,door_rear_left,109.6,4.31,95-118,factory_normal
V0136-door_rear_right,Acura,door_rear_right,114.5,4.51,95-118,factory_normal
V0136-fender_left,Acura,fender_left,106.1,4.18,95-118,factory_normal
V0136-fender_right,Acura,fender_right,118.3,4.66,95-118,factory_normal
V0136-quarter_left,Acura,quarter_left,104.0,4.09,95-118,factory_normal
V0136-quarter_right,Acura,quarter_right,102.6,4.04,95-118,factory_normal
V0136-bumper_front,Acura,bumper_front,115.2,4.54,95-118,factory_normal
V0136-bumper_rear,Acura,bumper_rear,145.7,5.74,95-118,factory_normal
V0136-door_jamb_left,Acura,door_jamb_left,101.8,4.01,95-118,factory_normal
V0136-door_jamb_right,Acura,door_jamb_right,105.6,4.16,95-118,factory_normal
V0137-hood,Acura,hood,92.9,3.66,95-118,factory_normal
V0137-roof,Acura,roof,108.1,4.26,95-118,factory_normal
V0137-trunk,Acura,trunk,101.4,3.99,95-118,factory_normal
V0137-door_front_left,Acura,door_front_left,106.5,4.19,95-118,factory_normal
V0137-door_front_right,Acura,door_front_right,114.6,4.51,95-118,factory_normal
V0137-door_rear_left,Acura,door_rear_left,101.0,3.98,95-118,factory_normal
V0137-door_rear_right,Acura,door_rear_right,100.7,3.96,95-118,factory_normal
V0137-fender_left,Acura,fender_left,103.4,4.07,95-118,factory_normal
V0137-fender_right,Acura,fender_right,107.7,4.24,95-118,factory_normal
V0137-quarter_left,Acura,quarter_left,99.9,3.93,95-118,factory_normal
V0137-quarter_right,Acura,quarter_right,99.6,3.92,95-118,factory_normal
V0137-bumper_front,Acura,bumper_front,120.1,4.73,95-118,factory_normal
V0137-bumper_rear,Acura,bumper_rear,105.0,4.13,95-118,factory_normal
V0137-door_jamb_left,Acura,door_jamb_left,102.3,4.03,95-118,factory_normal
V0137-door_jamb_right,Acura,door_jamb_right,102.8,4.05,95-118,factory_normal
V0138-hood,Nissan,hood,107.0,4.21,90-115,factory_normal
V0138-roof,Nissan,roof,109.6,4.31,90-115,factory_normal
V0138-trunk,Nissan,trunk,115.2,4.54,90-115,factory_normal
V0138-door_front_left,Nissan,door_front_left,113.3,4.46,90-115,factory_normal
V0138-door_front_right,Nissan,door_front_right,192.9,7.59,90-115,respray
V0138-door_rear_left,Nissan,door_rear_left,107.7,4.24,90-115,factory_normal
V0138-door_rear_right,Nissan,door_rear_right,115.6,4.55,90-115,factory_normal
V0138-fender_left,Nissan,fender_left,119.3,4.7,90-115,factory_normal
V0138-fender_right,Nissan,fender_right,209.5,8.25,90-115,respray
V0138-quarter_left,Nissan,quarter_left,114.5,4.51,90-115,factory_normal
V0138-quarter_right,Nissan,quarter_right,113.4,4.46,90-115,factory_normal
V0138-bumper_front,Nissan,bumper_front,232.0,9.13,90-115,respray
V0138-bumper_rear,Nissan,bumper_rear,131.4,5.17,90-115,factory_normal
V0138-door_jamb_left,Nissan,door_jamb_left,111.0,4.37,90-115,factory_normal
V0138-door_jamb_right,Nissan,door_jamb_right,111.1,4.37,90-115,factory_normal
V0139-hood,Nissan,hood,91.0,3.58,90-115,factory_normal
V0139-roof,Nissan,roof,87.5,3.44,90-115,thin_caution
V0139-trunk,Nissan,trunk,91.0,3.58,90-115,factory_normal
V0139-door_front_left,Nissan,door_front_left,90.8,3.57,90-115,factory_normal
V0139-door_front_right,Nissan,door_front_right,89.9,3.54,90-115,thin_caution
V0139-door_rear_left,Nissan,door_rear_left,91.6,3.61,90-115,factory_normal
V0139-door_rear_right,Nissan,door_rear_right,99.1,3.9,90-115,factory_normal
V0139-fender_left,Nissan,fender_left,94.2,3.71,90-115,factory_normal
V0139-fender_right,Nissan,fender_right,105.6,4.16,90-115,factory_normal
V0139-quarter_left,Nissan,quarter_left,94.1,3.7,90-115,factory_normal
V0139-quarter_right,Nissan,quarter_right,91.8,3.61,90-115,factory_normal
V0139-bumper_front,Nissan,bumper_front,103.3,4.07,90-115,factory_normal
V0139-bumper_rear,Nissan,bumper_rear,218.0,8.58,90-115,respray
V0139-door_jamb_left,Nissan,door_jamb_left,97.0,3.82,90-115,factory_normal
V0139-door_jamb_right,Nissan,door_jamb_right,90.7,3.57,90-115,factory_normal
V0140-hood,Nissan,hood,81.4,3.2,90-115,thin_caution
V0140-roof,Nissan,roof,83.7,3.3,90-115,thin_caution
V0140-trunk,Nissan,trunk,162.9,6.41,90-115,respray
V0140-door_front_left,Nissan,door_front_left,87.7,3.45,90-115,thin_caution
V0140-door_front_right,Nissan,door_front_right,84.5,3.33,90-115,thin_caution
V0140-door_rear_left,Nissan,door_rear_left,91.2,3.59,90-115,factory_normal
V0140-door_rear_right,Nissan,door_rear_right,87.4,3.44,90-115,thin_caution
V0140-fender_left,Nissan,fender_left,87.7,3.45,90-115,thin_caution
V0140-fender_right,Nissan,fender_right,93.7,3.69,90-115,factory_normal
V0140-quarter_left,Nissan,quarter_left,84.2,3.31,90-115,thin_caution
V0140-quarter_right,Nissan,quarter_right,85.5,3.37,90-115,thin_caution
V0140-bumper_front,Nissan,bumper_front,87.5,3.44,90-115,thin_caution
V0140-bumper_rear,Nissan,bumper_rear,116.2,4.57,90-115,factory_normal
V0140-door_jamb_left,Nissan,door_jamb_left,88.1,3.47,90-115,thin_caution
V0140-door_jamb_right,Nissan,door_jamb_right,96.1,3.78,90-115,factory_normal
V0141-hood,Nissan,hood,109.5,4.31,90-115,factory_normal
V0141-roof,Nissan,roof,112.0,4.41,90-115,factory_normal
V0141-trunk,Nissan,trunk,118.5,4.67,90-115,factory_normal
V0141-door_front_left,Nissan,door_front_left,119.9,4.72,90-115,factory_normal
V0141-door_front_right,Nissan,door_front_right,114.3,4.5,90-115,factory_normal
V0141-door_rear_left,Nissan,door_rear_left,114.8,4.52,90-115,factory_normal
V0141-door_rear_right,Nissan,door_rear_right,118.4,4.66,90-115,factory_normal
V0141-fender_left,Nissan,fender_left,115.3,4.54,90-115,factory_normal
V0141-fender_right,Nissan,fender_right,108.1,4.26,90-115,factory_normal
V0141-quarter_left,Nissan,quarter_left,110.5,4.35,90-115,factory_normal
V0141-quarter_right,Nissan,quarter_right,115.8,4.56,90-115,factory_normal
V0141-bumper_front,Nissan,bumper_front,122.0,4.8,90-115,factory_normal
V0141-bumper_rear,Nissan,bumper_rear,129.2,5.09,90-115,factory_normal
V0141-door_jamb_left,Nissan,door_jamb_left,112.1,4.41,90-115,factory_normal
V0141-door_jamb_right,Nissan,door_jamb_right,110.9,4.37,90-115,factory_normal
V0142-hood,Nissan,hood,107.1,4.22,90-115,factory_normal
V0142-roof,Nissan,roof,109.6,4.31,90-115,factory_normal
V0142-trunk,Nissan,trunk,108.9,4.29,90-115,factory_normal
V0142-door_front_left,Nissan,door_front_left,107.4,4.23,90-115,factory_normal
V0142-door_front_right,Nissan,door_front_right,109.0,4.29,90-115,factory_normal
V0142-door_rear_left,Nissan,door_rear_left,106.0,4.17,90-115,factory_normal
V0142-door_rear_right,Nissan,door_rear_right,108.3,4.26,90-115,factory_normal
V0142-fender_left,Nissan,fender_left,102.6,4.04,90-115,factory_normal
V0142-fender_right,Nissan,fender_right,108.0,4.25,90-115,factory_normal
V0142-quarter_left,Nissan,quarter_left,109.5,4.31,90-115,factory_normal
V0142-quarter_right,Nissan,quarter_right,102.8,4.05,90-115,factory_normal
V0142-bumper_front,Nissan,bumper_front,125.1,4.93,90-115,factory_normal
V0142-bumper_rear,Nissan,bumper_rear,116.5,4.59,90-115,factory_normal
V0142-door_jamb_left,Nissan,door_jamb_left,112.1,4.41,90-115,factory_normal
V0142-door_jamb_right,Nissan,door_jamb_right,105.6,4.16,90-115,factory_normal
V0143-hood,Nissan,hood,104.7,4.12,90-115,factory_normal
V0143-roof,Nissan,roof,107.6,4.24,90-115,factory_normal
V0143-trunk,Nissan,trunk,110.0,4.33,90-115,factory_normal
V0143-door_front_left,Nissan,door_front_left,106.7,4.2,90-115,factory_normal
V0143-door_front_right,Nissan,door_front_right,110.6,4.35,90-115,factory_normal
V0143-door_rear_left,Nissan,door_rear_left,112.9,4.44,90-115,factory_normal
V0143-door_rear_right,Nissan,door_rear_right,108.1,4.26,90-115,factory_normal
V0143-fender_left,Nissan,fender_left,187.6,7.39,90-115,respray
V0143-fender_right,Nissan,fender_right,109.9,4.33,90-115,factory_normal
V0143-quarter_left,Nissan,quarter_left,110.0,4.33,90-115,factory_normal
V0143-quarter_right,Nissan,quarter_right,104.2,4.1,90-115,factory_normal
V0143-bumper_front,Nissan,bumper_front,111.8,4.4,90-115,factory_normal
V0143-bumper_rear,Nissan,bumper_rear,115.5,4.55,90-115,factory_normal
V0143-door_jamb_left,Nissan,door_jamb_left,110.3,4.34,90-115,factory_normal
V0143-door_jamb_right,Nissan,door_jamb_right,110.4,4.35,90-115,factory_normal
V0144-hood,Nissan,hood,95.7,3.77,90-115,factory_normal
V0144-roof,Nissan,roof,100.6,3.96,90-115,factory_normal
V0144-trunk,Nissan,trunk,94.5,3.72,90-115,factory_normal
V0144-door_front_left,Nissan,door_front_left,95.8,3.77,90-115,factory_normal
V0144-door_front_right,Nissan,door_front_right,94.3,3.71,90-115,factory_normal
V0144-door_rear_left,Nissan,door_rear_left,92.9,3.66,90-115,factory_normal
V0144-door_rear_right,Nissan,door_rear_right,104.2,4.1,90-115,factory_normal
V0144-fender_left,Nissan,fender_left,102.3,4.03,90-115,factory_normal
V0144-fender_right,Nissan,fender_right,103.8,4.09,90-115,factory_normal
V0144-quarter_left,Nissan,quarter_left,99.1,3.9,90-115,factory_normal
V0144-quarter_right,Nissan,quarter_right,102.8,4.05,90-115,factory_normal
V0144-bumper_front,Nissan,bumper_front,83.1,3.27,90-115,thin_caution
V0144-bumper_rear,Nissan,bumper_rear,220.6,8.69,90-115,respray
V0144-door_jamb_left,Nissan,door_jamb_left,101.0,3.98,90-115,factory_normal
V0144-door_jamb_right,Nissan,door_jamb_right,94.8,3.73,90-115,factory_normal
V0145-hood,Nissan,hood,103.8,4.09,90-115,factory_normal
V0145-roof,Nissan,roof,105.6,4.16,90-115,factory_normal
V0145-trunk,Nissan,trunk,100.6,3.96,90-115,factory_normal
V0145-door_front_left,Nissan,door_front_left,100.3,3.95,90-115,factory_normal
V0145-door_front_right,Nissan,door_front_right,103.3,4.07,90-115,factory_normal
V0145-door_rear_left,Nissan,door_rear_left,107.8,4.24,90-115,factory_normal
V0145-door_rear_right,Nissan,door_rear_right,101.5,4.0,90-115,factory_normal
V0145-fender_left,Nissan,fender_left,106.8,4.2,90-115,factory_normal
V0145-fender_right,Nissan,fender_right,112.7,4.44,90-115,factory_normal
V0145-quarter_left,Nissan,quarter_left,100.9,3.97,90-115,factory_normal
V0145-quarter_right,Nissan,quarter_right,106.4,4.19,90-115,factory_normal
V0145-bumper_front,Nissan,bumper_front,131.6,5.18,90-115,factory_normal
V0145-bumper_rear,Nissan,bumper_rear,117.6,4.63,90-115,factory_normal
V0145-door_jamb_left,Nissan,door_jamb_left,106.4,4.19,90-115,factory_normal
V0145-door_jamb_right,Nissan,door_jamb_right,108.8,4.28,90-115,factory_normal
V0146-hood,Nissan,hood,102.0,4.02,90-115,factory_normal
V0146-roof,Nissan,roof,94.1,3.7,90-115,factory_normal
V0146-trunk,Nissan,trunk,97.1,3.82,90-115,factory_normal
V0146-door_front_left,Nissan,door_front_left,96.6,3.8,90-115,factory_normal
V0146-door_front_right,Nissan,door_front_right,100.4,3.95,90-115,factory_normal
V0146-door_rear_left,Nissan,door_rear_left,91.8,3.61,90-115,factory_normal
V0146-door_rear_right,Nissan,door_rear_right,102.0,4.02,90-115,factory_normal
V0146-fender_left,Nissan,fender_left,99.2,3.91,90-115,factory_normal
V0146-fender_right,Nissan,fender_right,90.3,3.56,90-115,factory_normal
V0146-quarter_left,Nissan,quarter_left,102.9,4.05,90-115,factory_normal
V0146-quarter_right,Nissan,quarter_right,108.1,4.26,90-115,factory_normal
V0146-bumper_front,Nissan,bumper_front,112.5,4.43,90-115,factory_normal
V0146-bumper_rear,Nissan,bumper_rear,106.1,4.18,90-115,factory_normal
V0146-door_jamb_left,Nissan,door_jamb_left,94.1,3.7,90-115,factory_normal
V0146-door_jamb_right,Nissan,door_jamb_right,96.7,3.81,90-115,factory_normal
V0147-hood,Subaru,hood,108.3,4.26,88-112,factory_normal
V0147-roof,Subaru,roof,98.0,3.86,88-112,factory_normal
V0147-trunk,Subaru,trunk,103.0,4.06,88-112,factory_normal
V0147-door_front_left,Subaru,door_front_left,112.8,4.44,88-112,factory_normal
V0147-door_front_right,Subaru,door_front_right,99.9,3.93,88-112,factory_normal
V0147-door_rear_left,Subaru,door_rear_left,109.6,4.31,88-112,factory_normal
V0147-door_rear_right,Subaru,door_rear_right,223.3,8.79,88-112,respray
V0147-fender_left,Subaru,fender_left,108.0,4.25,88-112,factory_normal
V0147-fender_right,Subaru,fender_right,110.7,4.36,88-112,factory_normal
V0147-quarter_left,Subaru,quarter_left,109.0,4.29,88-112,factory_normal
V0147-quarter_right,Subaru,quarter_right,109.8,4.32,88-112,factory_normal
V0147-bumper_front,Subaru,bumper_front,216.9,8.54,88-112,respray
V0147-bumper_rear,Subaru,bumper_rear,241.0,9.49,88-112,respray
V0147-door_jamb_left,Subaru,door_jamb_left,101.0,3.98,88-112,factory_normal
V0147-door_jamb_right,Subaru,door_jamb_right,108.1,4.26,88-112,factory_normal
V0148-hood,Subaru,hood,96.3,3.79,88-112,factory_normal
V0148-roof,Subaru,roof,91.4,3.6,88-112,factory_normal
V0148-trunk,Subaru,trunk,102.8,4.05,88-112,factory_normal
V0148-door_front_left,Subaru,door_front_left,90.2,3.55,88-112,factory_normal
V0148-door_front_right,Subaru,door_front_right,92.9,3.66,88-112,factory_normal
V0148-door_rear_left,Subaru,door_rear_left,95.1,3.74,88-112,factory_normal
V0148-door_rear_right,Subaru,door_rear_right,89.1,3.51,88-112,thin_caution
V0148-fender_left,Subaru,fender_left,96.3,3.79,88-112,factory_normal
V0148-fender_right,Subaru,fender_right,102.7,4.04,88-112,factory_normal
V0148-quarter_left,Subaru,quarter_left,92.1,3.63,88-112,factory_normal
V0148-quarter_right,Subaru,quarter_right,96.6,3.8,88-112,factory_normal
V0148-bumper_front,Subaru,bumper_front,85.6,3.37,88-112,thin_caution
V0148-bumper_rear,Subaru,bumper_rear,100.6,3.96,88-112,factory_normal
V0148-door_jamb_left,Subaru,door_jamb_left,93.5,3.68,88-112,factory_normal
V0148-door_jamb_right,Subaru,door_jamb_right,88.8,3.5,88-112,thin_caution
V0149-hood,Subaru,hood,239.3,9.42,88-112,respray
V0149-roof,Subaru,roof,78.4,3.09,88-112,thin_caution
V0149-trunk,Subaru,trunk,85.1,3.35,88-112,thin_caution
V0149-door_front_left,Subaru,door_front_left,86.9,3.42,88-112,thin_caution
V0149-door_front_right,Subaru,door_front_right,174.0,6.85,88-112,respray
V0149-door_rear_left,Subaru,door_rear_left,92.8,3.65,88-112,factory_normal
V0149-door_rear_right,Subaru,door_rear_right,196.9,7.75,88-112,respray
V0149-fender_left,Subaru,fender_left,95.5,3.76,88-112,factory_normal
V0149-fender_right,Subaru,fender_right,85.2,3.35,88-112,thin_caution
V0149-quarter_left,Subaru,quarter_left,94.0,3.7,88-112,factory_normal
V0149-quarter_right,Subaru,quarter_right,82.1,3.23,88-112,thin_caution
V0149-bumper_front,Subaru,bumper_front,97.9,3.85,88-112,factory_normal
V0149-bumper_rear,Subaru,bumper_rear,96.4,3.8,88-112,factory_normal
V0149-door_jamb_left,Subaru,door_jamb_left,90.6,3.57,88-112,factory_normal
V0149-door_jamb_right,Subaru,door_jamb_right,95.1,3.74,88-112,factory_normal
V0150-hood,Subaru,hood,115.8,4.56,88-112,factory_normal
V0150-roof,Subaru,roof,126.3,4.97,88-112,factory_normal
V0150-trunk,Subaru,trunk,113.5,4.47,88-112,factory_normal
V0150-door_front_left,Subaru,door_front_left,113.3,4.46,88-112,factory_normal
V0150-door_front_right,Subaru,door_front_right,114.4,4.5,88-112,factory_normal
V0150-door_rear_left,Subaru,door_rear_left,105.9,4.17,88-112,factory_normal
V0150-door_rear_right,Subaru,door_rear_right,108.7,4.28,88-112,factory_normal
V0150-fender_left,Subaru,fender_left,108.4,4.27,88-112,factory_normal
V0150-fender_right,Subaru,fender_right,114.1,4.49,88-112,factory_normal
V0150-quarter_left,Subaru,quarter_left,110.0,4.33,88-112,factory_normal
V0150-quarter_right,Subaru,quarter_right,111.6,4.39,88-112,factory_normal
V0150-bumper_front,Subaru,bumper_front,132.1,5.2,88-112,factory_normal
V0150-bumper_rear,Subaru,bumper_rear,107.2,4.22,88-112,factory_normal
V0150-door_jamb_left,Subaru,door_jamb_left,110.0,4.33,88-112,factory_normal
V0150-door_jamb_right,Subaru,door_jamb_right,111.4,4.39,88-112,factory_normal
V0151-hood,Subaru,hood,94.2,3.71,88-112,factory_normal
V0151-roof,Subaru,roof,91.1,3.59,88-112,factory_normal
V0151-trunk,Subaru,trunk,92.6,3.65,88-112,factory_normal
V0151-door_front_left,Subaru,door_front_left,90.0,3.54,88-112,factory_normal
V0151-door_front_right,Subaru,door_front_right,86.3,3.4,88-112,thin_caution
V0151-door_rear_left,Subaru,door_rear_left,88.3,3.48,88-112,thin_caution
V0151-door_rear_right,Subaru,door_rear_right,89.7,3.53,88-112,thin_caution
V0151-fender_left,Subaru,fender_left,89.5,3.52,88-112,thin_caution
V0151-fender_right,Subaru,fender_right,80.2,3.16,88-112,thin_caution
V0151-quarter_left,Subaru,quarter_left,87.7,3.45,88-112,thin_caution
V0151-quarter_right,Subaru,quarter_right,89.9,3.54,88-112,thin_caution
V0151-bumper_front,Subaru,bumper_front,92.8,3.65,88-112,factory_normal
V0151-bumper_rear,Subaru,bumper_rear,104.1,4.1,88-112,factory_normal
V0151-door_jamb_left,Subaru,door_jamb_left,94.7,3.73,88-112,factory_normal
V0151-door_jamb_right,Subaru,door_jamb_right,92.0,3.62,88-112,factory_normal
V0152-hood,Subaru,hood,95.1,3.74,88-112,factory_normal
V0152-roof,Subaru,roof,97.5,3.84,88-112,factory_normal
V0152-trunk,Subaru,trunk,97.1,3.82,88-112,factory_normal
V0152-door_front_left,Subaru,door_front_left,98.9,3.89,88-112,factory_normal
V0152-door_front_right,Subaru,door_front_right,91.6,3.61,88-112,factory_normal
V0152-door_rear_left,Subaru,door_rear_left,96.5,3.8,88-112,factory_normal
V0152-door_rear_right,Subaru,door_rear_right,98.3,3.87,88-112,factory_normal
V0152-fender_left,Subaru,fender_left,100.3,3.95,88-112,factory_normal
V0152-fender_right,Subaru,fender_right,178.6,7.03,88-112,respray
V0152-quarter_left,Subaru,quarter_left,94.5,3.72,88-112,factory_normal
V0152-quarter_right,Subaru,quarter_right,82.7,3.26,88-112,thin_caution
V0152-bumper_front,Subaru,bumper_front,91.8,3.61,88-112,factory_normal
V0152-bumper_rear,Subaru,bumper_rear,106.4,4.19,88-112,factory_normal
V0152-door_jamb_left,Subaru,door_jamb_left,92.4,3.64,88-112,factory_normal
V0152-door_jamb_right,Subaru,door_jamb_right,96.3,3.79,88-112,factory_normal
V0153-hood,Subaru,hood,97.6,3.84,88-112,factory_normal
V0153-roof,Subaru,roof,96.7,3.81,88-112,factory_normal
V0153-trunk,Subaru,trunk,94.8,3.73,88-112,factory_normal
V0153-door_front_left,Subaru,door_front_left,88.4,3.48,88-112,thin_caution
V0153-door_front_right,Subaru,door_front_right,88.7,3.49,88-112,thin_caution
V0153-door_rear_left,Subaru,door_rear_left,93.2,3.67,88-112,factory_normal
V0153-door_rear_right,Subaru,door_rear_right,96.0,3.78,88-112,factory_normal
V0153-fender_left,Subaru,fender_left,93.0,3.66,88-112,factory_normal
V0153-fender_right,Subaru,fender_right,99.2,3.91,88-112,factory_normal
V0153-quarter_left,Subaru,quarter_left,94.7,3.73,88-112,factory_normal
V0153-quarter_right,Subaru,quarter_right,91.3,3.59,88-112,factory_normal
V0153-bumper_front,Subaru,bumper_front,102.0,4.02,88-112,factory_normal
V0153-bumper_rear,Subaru,bumper_rear,109.5,4.31,88-112,factory_normal
V0153-door_jamb_left,Subaru,door_jamb_left,96.0,3.78,88-112,factory_normal
V0153-door_jamb_right,Subaru,door_jamb_right,94.6,3.72,88-112,factory_normal
V0154-hood,Subaru,hood,100.3,3.95,88-112,factory_normal
V0154-roof,Subaru,roof,97.5,3.84,88-112,factory_normal
V0154-trunk,Subaru,trunk,94.2,3.71,88-112,factory_normal
V0154-door_front_left,Subaru,door_front_left,98.9,3.89,88-112,factory_normal
V0154-door_front_right,Subaru,door_front_right,97.6,3.84,88-112,factory_normal
V0154-door_rear_left,Subaru,door_rear_left,105.8,4.17,88-112,factory_normal
V0154-door_rear_right,Subaru,door_rear_right,105.9,4.17,88-112,factory_normal
V0154-fender_left,Subaru,fender_left,98.4,3.87,88-112,factory_normal
V0154-fender_right,Subaru,fender_right,101.6,4.0,88-112,factory_normal
V0154-quarter_left,Subaru,quarter_left,93.6,3.69,88-112,factory_normal
V0154-quarter_right,Subaru,quarter_right,100.4,3.95,88-112,factory_normal
V0154-bumper_front,Subaru,bumper_front,100.4,3.95,88-112,factory_normal
V0154-bumper_rear,Subaru,bumper_rear,122.1,4.81,88-112,factory_normal
V0154-door_jamb_left,Subaru,door_jamb_left,107.9,4.25,88-112,factory_normal
V0154-door_jamb_right,Subaru,door_jamb_right,104.4,4.11,88-112,factory_normal
V0155-hood,Subaru,hood,92.2,3.63,88-112,factory_normal
V0155-roof,Subaru,roof,99.8,3.93,88-112,factory_normal
V0155-trunk,Subaru,trunk,89.0,3.5,88-112,thin_caution
V0155-door_front_left,Subaru,door_front_left,89.8,3.54,88-112,thin_caution
V0155-door_front_right,Subaru,door_front_right,100.6,3.96,88-112,factory_normal
V0155-door_rear_left,Subaru,door_rear_left,98.2,3.87,88-112,factory_normal
V0155-door_rear_right,Subaru,door_rear_right,94.4,3.72,88-112,factory_normal
V0155-fender_left,Subaru,fender_left,100.3,3.95,88-112,factory_normal
V0155-fender_right,Subaru,fender_right,100.5,3.96,88-112,factory_normal
V0155-quarter_left,Subaru,quarter_left,104.7,4.12,88-112,factory_normal
V0155-quarter_right,Subaru,quarter_right,100.6,3.96,88-112,factory_normal
V0155-bumper_front,Subaru,bumper_front,142.2,5.6,88-112,factory_normal
V0155-bumper_rear,Subaru,bumper_rear,111.8,4.4,88-112,factory_normal
V0155-door_jamb_left,Subaru,door_jamb_left,101.1,3.98,88-112,factory_normal
V0155-door_jamb_right,Subaru,door_jamb_right,101.5,4.0,88-112,factory_normal
V0156-hood,Subaru,hood,115.0,4.53,88-112,factory_normal
V0156-roof,Subaru,roof,103.0,4.06,88-112,factory_normal
V0156-trunk,Subaru,trunk,226.5,8.92,88-112,respray
V0156-door_front_left,Subaru,door_front_left,109.3,4.3,88-112,factory_normal
V0156-door_front_right,Subaru,door_front_right,111.6,4.39,88-112,factory_normal
V0156-door_rear_left,Subaru,door_rear_left,104.6,4.12,88-112,factory_normal
V0156-door_rear_right,Subaru,door_rear_right,113.6,4.47,88-112,factory_normal
V0156-fender_left,Subaru,fender_left,107.8,4.24,88-112,factory_normal
V0156-fender_right,Subaru,fender_right,111.5,4.39,88-112,factory_normal
V0156-quarter_left,Subaru,quarter_left,109.6,4.31,88-112,factory_normal
V0156-quarter_right,Subaru,quarter_right,120.6,4.75,88-112,factory_normal
V0156-bumper_front,Subaru,bumper_front,123.5,4.86,88-112,factory_normal
V0156-bumper_rear,Subaru,bumper_rear,118.9,4.68,88-112,factory_normal
V0156-door_jamb_left,Subaru,door_jamb_left,182.7,7.19,88-112,respray
V0156-door_jamb_right,Subaru,door_jamb_right,116.8,4.6,88-112,factory_normal
V0157-hood,Subaru,hood,114.4,4.5,88-112,factory_normal
V0157-roof,Subaru,roof,102.9,4.05,88-112,factory_normal
V0157-trunk,Subaru,trunk,108.3,4.26,88-112,factory_normal
V0157-door_front_left,Subaru,door_front_left,102.4,4.03,88-112,factory_normal
V0157-door_front_right,Subaru,door_front_right,105.9,4.17,88-112,factory_normal
V0157-door_rear_left,Subaru,door_rear_left,110.9,4.37,88-112,factory_normal
V0157-door_rear_right,Subaru,door_rear_right,107.6,4.24,88-112,factory_normal
V0157-fender_left,Subaru,fender_left,100.0,3.94,88-112,factory_normal
V0157-fender_right,Subaru,fender_right,100.5,3.96,88-112,factory_normal
V0157-quarter_left,Subaru,quarter_left,100.2,3.94,88-112,factory_normal
V0157-quarter_right,Subaru,quarter_right,109.5,4.31,88-112,factory_normal
V0157-bumper_front,Subaru,bumper_front,110.0,4.33,88-112,factory_normal
V0157-bumper_rear,Subaru,bumper_rear,118.9,4.68,88-112,factory_normal
V0157-door_jamb_left,Subaru,door_jamb_left,110.4,4.35,88-112,factory_normal
V0157-door_jamb_right,Subaru,door_jamb_right,108.7,4.28,88-112,factory_normal
V0158-hood,Subaru,hood,103.0,4.06,88-112,factory_normal
V0158-roof,Subaru,roof,89.3,3.52,88-112,thin_caution
V0158-trunk,Subaru,trunk,98.8,3.89,88-112,factory_normal
V0158-door_front_left,Subaru,door_front_left,105.6,4.16,88-112,factory_normal
V0158-door_front_right,Subaru,door_front_right,100.1,3.94,88-112,factory_normal
V0158-door_rear_left,Subaru,door_rear_left,97.5,3.84,88-112,factory_normal
V0158-door_rear_right,Subaru,door_rear_right,104.4,4.11,88-112,factory_normal
V0158-fender_left,Subaru,fender_left,104.8,4.13,88-112,factory_normal
V0158-fender_right,Subaru,fender_right,106.5,4.19,88-112,factory_normal
V0158-quarter_left,Subaru,quarter_left,104.3,4.11,88-112,factory_normal
V0158-quarter_right,Subaru,quarter_right,105.4,4.15,88-112,factory_normal
V0158-bumper_front,Subaru,bumper_front,102.1,4.02,88-112,factory_normal
V0158-bumper_rear,Subaru,bumper_rear,106.5,4.19,88-112,factory_normal
V0158-door_jamb_left,Subaru,door_jamb_left,100.7,3.96,88-112,factory_normal
V0158-door_jamb_right,Subaru,door_jamb_right,104.3,4.11,88-112,factory_normal
V0159-hood,Subaru,hood,247.5,9.74,88-112,respray
V0159-roof,Subaru,roof,99.6,3.92,88-112,factory_normal
V0159-trunk,Subaru,trunk,93.0,3.66,88-112,factory_normal
V0159-door_front_left,Subaru,door_front_left,252.3,9.93,88-112,repair_or_filler
V0159-door_front_right,Subaru,door_front_right,92.9,3.66,88-112,factory_normal
V0159-door_rear_left,Subaru,door_rear_left,100.8,3.97,88-112,factory_normal
V0159-door_rear_right,Subaru,door_rear_right,97.3,3.83,88-112,factory_normal
V0159-fender_left,Subaru,fender_left,192.0,7.56,88-112,respray
V0159-fender_right,Subaru,fender_right,95.0,3.74,88-112,factory_normal
V0159-quarter_left,Subaru,quarter_left,102.4,4.03,88-112,factory_normal
V0159-quarter_right,Subaru,quarter_right,93.3,3.67,88-112,factory_normal
V0159-bumper_front,Subaru,bumper_front,108.9,4.29,88-112,factory_normal
V0159-bumper_rear,Subaru,bumper_rear,104.3,4.11,88-112,factory_normal
V0159-door_jamb_left,Subaru,door_jamb_left,94.2,3.71,88-112,factory_normal
V0159-door_jamb_right,Subaru,door_jamb_right,96.1,3.78,88-112,factory_normal
V0160-hood,Hyundai,hood,114.7,4.52,92-116,factory_normal
V0160-roof,Hyundai,roof,112.9,4.44,92-116,factory_normal
V0160-trunk,Hyundai,trunk,106.5,4.19,92-116,factory_normal
V0160-door_front_left,Hyundai,door_front_left,109.9,4.33,92-116,factory_normal
V0160-door_front_right,Hyundai,door_front_right,122.3,4.81,92-116,factory_normal
V0160-door_rear_left,Hyundai,door_rear_left,116.4,4.58,92-116,factory_normal
V0160-door_rear_right,Hyundai,door_rear_right,107.8,4.24,92-116,factory_normal
V0160-fender_left,Hyundai,fender_left,106.8,4.2,92-116,factory_normal
V0160-fender_right,Hyundai,fender_right,113.9,4.48,92-116,factory_normal
V0160-quarter_left,Hyundai,quarter_left,122.3,4.81,92-116,factory_normal
V0160-quarter_right,Hyundai,quarter_right,113.5,4.47,92-116,factory_normal
V0160-bumper_front,Hyundai,bumper_front,125.6,4.94,92-116,factory_normal
V0160-bumper_rear,Hyundai,bumper_rear,132.8,5.23,92-116,factory_normal
V0160-door_jamb_left,Hyundai,door_jamb_left,112.0,4.41,92-116,factory_normal
V0160-door_jamb_right,Hyundai,door_jamb_right,115.0,4.53,92-116,factory_normal
V0161-hood,Hyundai,hood,104.7,4.12,92-116,factory_normal
V0161-roof,Hyundai,roof,107.5,4.23,92-116,factory_normal
V0161-trunk,Hyundai,trunk,104.1,4.1,92-116,factory_normal
V0161-door_front_left,Hyundai,door_front_left,102.2,4.02,92-116,factory_normal
V0161-door_front_right,Hyundai,door_front_right,113.5,4.47,92-116,factory_normal
V0161-door_rear_left,Hyundai,door_rear_left,110.7,4.36,92-116,factory_normal
V0161-door_rear_right,Hyundai,door_rear_right,101.7,4.0,92-116,factory_normal
V0161-fender_left,Hyundai,fender_left,108.3,4.26,92-116,factory_normal
V0161-fender_right,Hyundai,fender_right,101.7,4.0,92-116,factory_normal
V0161-quarter_left,Hyundai,quarter_left,99.5,3.92,92-116,factory_normal
V0161-quarter_right,Hyundai,quarter_right,110.6,4.35,92-116,factory_normal
V0161-bumper_front,Hyundai,bumper_front,96.7,3.81,92-116,factory_normal
V0161-bumper_rear,Hyundai,bumper_rear,260.9,10.27,92-116,repair_or_filler
V0161-door_jamb_left,Hyundai,door_jamb_left,101.7,4.0,92-116,factory_normal
V0161-door_jamb_right,Hyundai,door_jamb_right,104.9,4.13,92-116,factory_normal
V0162-hood,Hyundai,hood,106.3,4.19,92-116,factory_normal
V0162-roof,Hyundai,roof,101.5,4.0,92-116,factory_normal
V0162-trunk,Hyundai,trunk,92.0,3.62,92-116,factory_normal
V0162-door_front_left,Hyundai,door_front_left,100.4,3.95,92-116,factory_normal
V0162-door_front_right,Hyundai,door_front_right,102.2,4.02,92-116,factory_normal
V0162-door_rear_left,Hyundai,door_rear_left,101.6,4.0,92-116,factory_normal
V0162-door_rear_right,Hyundai,door_rear_right,101.9,4.01,92-116,factory_normal
V0162-fender_left,Hyundai,fender_left,99.7,3.93,92-116,factory_normal
V0162-fender_right,Hyundai,fender_right,97.6,3.84,92-116,factory_normal
V0162-quarter_left,Hyundai,quarter_left,94.9,3.74,92-116,factory_normal
V0162-quarter_right,Hyundai,quarter_right,88.4,3.48,92-116,thin_caution
V0162-bumper_front,Hyundai,bumper_front,128.2,5.05,92-116,factory_normal
V0162-bumper_rear,Hyundai,bumper_rear,107.6,4.24,92-116,factory_normal
V0162-door_jamb_left,Hyundai,door_jamb_left,97.7,3.85,92-116,factory_normal
V0162-door_jamb_right,Hyundai,door_jamb_right,98.9,3.89,92-116,factory_normal
V0163-hood,Hyundai,hood,95.5,3.76,92-116,factory_normal
V0163-roof,Hyundai,roof,101.7,4.0,92-116,factory_normal
V0163-trunk,Hyundai,trunk,96.6,3.8,92-116,factory_normal
V0163-door_front_left,Hyundai,door_front_left,97.9,3.85,92-116,factory_normal
V0163-door_front_right,Hyundai,door_front_right,100.4,3.95,92-116,factory_normal
V0163-door_rear_left,Hyundai,door_rear_left,107.4,4.23,92-116,factory_normal
V0163-door_rear_right,Hyundai,door_rear_right,109.6,4.31,92-116,factory_normal
V0163-fender_left,Hyundai,fender_left,102.9,4.05,92-116,factory_normal
V0163-fender_right,Hyundai,fender_right,98.8,3.89,92-116,factory_normal
V0163-quarter_left,Hyundai,quarter_left,113.1,4.45,92-116,factory_normal
V0163-quarter_right,Hyundai,quarter_right,98.5,3.88,92-116,factory_normal
V0163-bumper_front,Hyundai,bumper_front,91.9,3.62,92-116,factory_normal
V0163-bumper_rear,Hyundai,bumper_rear,114.3,4.5,92-116,factory_normal
V0163-door_jamb_left,Hyundai,door_jamb_left,100.8,3.97,92-116,factory_normal
V0163-door_jamb_right,Hyundai,door_jamb_right,103.1,4.06,92-116,factory_normal
V0164-hood,Hyundai,hood,113.7,4.48,92-116,factory_normal
V0164-roof,Hyundai,roof,110.3,4.34,92-116,factory_normal
V0164-trunk,Hyundai,trunk,106.2,4.18,92-116,factory_normal
V0164-door_front_left,Hyundai,door_front_left,109.6,4.31,92-116,factory_normal
V0164-door_front_right,Hyundai,door_front_right,102.6,4.04,92-116,factory_normal
V0164-door_rear_left,Hyundai,door_rear_left,103.5,4.07,92-116,factory_normal
V0164-door_rear_right,Hyundai,door_rear_right,104.1,4.1,92-116,factory_normal
V0164-fender_left,Hyundai,fender_left,97.1,3.82,92-116,factory_normal
V0164-fender_right,Hyundai,fender_right,110.7,4.36,92-116,factory_normal
V0164-quarter_left,Hyundai,quarter_left,112.4,4.43,92-116,factory_normal
V0164-quarter_right,Hyundai,quarter_right,102.9,4.05,92-116,factory_normal
V0164-bumper_front,Hyundai,bumper_front,126.7,4.99,92-116,factory_normal
V0164-bumper_rear,Hyundai,bumper_rear,112.4,4.43,92-116,factory_normal
V0164-door_jamb_left,Hyundai,door_jamb_left,112.5,4.43,92-116,factory_normal
V0164-door_jamb_right,Hyundai,door_jamb_right,106.5,4.19,92-116,factory_normal
V0165-hood,Hyundai,hood,118.6,4.67,92-116,factory_normal
V0165-roof,Hyundai,roof,115.6,4.55,92-116,factory_normal
V0165-trunk,Hyundai,trunk,116.1,4.57,92-116,factory_normal
V0165-door_front_left,Hyundai,door_front_left,118.4,4.66,92-116,factory_normal
V0165-door_front_right,Hyundai,door_front_right,109.2,4.3,92-116,factory_normal
V0165-door_rear_left,Hyundai,door_rear_left,111.8,4.4,92-116,factory_normal
V0165-door_rear_right,Hyundai,door_rear_right,111.6,4.39,92-116,factory_normal
V0165-fender_left,Hyundai,fender_left,106.0,4.17,92-116,factory_normal
V0165-fender_right,Hyundai,fender_right,111.1,4.37,92-116,factory_normal
V0165-quarter_left,Hyundai,quarter_left,119.1,4.69,92-116,factory_normal
V0165-quarter_right,Hyundai,quarter_right,113.6,4.47,92-116,factory_normal
V0165-bumper_front,Hyundai,bumper_front,111.0,4.37,92-116,factory_normal
V0165-bumper_rear,Hyundai,bumper_rear,97.9,3.85,92-116,factory_normal
V0165-door_jamb_left,Hyundai,door_jamb_left,116.7,4.59,92-116,factory_normal
V0165-door_jamb_right,Hyundai,door_jamb_right,111.3,4.38,92-116,factory_normal
V0166-hood,Hyundai,hood,115.7,4.56,92-116,factory_normal
V0166-roof,Hyundai,roof,122.5,4.82,92-116,factory_normal
V0166-trunk,Hyundai,trunk,116.7,4.59,92-116,factory_normal
V0166-door_front_left,Hyundai,door_front_left,119.7,4.71,92-116,factory_normal
V0166-door_front_right,Hyundai,door_front_right,119.0,4.69,92-116,factory_normal
V0166-door_rear_left,Hyundai,door_rear_left,118.5,4.67,92-116,factory_normal
V0166-door_rear_right,Hyundai,door_rear_right,117.1,4.61,92-116,factory_normal
V0166-fender_left,Hyundai,fender_left,114.2,4.5,92-116,factory_normal
V0166-fender_right,Hyundai,fender_right,125.0,4.92,92-116,factory_normal
V0166-quarter_left,Hyundai,quarter_left,110.9,4.37,92-116,factory_normal
V0166-quarter_right,Hyundai,quarter_right,115.4,4.54,92-116,factory_normal
V0166-bumper_front,Hyundai,bumper_front,107.7,4.24,92-116,factory_normal
V0166-bumper_rear,Hyundai,bumper_rear,125.5,4.94,92-116,factory_normal
V0166-door_jamb_left,Hyundai,door_jamb_left,112.1,4.41,92-116,factory_normal
V0166-door_jamb_right,Hyundai,door_jamb_right,110.2,4.34,92-116,factory_normal
V0167-hood,Hyundai,hood,100.7,3.96,92-116,factory_normal
V0167-roof,Hyundai,roof,100.9,3.97,92-116,factory_normal
V0167-trunk,Hyundai,trunk,101.1,3.98,92-116,factory_normal
V0167-door_front_left,Hyundai,door_front_left,88.6,3.49,92-116,thin_caution
V0167-door_front_right,Hyundai,door_front_right,91.5,3.6,92-116,factory_normal
V0167-door_rear_left,Hyundai,door_rear_left,108.1,4.26,92-116,factory_normal
V0167-door_rear_right,Hyundai,door_rear_right,93.0,3.66,92-116,factory_normal
V0167-fender_left,Hyundai,fender_left,101.3,3.99,92-116,factory_normal
V0167-fender_right,Hyundai,fender_right,94.8,3.73,92-116,factory_normal
V0167-quarter_left,Hyundai,quarter_left,98.7,3.89,92-116,factory_normal
V0167-quarter_right,Hyundai,quarter_right,95.1,3.74,92-116,factory_normal
V0167-bumper_front,Hyundai,bumper_front,97.0,3.82,92-116,factory_normal
V0167-bumper_rear,Hyundai,bumper_rear,111.2,4.38,92-116,factory_normal
V0167-door_jamb_left,Hyundai,door_jamb_left,106.2,4.18,92-116,factory_normal
V0167-door_jamb_right,Hyundai,door_jamb_right,102.3,4.03,92-116,factory_normal
V0168-hood,Hyundai,hood,93.5,3.68,92-116,factory_normal
V0168-roof,Hyundai,roof,84.2,3.31,92-116,thin_caution
V0168-trunk,Hyundai,trunk,87.3,3.44,92-116,thin_caution
V0168-door_front_left,Hyundai,door_front_left,100.3,3.95,92-116,factory_normal
V0168-door_front_right,Hyundai,door_front_right,89.9,3.54,92-116,thin_caution
V0168-door_rear_left,Hyundai,door_rear_left,90.4,3.56,92-116,factory_normal
V0168-door_rear_right,Hyundai,door_rear_right,93.0,3.66,92-116,factory_normal
V0168-fender_left,Hyundai,fender_left,88.6,3.49,92-116,thin_caution
V0168-fender_right,Hyundai,fender_right,213.1,8.39,92-116,respray
V0168-quarter_left,Hyundai,quarter_left,93.6,3.69,92-116,factory_normal
V0168-quarter_right,Hyundai,quarter_right,89.4,3.52,92-116,thin_caution
V0168-bumper_front,Hyundai,bumper_front,95.4,3.76,92-116,factory_normal
V0168-bumper_rear,Hyundai,bumper_rear,102.7,4.04,92-116,factory_normal
V0168-door_jamb_left,Hyundai,door_jamb_left,95.9,3.78,92-116,factory_normal
V0168-door_jamb_right,Hyundai,door_jamb_right,93.4,3.68,92-116,factory_normal
V0169-hood,Hyundai,hood,88.5,3.48,92-116,thin_caution
V0169-roof,Hyundai,roof,88.1,3.47,92-116,thin_caution
V0169-trunk,Hyundai,trunk,96.2,3.79,92-116,factory_normal
V0169-door_front_left,Hyundai,door_front_left,94.6,3.72,92-116,factory_normal
V0169-door_front_right,Hyundai,door_front_right,94.7,3.73,92-116,factory_normal
V0169-door_rear_left,Hyundai,door_rear_left,93.8,3.69,92-116,factory_normal
V0169-door_rear_right,Hyundai,door_rear_right,92.6,3.65,92-116,factory_normal
V0169-fender_left,Hyundai,fender_left,95.9,3.78,92-116,factory_normal
V0169-fender_right,Hyundai,fender_right,97.0,3.82,92-116,factory_normal
V0169-quarter_left,Hyundai,quarter_left,96.9,3.81,92-116,factory_normal
V0169-quarter_right,Hyundai,quarter_right,91.9,3.62,92-116,factory_normal
V0169-bumper_front,Hyundai,bumper_front,100.0,3.94,92-116,factory_normal
V0169-bumper_rear,Hyundai,bumper_rear,108.5,4.27,92-116,factory_normal
V0169-door_jamb_left,Hyundai,door_jamb_left,100.9,3.97,92-116,factory_normal
V0169-door_jamb_right,Hyundai,door_jamb_right,91.2,3.59,92-116,factory_normal
V0170-hood,Hyundai,hood,104.8,4.13,92-116,factory_normal
V0170-roof,Hyundai,roof,104.6,4.12,92-116,factory_normal
V0170-trunk,Hyundai,trunk,114.8,4.52,92-116,factory_normal
V0170-door_front_left,Hyundai,door_front_left,103.7,4.08,92-116,factory_normal
V0170-door_front_right,Hyundai,door_front_right,229.0,9.02,92-116,respray
V0170-door_rear_left,Hyundai,door_rear_left,99.1,3.9,92-116,factory_normal
V0170-door_rear_right,Hyundai,door_rear_right,228.5,9.0,92-116,respray
V0170-fender_left,Hyundai,fender_left,98.5,3.88,92-116,factory_normal
V0170-fender_right,Hyundai,fender_right,110.2,4.34,92-116,factory_normal
V0170-quarter_left,Hyundai,quarter_left,121.1,4.77,92-116,factory_normal
V0170-quarter_right,Hyundai,quarter_right,226.0,8.9,92-116,respray
V0170-bumper_front,Hyundai,bumper_front,105.3,4.15,92-116,factory_normal
V0170-bumper_rear,Hyundai,bumper_rear,106.8,4.2,92-116,factory_normal
V0170-door_jamb_left,Hyundai,door_jamb_left,108.3,4.26,92-116,factory_normal
V0170-door_jamb_right,Hyundai,door_jamb_right,101.7,4.0,92-116,factory_normal
V0171-hood,Hyundai,hood,102.6,4.04,92-116,factory_normal
V0171-roof,Hyundai,roof,100.3,3.95,92-116,factory_normal
V0171-trunk,Hyundai,trunk,101.8,4.01,92-116,factory_normal
V0171-door_front_left,Hyundai,door_front_left,98.5,3.88,92-116,factory_normal
V0171-door_front_right,Hyundai,door_front_right,104.6,4.12,92-116,factory_normal
V0171-door_rear_left,Hyundai,door_rear_left,103.4,4.07,92-116,factory_normal
V0171-door_rear_right,Hyundai,door_rear_right,101.0,3.98,92-116,factory_normal
V0171-fender_left,Hyundai,fender_left,103.4,4.07,92-116,factory_normal
V0171-fender_right,Hyundai,fender_right,102.6,4.04,92-116,factory_normal
V0171-quarter_left,Hyundai,quarter_left,96.6,3.8,92-116,factory_normal
V0171-quarter_right,Hyundai,quarter_right,92.1,3.63,92-116,factory_normal
V0171-bumper_front,Hyundai,bumper_front,113.5,4.47,92-116,factory_normal
V0171-bumper_rear,Hyundai,bumper_rear,108.8,4.28,92-116,factory_normal
V0171-door_jamb_left,Hyundai,door_jamb_left,93.1,3.67,92-116,factory_normal
V0171-door_jamb_right,Hyundai,door_jamb_right,99.9,3.93,92-116,factory_normal
V0172-hood,Hyundai,hood,96.2,3.79,92-116,factory_normal
V0172-roof,Hyundai,roof,107.7,4.24,92-116,factory_normal
V0172-trunk,Hyundai,trunk,110.0,4.33,92-116,factory_normal
V0172-door_front_left,Hyundai,door_front_left,94.8,3.73,92-116,factory_normal
V0172-door_front_right,Hyundai,door_front_right,99.2,3.91,92-116,factory_normal
V0172-door_rear_left,Hyundai,door_rear_left,101.1,3.98,92-116,factory_normal
V0172-door_rear_right,Hyundai,door_rear_right,109.8,4.32,92-116,factory_normal
V0172-fender_left,Hyundai,fender_left,98.4,3.87,92-116,factory_normal
V0172-fender_right,Hyundai,fender_right,98.5,3.88,92-116,factory_normal
V0172-quarter_left,Hyundai,quarter_left,108.6,4.28,92-116,factory_normal
V0172-quarter_right,Hyundai,quarter_right,99.0,3.9,92-116,factory_normal
V0172-bumper_front,Hyundai,bumper_front,120.9,4.76,92-116,factory_normal
V0172-bumper_rear,Hyundai,bumper_rear,101.0,3.98,92-116,factory_normal
V0172-door_jamb_left,Hyundai,door_jamb_left,99.9,3.93,92-116,factory_normal
V0172-door_jamb_right,Hyundai,door_jamb_right,98.6,3.88,92-116,factory_normal
V0173-hood,Kia,hood,109.5,4.31,92-116,factory_normal
V0173-roof,Kia,roof,91.4,3.6,92-116,factory_normal
V0173-trunk,Kia,trunk,100.4,3.95,92-116,factory_normal
V0173-door_front_left,Kia,door_front_left,105.4,4.15,92-116,factory_normal
V0173-door_front_right,Kia,door_front_right,104.1,4.1,92-116,factory_normal
V0173-door_rear_left,Kia,door_rear_left,106.6,4.2,92-116,factory_normal
V0173-door_rear_right,Kia,door_rear_right,105.9,4.17,92-116,factory_normal
V0173-fender_left,Kia,fender_left,103.0,4.06,92-116,factory_normal
V0173-fender_right,Kia,fender_right,101.9,4.01,92-116,factory_normal
V0173-quarter_left,Kia,quarter_left,103.3,4.07,92-116,factory_normal
V0173-quarter_right,Kia,quarter_right,110.3,4.34,92-116,factory_normal
V0173-bumper_front,Kia,bumper_front,118.5,4.67,92-116,factory_normal
V0173-bumper_rear,Kia,bumper_rear,124.6,4.91,92-116,factory_normal
V0173-door_jamb_left,Kia,door_jamb_left,104.4,4.11,92-116,factory_normal
V0173-door_jamb_right,Kia,door_jamb_right,103.9,4.09,92-116,factory_normal
V0174-hood,Kia,hood,98.0,3.86,92-116,factory_normal
V0174-roof,Kia,roof,103.6,4.08,92-116,factory_normal
V0174-trunk,Kia,trunk,100.5,3.96,92-116,factory_normal
V0174-door_front_left,Kia,door_front_left,100.5,3.96,92-116,factory_normal
V0174-door_front_right,Kia,door_front_right,93.7,3.69,92-116,factory_normal
V0174-door_rear_left,Kia,door_rear_left,94.5,3.72,92-116,factory_normal
V0174-door_rear_right,Kia,door_rear_right,110.0,4.33,92-116,factory_normal
V0174-fender_left,Kia,fender_left,98.4,3.87,92-116,factory_normal
V0174-fender_right,Kia,fender_right,95.4,3.76,92-116,factory_normal
V0174-quarter_left,Kia,quarter_left,106.5,4.19,92-116,factory_normal
V0174-quarter_right,Kia,quarter_right,100.7,3.96,92-116,factory_normal
V0174-bumper_front,Kia,bumper_front,109.3,4.3,92-116,factory_normal
V0174-bumper_rear,Kia,bumper_rear,109.6,4.31,92-116,factory_normal
V0174-door_jamb_left,Kia,door_jamb_left,104.9,4.13,92-116,factory_normal
V0174-door_jamb_right,Kia,door_jamb_right,99.6,3.92,92-116,factory_normal
V0175-hood,Kia,hood,99.8,3.93,92-116,factory_normal
V0175-roof,Kia,roof,113.9,4.48,92-116,factory_normal
V0175-trunk,Kia,trunk,104.6,4.12,92-116,factory_normal
V0175-door_front_left,Kia,door_front_left,96.2,3.79,92-116,factory_normal
V0175-door_front_right,Kia,door_front_right,103.2,4.06,92-116,factory_normal
V0175-door_rear_left,Kia,door_rear_left,96.5,3.8,92-116,factory_normal
V0175-door_rear_right,Kia,door_rear_right,93.5,3.68,92-116,factory_normal
V0175-fender_left,Kia,fender_left,98.5,3.88,92-116,factory_normal
V0175-fender_right,Kia,fender_right,100.7,3.96,92-116,factory_normal
V0175-quarter_left,Kia,quarter_left,90.9,3.58,92-116,factory_normal
V0175-quarter_right,Kia,quarter_right,94.5,3.72,92-116,factory_normal
V0175-bumper_front,Kia,bumper_front,96.4,3.8,92-116,factory_normal
V0175-bumper_rear,Kia,bumper_rear,122.6,4.83,92-116,factory_normal
V0175-door_jamb_left,Kia,door_jamb_left,95.1,3.74,92-116,factory_normal
V0175-door_jamb_right,Kia,door_jamb_right,96.9,3.81,92-116,factory_normal
V0176-hood,Kia,hood,123.0,4.84,92-116,factory_normal
V0176-roof,Kia,roof,116.3,4.58,92-116,factory_normal
V0176-trunk,Kia,trunk,117.5,4.63,92-116,factory_normal
V0176-door_front_left,Kia,door_front_left,188.8,7.43,92-116,respray
V0176-door_front_right,Kia,door_front_right,109.6,4.31,92-116,factory_normal
V0176-door_rear_left,Kia,door_rear_left,112.3,4.42,92-116,factory_normal
V0176-door_rear_right,Kia,door_rear_right,108.7,4.28,92-116,factory_normal
V0176-fender_left,Kia,fender_left,108.3,4.26,92-116,factory_normal
V0176-fender_right,Kia,fender_right,226.1,8.9,92-116,respray
V0176-quarter_left,Kia,quarter_left,109.1,4.3,92-116,factory_normal
V0176-quarter_right,Kia,quarter_right,116.3,4.58,92-116,factory_normal
V0176-bumper_front,Kia,bumper_front,112.1,4.41,92-116,factory_normal
V0176-bumper_rear,Kia,bumper_rear,121.6,4.79,92-116,factory_normal
V0176-door_jamb_left,Kia,door_jamb_left,112.5,4.43,92-116,factory_normal
V0176-door_jamb_right,Kia,door_jamb_right,111.1,4.37,92-116,factory_normal
V0177-hood,Kia,hood,85.9,3.38,92-116,thin_caution
V0177-roof,Kia,roof,92.3,3.63,92-116,factory_normal
V0177-trunk,Kia,trunk,100.8,3.97,92-116,factory_normal
V0177-door_front_left,Kia,door_front_left,89.6,3.53,92-116,thin_caution
V0177-door_front_right,Kia,door_front_right,90.8,3.57,92-116,factory_normal
V0177-door_rear_left,Kia,door_rear_left,106.6,4.2,92-116,factory_normal
V0177-door_rear_right,Kia,door_rear_right,94.4,3.72,92-116,factory_normal
V0177-fender_left,Kia,fender_left,99.2,3.91,92-116,factory_normal
V0177-fender_right,Kia,fender_right,100.8,3.97,92-116,factory_normal
V0177-quarter_left,Kia,quarter_left,100.9,3.97,92-116,factory_normal
V0177-quarter_right,Kia,quarter_right,90.0,3.54,92-116,factory_normal
V0177-bumper_front,Kia,bumper_front,94.1,3.7,92-116,factory_normal
V0177-bumper_rear,Kia,bumper_rear,82.6,3.25,92-116,thin_caution
V0177-door_jamb_left,Kia,door_jamb_left,101.7,4.0,92-116,factory_normal
V0177-door_jamb_right,Kia,door_jamb_right,104.9,4.13,92-116,factory_normal
V0178-hood,Kia,hood,98.3,3.87,92-116,factory_normal
V0178-roof,Kia,roof,93.7,3.69,92-116,factory_normal
V0178-trunk,Kia,trunk,103.7,4.08,92-116,factory_normal
V0178-door_front_left,Kia,door_front_left,103.3,4.07,92-116,factory_normal
V0178-door_front_right,Kia,door_front_right,101.7,4.0,92-116,factory_normal
V0178-door_rear_left,Kia,door_rear_left,106.0,4.17,92-116,factory_normal
V0178-door_rear_right,Kia,door_rear_right,106.9,4.21,92-116,factory_normal
V0178-fender_left,Kia,fender_left,106.5,4.19,92-116,factory_normal
V0178-fender_right,Kia,fender_right,103.3,4.07,92-116,factory_normal
V0178-quarter_left,Kia,quarter_left,99.4,3.91,92-116,factory_normal
V0178-quarter_right,Kia,quarter_right,108.3,4.26,92-116,factory_normal
V0178-bumper_front,Kia,bumper_front,105.4,4.15,92-116,factory_normal
V0178-bumper_rear,Kia,bumper_rear,106.8,4.2,92-116,factory_normal
V0178-door_jamb_left,Kia,door_jamb_left,107.2,4.22,92-116,factory_normal
V0178-door_jamb_right,Kia,door_jamb_right,106.0,4.17,92-116,factory_normal
V0179-hood,Kia,hood,116.7,4.59,92-116,factory_normal
V0179-roof,Kia,roof,115.8,4.56,92-116,factory_normal
V0179-trunk,Kia,trunk,120.7,4.75,92-116,factory_normal
V0179-door_front_left,Kia,door_front_left,117.1,4.61,92-116,factory_normal
V0179-door_front_right,Kia,door_front_right,115.1,4.53,92-116,factory_normal
V0179-door_rear_left,Kia,door_rear_left,122.1,4.81,92-116,factory_normal
V0179-door_rear_right,Kia,door_rear_right,115.3,4.54,92-116,factory_normal
V0179-fender_left,Kia,fender_left,113.2,4.46,92-116,factory_normal
V0179-fender_right,Kia,fender_right,110.5,4.35,92-116,factory_normal
V0179-quarter_left,Kia,quarter_left,118.2,4.65,92-116,factory_normal
V0179-quarter_right,Kia,quarter_right,229.0,9.02,92-116,respray
V0179-bumper_front,Kia,bumper_front,121.8,4.8,92-116,factory_normal
V0179-bumper_rear,Kia,bumper_rear,125.2,4.93,92-116,factory_normal
V0179-door_jamb_left,Kia,door_jamb_left,114.8,4.52,92-116,factory_normal
V0179-door_jamb_right,Kia,door_jamb_right,108.7,4.28,92-116,factory_normal
V0180-hood,Kia,hood,119.7,4.71,92-116,factory_normal
V0180-roof,Kia,roof,111.6,4.39,92-116,factory_normal
V0180-trunk,Kia,trunk,110.6,4.35,92-116,factory_normal
V0180-door_front_left,Kia,door_front_left,121.3,4.78,92-116,factory_normal
V0180-door_front_right,Kia,door_front_right,121.5,4.78,92-116,factory_normal
V0180-door_rear_left,Kia,door_rear_left,117.4,4.62,92-116,factory_normal
V0180-door_rear_right,Kia,door_rear_right,112.5,4.43,92-116,factory_normal
V0180-fender_left,Kia,fender_left,113.6,4.47,92-116,factory_normal
V0180-fender_right,Kia,fender_right,110.8,4.36,92-116,factory_normal
V0180-quarter_left,Kia,quarter_left,109.8,4.32,92-116,factory_normal
V0180-quarter_right,Kia,quarter_right,109.6,4.31,92-116,factory_normal
V0180-bumper_front,Kia,bumper_front,136.7,5.38,92-116,factory_normal
V0180-bumper_rear,Kia,bumper_rear,110.9,4.37,92-116,factory_normal
V0180-door_jamb_left,Kia,door_jamb_left,115.7,4.56,92-116,factory_normal
V0180-door_jamb_right,Kia,door_jamb_right,115.7,4.56,92-116,factory_normal
V0181-hood,Kia,hood,111.3,4.38,92-116,factory_normal
V0181-roof,Kia,roof,111.4,4.39,92-116,factory_normal
V0181-trunk,Kia,trunk,109.2,4.3,92-116,factory_normal
V0181-door_front_left,Kia,door_front_left,106.3,4.19,92-116,factory_normal
V0181-door_front_right,Kia,door_front_right,105.7,4.16,92-116,factory_normal
V0181-door_rear_left,Kia,door_rear_left,100.7,3.96,92-116,factory_normal
V0181-door_rear_right,Kia,door_rear_right,103.5,4.07,92-116,factory_normal
V0181-fender_left,Kia,fender_left,104.4,4.11,92-116,factory_normal
V0181-fender_right,Kia,fender_right,101.9,4.01,92-116,factory_normal
V0181-quarter_left,Kia,quarter_left,109.7,4.32,92-116,factory_normal
V0181-quarter_right,Kia,quarter_right,113.5,4.47,92-116,factory_normal
V0181-bumper_front,Kia,bumper_front,117.0,4.61,92-116,factory_normal
V0181-bumper_rear,Kia,bumper_rear,110.2,4.34,92-116,factory_normal
V0181-door_jamb_left,Kia,door_jamb_left,110.6,4.35,92-116,factory_normal
V0181-door_jamb_right,Kia,door_jamb_right,106.8,4.2,92-116,factory_normal
V0182-hood,Kia,hood,105.8,4.17,92-116,factory_normal
V0182-roof,Kia,roof,113.3,4.46,92-116,factory_normal
V0182-trunk,Kia,trunk,116.5,4.59,92-116,factory_normal
V0182-door_front_left,Kia,door_front_left,113.4,4.46,92-116,factory_normal
V0182-door_front_right,Kia,door_front_right,123.3,4.85,92-116,factory_normal
V0182-door_rear_left,Kia,door_rear_left,119.2,4.69,92-116,factory_normal
V0182-door_rear_right,Kia,door_rear_right,110.5,4.35,92-116,factory_normal
V0182-fender_left,Kia,fender_left,110.5,4.35,92-116,factory_normal
V0182-fender_right,Kia,fender_right,114.4,4.5,92-116,factory_normal
V0182-quarter_left,Kia,quarter_left,107.9,4.25,92-116,factory_normal
V0182-quarter_right,Kia,quarter_right,117.9,4.64,92-116,factory_normal
V0182-bumper_front,Kia,bumper_front,120.7,4.75,92-116,factory_normal
V0182-bumper_rear,Kia,bumper_rear,136.4,5.37,92-116,factory_normal
V0182-door_jamb_left,Kia,door_jamb_left,115.0,4.53,92-116,factory_normal
V0182-door_jamb_right,Kia,door_jamb_right,111.1,4.37,92-116,factory_normal
V0183-hood,Ford,hood,101.0,3.98,95-105,factory_normal
V0183-roof,Ford,roof,101.8,4.01,95-105,factory_normal
V0183-trunk,Ford,trunk,93.2,3.67,95-105,factory_normal
V0183-door_front_left,Ford,door_front_left,92.3,3.63,95-105,factory_normal
V0183-door_front_right,Ford,door_front_right,95.6,3.76,95-105,factory_normal
V0183-door_rear_left,Ford,door_rear_left,95.2,3.75,95-105,factory_normal
V0183-door_rear_right,Ford,door_rear_right,96.8,3.81,95-105,factory_normal
V0183-fender_left,Ford,fender_left,103.2,4.06,95-105,factory_normal
V0183-fender_right,Ford,fender_right,99.2,3.91,95-105,factory_normal
V0183-quarter_left,Ford,quarter_left,101.0,3.98,95-105,factory_normal
V0183-quarter_right,Ford,quarter_right,93.9,3.7,95-105,factory_normal
V0183-bumper_front,Ford,bumper_front,127.7,5.03,95-105,factory_normal
V0183-bumper_rear,Ford,bumper_rear,110.8,4.36,95-105,factory_normal
V0183-door_jamb_left,Ford,door_jamb_left,97.9,3.85,95-105,factory_normal
V0183-door_jamb_right,Ford,door_jamb_right,99.5,3.92,95-105,factory_normal
V0184-hood,Ford,hood,99.3,3.91,95-105,factory_normal
V0184-roof,Ford,roof,99.9,3.93,95-105,factory_normal
V0184-trunk,Ford,trunk,92.9,3.66,95-105,factory_normal
V0184-door_front_left,Ford,door_front_left,95.3,3.75,95-105,factory_normal
V0184-door_front_right,Ford,door_front_right,99.3,3.91,95-105,factory_normal
V0184-door_rear_left,Ford,door_rear_left,99.3,3.91,95-105,factory_normal
V0184-door_rear_right,Ford,door_rear_right,97.3,3.83,95-105,factory_normal
V0184-fender_left,Ford,fender_left,99.2,3.91,95-105,factory_normal
V0184-fender_right,Ford,fender_right,100.4,3.95,95-105,factory_normal
V0184-quarter_left,Ford,quarter_left,104.5,4.11,95-105,factory_normal
V0184-quarter_right,Ford,quarter_right,99.6,3.92,95-105,factory_normal
V0184-bumper_front,Ford,bumper_front,106.2,4.18,95-105,factory_normal
V0184-bumper_rear,Ford,bumper_rear,114.0,4.49,95-105,factory_normal
V0184-door_jamb_left,Ford,door_jamb_left,102.2,4.02,95-105,factory_normal
V0184-door_jamb_right,Ford,door_jamb_right,101.9,4.01,95-105,factory_normal
V0185-hood,Ford,hood,96.3,3.79,95-105,factory_normal
V0185-roof,Ford,roof,100.4,3.95,95-105,factory_normal
V0185-trunk,Ford,trunk,91.8,3.61,95-105,factory_normal
V0185-door_front_left,Ford,door_front_left,91.9,3.62,95-105,factory_normal
V0185-door_front_right,Ford,door_front_right,96.0,3.78,95-105,factory_normal
V0185-door_rear_left,Ford,door_rear_left,97.1,3.82,95-105,factory_normal
V0185-door_rear_right,Ford,door_rear_right,90.9,3.58,95-105,factory_normal
V0185-fender_left,Ford,fender_left,94.7,3.73,95-105,factory_normal
V0185-fender_right,Ford,fender_right,94.6,3.72,95-105,factory_normal
V0185-quarter_left,Ford,quarter_left,84.0,3.31,95-105,thin_caution
V0185-quarter_right,Ford,quarter_right,94.0,3.7,95-105,factory_normal
V0185-bumper_front,Ford,bumper_front,76.2,3.0,95-105,thin_caution
V0185-bumper_rear,Ford,bumper_rear,97.5,3.84,95-105,factory_normal
V0185-door_jamb_left,Ford,door_jamb_left,93.9,3.7,95-105,factory_normal
V0185-door_jamb_right,Ford,door_jamb_right,93.5,3.68,95-105,factory_normal
V0186-hood,Ford,hood,105.4,4.15,95-105,factory_normal
V0186-roof,Ford,roof,101.5,4.0,95-105,factory_normal
V0186-trunk,Ford,trunk,99.3,3.91,95-105,factory_normal
V0186-door_front_left,Ford,door_front_left,106.2,4.18,95-105,factory_normal
V0186-door_front_right,Ford,door_front_right,101.0,3.98,95-105,factory_normal
V0186-door_rear_left,Ford,door_rear_left,97.0,3.82,95-105,factory_normal
V0186-door_rear_right,Ford,door_rear_right,92.5,3.64,95-105,factory_normal
V0186-fender_left,Ford,fender_left,98.9,3.89,95-105,factory_normal
V0186-fender_right,Ford,fender_right,104.9,4.13,95-105,factory_normal
V0186-quarter_left,Ford,quarter_left,112.5,4.43,95-105,factory_normal
V0186-quarter_right,Ford,quarter_right,101.4,3.99,95-105,factory_normal
V0186-bumper_front,Ford,bumper_front,113.5,4.47,95-105,factory_normal
V0186-bumper_rear,Ford,bumper_rear,107.6,4.24,95-105,factory_normal
V0186-door_jamb_left,Ford,door_jamb_left,100.5,3.96,95-105,factory_normal
V0186-door_jamb_right,Ford,door_jamb_right,102.8,4.05,95-105,factory_normal
V0187-hood,Ford,hood,100.0,3.94,95-105,factory_normal
V0187-roof,Ford,roof,241.0,9.49,95-105,respray
V0187-trunk,Ford,trunk,102.1,4.02,95-105,factory_normal
V0187-door_front_left,Ford,door_front_left,107.7,4.24,95-105,factory_normal
V0187-door_front_right,Ford,door_front_right,91.8,3.61,95-105,factory_normal
V0187-door_rear_left,Ford,door_rear_left,110.2,4.34,95-105,factory_normal
V0187-door_rear_right,Ford,door_rear_right,111.2,4.38,95-105,factory_normal
V0187-fender_left,Ford,fender_left,171.1,6.74,95-105,respray
V0187-fender_right,Ford,fender_right,106.6,4.2,95-105,factory_normal
V0187-quarter_left,Ford,quarter_left,106.6,4.2,95-105,factory_normal
V0187-quarter_right,Ford,quarter_right,100.6,3.96,95-105,factory_normal
V0187-bumper_front,Ford,bumper_front,104.6,4.12,95-105,factory_normal
V0187-bumper_rear,Ford,bumper_rear,111.4,4.39,95-105,factory_normal
V0187-door_jamb_left,Ford,door_jamb_left,106.1,4.18,95-105,factory_normal
V0187-door_jamb_right,Ford,door_jamb_right,103.6,4.08,95-105,factory_normal
V0188-hood,Ford,hood,96.8,3.81,95-105,factory_normal
V0188-roof,Ford,roof,97.3,3.83,95-105,factory_normal
V0188-trunk,Ford,trunk,93.5,3.68,95-105,factory_normal
V0188-door_front_left,Ford,door_front_left,103.4,4.07,95-105,factory_normal
V0188-door_front_right,Ford,door_front_right,94.5,3.72,95-105,factory_normal
V0188-door_rear_left,Ford,door_rear_left,100.1,3.94,95-105,factory_normal
V0188-door_rear_right,Ford,door_rear_right,98.0,3.86,95-105,factory_normal
V0188-fender_left,Ford,fender_left,93.1,3.67,95-105,factory_normal
V0188-fender_right,Ford,fender_right,95.3,3.75,95-105,factory_normal
V0188-quarter_left,Ford,quarter_left,105.3,4.15,95-105,factory_normal
V0188-quarter_right,Ford,quarter_right,99.4,3.91,95-105,factory_normal
V0188-bumper_front,Ford,bumper_front,97.5,3.84,95-105,factory_normal
V0188-bumper_rear,Ford,bumper_rear,122.1,4.81,95-105,factory_normal
V0188-door_jamb_left,Ford,door_jamb_left,92.8,3.65,95-105,factory_normal
V0188-door_jamb_right,Ford,door_jamb_right,98.6,3.88,95-105,factory_normal
V0189-hood,Ford,hood,101.6,4.0,95-105,factory_normal
V0189-roof,Ford,roof,93.5,3.68,95-105,factory_normal
V0189-trunk,Ford,trunk,100.2,3.94,95-105,factory_normal
V0189-door_front_left,Ford,door_front_left,109.5,4.31,95-105,factory_normal
V0189-door_front_right,Ford,door_front_right,104.1,4.1,95-105,factory_normal
V0189-door_rear_left,Ford,door_rear_left,98.0,3.86,95-105,factory_normal
V0189-door_rear_right,Ford,door_rear_right,98.8,3.89,95-105,factory_normal
V0189-fender_left,Ford,fender_left,99.4,3.91,95-105,factory_normal
V0189-fender_right,Ford,fender_right,104.0,4.09,95-105,factory_normal
V0189-quarter_left,Ford,quarter_left,108.9,4.29,95-105,factory_normal
V0189-quarter_right,Ford,quarter_right,107.4,4.23,95-105,factory_normal
V0189-bumper_front,Ford,bumper_front,110.2,4.34,95-105,factory_normal
V0189-bumper_rear,Ford,bumper_rear,106.6,4.2,95-105,factory_normal
V0189-door_jamb_left,Ford,door_jamb_left,98.8,3.89,95-105,factory_normal
V0189-door_jamb_right,Ford,door_jamb_right,99.1,3.9,95-105,factory_normal
V0190-hood,Ford,hood,102.6,4.04,95-105,factory_normal
V0190-roof,Ford,roof,105.4,4.15,95-105,factory_normal
V0190-trunk,Ford,trunk,103.2,4.06,95-105,factory_normal
V0190-door_front_left,Ford,door_front_left,100.5,3.96,95-105,factory_normal
V0190-door_front_right,Ford,door_front_right,96.4,3.8,95-105,factory_normal
V0190-door_rear_left,Ford,door_rear_left,94.8,3.73,95-105,factory_normal
V0190-door_rear_right,Ford,door_rear_right,97.6,3.84,95-105,factory_normal
V0190-fender_left,Ford,fender_left,102.2,4.02,95-105,factory_normal
V0190-fender_right,Ford,fender_right,101.8,4.01,95-105,factory_normal
V0190-quarter_left,Ford,quarter_left,89.6,3.53,95-105,thin_caution
V0190-quarter_right,Ford,quarter_right,96.2,3.79,95-105,factory_normal
V0190-bumper_front,Ford,bumper_front,118.1,4.65,95-105,factory_normal
V0190-bumper_rear,Ford,bumper_rear,104.8,4.13,95-105,factory_normal
V0190-door_jamb_left,Ford,door_jamb_left,257.4,10.13,95-105,repair_or_filler
V0190-door_jamb_right,Ford,door_jamb_right,103.1,4.06,95-105,factory_normal
V0191-hood,Ford,hood,98.7,3.89,95-105,factory_normal
V0191-roof,Ford,roof,90.8,3.57,95-105,factory_normal
V0191-trunk,Ford,trunk,102.2,4.02,95-105,factory_normal
V0191-door_front_left,Ford,door_front_left,91.6,3.61,95-105,factory_normal
V0191-door_front_right,Ford,door_front_right,97.3,3.83,95-105,factory_normal
V0191-door_rear_left,Ford,door_rear_left,87.6,3.45,95-105,thin_caution
V0191-door_rear_right,Ford,door_rear_right,85.6,3.37,95-105,thin_caution
V0191-fender_left,Ford,fender_left,97.4,3.83,95-105,factory_normal
V0191-fender_right,Ford,fender_right,91.8,3.61,95-105,factory_normal
V0191-quarter_left,Ford,quarter_left,85.9,3.38,95-105,thin_caution
V0191-quarter_right,Ford,quarter_right,98.5,3.88,95-105,factory_normal
V0191-bumper_front,Ford,bumper_front,125.7,4.95,95-105,factory_normal
V0191-bumper_rear,Ford,bumper_rear,107.4,4.23,95-105,factory_normal
V0191-door_jamb_left,Ford,door_jamb_left,95.9,3.78,95-105,factory_normal
V0191-door_jamb_right,Ford,door_jamb_right,96.7,3.81,95-105,factory_normal
V0192-hood,Ford,hood,102.3,4.03,95-105,factory_normal
V0192-roof,Ford,roof,102.4,4.03,95-105,factory_normal
V0192-trunk,Ford,trunk,109.9,4.33,95-105,factory_normal
V0192-door_front_left,Ford,door_front_left,109.0,4.29,95-105,factory_normal
V0192-door_front_right,Ford,door_front_right,105.4,4.15,95-105,factory_normal
V0192-door_rear_left,Ford,door_rear_left,111.6,4.39,95-105,factory_normal
V0192-door_rear_right,Ford,door_rear_right,101.0,3.98,95-105,factory_normal
V0192-fender_left,Ford,fender_left,111.1,4.37,95-105,factory_normal
V0192-fender_right,Ford,fender_right,105.7,4.16,95-105,factory_normal
V0192-quarter_left,Ford,quarter_left,119.3,4.7,95-105,factory_normal
V0192-quarter_right,Ford,quarter_right,97.0,3.82,95-105,factory_normal
V0192-bumper_front,Ford,bumper_front,116.6,4.59,95-105,factory_normal
V0192-bumper_rear,Ford,bumper_rear,124.7,4.91,95-105,factory_normal
V0192-door_jamb_left,Ford,door_jamb_left,105.1,4.14,95-105,factory_normal
V0192-door_jamb_right,Ford,door_jamb_right,100.1,3.94,95-105,factory_normal
V0193-hood,Ford,hood,235.0,9.25,95-105,respray
V0193-roof,Ford,roof,102.7,4.04,95-105,factory_normal
V0193-trunk,Ford,trunk,100.8,3.97,95-105,factory_normal
V0193-door_front_left,Ford,door_front_left,100.9,3.97,95-105,factory_normal
V0193-door_front_right,Ford,door_front_right,99.3,3.91,95-105,factory_normal
V0193-door_rear_left,Ford,door_rear_left,102.9,4.05,95-105,factory_normal
V0193-door_rear_right,Ford,door_rear_right,99.9,3.93,95-105,factory_normal
V0193-fender_left,Ford,fender_left,95.5,3.76,95-105,factory_normal
V0193-fender_right,Ford,fender_right,249.7,9.83,95-105,respray
V0193-quarter_left,Ford,quarter_left,96.0,3.78,95-105,factory_normal
V0193-quarter_right,Ford,quarter_right,100.9,3.97,95-105,factory_normal
V0193-bumper_front,Ford,bumper_front,117.4,4.62,95-105,factory_normal
V0193-bumper_rear,Ford,bumper_rear,91.4,3.6,95-105,factory_normal
V0193-door_jamb_left,Ford,door_jamb_left,187.4,7.38,95-105,respray
V0193-door_jamb_right,Ford,door_jamb_right,98.6,3.88,95-105,factory_normal
V0194-hood,Ford,hood,107.2,4.22,95-105,factory_normal
V0194-roof,Ford,roof,99.3,3.91,95-105,factory_normal
V0194-trunk,Ford,trunk,105.9,4.17,95-105,factory_normal
V0194-door_front_left,Ford,door_front_left,98.2,3.87,95-105,factory_normal
V0194-door_front_right,Ford,door_front_right,206.4,8.13,95-105,respray
V0194-door_rear_left,Ford,door_rear_left,97.6,3.84,95-105,factory_normal
V0194-door_rear_right,Ford,door_rear_right,247.5,9.74,95-105,respray
V0194-fender_left,Ford,fender_left,107.4,4.23,95-105,factory_normal
V0194-fender_right,Ford,fender_right,100.7,3.96,95-105,factory_normal
V0194-quarter_left,Ford,quarter_left,95.2,3.75,95-105,factory_normal
V0194-quarter_right,Ford,quarter_right,247.7,9.75,95-105,respray
V0194-bumper_front,Ford,bumper_front,106.9,4.21,95-105,factory_normal
V0194-bumper_rear,Ford,bumper_rear,114.7,4.52,95-105,factory_normal
V0194-door_jamb_left,Ford,door_jamb_left,106.7,4.2,95-105,factory_normal
V0194-door_jamb_right,Ford,door_jamb_right,99.5,3.92,95-105,factory_normal
V0195-hood,Ford,hood,96.4,3.8,95-105,factory_normal
V0195-roof,Ford,roof,99.1,3.9,95-105,factory_normal
V0195-trunk,Ford,trunk,94.8,3.73,95-105,factory_normal
V0195-door_front_left,Ford,door_front_left,89.1,3.51,95-105,thin_caution
V0195-door_front_right,Ford,door_front_right,92.7,3.65,95-105,factory_normal
V0195-door_rear_left,Ford,door_rear_left,103.4,4.07,95-105,factory_normal
V0195-door_rear_right,Ford,door_rear_right,97.4,3.83,95-105,factory_normal
V0195-fender_left,Ford,fender_left,99.3,3.91,95-105,factory_normal
V0195-fender_right,Ford,fender_right,95.7,3.77,95-105,factory_normal
V0195-quarter_left,Ford,quarter_left,93.7,3.69,95-105,factory_normal
V0195-quarter_right,Ford,quarter_right,105.4,4.15,95-105,factory_normal
V0195-bumper_front,Ford,bumper_front,104.2,4.1,95-105,factory_normal
V0195-bumper_rear,Ford,bumper_rear,102.8,4.05,95-105,factory_normal
V0195-door_jamb_left,Ford,door_jamb_left,97.8,3.85,95-105,factory_normal
V0195-door_jamb_right,Ford,door_jamb_right,103.3,4.07,95-105,factory_normal
V0196-hood,Chevrolet,hood,104.1,4.1,95-105,factory_normal
V0196-roof,Chevrolet,roof,102.6,4.04,95-105,factory_normal
V0196-trunk,Chevrolet,trunk,102.6,4.04,95-105,factory_normal
V0196-door_front_left,Chevrolet,door_front_left,103.7,4.08,95-105,factory_normal
V0196-door_front_right,Chevrolet,door_front_right,102.3,4.03,95-105,factory_normal
V0196-door_rear_left,Chevrolet,door_rear_left,102.2,4.02,95-105,factory_normal
V0196-door_rear_right,Chevrolet,door_rear_right,105.5,4.15,95-105,factory_normal
V0196-fender_left,Chevrolet,fender_left,99.7,3.93,95-105,factory_normal
V0196-fender_right,Chevrolet,fender_right,97.7,3.85,95-105,factory_normal
V0196-quarter_left,Chevrolet,quarter_left,117.5,4.63,95-105,factory_normal
V0196-quarter_right,Chevrolet,quarter_right,98.8,3.89,95-105,factory_normal
V0196-bumper_front,Chevrolet,bumper_front,115.6,4.55,95-105,factory_normal
V0196-bumper_rear,Chevrolet,bumper_rear,108.6,4.28,95-105,factory_normal
V0196-door_jamb_left,Chevrolet,door_jamb_left,97.1,3.82,95-105,factory_normal
V0196-door_jamb_right,Chevrolet,door_jamb_right,224.7,8.85,95-105,respray
V0197-hood,Chevrolet,hood,108.4,4.27,95-105,factory_normal
V0197-roof,Chevrolet,roof,106.2,4.18,95-105,factory_normal
V0197-trunk,Chevrolet,trunk,99.0,3.9,95-105,factory_normal
V0197-door_front_left,Chevrolet,door_front_left,104.0,4.09,95-105,factory_normal
V0197-door_front_right,Chevrolet,door_front_right,100.9,3.97,95-105,factory_normal
V0197-door_rear_left,Chevrolet,door_rear_left,103.4,4.07,95-105,factory_normal
V0197-door_rear_right,Chevrolet,door_rear_right,102.0,4.02,95-105,factory_normal
V0197-fender_left,Chevrolet,fender_left,93.1,3.67,95-105,factory_normal
V0197-fender_right,Chevrolet,fender_right,108.9,4.29,95-105,factory_normal
V0197-quarter_left,Chevrolet,quarter_left,102.9,4.05,95-105,factory_normal
V0197-quarter_right,Chevrolet,quarter_right,100.9,3.97,95-105,factory_normal
V0197-bumper_front,Chevrolet,bumper_front,113.7,4.48,95-105,factory_normal
V0197-bumper_rear,Chevrolet,bumper_rear,111.1,4.37,95-105,factory_normal
V0197-door_jamb_left,Chevrolet,door_jamb_left,99.8,3.93,95-105,factory_normal
V0197-door_jamb_right,Chevrolet,door_jamb_right,103.6,4.08,95-105,factory_normal
V0198-hood,Chevrolet,hood,95.7,3.77,95-105,factory_normal
V0198-roof,Chevrolet,roof,97.1,3.82,95-105,factory_normal
V0198-trunk,Chevrolet,trunk,105.1,4.14,95-105,factory_normal
V0198-door_front_left,Chevrolet,door_front_left,99.0,3.9,95-105,factory_normal
V0198-door_front_right,Chevrolet,door_front_right,98.6,3.88,95-105,factory_normal
V0198-door_rear_left,Chevrolet,door_rear_left,110.6,4.35,95-105,factory_normal
V0198-door_rear_right,Chevrolet,door_rear_right,102.6,4.04,95-105,factory_normal
V0198-fender_left,Chevrolet,fender_left,102.5,4.04,95-105,factory_normal
V0198-fender_right,Chevrolet,fender_right,99.0,3.9,95-105,factory_normal
V0198-quarter_left,Chevrolet,quarter_left,97.9,3.85,95-105,factory_normal
V0198-quarter_right,Chevrolet,quarter_right,89.9,3.54,95-105,thin_caution
V0198-bumper_front,Chevrolet,bumper_front,107.8,4.24,95-105,factory_normal
V0198-bumper_rear,Chevrolet,bumper_rear,99.7,3.93,95-105,factory_normal
V0198-door_jamb_left,Chevrolet,door_jamb_left,106.2,4.18,95-105,factory_normal
V0198-door_jamb_right,Chevrolet,door_jamb_right,260.5,10.26,95-105,repair_or_filler
V0199-hood,Chevrolet,hood,98.9,3.89,95-105,factory_normal
V0199-roof,Chevrolet,roof,97.2,3.83,95-105,factory_normal
V0199-trunk,Chevrolet,trunk,93.0,3.66,95-105,factory_normal
V0199-door_front_left,Chevrolet,door_front_left,109.3,4.3,95-105,factory_normal
V0199-door_front_right,Chevrolet,door_front_right,101.2,3.98,95-105,factory_normal
V0199-door_rear_left,Chevrolet,door_rear_left,102.0,4.02,95-105,factory_normal
V0199-door_rear_right,Chevrolet,door_rear_right,96.1,3.78,95-105,factory_normal
V0199-fender_left,Chevrolet,fender_left,103.2,4.06,95-105,factory_normal
V0199-fender_right,Chevrolet,fender_right,97.7,3.85,95-105,factory_normal
V0199-quarter_left,Chevrolet,quarter_left,98.2,3.87,95-105,factory_normal
V0199-quarter_right,Chevrolet,quarter_right,102.6,4.04,95-105,factory_normal
V0199-bumper_front,Chevrolet,bumper_front,90.2,3.55,95-105,factory_normal
V0199-bumper_rear,Chevrolet,bumper_rear,104.0,4.09,95-105,factory_normal
V0199-door_jamb_left,Chevrolet,door_jamb_left,100.3,3.95,95-105,factory_normal
V0199-door_jamb_right,Chevrolet,door_jamb_right,99.8,3.93,95-105,factory_normal
V0200-hood,Chevrolet,hood,94.5,3.72,95-105,factory_normal
V0200-roof,Chevrolet,roof,93.2,3.67,95-105,factory_normal
V0200-trunk,Chevrolet,trunk,99.3,3.91,95-105,factory_normal
V0200-door_front_left,Chevrolet,door_front_left,97.2,3.83,95-105,factory_normal
V0200-door_front_right,Chevrolet,door_front_right,96.1,3.78,95-105,factory_normal
V0200-door_rear_left,Chevrolet,door_rear_left,107.3,4.22,95-105,factory_normal
V0200-door_rear_right,Chevrolet,door_rear_right,99.1,3.9,95-105,factory_normal
V0200-fender_left,Chevrolet,fender_left,105.9,4.17,95-105,factory_normal
V0200-fender_right,Chevrolet,fender_right,96.9,3.81,95-105,factory_normal
V0200-quarter_left,Chevrolet,quarter_left,100.8,3.97,95-105,factory_normal
V0200-quarter_right,Chevrolet,quarter_right,99.3,3.91,95-105,factory_normal
V0200-bumper_front,Chevrolet,bumper_front,97.4,3.83,95-105,factory_normal
V0200-bumper_rear,Chevrolet,bumper_rear,106.0,4.17,95-105,factory_normal
V0200-door_jamb_left,Chevrolet,door_jamb_left,103.3,4.07,95-105,factory_normal
V0200-door_jamb_right,Chevrolet,door_jamb_right,100.5,3.96,95-105,factory_normal
V0201-hood,Chevrolet,hood,109.5,4.31,95-105,factory_normal
V0201-roof,Chevrolet,roof,108.5,4.27,95-105,factory_normal
V0201-trunk,Chevrolet,trunk,106.6,4.2,95-105,factory_normal
V0201-door_front_left,Chevrolet,door_front_left,95.6,3.76,95-105,factory_normal
V0201-door_front_right,Chevrolet,door_front_right,99.3,3.91,95-105,factory_normal
V0201-door_rear_left,Chevrolet,door_rear_left,97.7,3.85,95-105,factory_normal
V0201-door_rear_right,Chevrolet,door_rear_right,106.4,4.19,95-105,factory_normal
V0201-fender_left,Chevrolet,fender_left,103.6,4.08,95-105,factory_normal
V0201-fender_right,Chevrolet,fender_right,95.8,3.77,95-105,factory_normal
V0201-quarter_left,Chevrolet,quarter_left,101.8,4.01,95-105,factory_normal
V0201-quarter_right,Chevrolet,quarter_right,95.3,3.75,95-105,factory_normal
V0201-bumper_front,Chevrolet,bumper_front,118.9,4.68,95-105,factory_normal
V0201-bumper_rear,Chevrolet,bumper_rear,98.2,3.87,95-105,factory_normal
V0201-door_jamb_left,Chevrolet,door_jamb_left,105.2,4.14,95-105,factory_normal
V0201-door_jamb_right,Chevrolet,door_jamb_right,98.5,3.88,95-105,factory_normal
V0202-hood,Chevrolet,hood,100.2,3.94,95-105,factory_normal
V0202-roof,Chevrolet,roof,87.8,3.46,95-105,thin_caution
V0202-trunk,Chevrolet,trunk,98.4,3.87,95-105,factory_normal
V0202-door_front_left,Chevrolet,door_front_left,93.5,3.68,95-105,factory_normal
V0202-door_front_right,Chevrolet,door_front_right,99.1,3.9,95-105,factory_normal
V0202-door_rear_left,Chevrolet,door_rear_left,93.2,3.67,95-105,factory_normal
V0202-door_rear_right,Chevrolet,door_rear_right,100.7,3.96,95-105,factory_normal
V0202-fender_left,Chevrolet,fender_left,98.7,3.89,95-105,factory_normal
V0202-fender_right,Chevrolet,fender_right,105.6,4.16,95-105,factory_normal
V0202-quarter_left,Chevrolet,quarter_left,98.6,3.88,95-105,factory_normal
V0202-quarter_right,Chevrolet,quarter_right,94.7,3.73,95-105,factory_normal
V0202-bumper_front,Chevrolet,bumper_front,99.1,3.9,95-105,factory_normal
V0202-bumper_rear,Chevrolet,bumper_rear,97.2,3.83,95-105,factory_normal
V0202-door_jamb_left,Chevrolet,door_jamb_left,96.8,3.81,95-105,factory_normal
V0202-door_jamb_right,Chevrolet,door_jamb_right,99.2,3.91,95-105,factory_normal
V0203-hood,Chevrolet,hood,101.3,3.99,95-105,factory_normal
V0203-roof,Chevrolet,roof,107.0,4.21,95-105,factory_normal
V0203-trunk,Chevrolet,trunk,98.5,3.88,95-105,factory_normal
V0203-door_front_left,Chevrolet,door_front_left,106.5,4.19,95-105,factory_normal
V0203-door_front_right,Chevrolet,door_front_right,104.3,4.11,95-105,factory_normal
V0203-door_rear_left,Chevrolet,door_rear_left,101.5,4.0,95-105,factory_normal
V0203-door_rear_right,Chevrolet,door_rear_right,100.0,3.94,95-105,factory_normal
V0203-fender_left,Chevrolet,fender_left,113.7,4.48,95-105,factory_normal
V0203-fender_right,Chevrolet,fender_right,97.5,3.84,95-105,factory_normal
V0203-quarter_left,Chevrolet,quarter_left,103.1,4.06,95-105,factory_normal
V0203-quarter_right,Chevrolet,quarter_right,97.9,3.85,95-105,factory_normal
V0203-bumper_front,Chevrolet,bumper_front,113.4,4.46,95-105,factory_normal
V0203-bumper_rear,Chevrolet,bumper_rear,121.6,4.79,95-105,factory_normal
V0203-door_jamb_left,Chevrolet,door_jamb_left,102.8,4.05,95-105,factory_normal
V0203-door_jamb_right,Chevrolet,door_jamb_right,102.3,4.03,95-105,factory_normal
V0204-hood,Chevrolet,hood,102.2,4.02,95-105,factory_normal
V0204-roof,Chevrolet,roof,101.2,3.98,95-105,factory_normal
V0204-trunk,Chevrolet,trunk,100.4,3.95,95-105,factory_normal
V0204-door_front_left,Chevrolet,door_front_left,96.9,3.81,95-105,factory_normal
V0204-door_front_right,Chevrolet,door_front_right,108.5,4.27,95-105,factory_normal
V0204-door_rear_left,Chevrolet,door_rear_left,94.8,3.73,95-105,factory_normal
V0204-door_rear_right,Chevrolet,door_rear_right,102.2,4.02,95-105,factory_normal
V0204-fender_left,Chevrolet,fender_left,98.5,3.88,95-105,factory_normal
V0204-fender_right,Chevrolet,fender_right,108.9,4.29,95-105,factory_normal
V0204-quarter_left,Chevrolet,quarter_left,95.5,3.76,95-105,factory_normal
V0204-quarter_right,Chevrolet,quarter_right,96.4,3.8,95-105,factory_normal
V0204-bumper_front,Chevrolet,bumper_front,105.6,4.16,95-105,factory_normal
V0204-bumper_rear,Chevrolet,bumper_rear,104.7,4.12,95-105,factory_normal
V0204-door_jamb_left,Chevrolet,door_jamb_left,95.6,3.76,95-105,factory_normal
V0204-door_jamb_right,Chevrolet,door_jamb_right,103.3,4.07,95-105,factory_normal
V0205-hood,Chevrolet,hood,101.2,3.98,95-105,factory_normal
V0205-roof,Chevrolet,roof,93.7,3.69,95-105,factory_normal
V0205-trunk,Chevrolet,trunk,105.2,4.14,95-105,factory_normal
V0205-door_front_left,Chevrolet,door_front_left,100.9,3.97,95-105,factory_normal
V0205-door_front_right,Chevrolet,door_front_right,92.1,3.63,95-105,factory_normal
V0205-door_rear_left,Chevrolet,door_rear_left,92.6,3.65,95-105,factory_normal
V0205-door_rear_right,Chevrolet,door_rear_right,100.2,3.94,95-105,factory_normal
V0205-fender_left,Chevrolet,fender_left,95.9,3.78,95-105,factory_normal
V0205-fender_right,Chevrolet,fender_right,96.3,3.79,95-105,factory_normal
V0205-quarter_left,Chevrolet,quarter_left,103.5,4.07,95-105,factory_normal
V0205-quarter_right,Chevrolet,quarter_right,93.4,3.68,95-105,factory_normal
V0205-bumper_front,Chevrolet,bumper_front,88.2,3.47,95-105,thin_caution
V0205-bumper_rear,Chevrolet,bumper_rear,99.4,3.91,95-105,factory_normal
V0205-door_jamb_left,Chevrolet,door_jamb_left,98.1,3.86,95-105,factory_normal
V0205-door_jamb_right,Chevrolet,door_jamb_right,96.8,3.81,95-105,factory_normal
V0206-hood,Chevrolet,hood,102.9,4.05,95-105,factory_normal
V0206-roof,Chevrolet,roof,91.8,3.61,95-105,factory_normal
V0206-trunk,Chevrolet,trunk,96.5,3.8,95-105,factory_normal
V0206-door_front_left,Chevrolet,door_front_left,98.7,3.89,95-105,factory_normal
V0206-door_front_right,Chevrolet,door_front_right,94.2,3.71,95-105,factory_normal
V0206-door_rear_left,Chevrolet,door_rear_left,104.9,4.13,95-105,factory_normal
V0206-door_rear_right,Chevrolet,door_rear_right,102.3,4.03,95-105,factory_normal
V0206-fender_left,Chevrolet,fender_left,99.2,3.91,95-105,factory_normal
V0206-fender_right,Chevrolet,fender_right,106.7,4.2,95-105,factory_normal
V0206-quarter_left,Chevrolet,quarter_left,90.2,3.55,95-105,factory_normal
V0206-quarter_right,Chevrolet,quarter_right,97.7,3.85,95-105,factory_normal
V0206-bumper_front,Chevrolet,bumper_front,118.1,4.65,95-105,factory_normal
V0206-bumper_rear,Chevrolet,bumper_rear,103.9,4.09,95-105,factory_normal
V0206-door_jamb_left,Chevrolet,door_jamb_left,92.2,3.63,95-105,factory_normal
V0206-door_jamb_right,Chevrolet,door_jamb_right,94.8,3.73,95-105,factory_normal
V0207-hood,GMC,hood,103.1,4.06,95-105,factory_normal
V0207-roof,GMC,roof,89.6,3.53,95-105,thin_caution
V0207-trunk,GMC,trunk,109.2,4.3,95-105,factory_normal
V0207-door_front_left,GMC,door_front_left,103.7,4.08,95-105,factory_normal
V0207-door_front_right,GMC,door_front_right,98.9,3.89,95-105,factory_normal
V0207-door_rear_left,GMC,door_rear_left,108.0,4.25,95-105,factory_normal
V0207-door_rear_right,GMC,door_rear_right,99.6,3.92,95-105,factory_normal
V0207-fender_left,GMC,fender_left,99.6,3.92,95-105,factory_normal
V0207-fender_right,GMC,fender_right,104.8,4.13,95-105,factory_normal
V0207-quarter_left,GMC,quarter_left,111.9,4.41,95-105,factory_normal
V0207-quarter_right,GMC,quarter_right,111.1,4.37,95-105,factory_normal
V0207-bumper_front,GMC,bumper_front,109.8,4.32,95-105,factory_normal
V0207-bumper_rear,GMC,bumper_rear,119.8,4.72,95-105,factory_normal
V0207-door_jamb_left,GMC,door_jamb_left,100.8,3.97,95-105,factory_normal
V0207-door_jamb_right,GMC,door_jamb_right,104.0,4.09,95-105,factory_normal
V0208-hood,GMC,hood,100.3,3.95,95-105,factory_normal
V0208-roof,GMC,roof,98.4,3.87,95-105,factory_normal
V0208-trunk,GMC,trunk,82.4,3.24,95-105,thin_caution
V0208-door_front_left,GMC,door_front_left,98.7,3.89,95-105,factory_normal
V0208-door_front_right,GMC,door_front_right,101.0,3.98,95-105,factory_normal
V0208-door_rear_left,GMC,door_rear_left,100.0,3.94,95-105,factory_normal
V0208-door_rear_right,GMC,door_rear_right,97.3,3.83,95-105,factory_normal
V0208-fender_left,GMC,fender_left,106.0,4.17,95-105,factory_normal
V0208-fender_right,GMC,fender_right,99.4,3.91,95-105,factory_normal
V0208-quarter_left,GMC,quarter_left,100.0,3.94,95-105,factory_normal
V0208-quarter_right,GMC,quarter_right,103.0,4.06,95-105,factory_normal
V0208-bumper_front,GMC,bumper_front,104.1,4.1,95-105,factory_normal
V0208-bumper_rear,GMC,bumper_rear,109.3,4.3,95-105,factory_normal
V0208-door_jamb_left,GMC,door_jamb_left,98.3,3.87,95-105,factory_normal
V0208-door_jamb_right,GMC,door_jamb_right,101.7,4.0,95-105,factory_normal
V0209-hood,GMC,hood,102.6,4.04,95-105,factory_normal
V0209-roof,GMC,roof,102.8,4.05,95-105,factory_normal
V0209-trunk,GMC,trunk,107.8,4.24,95-105,factory_normal
V0209-door_front_left,GMC,door_front_left,91.7,3.61,95-105,factory_normal
V0209-door_front_right,GMC,door_front_right,98.0,3.86,95-105,factory_normal
V0209-door_rear_left,GMC,door_rear_left,104.5,4.11,95-105,factory_normal
V0209-door_rear_right,GMC,door_rear_right,108.0,4.25,95-105,factory_normal
V0209-fender_left,GMC,fender_left,101.4,3.99,95-105,factory_normal
V0209-fender_right,GMC,fender_right,98.8,3.89,95-105,factory_normal
V0209-quarter_left,GMC,quarter_left,104.0,4.09,95-105,factory_normal
V0209-quarter_right,GMC,quarter_right,104.6,4.12,95-105,factory_normal
V0209-bumper_front,GMC,bumper_front,106.9,4.21,95-105,factory_normal
V0209-bumper_rear,GMC,bumper_rear,109.4,4.31,95-105,factory_normal
V0209-door_jamb_left,GMC,door_jamb_left,101.9,4.01,95-105,factory_normal
V0209-door_jamb_right,GMC,door_jamb_right,99.9,3.93,95-105,factory_normal
V0210-hood,GMC,hood,92.4,3.64,95-105,factory_normal
V0210-roof,GMC,roof,104.2,4.1,95-105,factory_normal
V0210-trunk,GMC,trunk,92.0,3.62,95-105,factory_normal
V0210-door_front_left,GMC,door_front_left,95.5,3.76,95-105,factory_normal
V0210-door_front_right,GMC,door_front_right,98.2,3.87,95-105,factory_normal
V0210-door_rear_left,GMC,door_rear_left,107.6,4.24,95-105,factory_normal
V0210-door_rear_right,GMC,door_rear_right,95.6,3.76,95-105,factory_normal
V0210-fender_left,GMC,fender_left,94.3,3.71,95-105,factory_normal
V0210-fender_right,GMC,fender_right,94.9,3.74,95-105,factory_normal
V0210-quarter_left,GMC,quarter_left,186.9,7.36,95-105,respray
V0210-quarter_right,GMC,quarter_right,83.6,3.29,95-105,thin_caution
V0210-bumper_front,GMC,bumper_front,119.1,4.69,95-105,factory_normal
V0210-bumper_rear,GMC,bumper_rear,123.2,4.85,95-105,factory_normal
V0210-door_jamb_left,GMC,door_jamb_left,96.1,3.78,95-105,factory_normal
V0210-door_jamb_right,GMC,door_jamb_right,100.0,3.94,95-105,factory_normal
V0211-hood,GMC,hood,90.2,3.55,95-105,factory_normal
V0211-roof,GMC,roof,86.6,3.41,95-105,thin_caution
V0211-trunk,GMC,trunk,87.5,3.44,95-105,thin_caution
V0211-door_front_left,GMC,door_front_left,90.9,3.58,95-105,factory_normal
V0211-door_front_right,GMC,door_front_right,89.5,3.52,95-105,thin_caution
V0211-door_rear_left,GMC,door_rear_left,96.9,3.81,95-105,factory_normal
V0211-door_rear_right,GMC,door_rear_right,89.4,3.52,95-105,thin_caution
V0211-fender_left,GMC,fender_left,79.6,3.13,95-105,thin_caution
V0211-fender_right,GMC,fender_right,90.1,3.55,95-105,factory_normal
V0211-quarter_left,GMC,quarter_left,93.0,3.66,95-105,factory_normal
V0211-quarter_right,GMC,quarter_right,92.3,3.63,95-105,factory_normal
V0211-bumper_front,GMC,bumper_front,102.6,4.04,95-105,factory_normal
V0211-bumper_rear,GMC,bumper_rear,99.7,3.93,95-105,factory_normal
V0211-door_jamb_left,GMC,door_jamb_left,93.1,3.67,95-105,factory_normal
V0211-door_jamb_right,GMC,door_jamb_right,95.9,3.78,95-105,factory_normal
V0212-hood,GMC,hood,96.9,3.81,95-105,factory_normal
V0212-roof,GMC,roof,106.5,4.19,95-105,factory_normal
V0212-trunk,GMC,trunk,103.7,4.08,95-105,factory_normal
V0212-door_front_left,GMC,door_front_left,99.3,3.91,95-105,factory_normal
V0212-door_front_right,GMC,door_front_right,102.3,4.03,95-105,factory_normal
V0212-door_rear_left,GMC,door_rear_left,101.2,3.98,95-105,factory_normal
V0212-door_rear_right,GMC,door_rear_right,97.3,3.83,95-105,factory_normal
V0212-fender_left,GMC,fender_left,101.9,4.01,95-105,factory_normal
V0212-fender_right,GMC,fender_right,98.5,3.88,95-105,factory_normal
V0212-quarter_left,GMC,quarter_left,96.9,3.81,95-105,factory_normal
V0212-quarter_right,GMC,quarter_right,93.5,3.68,95-105,factory_normal
V0212-bumper_front,GMC,bumper_front,120.8,4.76,95-105,factory_normal
V0212-bumper_rear,GMC,bumper_rear,120.4,4.74,95-105,factory_normal
V0212-door_jamb_left,GMC,door_jamb_left,107.1,4.22,95-105,factory_normal
V0212-door_jamb_right,GMC,door_jamb_right,99.2,3.91,95-105,factory_normal
V0213-hood,GMC,hood,102.0,4.02,95-105,factory_normal
V0213-roof,GMC,roof,100.3,3.95,95-105,factory_normal
V0213-trunk,GMC,trunk,105.3,4.15,95-105,factory_normal
V0213-door_front_left,GMC,door_front_left,103.3,4.07,95-105,factory_normal
V0213-door_front_right,GMC,door_front_right,103.9,4.09,95-105,factory_normal
V0213-door_rear_left,GMC,door_rear_left,109.1,4.3,95-105,factory_normal
V0213-door_rear_right,GMC,door_rear_right,104.4,4.11,95-105,factory_normal
V0213-fender_left,GMC,fender_left,106.5,4.19,95-105,factory_normal
V0213-fender_right,GMC,fender_right,97.8,3.85,95-105,factory_normal
V0213-quarter_left,GMC,quarter_left,97.0,3.82,95-105,factory_normal
V0213-quarter_right,GMC,quarter_right,110.6,4.35,95-105,factory_normal
V0213-bumper_front,GMC,bumper_front,98.2,3.87,95-105,factory_normal
V0213-bumper_rear,GMC,bumper_rear,92.4,3.64,95-105,factory_normal
V0213-door_jamb_left,GMC,door_jamb_left,101.9,4.01,95-105,factory_normal
V0213-door_jamb_right,GMC,door_jamb_right,100.7,3.96,95-105,factory_normal
V0214-hood,GMC,hood,100.8,3.97,95-105,factory_normal
V0214-roof,GMC,roof,100.7,3.96,95-105,factory_normal
V0214-trunk,GMC,trunk,95.6,3.76,95-105,factory_normal
V0214-door_front_left,GMC,door_front_left,98.8,3.89,95-105,factory_normal
V0214-door_front_right,GMC,door_front_right,101.2,3.98,95-105,factory_normal
V0214-door_rear_left,GMC,door_rear_left,102.9,4.05,95-105,factory_normal
V0214-door_rear_right,GMC,door_rear_right,98.9,3.89,95-105,factory_normal
V0214-fender_left,GMC,fender_left,104.8,4.13,95-105,factory_normal
V0214-fender_right,GMC,fender_right,99.4,3.91,95-105,factory_normal
V0214-quarter_left,GMC,quarter_left,103.3,4.07,95-105,factory_normal
V0214-quarter_right,GMC,quarter_right,96.9,3.81,95-105,factory_normal
V0214-bumper_front,GMC,bumper_front,94.8,3.73,95-105,factory_normal
V0214-bumper_rear,GMC,bumper_rear,100.6,3.96,95-105,factory_normal
V0214-door_jamb_left,GMC,door_jamb_left,101.0,3.98,95-105,factory_normal
V0214-door_jamb_right,GMC,door_jamb_right,100.6,3.96,95-105,factory_normal
V0215-hood,GMC,hood,109.6,4.31,95-105,factory_normal
V0215-roof,GMC,roof,99.7,3.93,95-105,factory_normal
V0215-trunk,GMC,trunk,101.2,3.98,95-105,factory_normal
V0215-door_front_left,GMC,door_front_left,112.3,4.42,95-105,factory_normal
V0215-door_front_right,GMC,door_front_right,108.4,4.27,95-105,factory_normal
V0215-door_rear_left,GMC,door_rear_left,102.3,4.03,95-105,factory_normal
V0215-door_rear_right,GMC,door_rear_right,105.5,4.15,95-105,factory_normal
V0215-fender_left,GMC,fender_left,104.9,4.13,95-105,factory_normal
V0215-fender_right,GMC,fender_right,90.4,3.56,95-105,factory_normal
V0215-quarter_left,GMC,quarter_left,99.6,3.92,95-105,factory_normal
V0215-quarter_right,GMC,quarter_right,103.8,4.09,95-105,factory_normal
V0215-bumper_front,GMC,bumper_front,113.6,4.47,95-105,factory_normal
V0215-bumper_rear,GMC,bumper_rear,110.1,4.33,95-105,factory_normal
V0215-door_jamb_left,GMC,door_jamb_left,103.6,4.08,95-105,factory_normal
V0215-door_jamb_right,GMC,door_jamb_right,103.2,4.06,95-105,factory_normal
V0216-hood,GMC,hood,85.8,3.38,95-105,thin_caution
V0216-roof,GMC,roof,95.1,3.74,95-105,factory_normal
V0216-trunk,GMC,trunk,97.0,3.82,95-105,factory_normal
V0216-door_front_left,GMC,door_front_left,93.1,3.67,95-105,factory_normal
V0216-door_front_right,GMC,door_front_right,101.5,4.0,95-105,factory_normal
V0216-door_rear_left,GMC,door_rear_left,101.1,3.98,95-105,factory_normal
V0216-door_rear_right,GMC,door_rear_right,96.8,3.81,95-105,factory_normal
V0216-fender_left,GMC,fender_left,95.7,3.77,95-105,factory_normal
V0216-fender_right,GMC,fender_right,96.5,3.8,95-105,factory_normal
V0216-quarter_left,GMC,quarter_left,96.5,3.8,95-105,factory_normal
V0216-quarter_right,GMC,quarter_right,96.6,3.8,95-105,factory_normal
V0216-bumper_front,GMC,bumper_front,86.6,3.41,95-105,thin_caution
V0216-bumper_rear,GMC,bumper_rear,114.9,4.52,95-105,factory_normal
V0216-door_jamb_left,GMC,door_jamb_left,97.8,3.85,95-105,factory_normal
V0216-door_jamb_right,GMC,door_jamb_right,98.5,3.88,95-105,factory_normal
V0217-hood,Cadillac,hood,105.3,4.15,100-112,factory_normal
V0217-roof,Cadillac,roof,109.2,4.3,100-112,factory_normal
V0217-trunk,Cadillac,trunk,112.6,4.43,100-112,factory_normal
V0217-door_front_left,Cadillac,door_front_left,103.4,4.07,100-112,factory_normal
V0217-door_front_right,Cadillac,door_front_right,105.6,4.16,100-112,factory_normal
V0217-door_rear_left,Cadillac,door_rear_left,109.2,4.3,100-112,factory_normal
V0217-door_rear_right,Cadillac,door_rear_right,122.6,4.83,100-112,factory_normal
V0217-fender_left,Cadillac,fender_left,109.9,4.33,100-112,factory_normal
V0217-fender_right,Cadillac,fender_right,116.4,4.58,100-112,factory_normal
V0217-quarter_left,Cadillac,quarter_left,114.4,4.5,100-112,factory_normal
V0217-quarter_right,Cadillac,quarter_right,110.2,4.34,100-112,factory_normal
V0217-bumper_front,Cadillac,bumper_front,84.9,3.34,100-112,thin_caution
V0217-bumper_rear,Cadillac,bumper_rear,118.2,4.65,100-112,factory_normal
V0217-door_jamb_left,Cadillac,door_jamb_left,110.3,4.34,100-112,factory_normal
V0217-door_jamb_right,Cadillac,door_jamb_right,107.6,4.24,100-112,factory_normal
V0218-hood,Cadillac,hood,104.1,4.1,100-112,factory_normal
V0218-roof,Cadillac,roof,101.8,4.01,100-112,factory_normal
V0218-trunk,Cadillac,trunk,107.9,4.25,100-112,factory_normal
V0218-door_front_left,Cadillac,door_front_left,207.2,8.16,100-112,respray
V0218-door_front_right,Cadillac,door_front_right,106.6,4.2,100-112,factory_normal
V0218-door_rear_left,Cadillac,door_rear_left,114.4,4.5,100-112,factory_normal
V0218-door_rear_right,Cadillac,door_rear_right,104.1,4.1,100-112,factory_normal
V0218-fender_left,Cadillac,fender_left,109.9,4.33,100-112,factory_normal
V0218-fender_right,Cadillac,fender_right,108.6,4.28,100-112,factory_normal
V0218-quarter_left,Cadillac,quarter_left,100.5,3.96,100-112,factory_normal
V0218-quarter_right,Cadillac,quarter_right,101.7,4.0,100-112,factory_normal
V0218-bumper_front,Cadillac,bumper_front,127.8,5.03,100-112,factory_normal
V0218-bumper_rear,Cadillac,bumper_rear,117.4,4.62,100-112,factory_normal
V0218-door_jamb_left,Cadillac,door_jamb_left,109.4,4.31,100-112,factory_normal
V0218-door_jamb_right,Cadillac,door_jamb_right,110.8,4.36,100-112,factory_normal
V0219-hood,Cadillac,hood,108.9,4.29,100-112,factory_normal
V0219-roof,Cadillac,roof,111.2,4.38,100-112,factory_normal
V0219-trunk,Cadillac,trunk,113.8,4.48,100-112,factory_normal
V0219-door_front_left,Cadillac,door_front_left,111.0,4.37,100-112,factory_normal
V0219-door_front_right,Cadillac,door_front_right,115.9,4.56,100-112,factory_normal
V0219-door_rear_left,Cadillac,door_rear_left,231.9,9.13,100-112,respray
V0219-door_rear_right,Cadillac,door_rear_right,104.4,4.11,100-112,factory_normal
V0219-fender_left,Cadillac,fender_left,120.9,4.76,100-112,factory_normal
V0219-fender_right,Cadillac,fender_right,108.0,4.25,100-112,factory_normal
V0219-quarter_left,Cadillac,quarter_left,108.2,4.26,100-112,factory_normal
V0219-quarter_right,Cadillac,quarter_right,189.5,7.46,100-112,respray
V0219-bumper_front,Cadillac,bumper_front,105.6,4.16,100-112,factory_normal
V0219-bumper_rear,Cadillac,bumper_rear,112.4,4.43,100-112,factory_normal
V0219-door_jamb_left,Cadillac,door_jamb_left,109.0,4.29,100-112,factory_normal
V0219-door_jamb_right,Cadillac,door_jamb_right,115.5,4.55,100-112,factory_normal
V0220-hood,Cadillac,hood,193.7,7.63,100-112,respray
V0220-roof,Cadillac,roof,103.1,4.06,100-112,factory_normal
V0220-trunk,Cadillac,trunk,165.0,6.5,100-112,respray
V0220-door_front_left,Cadillac,door_front_left,105.2,4.14,100-112,factory_normal
V0220-door_front_right,Cadillac,door_front_right,112.8,4.44,100-112,factory_normal
V0220-door_rear_left,Cadillac,door_rear_left,96.9,3.81,100-112,factory_normal
V0220-door_rear_right,Cadillac,door_rear_right,99.8,3.93,100-112,factory_normal
V0220-fender_left,Cadillac,fender_left,96.6,3.8,100-112,factory_normal
V0220-fender_right,Cadillac,fender_right,100.9,3.97,100-112,factory_normal
V0220-quarter_left,Cadillac,quarter_left,199.4,7.85,100-112,respray
V0220-quarter_right,Cadillac,quarter_right,98.3,3.87,100-112,factory_normal
V0220-bumper_front,Cadillac,bumper_front,119.7,4.71,100-112,factory_normal
V0220-bumper_rear,Cadillac,bumper_rear,110.6,4.35,100-112,factory_normal
V0220-door_jamb_left,Cadillac,door_jamb_left,104.2,4.1,100-112,factory_normal
V0220-door_jamb_right,Cadillac,door_jamb_right,106.5,4.19,100-112,factory_normal
V0221-hood,Cadillac,hood,99.8,3.93,100-112,factory_normal
V0221-roof,Cadillac,roof,111.0,4.37,100-112,factory_normal
V0221-trunk,Cadillac,trunk,92.0,3.62,100-112,factory_normal
V0221-door_front_left,Cadillac,door_front_left,99.7,3.93,100-112,factory_normal
V0221-door_front_right,Cadillac,door_front_right,106.9,4.21,100-112,factory_normal
V0221-door_rear_left,Cadillac,door_rear_left,93.5,3.68,100-112,factory_normal
V0221-door_rear_right,Cadillac,door_rear_right,97.6,3.84,100-112,factory_normal
V0221-fender_left,Cadillac,fender_left,98.2,3.87,100-112,factory_normal
V0221-fender_right,Cadillac,fender_right,99.7,3.93,100-112,factory_normal
V0221-quarter_left,Cadillac,quarter_left,92.9,3.66,100-112,factory_normal
V0221-quarter_right,Cadillac,quarter_right,103.8,4.09,100-112,factory_normal
V0221-bumper_front,Cadillac,bumper_front,108.9,4.29,100-112,factory_normal
V0221-bumper_rear,Cadillac,bumper_rear,132.9,5.23,100-112,factory_normal
V0221-door_jamb_left,Cadillac,door_jamb_left,101.1,3.98,100-112,factory_normal
V0221-door_jamb_right,Cadillac,door_jamb_right,97.3,3.83,100-112,factory_normal
V0222-hood,Cadillac,hood,101.7,4.0,100-112,factory_normal
V0222-roof,Cadillac,roof,102.5,4.04,100-112,factory_normal
V0222-trunk,Cadillac,trunk,103.2,4.06,100-112,factory_normal
V0222-door_front_left,Cadillac,door_front_left,106.2,4.18,100-112,factory_normal
V0222-door_front_right,Cadillac,door_front_right,113.1,4.45,100-112,factory_normal
V0222-door_rear_left,Cadillac,door_rear_left,111.3,4.38,100-112,factory_normal
V0222-door_rear_right,Cadillac,door_rear_right,111.1,4.37,100-112,factory_normal
V0222-fender_left,Cadillac,fender_left,103.0,4.06,100-112,factory_normal
V0222-fender_right,Cadillac,fender_right,105.7,4.16,100-112,factory_normal
V0222-quarter_left,Cadillac,quarter_left,109.8,4.32,100-112,factory_normal
V0222-quarter_right,Cadillac,quarter_right,105.3,4.15,100-112,factory_normal
V0222-bumper_front,Cadillac,bumper_front,113.3,4.46,100-112,factory_normal
V0222-bumper_rear,Cadillac,bumper_rear,130.4,5.13,100-112,factory_normal
V0222-door_jamb_left,Cadillac,door_jamb_left,110.1,4.33,100-112,factory_normal
V0222-door_jamb_right,Cadillac,door_jamb_right,104.0,4.09,100-112,factory_normal
V0223-hood,Cadillac,hood,104.5,4.11,100-112,factory_normal
V0223-roof,Cadillac,roof,249.6,9.83,100-112,respray
V0223-trunk,Cadillac,trunk,108.3,4.26,100-112,factory_normal
V0223-door_front_left,Cadillac,door_front_left,111.8,4.4,100-112,factory_normal
V0223-door_front_right,Cadillac,door_front_right,115.0,4.53,100-112,factory_normal
V0223-door_rear_left,Cadillac,door_rear_left,110.3,4.34,100-112,factory_normal
V0223-door_rear_right,Cadillac,door_rear_right,106.5,4.19,100-112,factory_normal
V0223-fender_left,Cadillac,fender_left,98.3,3.87,100-112,factory_normal
V0223-fender_right,Cadillac,fender_right,109.1,4.3,100-112,factory_normal
V0223-quarter_left,Cadillac,quarter_left,108.8,4.28,100-112,factory_normal
V0223-quarter_right,Cadillac,quarter_right,109.6,4.31,100-112,factory_normal
V0223-bumper_front,Cadillac,bumper_front,132.3,5.21,100-112,factory_normal
V0223-bumper_rear,Cadillac,bumper_rear,126.5,4.98,100-112,factory_normal
V0223-door_jamb_left,Cadillac,door_jamb_left,105.4,4.15,100-112,factory_normal
V0223-door_jamb_right,Cadillac,door_jamb_right,112.3,4.42,100-112,factory_normal
V0224-hood,Cadillac,hood,102.1,4.02,100-112,factory_normal
V0224-roof,Cadillac,roof,110.5,4.35,100-112,factory_normal
V0224-trunk,Cadillac,trunk,112.2,4.42,100-112,factory_normal
V0224-door_front_left,Cadillac,door_front_left,115.6,4.55,100-112,factory_normal
V0224-door_front_right,Cadillac,door_front_right,109.1,4.3,100-112,factory_normal
V0224-door_rear_left,Cadillac,door_rear_left,114.9,4.52,100-112,factory_normal
V0224-door_rear_right,Cadillac,door_rear_right,111.7,4.4,100-112,factory_normal
V0224-fender_left,Cadillac,fender_left,104.2,4.1,100-112,factory_normal
V0224-fender_right,Cadillac,fender_right,103.7,4.08,100-112,factory_normal
V0224-quarter_left,Cadillac,quarter_left,116.4,4.58,100-112,factory_normal
V0224-quarter_right,Cadillac,quarter_right,116.7,4.59,100-112,factory_normal
V0224-bumper_front,Cadillac,bumper_front,137.7,5.42,100-112,factory_normal
V0224-bumper_rear,Cadillac,bumper_rear,131.6,5.18,100-112,factory_normal
V0224-door_jamb_left,Cadillac,door_jamb_left,109.6,4.31,100-112,factory_normal
V0224-door_jamb_right,Cadillac,door_jamb_right,108.7,4.28,100-112,factory_normal
V0225-hood,Cadillac,hood,98.2,3.87,100-112,factory_normal
V0225-roof,Cadillac,roof,110.1,4.33,100-112,factory_normal
V0225-trunk,Cadillac,trunk,101.8,4.01,100-112,factory_normal
V0225-door_front_left,Cadillac,door_front_left,108.4,4.27,100-112,factory_normal
V0225-door_front_right,Cadillac,door_front_right,104.0,4.09,100-112,factory_normal
V0225-door_rear_left,Cadillac,door_rear_left,105.3,4.15,100-112,factory_normal
V0225-door_rear_right,Cadillac,door_rear_right,102.8,4.05,100-112,factory_normal
V0225-fender_left,Cadillac,fender_left,105.8,4.17,100-112,factory_normal
V0225-fender_right,Cadillac,fender_right,116.0,4.57,100-112,factory_normal
V0225-quarter_left,Cadillac,quarter_left,113.5,4.47,100-112,factory_normal
V0225-quarter_right,Cadillac,quarter_right,108.4,4.27,100-112,factory_normal
V0225-bumper_front,Cadillac,bumper_front,96.2,3.79,100-112,factory_normal
V0225-bumper_rear,Cadillac,bumper_rear,130.0,5.12,100-112,factory_normal
V0225-door_jamb_left,Cadillac,door_jamb_left,112.8,4.44,100-112,factory_normal
V0225-door_jamb_right,Cadillac,door_jamb_right,106.8,4.2,100-112,factory_normal
V0226-hood,Cadillac,hood,107.2,4.22,100-112,factory_normal
V0226-roof,Cadillac,roof,99.7,3.93,100-112,factory_normal
V0226-trunk,Cadillac,trunk,100.9,3.97,100-112,factory_normal
V0226-door_front_left,Cadillac,door_front_left,107.3,4.22,100-112,factory_normal
V0226-door_front_right,Cadillac,door_front_right,105.5,4.15,100-112,factory_normal
V0226-door_rear_left,Cadillac,door_rear_left,101.8,4.01,100-112,factory_normal
V0226-door_rear_right,Cadillac,door_rear_right,101.0,3.98,100-112,factory_normal
V0226-fender_left,Cadillac,fender_left,104.8,4.13,100-112,factory_normal
V0226-fender_right,Cadillac,fender_right,102.2,4.02,100-112,factory_normal
V0226-quarter_left,Cadillac,quarter_left,98.7,3.89,100-112,factory_normal
V0226-quarter_right,Cadillac,quarter_right,102.5,4.04,100-112,factory_normal
V0226-bumper_front,Cadillac,bumper_front,109.4,4.31,100-112,factory_normal
V0226-bumper_rear,Cadillac,bumper_rear,105.1,4.14,100-112,factory_normal
V0226-door_jamb_left,Cadillac,door_jamb_left,104.6,4.12,100-112,factory_normal
V0226-door_jamb_right,Cadillac,door_jamb_right,105.9,4.17,100-112,factory_normal
V0227-hood,Cadillac,hood,106.8,4.2,100-112,factory_normal
V0227-roof,Cadillac,roof,113.3,4.46,100-112,factory_normal
V0227-trunk,Cadillac,trunk,111.3,4.38,100-112,factory_normal
V0227-door_front_left,Cadillac,door_front_left,101.8,4.01,100-112,factory_normal
V0227-door_front_right,Cadillac,door_front_right,119.8,4.72,100-112,factory_normal
V0227-door_rear_left,Cadillac,door_rear_left,103.1,4.06,100-112,factory_normal
V0227-door_rear_right,Cadillac,door_rear_right,112.4,4.43,100-112,factory_normal
V0227-fender_left,Cadillac,fender_left,112.3,4.42,100-112,factory_normal
V0227-fender_right,Cadillac,fender_right,111.7,4.4,100-112,factory_normal
V0227-quarter_left,Cadillac,quarter_left,107.9,4.25,100-112,factory_normal
V0227-quarter_right,Cadillac,quarter_right,114.5,4.51,100-112,factory_normal
V0227-bumper_front,Cadillac,bumper_front,121.3,4.78,100-112,factory_normal
V0227-bumper_rear,Cadillac,bumper_rear,114.6,4.51,100-112,factory_normal
V0227-door_jamb_left,Cadillac,door_jamb_left,112.7,4.44,100-112,factory_normal
V0227-door_jamb_right,Cadillac,door_jamb_right,110.5,4.35,100-112,factory_normal
V0228-hood,Jeep,hood,103.4,4.07,96-110,factory_normal
V0228-roof,Jeep,roof,103.2,4.06,96-110,factory_normal
V0228-trunk,Jeep,trunk,217.5,8.56,96-110,respray
V0228-door_front_left,Jeep,door_front_left,106.9,4.21,96-110,factory_normal
V0228-door_front_right,Jeep,door_front_right,197.8,7.79,96-110,respray
V0228-door_rear_left,Jeep,door_rear_left,96.8,3.81,96-110,factory_normal
V0228-door_rear_right,Jeep,door_rear_right,96.5,3.8,96-110,factory_normal
V0228-fender_left,Jeep,fender_left,106.8,4.2,96-110,factory_normal
V0228-fender_right,Jeep,fender_right,100.6,3.96,96-110,factory_normal
V0228-quarter_left,Jeep,quarter_left,106.2,4.18,96-110,factory_normal
V0228-quarter_right,Jeep,quarter_right,108.6,4.28,96-110,factory_normal
V0228-bumper_front,Jeep,bumper_front,117.3,4.62,96-110,factory_normal
V0228-bumper_rear,Jeep,bumper_rear,245.1,9.65,96-110,respray
V0228-door_jamb_left,Jeep,door_jamb_left,103.4,4.07,96-110,factory_normal
V0228-door_jamb_right,Jeep,door_jamb_right,96.8,3.81,96-110,factory_normal
V0229-hood,Jeep,hood,107.7,4.24,96-110,factory_normal
V0229-roof,Jeep,roof,112.6,4.43,96-110,factory_normal
V0229-trunk,Jeep,trunk,99.1,3.9,96-110,factory_normal
V0229-door_front_left,Jeep,door_front_left,114.3,4.5,96-110,factory_normal
V0229-door_front_right,Jeep,door_front_right,112.6,4.43,96-110,factory_normal
V0229-door_rear_left,Jeep,door_rear_left,114.8,4.52,96-110,factory_normal
V0229-door_rear_right,Jeep,door_rear_right,108.3,4.26,96-110,factory_normal
V0229-fender_left,Jeep,fender_left,113.6,4.47,96-110,factory_normal
V0229-fender_right,Jeep,fender_right,101.2,3.98,96-110,factory_normal
V0229-quarter_left,Jeep,quarter_left,112.1,4.41,96-110,factory_normal
V0229-quarter_right,Jeep,quarter_right,104.7,4.12,96-110,factory_normal
V0229-bumper_front,Jeep,bumper_front,90.2,3.55,96-110,factory_normal
V0229-bumper_rear,Jeep,bumper_rear,89.6,3.53,96-110,thin_caution
V0229-door_jamb_left,Jeep,door_jamb_left,112.6,4.43,96-110,factory_normal
V0229-door_jamb_right,Jeep,door_jamb_right,111.2,4.38,96-110,factory_normal
V0230-hood,Jeep,hood,106.0,4.17,96-110,factory_normal
V0230-roof,Jeep,roof,111.1,4.37,96-110,factory_normal
V0230-trunk,Jeep,trunk,108.1,4.26,96-110,factory_normal
V0230-door_front_left,Jeep,door_front_left,106.8,4.2,96-110,factory_normal
V0230-door_front_right,Jeep,door_front_right,111.5,4.39,96-110,factory_normal
V0230-door_rear_left,Jeep,door_rear_left,102.4,4.03,96-110,factory_normal
V0230-door_rear_right,Jeep,door_rear_right,227.0,8.94,96-110,respray
V0230-fender_left,Jeep,fender_left,105.9,4.17,96-110,factory_normal
V0230-fender_right,Jeep,fender_right,104.7,4.12,96-110,factory_normal
V0230-quarter_left,Jeep,quarter_left,104.1,4.1,96-110,factory_normal
V0230-quarter_right,Jeep,quarter_right,106.4,4.19,96-110,factory_normal
V0230-bumper_front,Jeep,bumper_front,107.4,4.23,96-110,factory_normal
V0230-bumper_rear,Jeep,bumper_rear,121.0,4.76,96-110,factory_normal
V0230-door_jamb_left,Jeep,door_jamb_left,252.6,9.94,96-110,repair_or_filler
V0230-door_jamb_right,Jeep,door_jamb_right,216.1,8.51,96-110,respray
V0231-hood,Jeep,hood,101.0,3.98,96-110,factory_normal
V0231-roof,Jeep,roof,102.9,4.05,96-110,factory_normal
V0231-trunk,Jeep,trunk,101.2,3.98,96-110,factory_normal
V0231-door_front_left,Jeep,door_front_left,105.1,4.14,96-110,factory_normal
V0231-door_front_right,Jeep,door_front_right,97.4,3.83,96-110,factory_normal
V0231-door_rear_left,Jeep,door_rear_left,95.9,3.78,96-110,factory_normal
V0231-door_rear_right,Jeep,door_rear_right,97.6,3.84,96-110,factory_normal
V0231-fender_left,Jeep,fender_left,101.3,3.99,96-110,factory_normal
V0231-fender_right,Jeep,fender_right,99.7,3.93,96-110,factory_normal
V0231-quarter_left,Jeep,quarter_left,104.4,4.11,96-110,factory_normal
V0231-quarter_right,Jeep,quarter_right,107.3,4.22,96-110,factory_normal
V0231-bumper_front,Jeep,bumper_front,108.7,4.28,96-110,factory_normal
V0231-bumper_rear,Jeep,bumper_rear,91.8,3.61,96-110,factory_normal
V0231-door_jamb_left,Jeep,door_jamb_left,100.8,3.97,96-110,factory_normal
V0231-door_jamb_right,Jeep,door_jamb_right,102.4,4.03,96-110,factory_normal
V0232-hood,Jeep,hood,105.5,4.15,96-110,factory_normal
V0232-roof,Jeep,roof,111.7,4.4,96-110,factory_normal
V0232-trunk,Jeep,trunk,95.4,3.76,96-110,factory_normal
V0232-door_front_left,Jeep,door_front_left,95.0,3.74,96-110,factory_normal
V0232-door_front_right,Jeep,door_front_right,95.7,3.77,96-110,factory_normal
V0232-door_rear_left,Jeep,door_rear_left,108.1,4.26,96-110,factory_normal
V0232-door_rear_right,Jeep,door_rear_right,105.3,4.15,96-110,factory_normal
V0232-fender_left,Jeep,fender_left,99.4,3.91,96-110,factory_normal
V0232-fender_right,Jeep,fender_right,100.3,3.95,96-110,factory_normal
V0232-quarter_left,Jeep,quarter_left,96.0,3.78,96-110,factory_normal
V0232-quarter_right,Jeep,quarter_right,104.5,4.11,96-110,factory_normal
V0232-bumper_front,Jeep,bumper_front,106.3,4.19,96-110,factory_normal
V0232-bumper_rear,Jeep,bumper_rear,114.8,4.52,96-110,factory_normal
V0232-door_jamb_left,Jeep,door_jamb_left,105.0,4.13,96-110,factory_normal
V0232-door_jamb_right,Jeep,door_jamb_right,101.9,4.01,96-110,factory_normal
V0233-hood,Jeep,hood,102.9,4.05,96-110,factory_normal
V0233-roof,Jeep,roof,100.4,3.95,96-110,factory_normal
V0233-trunk,Jeep,trunk,107.2,4.22,96-110,factory_normal
V0233-door_front_left,Jeep,door_front_left,104.8,4.13,96-110,factory_normal
V0233-door_front_right,Jeep,door_front_right,96.8,3.81,96-110,factory_normal
V0233-door_rear_left,Jeep,door_rear_left,102.3,4.03,96-110,factory_normal
V0233-door_rear_right,Jeep,door_rear_right,103.5,4.07,96-110,factory_normal
V0233-fender_left,Jeep,fender_left,101.4,3.99,96-110,factory_normal
V0233-fender_right,Jeep,fender_right,111.3,4.38,96-110,factory_normal
V0233-quarter_left,Jeep,quarter_left,106.3,4.19,96-110,factory_normal
V0233-quarter_right,Jeep,quarter_right,110.8,4.36,96-110,factory_normal
V0233-bumper_front,Jeep,bumper_front,99.6,3.92,96-110,factory_normal
V0233-bumper_rear,Jeep,bumper_rear,106.9,4.21,96-110,factory_normal
V0233-door_jamb_left,Jeep,door_jamb_left,102.9,4.05,96-110,factory_normal
V0233-door_jamb_right,Jeep,door_jamb_right,105.1,4.14,96-110,factory_normal
V0234-hood,Jeep,hood,102.2,4.02,96-110,factory_normal
V0234-roof,Jeep,roof,107.5,4.23,96-110,factory_normal
V0234-trunk,Jeep,trunk,104.2,4.1,96-110,factory_normal
V0234-door_front_left,Jeep,door_front_left,90.8,3.57,96-110,factory_normal
V0234-door_front_right,Jeep,door_front_right,102.7,4.04,96-110,factory_normal
V0234-door_rear_left,Jeep,door_rear_left,110.5,4.35,96-110,factory_normal
V0234-door_rear_right,Jeep,door_rear_right,96.7,3.81,96-110,factory_normal
V0234-fender_left,Jeep,fender_left,105.7,4.16,96-110,factory_normal
V0234-fender_right,Jeep,fender_right,113.0,4.45,96-110,factory_normal
V0234-quarter_left,Jeep,quarter_left,101.3,3.99,96-110,factory_normal
V0234-quarter_right,Jeep,quarter_right,105.1,4.14,96-110,factory_normal
V0234-bumper_front,Jeep,bumper_front,113.2,4.46,96-110,factory_normal
V0234-bumper_rear,Jeep,bumper_rear,112.5,4.43,96-110,factory_normal
V0234-door_jamb_left,Jeep,door_jamb_left,103.2,4.06,96-110,factory_normal
V0234-door_jamb_right,Jeep,door_jamb_right,106.6,4.2,96-110,factory_normal
V0235-hood,Jeep,hood,89.7,3.53,96-110,thin_caution
V0235-roof,Jeep,roof,100.0,3.94,96-110,factory_normal
V0235-trunk,Jeep,trunk,92.8,3.65,96-110,factory_normal
V0235-door_front_left,Jeep,door_front_left,108.3,4.26,96-110,factory_normal
V0235-door_front_right,Jeep,door_front_right,101.1,3.98,96-110,factory_normal
V0235-door_rear_left,Jeep,door_rear_left,95.7,3.77,96-110,factory_normal
V0235-door_rear_right,Jeep,door_rear_right,96.7,3.81,96-110,factory_normal
V0235-fender_left,Jeep,fender_left,90.8,3.57,96-110,factory_normal
V0235-fender_right,Jeep,fender_right,94.7,3.73,96-110,factory_normal
V0235-quarter_left,Jeep,quarter_left,105.3,4.15,96-110,factory_normal
V0235-quarter_right,Jeep,quarter_right,111.4,4.39,96-110,factory_normal
V0235-bumper_front,Jeep,bumper_front,110.0,4.33,96-110,factory_normal
V0235-bumper_rear,Jeep,bumper_rear,128.9,5.07,96-110,factory_normal
V0235-door_jamb_left,Jeep,door_jamb_left,104.4,4.11,96-110,factory_normal
V0235-door_jamb_right,Jeep,door_jamb_right,95.0,3.74,96-110,factory_normal
V0236-hood,Tesla,hood,99.7,3.93,90-120,factory_normal
V0236-roof,Tesla,roof,99.8,3.93,90-120,factory_normal
V0236-trunk,Tesla,trunk,115.0,4.53,90-120,factory_normal
V0236-door_front_left,Tesla,door_front_left,94.7,3.73,90-120,factory_normal
V0236-door_front_right,Tesla,door_front_right,101.2,3.98,90-120,factory_normal
V0236-door_rear_left,Tesla,door_rear_left,103.1,4.06,90-120,factory_normal
V0236-door_rear_right,Tesla,door_rear_right,100.1,3.94,90-120,factory_normal
V0236-fender_left,Tesla,fender_left,100.6,3.96,90-120,factory_normal
V0236-fender_right,Tesla,fender_right,94.8,3.73,90-120,factory_normal
V0236-quarter_left,Tesla,quarter_left,100.6,3.96,90-120,factory_normal
V0236-quarter_right,Tesla,quarter_right,102.6,4.04,90-120,factory_normal
V0236-bumper_front,Tesla,bumper_front,98.0,3.86,90-120,factory_normal
V0236-bumper_rear,Tesla,bumper_rear,104.9,4.13,90-120,factory_normal
V0236-door_jamb_left,Tesla,door_jamb_left,99.4,3.91,90-120,factory_normal
V0236-door_jamb_right,Tesla,door_jamb_right,100.8,3.97,90-120,factory_normal
V0237-hood,Tesla,hood,103.4,4.07,90-120,factory_normal
V0237-roof,Tesla,roof,102.1,4.02,90-120,factory_normal
V0237-trunk,Tesla,trunk,99.8,3.93,90-120,factory_normal
V0237-door_front_left,Tesla,door_front_left,106.9,4.21,90-120,factory_normal
V0237-door_front_right,Tesla,door_front_right,100.7,3.96,90-120,factory_normal
V0237-door_rear_left,Tesla,door_rear_left,103.1,4.06,90-120,factory_normal
V0237-door_rear_right,Tesla,door_rear_right,106.1,4.18,90-120,factory_normal
V0237-fender_left,Tesla,fender_left,101.4,3.99,90-120,factory_normal
V0237-fender_right,Tesla,fender_right,110.0,4.33,90-120,factory_normal
V0237-quarter_left,Tesla,quarter_left,111.8,4.4,90-120,factory_normal
V0237-quarter_right,Tesla,quarter_right,105.3,4.15,90-120,factory_normal
V0237-bumper_front,Tesla,bumper_front,122.7,4.83,90-120,factory_normal
V0237-bumper_rear,Tesla,bumper_rear,124.8,4.91,90-120,factory_normal
V0237-door_jamb_left,Tesla,door_jamb_left,110.8,4.36,90-120,factory_normal
V0237-door_jamb_right,Tesla,door_jamb_right,102.1,4.02,90-120,factory_normal
V0238-hood,Tesla,hood,114.4,4.5,90-120,factory_normal
V0238-roof,Tesla,roof,117.5,4.63,90-120,factory_normal
V0238-trunk,Tesla,trunk,114.4,4.5,90-120,factory_normal
V0238-door_front_left,Tesla,door_front_left,112.7,4.44,90-120,factory_normal
V0238-door_front_right,Tesla,door_front_right,111.1,4.37,90-120,factory_normal
V0238-door_rear_left,Tesla,door_rear_left,114.3,4.5,90-120,factory_normal
V0238-door_rear_right,Tesla,door_rear_right,110.9,4.37,90-120,factory_normal
V0238-fender_left,Tesla,fender_left,116.8,4.6,90-120,factory_normal
V0238-fender_right,Tesla,fender_right,104.5,4.11,90-120,factory_normal
V0238-quarter_left,Tesla,quarter_left,109.8,4.32,90-120,factory_normal
V0238-quarter_right,Tesla,quarter_right,122.7,4.83,90-120,factory_normal
V0238-bumper_front,Tesla,bumper_front,115.5,4.55,90-120,factory_normal
V0238-bumper_rear,Tesla,bumper_rear,127.8,5.03,90-120,factory_normal
V0238-door_jamb_left,Tesla,door_jamb_left,110.4,4.35,90-120,factory_normal
V0238-door_jamb_right,Tesla,door_jamb_right,114.8,4.52,90-120,factory_normal
V0239-hood,Tesla,hood,120.1,4.73,90-120,factory_normal
V0239-roof,Tesla,roof,115.5,4.55,90-120,factory_normal
V0239-trunk,Tesla,trunk,131.1,5.16,90-120,factory_normal
V0239-door_front_left,Tesla,door_front_left,120.1,4.73,90-120,factory_normal
V0239-door_front_right,Tesla,door_front_right,116.5,4.59,90-120,factory_normal
V0239-door_rear_left,Tesla,door_rear_left,110.5,4.35,90-120,factory_normal
V0239-door_rear_right,Tesla,door_rear_right,114.4,4.5,90-120,factory_normal
V0239-fender_left,Tesla,fender_left,122.0,4.8,90-120,factory_normal
V0239-fender_right,Tesla,fender_right,123.4,4.86,90-120,factory_normal
V0239-quarter_left,Tesla,quarter_left,122.2,4.81,90-120,factory_normal
V0239-quarter_right,Tesla,quarter_right,118.8,4.68,90-120,factory_normal
V0239-bumper_front,Tesla,bumper_front,121.8,4.8,90-120,factory_normal
V0239-bumper_rear,Tesla,bumper_rear,134.3,5.29,90-120,factory_normal
V0239-door_jamb_left,Tesla,door_jamb_left,116.3,4.58,90-120,factory_normal
V0239-door_jamb_right,Tesla,door_jamb_right,116.4,4.58,90-120,factory_normal
V0240-hood,Tesla,hood,106.3,4.19,90-120,factory_normal
V0240-roof,Tesla,roof,99.3,3.91,90-120,factory_normal
V0240-trunk,Tesla,trunk,96.8,3.81,90-120,factory_normal
V0240-door_front_left,Tesla,door_front_left,110.6,4.35,90-120,factory_normal
V0240-door_front_right,Tesla,door_front_right,103.1,4.06,90-120,factory_normal
V0240-door_rear_left,Tesla,door_rear_left,111.2,4.38,90-120,factory_normal
V0240-door_rear_right,Tesla,door_rear_right,112.4,4.43,90-120,factory_normal
V0240-fender_left,Tesla,fender_left,103.8,4.09,90-120,factory_normal
V0240-fender_right,Tesla,fender_right,109.8,4.32,90-120,factory_normal
V0240-quarter_left,Tesla,quarter_left,103.6,4.08,90-120,factory_normal
V0240-quarter_right,Tesla,quarter_right,97.6,3.84,90-120,factory_normal
V0240-bumper_front,Tesla,bumper_front,119.3,4.7,90-120,factory_normal
V0240-bumper_rear,Tesla,bumper_rear,102.6,4.04,90-120,factory_normal
V0240-door_jamb_left,Tesla,door_jamb_left,109.6,4.31,90-120,factory_normal
V0240-door_jamb_right,Tesla,door_jamb_right,107.8,4.24,90-120,factory_normal
V0241-hood,Tesla,hood,108.5,4.27,90-120,factory_normal
V0241-roof,Tesla,roof,109.4,4.31,90-120,factory_normal
V0241-trunk,Tesla,trunk,117.9,4.64,90-120,factory_normal
V0241-door_front_left,Tesla,door_front_left,122.1,4.81,90-120,factory_normal
V0241-door_front_right,Tesla,door_front_right,115.6,4.55,90-120,factory_normal
V0241-door_rear_left,Tesla,door_rear_left,108.8,4.28,90-120,factory_normal
V0241-door_rear_right,Tesla,door_rear_right,114.9,4.52,90-120,factory_normal
V0241-fender_left,Tesla,fender_left,125.4,4.94,90-120,factory_normal
V0241-fender_right,Tesla,fender_right,113.8,4.48,90-120,factory_normal
V0241-quarter_left,Tesla,quarter_left,120.6,4.75,90-120,factory_normal
V0241-quarter_right,Tesla,quarter_right,109.5,4.31,90-120,factory_normal
V0241-bumper_front,Tesla,bumper_front,130.9,5.15,90-120,factory_normal
V0241-bumper_rear,Tesla,bumper_rear,136.3,5.37,90-120,factory_normal
V0241-door_jamb_left,Tesla,door_jamb_left,117.8,4.64,90-120,factory_normal
V0241-door_jamb_right,Tesla,door_jamb_right,118.7,4.67,90-120,factory_normal
V0242-hood,Tesla,hood,108.2,4.26,90-120,factory_normal
V0242-roof,Tesla,roof,116.5,4.59,90-120,factory_normal
V0242-trunk,Tesla,trunk,113.3,4.46,90-120,factory_normal
V0242-door_front_left,Tesla,door_front_left,104.8,4.13,90-120,factory_normal
V0242-door_front_right,Tesla,door_front_right,104.6,4.12,90-120,factory_normal
V0242-door_rear_left,Tesla,door_rear_left,112.2,4.42,90-120,factory_normal
V0242-door_rear_right,Tesla,door_rear_right,108.9,4.29,90-120,factory_normal
V0242-fender_left,Tesla,fender_left,109.6,4.31,90-120,factory_normal
V0242-fender_right,Tesla,fender_right,115.1,4.53,90-120,factory_normal
V0242-quarter_left,Tesla,quarter_left,113.5,4.47,90-120,factory_normal
V0242-quarter_right,Tesla,quarter_right,116.4,4.58,90-120,factory_normal
V0242-bumper_front,Tesla,bumper_front,99.7,3.93,90-120,factory_normal
V0242-bumper_rear,Tesla,bumper_rear,119.2,4.69,90-120,factory_normal
V0242-door_jamb_left,Tesla,door_jamb_left,114.6,4.51,90-120,factory_normal
V0242-door_jamb_right,Tesla,door_jamb_right,115.8,4.56,90-120,factory_normal
V0243-hood,Tesla,hood,97.9,3.85,90-120,factory_normal
V0243-roof,Tesla,roof,98.0,3.86,90-120,factory_normal
V0243-trunk,Tesla,trunk,97.2,3.83,90-120,factory_normal
V0243-door_front_left,Tesla,door_front_left,97.2,3.83,90-120,factory_normal
V0243-door_front_right,Tesla,door_front_right,177.5,6.99,90-120,respray
V0243-door_rear_left,Tesla,door_rear_left,103.7,4.08,90-120,factory_normal
V0243-door_rear_right,Tesla,door_rear_right,100.7,3.96,90-120,factory_normal
V0243-fender_left,Tesla,fender_left,89.9,3.54,90-120,thin_caution
V0243-fender_right,Tesla,fender_right,227.5,8.96,90-120,respray
V0243-quarter_left,Tesla,quarter_left,172.5,6.79,90-120,respray
V0243-quarter_right,Tesla,quarter_right,96.8,3.81,90-120,factory_normal
V0243-bumper_front,Tesla,bumper_front,103.2,4.06,90-120,factory_normal
V0243-bumper_rear,Tesla,bumper_rear,107.1,4.22,90-120,factory_normal
V0243-door_jamb_left,Tesla,door_jamb_left,98.2,3.87,90-120,factory_normal
V0243-door_jamb_right,Tesla,door_jamb_right,92.8,3.65,90-120,factory_normal
V0244-hood,Tesla,hood,94.3,3.71,90-120,factory_normal
V0244-roof,Tesla,roof,80.3,3.16,90-120,thin_caution
V0244-trunk,Tesla,trunk,89.7,3.53,90-120,thin_caution
V0244-door_front_left,Tesla,door_front_left,87.9,3.46,90-120,thin_caution
V0244-door_front_right,Tesla,door_front_right,89.3,3.52,90-120,thin_caution
V0244-door_rear_left,Tesla,door_rear_left,87.5,3.44,90-120,thin_caution
V0244-door_rear_right,Tesla,door_rear_right,90.7,3.57,90-120,factory_normal
V0244-fender_left,Tesla,fender_left,99.6,3.92,90-120,factory_normal
V0244-fender_right,Tesla,fender_right,88.4,3.48,90-120,thin_caution
V0244-quarter_left,Tesla,quarter_left,91.5,3.6,90-120,factory_normal
V0244-quarter_right,Tesla,quarter_right,100.0,3.94,90-120,factory_normal
V0244-bumper_front,Tesla,bumper_front,98.3,3.87,90-120,factory_normal
V0244-bumper_rear,Tesla,bumper_rear,106.4,4.19,90-120,factory_normal
V0244-door_jamb_left,Tesla,door_jamb_left,88.1,3.47,90-120,thin_caution
V0244-door_jamb_right,Tesla,door_jamb_right,90.2,3.55,90-120,factory_normal
V0245-hood,Tesla,hood,93.3,3.67,90-120,factory_normal
V0245-roof,Tesla,roof,91.8,3.61,90-120,factory_normal
V0245-trunk,Tesla,trunk,92.1,3.63,90-120,factory_normal
V0245-door_front_left,Tesla,door_front_left,98.3,3.87,90-120,factory_normal
V0245-door_front_right,Tesla,door_front_right,99.5,3.92,90-120,factory_normal
V0245-door_rear_left,Tesla,door_rear_left,90.0,3.54,90-120,factory_normal
V0245-door_rear_right,Tesla,door_rear_right,90.0,3.54,90-120,factory_normal
V0245-fender_left,Tesla,fender_left,95.3,3.75,90-120,factory_normal
V0245-fender_right,Tesla,fender_right,101.0,3.98,90-120,factory_normal
V0245-quarter_left,Tesla,quarter_left,99.1,3.9,90-120,factory_normal
V0245-quarter_right,Tesla,quarter_right,87.1,3.43,90-120,thin_caution
V0245-bumper_front,Tesla,bumper_front,83.9,3.3,90-120,thin_caution
V0245-bumper_rear,Tesla,bumper_rear,88.4,3.48,90-120,thin_caution
V0245-door_jamb_left,Tesla,door_jamb_left,94.2,3.71,90-120,factory_normal
V0245-door_jamb_right,Tesla,door_jamb_right,95.2,3.75,90-120,factory_normal
V0246-hood,Tesla,hood,105.1,4.14,90-120,factory_normal
V0246-roof,Tesla,roof,90.4,3.56,90-120,factory_normal
V0246-trunk,Tesla,trunk,105.1,4.14,90-120,factory_normal
V0246-door_front_left,Tesla,door_front_left,97.6,3.84,90-120,factory_normal
V0246-door_front_right,Tesla,door_front_right,102.8,4.05,90-120,factory_normal
V0246-door_rear_left,Tesla,door_rear_left,92.6,3.65,90-120,factory_normal
V0246-door_rear_right,Tesla,door_rear_right,99.2,3.91,90-120,factory_normal
V0246-fender_left,Tesla,fender_left,100.4,3.95,90-120,factory_normal
V0246-fender_right,Tesla,fender_right,105.0,4.13,90-120,factory_normal
V0246-quarter_left,Tesla,quarter_left,91.3,3.59,90-120,factory_normal
V0246-quarter_right,Tesla,quarter_right,99.3,3.91,90-120,factory_normal
V0246-bumper_front,Tesla,bumper_front,111.0,4.37,90-120,factory_normal
V0246-bumper_rear,Tesla,bumper_rear,123.3,4.85,90-120,factory_normal
V0246-door_jamb_left,Tesla,door_jamb_left,94.3,3.71,90-120,factory_normal
V0246-door_jamb_right,Tesla,door_jamb_right,101.0,3.98,90-120,factory_normal
V0247-hood,Tesla,hood,102.4,4.03,90-120,factory_normal
V0247-roof,Tesla,roof,97.6,3.84,90-120,factory_normal
V0247-trunk,Tesla,trunk,108.4,4.27,90-120,factory_normal
V0247-door_front_left,Tesla,door_front_left,97.6,3.84,90-120,factory_normal
V0247-door_front_right,Tesla,door_front_right,102.8,4.05,90-120,factory_normal
V0247-door_rear_left,Tesla,door_rear_left,103.4,4.07,90-120,factory_normal
V0247-door_rear_right,Tesla,door_rear_right,107.2,4.22,90-120,factory_normal
V0247-fender_left,Tesla,fender_left,100.5,3.96,90-120,factory_normal
V0247-fender_right,Tesla,fender_right,100.2,3.94,90-120,factory_normal
V0247-quarter_left,Tesla,quarter_left,104.1,4.1,90-120,factory_normal
V0247-quarter_right,Tesla,quarter_right,108.7,4.28,90-120,factory_normal
V0247-bumper_front,Tesla,bumper_front,113.7,4.48,90-120,factory_normal
V0247-bumper_rear,Tesla,bumper_rear,97.4,3.83,90-120,factory_normal
V0247-door_jamb_left,Tesla,door_jamb_left,101.9,4.01,90-120,factory_normal
V0247-door_jamb_right,Tesla,door_jamb_right,103.4,4.07,90-120,factory_normal
V0248-hood,Mazda,hood,70.9,2.79,70-90,thin_caution
V0248-roof,Mazda,roof,67.5,2.66,70-90,very_thin_decline
V0248-trunk,Mazda,trunk,60.2,2.37,70-90,very_thin_decline
V0248-door_front_left,Mazda,door_front_left,76.6,3.02,70-90,thin_caution
V0248-door_front_right,Mazda,door_front_right,72.7,2.86,70-90,thin_caution
V0248-door_rear_left,Mazda,door_rear_left,78.8,3.1,70-90,thin_caution
V0248-door_rear_right,Mazda,door_rear_right,69.4,2.73,70-90,very_thin_decline
V0248-fender_left,Mazda,fender_left,64.9,2.56,70-90,very_thin_decline
V0248-fender_right,Mazda,fender_right,72.8,2.87,70-90,thin_caution
V0248-quarter_left,Mazda,quarter_left,79.4,3.13,70-90,thin_caution
V0248-quarter_right,Mazda,quarter_right,73.8,2.91,70-90,thin_caution
V0248-bumper_front,Mazda,bumper_front,86.2,3.39,70-90,thin_caution
V0248-bumper_rear,Mazda,bumper_rear,85.6,3.37,70-90,thin_caution
V0248-door_jamb_left,Mazda,door_jamb_left,74.6,2.94,70-90,thin_caution
V0248-door_jamb_right,Mazda,door_jamb_right,72.5,2.85,70-90,thin_caution
V0249-hood,Mazda,hood,74.4,2.93,70-90,thin_caution
V0249-roof,Mazda,roof,70.4,2.77,70-90,thin_caution
V0249-trunk,Mazda,trunk,79.7,3.14,70-90,thin_caution
V0249-door_front_left,Mazda,door_front_left,85.4,3.36,70-90,thin_caution
V0249-door_front_right,Mazda,door_front_right,88.8,3.5,70-90,thin_caution
V0249-door_rear_left,Mazda,door_rear_left,83.3,3.28,70-90,thin_caution
V0249-door_rear_right,Mazda,door_rear_right,86.0,3.39,70-90,thin_caution
V0249-fender_left,Mazda,fender_left,79.9,3.15,70-90,thin_caution
V0249-fender_right,Mazda,fender_right,79.0,3.11,70-90,thin_caution
V0249-quarter_left,Mazda,quarter_left,187.8,7.39,70-90,respray
V0249-quarter_right,Mazda,quarter_right,79.5,3.13,70-90,thin_caution
V0249-bumper_front,Mazda,bumper_front,219.3,8.63,70-90,respray
V0249-bumper_rear,Mazda,bumper_rear,77.1,3.04,70-90,thin_caution
V0249-door_jamb_left,Mazda,door_jamb_left,78.4,3.09,70-90,thin_caution
V0249-door_jamb_right,Mazda,door_jamb_right,79.2,3.12,70-90,thin_caution
V0250-hood,Mazda,hood,66.1,2.6,70-90,very_thin_decline
V0250-roof,Mazda,roof,74.8,2.94,70-90,thin_caution
V0250-trunk,Mazda,trunk,73.2,2.88,70-90,thin_caution
V0250-door_front_left,Mazda,door_front_left,86.8,3.42,70-90,thin_caution
V0250-door_front_right,Mazda,door_front_right,84.6,3.33,70-90,thin_caution
V0250-door_rear_left,Mazda,door_rear_left,79.8,3.14,70-90,thin_caution
V0250-door_rear_right,Mazda,door_rear_right,85.8,3.38,70-90,thin_caution
V0250-fender_left,Mazda,fender_left,86.4,3.4,70-90,thin_caution
V0250-fender_right,Mazda,fender_right,176.5,6.95,70-90,respray
V0250-quarter_left,Mazda,quarter_left,80.4,3.17,70-90,thin_caution
V0250-quarter_right,Mazda,quarter_right,71.7,2.82,70-90,thin_caution
V0250-bumper_front,Mazda,bumper_front,70.0,2.76,70-90,thin_caution
V0250-bumper_rear,Mazda,bumper_rear,80.9,3.19,70-90,thin_caution
V0250-door_jamb_left,Mazda,door_jamb_left,81.6,3.21,70-90,thin_caution
V0250-door_jamb_right,Mazda,door_jamb_right,81.6,3.21,70-90,thin_caution
V0251-hood,Mazda,hood,87.3,3.44,70-90,thin_caution
V0251-roof,Mazda,roof,85.4,3.36,70-90,thin_caution
V0251-trunk,Mazda,trunk,75.6,2.98,70-90,thin_caution
V0251-door_front_left,Mazda,door_front_left,91.1,3.59,70-90,factory_normal
V0251-door_front_right,Mazda,door_front_right,90.9,3.58,70-90,factory_normal
V0251-door_rear_left,Mazda,door_rear_left,83.6,3.29,70-90,thin_caution
V0251-door_rear_right,Mazda,door_rear_right,91.9,3.62,70-90,factory_normal
V0251-fender_left,Mazda,fender_left,86.9,3.42,70-90,thin_caution
V0251-fender_right,Mazda,fender_right,80.6,3.17,70-90,thin_caution
V0251-quarter_left,Mazda,quarter_left,89.9,3.54,70-90,thin_caution
V0251-quarter_right,Mazda,quarter_right,88.8,3.5,70-90,thin_caution
V0251-bumper_front,Mazda,bumper_front,85.6,3.37,70-90,thin_caution
V0251-bumper_rear,Mazda,bumper_rear,73.4,2.89,70-90,thin_caution
V0251-door_jamb_left,Mazda,door_jamb_left,89.4,3.52,70-90,thin_caution
V0251-door_jamb_right,Mazda,door_jamb_right,84.0,3.31,70-90,thin_caution
V0252-hood,Mazda,hood,78.6,3.09,70-90,thin_caution
V0252-roof,Mazda,roof,77.7,3.06,70-90,thin_caution
V0252-trunk,Mazda,trunk,67.0,2.64,70-90,very_thin_decline
V0252-door_front_left,Mazda,door_front_left,80.0,3.15,70-90,thin_caution
V0252-door_front_right,Mazda,door_front_right,88.7,3.49,70-90,thin_caution
V0252-door_rear_left,Mazda,door_rear_left,88.9,3.5,70-90,thin_caution
V0252-door_rear_right,Mazda,door_rear_right,85.3,3.36,70-90,thin_caution
V0252-fender_left,Mazda,fender_left,82.0,3.23,70-90,thin_caution
V0252-fender_right,Mazda,fender_right,75.3,2.96,70-90,thin_caution
V0252-quarter_left,Mazda,quarter_left,83.9,3.3,70-90,thin_caution
V0252-quarter_right,Mazda,quarter_right,79.5,3.13,70-90,thin_caution
V0252-bumper_front,Mazda,bumper_front,107.4,4.23,70-90,factory_normal
V0252-bumper_rear,Mazda,bumper_rear,110.0,4.33,70-90,factory_normal
V0252-door_jamb_left,Mazda,door_jamb_left,81.7,3.22,70-90,thin_caution
V0252-door_jamb_right,Mazda,door_jamb_right,76.3,3.0,70-90,thin_caution
V0253-hood,Mazda,hood,66.5,2.62,70-90,very_thin_decline
V0253-roof,Mazda,roof,69.8,2.75,70-90,very_thin_decline
V0253-trunk,Mazda,trunk,61.5,2.42,70-90,very_thin_decline
V0253-door_front_left,Mazda,door_front_left,70.5,2.78,70-90,thin_caution
V0253-door_front_right,Mazda,door_front_right,72.1,2.84,70-90,thin_caution
V0253-door_rear_left,Mazda,door_rear_left,75.4,2.97,70-90,thin_caution
V0253-door_rear_right,Mazda,door_rear_right,69.4,2.73,70-90,very_thin_decline
V0253-fender_left,Mazda,fender_left,63.3,2.49,70-90,very_thin_decline
V0253-fender_right,Mazda,fender_right,74.2,2.92,70-90,thin_caution
V0253-quarter_left,Mazda,quarter_left,76.7,3.02,70-90,thin_caution
V0253-quarter_right,Mazda,quarter_right,70.7,2.78,70-90,thin_caution
V0253-bumper_front,Mazda,bumper_front,75.6,2.98,70-90,thin_caution
V0253-bumper_rear,Mazda,bumper_rear,78.3,3.08,70-90,thin_caution
V0253-door_jamb_left,Mazda,door_jamb_left,69.4,2.73,70-90,very_thin_decline
V0253-door_jamb_right,Mazda,door_jamb_right,73.4,2.89,70-90,thin_caution
V0254-hood,Mazda,hood,76.2,3.0,70-90,thin_caution
V0254-roof,Mazda,roof,81.9,3.22,70-90,thin_caution
V0254-trunk,Mazda,trunk,81.7,3.22,70-90,thin_caution
V0254-door_front_left,Mazda,door_front_left,92.4,3.64,70-90,factory_normal
V0254-door_front_right,Mazda,door_front_right,89.7,3.53,70-90,thin_caution
V0254-door_rear_left,Mazda,door_rear_left,90.1,3.55,70-90,factory_normal
V0254-door_rear_right,Mazda,door_rear_right,89.4,3.52,70-90,thin_caution
V0254-fender_left,Mazda,fender_left,86.8,3.42,70-90,thin_caution
V0254-fender_right,Mazda,fender_right,84.2,3.31,70-90,thin_caution
V0254-quarter_left,Mazda,quarter_left,89.2,3.51,70-90,thin_caution
V0254-quarter_right,Mazda,quarter_right,86.1,3.39,70-90,thin_caution
V0254-bumper_front,Mazda,bumper_front,106.5,4.19,70-90,factory_normal
V0254-bumper_rear,Mazda,bumper_rear,107.2,4.22,70-90,factory_normal
V0254-door_jamb_left,Mazda,door_jamb_left,90.5,3.56,70-90,factory_normal
V0254-door_jamb_right,Mazda,door_jamb_right,85.7,3.37,70-90,thin_caution
V0255-hood,Mazda,hood,91.5,3.6,70-90,factory_normal
V0255-roof,Mazda,roof,86.9,3.42,70-90,thin_caution
V0255-trunk,Mazda,trunk,82.4,3.24,70-90,thin_caution
V0255-door_front_left,Mazda,door_front_left,88.5,3.48,70-90,thin_caution
V0255-door_front_right,Mazda,door_front_right,88.6,3.49,70-90,thin_caution
V0255-door_rear_left,Mazda,door_rear_left,89.2,3.51,70-90,thin_caution
V0255-door_rear_right,Mazda,door_rear_right,91.4,3.6,70-90,factory_normal
V0255-fender_left,Mazda,fender_left,101.8,4.01,70-90,factory_normal
V0255-fender_right,Mazda,fender_right,90.0,3.54,70-90,factory_normal
V0255-quarter_left,Mazda,quarter_left,92.4,3.64,70-90,factory_normal
V0255-quarter_right,Mazda,quarter_right,80.6,3.17,70-90,thin_caution
V0255-bumper_front,Mazda,bumper_front,66.9,2.63,70-90,very_thin_decline
V0255-bumper_rear,Mazda,bumper_rear,112.6,4.43,70-90,factory_normal
V0255-door_jamb_left,Mazda,door_jamb_left,89.1,3.51,70-90,thin_caution
V0255-door_jamb_right,Mazda,door_jamb_right,82.0,3.23,70-90,thin_caution
V0256-hood,Mazda,hood,79.2,3.12,70-90,thin_caution
V0256-roof,Mazda,roof,75.9,2.99,70-90,thin_caution
V0256-trunk,Mazda,trunk,79.8,3.14,70-90,thin_caution
V0256-door_front_left,Mazda,door_front_left,78.5,3.09,70-90,thin_caution
V0256-door_front_right,Mazda,door_front_right,71.2,2.8,70-90,thin_caution
V0256-door_rear_left,Mazda,door_rear_left,84.0,3.31,70-90,thin_caution
V0256-door_rear_right,Mazda,door_rear_right,89.3,3.52,70-90,thin_caution
V0256-fender_left,Mazda,fender_left,86.2,3.39,70-90,thin_caution
V0256-fender_right,Mazda,fender_right,70.6,2.78,70-90,thin_caution
V0256-quarter_left,Mazda,quarter_left,73.0,2.87,70-90,thin_caution
V0256-quarter_right,Mazda,quarter_right,76.3,3.0,70-90,thin_caution
V0256-bumper_front,Mazda,bumper_front,61.1,2.41,70-90,very_thin_decline
V0256-bumper_rear,Mazda,bumper_rear,85.4,3.36,70-90,thin_caution
V0256-door_jamb_left,Mazda,door_jamb_left,80.6,3.17,70-90,thin_caution
V0256-door_jamb_right,Mazda,door_jamb_right,81.0,3.19,70-90,thin_caution
V0257-hood,Mazda,hood,83.7,3.3,70-90,thin_caution
V0257-roof,Mazda,roof,79.9,3.15,70-90,thin_caution
V0257-trunk,Mazda,trunk,85.1,3.35,70-90,thin_caution
V0257-door_front_left,Mazda,door_front_left,93.2,3.67,70-90,factory_normal
V0257-door_front_right,Mazda,door_front_right,87.7,3.45,70-90,thin_caution
V0257-door_rear_left,Mazda,door_rear_left,89.7,3.53,70-90,thin_caution
V0257-door_rear_right,Mazda,door_rear_right,87.2,3.43,70-90,thin_caution
V0257-fender_left,Mazda,fender_left,84.9,3.34,70-90,thin_caution
V0257-fender_right,Mazda,fender_right,90.8,3.57,70-90,factory_normal
V0257-quarter_left,Mazda,quarter_left,85.4,3.36,70-90,thin_caution
V0257-quarter_right,Mazda,quarter_right,90.1,3.55,70-90,factory_normal
V0257-bumper_front,Mazda,bumper_front,91.0,3.58,70-90,factory_normal
V0257-bumper_rear,Mazda,bumper_rear,113.6,4.47,70-90,factory_normal
V0257-door_jamb_left,Mazda,door_jamb_left,87.0,3.43,70-90,thin_caution
V0257-door_jamb_right,Mazda,door_jamb_right,85.5,3.37,70-90,thin_caution
V0258-hood,Mazda,hood,72.9,2.87,70-90,thin_caution
V0258-roof,Mazda,roof,90.6,3.57,70-90,factory_normal
V0258-trunk,Mazda,trunk,88.9,3.5,70-90,thin_caution
V0258-door_front_left,Mazda,door_front_left,89.9,3.54,70-90,thin_caution
V0258-door_front_right,Mazda,door_front_right,82.4,3.24,70-90,thin_caution
V0258-door_rear_left,Mazda,door_rear_left,96.0,3.78,70-90,factory_normal
V0258-door_rear_right,Mazda,door_rear_right,85.2,3.35,70-90,thin_caution
V0258-fender_left,Mazda,fender_left,85.6,3.37,70-90,thin_caution
V0258-fender_right,Mazda,fender_right,94.1,3.7,70-90,factory_normal
V0258-quarter_left,Mazda,quarter_left,90.2,3.55,70-90,factory_normal
V0258-quarter_right,Mazda,quarter_right,97.9,3.85,70-90,factory_normal
V0258-bumper_front,Mazda,bumper_front,86.2,3.39,70-90,thin_caution
V0258-bumper_rear,Mazda,bumper_rear,95.2,3.75,70-90,factory_normal
V0258-door_jamb_left,Mazda,door_jamb_left,89.9,3.54,70-90,thin_caution
V0258-door_jamb_right,Mazda,door_jamb_right,88.2,3.47,70-90,thin_caution
V0259-hood,Mazda,hood,77.1,3.04,70-90,thin_caution
V0259-roof,Mazda,roof,85.8,3.38,70-90,thin_caution
V0259-trunk,Mazda,trunk,67.5,2.66,70-90,very_thin_decline
V0259-door_front_left,Mazda,door_front_left,89.7,3.53,70-90,thin_caution
V0259-door_front_right,Mazda,door_front_right,100.6,3.96,70-90,factory_normal
V0259-door_rear_left,Mazda,door_rear_left,80.2,3.16,70-90,thin_caution
V0259-door_rear_right,Mazda,door_rear_right,86.6,3.41,70-90,thin_caution
V0259-fender_left,Mazda,fender_left,87.7,3.45,70-90,thin_caution
V0259-fender_right,Mazda,fender_right,85.5,3.37,70-90,thin_caution
V0259-quarter_left,Mazda,quarter_left,235.6,9.28,70-90,respray
V0259-quarter_right,Mazda,quarter_right,90.1,3.55,70-90,factory_normal
V0259-bumper_front,Mazda,bumper_front,75.0,2.95,70-90,thin_caution
V0259-bumper_rear,Mazda,bumper_rear,100.1,3.94,70-90,factory_normal
V0259-door_jamb_left,Mazda,door_jamb_left,91.9,3.62,70-90,factory_normal
V0259-door_jamb_right,Mazda,door_jamb_right,87.9,3.46,70-90,thin_caution
V0260-hood,Mazda,hood,60.6,2.39,70-90,very_thin_decline
V0260-roof,Mazda,roof,217.2,8.55,70-90,respray
V0260-trunk,Mazda,trunk,76.0,2.99,70-90,thin_caution
V0260-door_front_left,Mazda,door_front_left,66.9,2.63,70-90,very_thin_decline
V0260-door_front_right,Mazda,door_front_right,81.5,3.21,70-90,thin_caution
V0260-door_rear_left,Mazda,door_rear_left,79.6,3.13,70-90,thin_caution
V0260-door_rear_right,Mazda,door_rear_right,81.4,3.2,70-90,thin_caution
V0260-fender_left,Mazda,fender_left,78.7,3.1,70-90,thin_caution
V0260-fender_right,Mazda,fender_right,79.1,3.11,70-90,thin_caution
V0260-quarter_left,Mazda,quarter_left,78.4,3.09,70-90,thin_caution
V0260-quarter_right,Mazda,quarter_right,217.8,8.57,70-90,respray
V0260-bumper_front,Mazda,bumper_front,45.0,1.77,70-90,very_thin_decline
V0260-bumper_rear,Mazda,bumper_rear,100.4,3.95,70-90,factory_normal
V0260-door_jamb_left,Mazda,door_jamb_left,143.6,5.65,70-90,respray
V0260-door_jamb_right,Mazda,door_jamb_right,81.6,3.21,70-90,thin_caution
