vehicle_id,year,make,model,paint_code,color_name,finish_type,bonnet_um,roof_um,boot_um,door_front_left_um,door_front_right_um,door_rear_left_um,door_rear_right_um,fender_left_um,fender_right_um,quarter_left_um,quarter_right_um,bumper_front_um,bumper_rear_um,avg_um,min_um,max_um,spread_um,label
V00001,2015,Toyota,Corolla,3T3,Ruby Flare Pearl,pearl,117.3,114.6,119.9,126.3,117.1,116.5,122.0,121.3,120.1,114.9,119.4,112.0,107.9,117.6,107.9,126.3,18.4,factory_normal
V00002,2015,Toyota,Corolla,202,Black,solid,95.6,103.3,102.7,101.0,89.3,99.2,101.7,102.5,94.3,99.5,97.0,105.6,124.1,101.2,89.3,124.1,34.8,factory_normal
V00003,2015,Toyota,Corolla,1F7,Classic Silver Metallic,metallic,101.3,102.4,102.2,95.7,102.2,108.6,94.1,106.2,102.5,98.6,111.9,119.4,102.0,103.6,94.1,119.4,25.3,factory_normal
V00004,2016,Toyota,Corolla,1F7,Classic Silver Metallic,metallic,118.4,107.8,112.2,108.9,111.9,105.3,108.3,110.2,115.7,116.9,104.6,110.6,121.5,111.7,104.6,121.5,16.9,factory_normal
V00005,2016,Toyota,Corolla,3T3,Ruby Flare Pearl,pearl,126.0,126.6,135.5,125.7,126.3,129.6,127.2,126.9,122.3,127.8,125.6,148.4,135.7,129.5,122.3,148.4,26.1,factory_normal
V00006,2017,Toyota,Corolla,202,Black,solid,93.2,101.4,91.2,89.5,98.1,95.1,100.5,110.9,95.5,96.5,100.7,117.1,112.0,100.1,89.5,117.1,27.6,factory_normal
V00007,2017,Toyota,Corolla,8W9,Blue Crush Metallic,metallic,110.1,110.7,105.3,111.8,106.3,115.4,111.5,111.0,107.6,110.0,100.6,121.4,102.9,109.6,100.6,121.4,20.8,factory_normal
V00008,2017,Toyota,Corolla,1F7,Classic Silver Metallic,metallic,110.1,106.9,98.5,112.5,113.4,105.9,104.9,105.4,101.3,111.7,103.5,101.2,122.8,107.5,98.5,122.8,24.3,factory_normal
V00009,2018,Toyota,Corolla,202,Black,solid,98.3,100.2,99.0,101.8,99.9,100.3,94.9,97.8,110.1,98.4,96.5,109.4,110.5,101.3,94.9,110.5,15.6,factory_normal
V00010,2018,Toyota,Corolla,3T3,Ruby Flare Pearl,pearl,122.9,123.3,119.2,125.2,120.3,122.3,117.4,116.9,129.6,120.4,124.4,137.1,125.7,123.4,116.9,137.1,20.2,factory_normal
V00011,2018,Toyota,Corolla,202,Black,solid,107.7,105.2,103.7,99.0,94.9,106.6,106.6,101.1,104.5,105.7,106.0,102.0,116.1,104.5,94.9,116.1,21.2,factory_normal
V00012,2019,Toyota,Corolla,1F7,Classic Silver Metallic,metallic,118.1,104.9,102.2,114.7,105.6,110.6,114.9,102.4,100.1,112.0,110.9,102.3,117.2,108.9,100.1,118.1,18.0,factory_normal
V00013,2019,Toyota,Corolla,3T3,Ruby Flare Pearl,pearl,117.9,115.1,117.4,110.5,112.1,110.4,111.0,116.4,111.5,117.2,117.1,132.6,116.3,115.8,110.4,132.6,22.2,factory_normal
V00014,2020,Toyota,Corolla,8W9,Blue Crush Metallic,metallic,98.9,99.7,97.8,105.1,99.2,88.3,95.8,89.5,83.0,96.6,106.0,118.8,103.0,98.6,83.0,118.8,35.8,factory_normal
V00015,2020,Toyota,Corolla,3T3,Ruby Flare Pearl,pearl,113.0,111.8,110.1,103.8,111.5,105.6,114.5,102.6,108.3,109.0,102.4,133.3,128.1,111.8,102.4,133.3,30.9,factory_normal
V00016,2020,Toyota,Corolla,040,Super White II,solid,103.8,102.2,103.0,97.2,101.2,101.6,108.5,104.2,102.5,110.2,99.8,118.2,110.6,104.8,97.2,118.2,21.0,factory_normal
V00017,2021,Toyota,Corolla,1F7,Classic Silver Metallic,metallic,103.4,103.6,104.9,112.2,107.4,104.3,101.7,101.5,112.6,107.2,105.0,119.6,103.2,106.7,101.5,119.6,18.1,factory_normal
V00018,2021,Toyota,Corolla,1F7,Classic Silver Metallic,metallic,99.1,90.6,97.4,94.3,103.0,94.7,101.5,106.2,97.0,95.6,99.5,126.7,99.0,100.4,90.6,126.7,36.1,factory_normal
V00019,2021,Toyota,Corolla,1F7,Classic Silver Metallic,metallic,212.9,99.3,91.5,92.2,104.1,93.2,103.2,105.4,99.0,100.5,107.5,119.6,112.4,110.8,91.5,212.9,121.4,respray_suspected
V00020,2022,Toyota,Corolla,202,Black,solid,99.9,97.4,99.5,99.9,96.9,98.2,99.4,98.0,100.9,107.7,101.4,87.2,83.9,97.7,83.9,107.7,23.8,factory_normal
V00021,2022,Toyota,Corolla,8W9,Blue Crush Metallic,metallic,97.9,90.1,96.8,95.3,101.9,110.0,99.8,94.8,92.8,98.4,97.8,112.0,117.9,100.4,90.1,117.9,27.8,factory_normal
V00022,2022,Toyota,Corolla,3T3,Ruby Flare Pearl,pearl,118.6,115.4,114.1,114.3,109.5,108.8,120.0,115.1,117.1,121.0,107.4,116.3,135.2,116.4,107.4,135.2,27.8,factory_normal
V00023,2023,Toyota,Corolla,3T3,Ruby Flare Pearl,pearl,116.0,104.2,120.4,116.7,120.4,111.8,112.2,108.1,126.4,112.8,121.6,114.6,132.3,116.7,104.2,132.3,28.1,factory_normal
V00024,2023,Toyota,Corolla,3T3,Ruby Flare Pearl,pearl,111.5,114.2,114.4,116.4,114.0,112.5,115.2,111.5,110.2,116.4,121.1,107.3,133.2,115.2,107.3,133.2,25.9,factory_normal
V00025,2023,Toyota,Corolla,040,Super White II,solid,109.4,98.0,103.9,100.8,98.2,104.9,101.2,104.9,101.7,96.5,101.4,109.8,97.5,102.2,96.5,109.8,13.3,factory_normal
V00026,2024,Toyota,Corolla,202,Black,solid,103.6,109.5,96.3,98.5,100.2,98.3,105.8,99.9,100.3,106.8,100.2,95.7,125.7,103.1,95.7,125.7,30.0,factory_normal
V00027,2024,Toyota,Corolla,8W9,Blue Crush Metallic,metallic,105.9,106.8,106.3,115.6,100.8,98.3,101.0,99.4,109.8,110.1,101.2,78.9,117.5,104.0,78.9,117.5,38.6,factory_normal
V00028,2024,Toyota,Corolla,3T3,Ruby Flare Pearl,pearl,103.6,107.5,101.4,104.1,115.9,113.1,106.9,104.6,99.5,107.0,108.8,115.9,116.1,108.0,99.5,116.1,16.6,factory_normal
V00029,2025,Toyota,Corolla,3T3,Ruby Flare Pearl,pearl,111.4,108.7,108.0,111.4,106.5,114.7,111.2,113.0,110.8,108.1,107.0,118.5,103.4,110.2,103.4,118.5,15.1,factory_normal
V00030,2025,Toyota,Corolla,1F7,Classic Silver Metallic,metallic,99.4,180.5,92.1,102.9,103.2,101.6,100.3,100.6,97.6,101.1,99.7,109.5,100.0,106.8,92.1,180.5,88.4,respray_suspected
V00031,2026,Toyota,Corolla,202,Black,solid,103.1,103.3,103.8,258.3,270.4,105.1,104.0,102.9,94.3,104.6,107.7,100.0,98.1,127.4,94.3,270.4,176.1,respray_suspected
V00032,2026,Toyota,Corolla,040,Super White II,solid,111.3,185.2,106.3,113.7,113.0,104.5,103.8,98.7,101.5,107.1,107.0,119.4,128.7,115.4,98.7,185.2,86.5,respray_suspected
V00033,2015,Toyota,Camry,1F7,Classic Silver Metallic,metallic,123.0,119.8,130.9,127.7,129.5,119.5,126.1,125.0,123.7,116.7,126.3,140.3,145.4,127.2,116.7,145.4,28.7,factory_normal
V00034,2015,Toyota,Camry,202,Black,solid,123.0,123.7,128.8,126.0,121.9,121.8,124.3,117.6,120.1,124.9,130.1,141.0,127.8,125.5,117.6,141.0,23.4,factory_normal
V00035,2016,Toyota,Camry,040,Super White II,solid,116.3,121.2,122.5,109.7,112.7,118.9,114.0,109.6,122.5,119.7,119.7,133.8,121.3,118.6,109.6,133.8,24.2,factory_normal
V00036,2016,Toyota,Camry,8W9,Blue Crush Metallic,metallic,119.8,115.3,122.2,120.1,114.2,119.2,221.3,123.4,115.7,116.6,124.9,136.8,127.1,129.0,114.2,221.3,107.1,respray_suspected
V00037,2017,Toyota,Camry,3T3,Ruby Flare Pearl,pearl,124.1,134.6,127.5,130.6,132.4,134.4,129.6,133.8,126.9,129.5,126.2,141.4,137.0,131.4,124.1,141.4,17.3,factory_normal
V00038,2017,Toyota,Camry,202,Black,solid,115.9,119.2,133.7,125.8,120.5,124.6,131.3,119.9,119.2,127.1,294.4,139.2,106.2,136.7,106.2,294.4,188.2,respray_suspected
V00039,2018,Toyota,Camry,040,Super White II,solid,112.7,107.6,100.8,111.1,105.6,107.6,106.2,107.6,97.7,115.4,110.5,104.8,118.2,108.1,97.7,118.2,20.5,factory_normal
V00040,2018,Toyota,Camry,3T3,Ruby Flare Pearl,pearl,130.8,120.4,132.1,122.9,131.9,129.9,128.8,130.0,127.7,127.4,122.0,151.5,154.7,131.5,120.4,154.7,34.3,factory_normal
V00041,2018,Toyota,Camry,1F7,Classic Silver Metallic,metallic,114.7,114.7,113.5,115.5,112.8,114.6,109.6,113.1,126.4,114.7,113.8,123.6,135.7,117.1,109.6,135.7,26.1,factory_normal
V00042,2019,Toyota,Camry,3T3,Ruby Flare Pearl,pearl,143.3,140.2,150.3,133.1,139.5,140.2,146.2,145.9,149.8,135.0,146.6,140.2,126.8,141.3,126.8,150.3,23.5,factory_normal
V00043,2019,Toyota,Camry,040,Super White II,solid,104.1,108.3,113.4,113.1,119.5,110.6,103.9,107.8,107.0,105.5,113.7,115.2,113.3,110.4,103.9,119.5,15.6,factory_normal
V00044,2020,Toyota,Camry,040,Super White II,solid,130.0,125.9,125.8,125.8,116.5,123.0,122.5,124.8,117.0,132.0,124.3,124.8,116.1,123.7,116.1,132.0,15.9,factory_normal
V00045,2020,Toyota,Camry,202,Black,solid,112.2,105.8,109.2,114.3,122.3,104.4,107.1,105.2,113.3,103.7,107.0,112.5,91.5,108.3,91.5,122.3,30.8,factory_normal
V00046,2021,Toyota,Camry,202,Black,solid,106.3,98.4,105.0,111.3,110.0,106.9,102.8,110.4,104.4,101.4,103.3,117.7,125.8,108.0,98.4,125.8,27.4,factory_normal
V00047,2021,Toyota,Camry,3T3,Ruby Flare Pearl,pearl,141.1,132.5,126.2,128.3,130.3,134.7,126.2,120.0,127.3,128.8,129.2,132.3,146.9,131.1,120.0,146.9,26.9,factory_normal
V00048,2021,Toyota,Camry,040,Super White II,solid,123.6,123.1,131.3,117.7,279.2,124.6,126.1,120.2,123.9,121.0,122.9,127.3,131.3,136.3,117.7,279.2,161.5,respray_suspected
V00049,2022,Toyota,Camry,8W9,Blue Crush Metallic,metallic,130.8,136.7,135.2,124.0,128.8,125.7,125.6,132.9,118.5,130.4,124.9,142.9,141.4,130.6,118.5,142.9,24.4,factory_normal
V00050,2022,Toyota,Camry,040,Super White II,solid,120.6,115.6,107.5,122.7,121.7,118.9,118.5,123.4,115.9,114.7,117.2,125.7,108.2,117.7,107.5,125.7,18.2,factory_normal
V00051,2022,Toyota,Camry,202,Black,solid,101.9,106.6,113.0,114.3,106.2,110.4,112.0,105.2,110.2,108.2,105.7,108.3,112.5,108.8,101.9,114.3,12.4,factory_normal
V00052,2023,Toyota,Camry,202,Black,solid,133.1,130.0,138.4,122.9,131.1,125.5,136.3,135.5,117.3,122.2,130.4,143.5,145.3,131.7,117.3,145.3,28.0,factory_normal
V00053,2023,Toyota,Camry,3T3,Ruby Flare Pearl,pearl,115.9,130.4,122.1,132.0,126.1,122.8,129.1,122.7,122.7,119.4,127.1,148.2,140.5,127.6,115.9,148.2,32.3,factory_normal
V00054,2023,Toyota,Camry,1F7,Classic Silver Metallic,metallic,129.2,122.2,122.7,123.1,124.3,119.4,129.0,121.9,126.2,119.7,125.7,137.5,147.5,126.8,119.4,147.5,28.1,factory_normal
V00055,2024,Toyota,Camry,202,Black,solid,125.7,123.8,123.7,122.1,114.5,122.4,112.4,256.5,119.9,119.9,122.4,123.2,140.3,132.8,112.4,256.5,144.1,respray_suspected
V00056,2024,Toyota,Camry,202,Black,solid,125.1,115.0,123.3,120.2,121.5,124.7,130.6,122.8,122.5,117.0,124.7,146.0,114.2,123.7,114.2,146.0,31.8,factory_normal
V00057,2025,Toyota,Camry,202,Black,solid,117.9,120.6,115.0,122.5,134.1,127.6,116.3,117.5,119.9,126.9,117.8,122.7,123.1,121.7,115.0,134.1,19.1,factory_normal
V00058,2025,Toyota,Camry,202,Black,solid,96.6,111.5,104.6,110.2,117.1,113.6,102.0,112.1,113.6,104.1,103.0,91.2,96.7,105.9,91.2,117.1,25.9,factory_normal
V00059,2025,Toyota,Camry,8W9,Blue Crush Metallic,metallic,118.2,120.2,120.7,118.3,125.0,108.7,119.4,115.8,120.0,120.5,114.8,117.3,151.7,120.8,108.7,151.7,43.0,factory_normal
V00060,2026,Toyota,Camry,202,Black,solid,131.4,122.8,223.4,117.8,116.2,117.8,116.1,122.6,116.9,116.7,112.9,131.7,126.0,128.6,112.9,223.4,110.5,respray_suspected
V00061,2026,Toyota,Camry,1F7,Classic Silver Metallic,metallic,117.1,122.5,113.3,125.4,118.8,114.9,116.2,115.3,119.5,115.1,124.4,102.7,114.9,116.9,102.7,125.4,22.7,factory_normal
V00062,2015,Toyota,RAV4,8W9,Blue Crush Metallic,metallic,88.4,101.1,93.8,92.2,97.5,104.5,98.7,92.9,94.0,95.3,89.2,94.3,101.4,95.6,88.4,104.5,16.1,factory_normal
V00063,2015,Toyota,RAV4,202,Black,solid,82.9,86.6,86.4,89.4,92.4,84.7,83.1,79.0,82.6,89.9,87.4,95.2,87.4,86.7,79.0,95.2,16.2,thin_caution
V00064,2015,Toyota,RAV4,040,Super White II,solid,75.5,89.4,70.3,79.6,82.4,79.4,77.2,81.0,81.2,80.9,71.9,90.8,91.4,80.8,70.3,91.4,21.1,thin_caution
V00065,2016,Toyota,RAV4,8W9,Blue Crush Metallic,metallic,98.0,97.8,99.1,91.4,91.3,96.3,85.3,93.2,89.5,90.3,83.4,105.6,99.2,93.9,83.4,105.6,22.2,factory_normal
V00066,2016,Toyota,RAV4,3T3,Ruby Flare Pearl,pearl,108.9,105.6,109.9,115.6,106.7,99.4,102.5,99.6,100.9,222.6,108.0,256.3,129.9,128.1,99.4,256.3,156.9,respray_suspected
V00067,2016,Toyota,RAV4,202,Black,solid,91.5,88.0,77.1,84.1,86.3,82.8,89.3,82.9,80.1,91.9,88.1,97.2,72.8,85.5,72.8,97.2,24.4,thin_caution
V00068,2017,Toyota,RAV4,3T3,Ruby Flare Pearl,pearl,98.3,89.9,86.6,102.5,90.1,86.2,93.5,94.4,88.8,96.3,89.9,89.4,104.5,93.1,86.2,104.5,18.3,factory_normal
V00069,2017,Toyota,RAV4,1F7,Classic Silver Metallic,metallic,102.9,85.2,95.7,88.5,88.1,92.3,93.2,95.1,219.5,85.7,86.0,114.4,101.3,103.7,85.2,219.5,134.3,respray_suspected
V00070,2017,Toyota,RAV4,202,Black,solid,82.9,98.1,85.9,96.3,93.0,98.7,95.1,89.6,89.1,90.5,91.0,78.4,100.5,91.5,78.4,100.5,22.1,factory_normal
V00071,2018,Toyota,RAV4,040,Super White II,solid,88.5,92.6,80.8,94.3,85.7,91.9,89.7,75.8,85.0,89.8,96.5,112.5,116.1,92.2,75.8,116.1,40.3,thin_caution
V00072,2018,Toyota,RAV4,8W9,Blue Crush Metallic,metallic,79.4,72.4,84.9,94.0,84.1,86.8,83.2,75.5,87.2,74.3,79.4,93.7,85.3,83.1,72.4,94.0,21.6,thin_caution
V00073,2019,Toyota,RAV4,040,Super White II,solid,75.9,76.1,79.9,73.1,75.7,74.2,83.3,84.4,92.4,188.1,79.0,83.4,76.1,87.8,73.1,188.1,115.0,respray_suspected
V00074,2019,Toyota,RAV4,1F7,Classic Silver Metallic,metallic,81.2,83.2,90.8,91.0,84.9,91.2,91.0,79.2,86.5,90.2,85.2,101.2,72.8,86.8,72.8,101.2,28.4,thin_caution
V00075,2019,Toyota,RAV4,8W9,Blue Crush Metallic,metallic,83.6,94.0,95.4,94.1,90.0,83.4,92.3,85.6,76.6,103.4,92.7,122.2,108.2,94.0,76.6,122.2,45.6,factory_normal
V00076,2020,Toyota,RAV4,040,Super White II,solid,72.9,75.4,84.3,78.9,83.1,83.3,93.5,90.4,83.7,89.9,80.0,87.4,83.2,83.5,72.9,93.5,20.6,thin_caution
V00077,2020,Toyota,RAV4,1F7,Classic Silver Metallic,metallic,88.7,93.6,88.0,86.7,86.3,99.7,104.3,94.9,88.9,96.0,90.8,98.7,170.1,99.0,86.3,170.1,83.8,respray_suspected
V00078,2020,Toyota,RAV4,3T3,Ruby Flare Pearl,pearl,99.7,95.6,190.7,102.6,93.3,96.3,95.7,104.1,108.9,104.6,98.6,142.2,116.6,111.5,93.3,190.7,97.4,respray_suspected
V00079,2021,Toyota,RAV4,8W9,Blue Crush Metallic,metallic,82.0,74.1,78.1,83.8,82.6,87.5,81.9,93.2,77.9,82.8,71.9,88.5,95.5,83.1,71.9,95.5,23.6,thin_caution
V00080,2021,Toyota,RAV4,3T3,Ruby Flare Pearl,pearl,92.9,99.1,98.6,92.4,90.8,96.7,94.8,100.5,108.6,99.5,95.2,117.6,90.0,98.2,90.0,117.6,27.6,factory_normal
V00081,2022,Toyota,RAV4,040,Super White II,solid,91.2,85.5,86.5,81.4,95.7,90.0,96.4,91.5,94.9,86.3,91.1,126.0,93.6,93.1,81.4,126.0,44.6,factory_normal
V00082,2022,Toyota,RAV4,8W9,Blue Crush Metallic,metallic,88.8,79.0,84.5,78.0,78.9,79.2,81.7,83.1,84.7,75.1,92.5,240.8,76.9,94.1,75.1,240.8,165.7,respray_suspected
V00083,2022,Toyota,RAV4,3T3,Ruby Flare Pearl,pearl,108.5,105.3,102.8,110.4,97.3,104.2,110.9,102.4,101.3,104.0,101.1,106.5,113.6,105.3,97.3,113.6,16.3,factory_normal
V00084,2023,Toyota,RAV4,040,Super White II,solid,72.1,75.3,85.5,71.8,72.1,85.0,78.2,85.5,79.2,73.0,77.2,92.4,89.3,79.7,71.8,92.4,20.6,thin_caution
V00085,2023,Toyota,RAV4,1F7,Classic Silver Metallic,metallic,89.9,80.0,74.1,77.5,83.7,83.2,79.2,76.5,80.1,71.3,73.3,104.6,92.2,82.0,71.3,104.6,33.3,thin_caution
V00086,2023,Toyota,RAV4,1F7,Classic Silver Metallic,metallic,93.7,152.8,94.0,92.4,85.9,90.6,89.4,80.2,172.6,88.8,88.0,87.5,109.9,102.0,80.2,172.6,92.4,respray_suspected
V00087,2024,Toyota,RAV4,040,Super White II,solid,80.8,81.2,83.9,88.1,71.4,78.5,77.6,77.2,78.4,78.4,84.3,78.7,92.7,80.9,71.4,92.7,21.3,thin_caution
V00088,2024,Toyota,RAV4,202,Black,solid,84.7,79.8,82.7,78.3,84.4,87.4,78.8,82.0,88.7,80.5,84.0,107.6,82.8,84.7,78.3,107.6,29.3,thin_caution
V00089,2024,Toyota,RAV4,3T3,Ruby Flare Pearl,pearl,108.2,105.9,115.2,184.4,112.1,267.1,107.9,97.7,104.3,104.6,103.7,89.4,108.0,123.7,89.4,267.1,177.7,respray_suspected
V00090,2025,Toyota,RAV4,202,Black,solid,77.5,76.2,80.1,86.3,75.1,88.0,84.6,78.1,84.3,73.0,71.7,76.8,87.3,79.9,71.7,88.0,16.3,thin_caution
V00091,2025,Toyota,RAV4,3T3,Ruby Flare Pearl,pearl,89.8,93.6,94.8,91.1,90.0,91.9,96.8,99.9,99.7,91.9,92.9,112.7,102.3,96.0,89.8,112.7,22.9,factory_normal
V00092,2025,Toyota,RAV4,8W9,Blue Crush Metallic,metallic,92.4,89.0,92.5,88.0,93.4,93.5,86.8,94.5,88.1,87.7,82.7,100.3,102.7,91.7,82.7,102.7,20.0,thin_caution
V00093,2026,Toyota,RAV4,1F7,Classic Silver Metallic,metallic,80.9,73.8,78.1,65.8,81.0,74.3,82.0,68.4,81.1,76.5,81.7,72.7,75.5,76.3,65.8,82.0,16.2,thin_caution
V00094,2026,Toyota,RAV4,3T3,Ruby Flare Pearl,pearl,109.1,111.8,99.6,94.5,109.0,108.7,107.2,108.9,98.8,102.3,96.2,126.8,116.8,106.9,94.5,126.8,32.3,factory_normal
V00095,2015,Toyota,Prius,3T3,Ruby Flare Pearl,pearl,92.2,100.1,105.1,95.8,94.4,103.3,98.9,92.7,96.3,94.5,99.7,91.2,116.1,98.5,91.2,116.1,24.9,factory_normal
V00096,2015,Toyota,Prius,1F7,Classic Silver Metallic,metallic,94.8,86.9,84.9,94.3,84.3,78.9,94.8,86.0,88.1,82.7,83.0,68.9,103.4,87.0,68.9,103.4,34.5,thin_caution
V00097,2016,Toyota,Prius,8W9,Blue Crush Metallic,metallic,87.0,79.7,96.6,83.1,88.6,88.4,94.5,85.1,92.4,83.7,93.0,94.8,94.7,89.4,79.7,96.6,16.9,thin_caution
V00098,2016,Toyota,Prius,8W9,Blue Crush Metallic,metallic,85.8,98.3,88.9,83.0,90.8,81.2,92.8,93.2,84.3,84.0,88.0,74.8,85.9,87.0,74.8,98.3,23.5,thin_caution
V00099,2017,Toyota,Prius,040,Super White II,solid,81.3,90.3,86.5,84.1,80.6,81.5,89.2,82.6,87.7,92.7,92.6,113.4,97.0,89.2,80.6,113.4,32.8,thin_caution
V00100,2017,Toyota,Prius,8W9,Blue Crush Metallic,metallic,92.7,90.9,90.3,89.2,88.7,87.9,87.8,91.7,84.1,95.4,86.2,120.0,91.2,92.0,84.1,120.0,35.9,thin_caution
V00101,2018,Toyota,Prius,202,Black,solid,95.7,86.0,89.6,79.9,86.7,88.3,93.9,81.4,87.9,86.4,79.8,98.8,97.0,88.6,79.8,98.8,19.0,thin_caution
V00102,2018,Toyota,Prius,3T3,Ruby Flare Pearl,pearl,101.7,95.6,99.4,101.4,91.7,98.4,93.1,94.0,93.9,94.3,99.9,106.3,92.6,97.1,91.7,106.3,14.6,factory_normal
V00103,2019,Toyota,Prius,040,Super White II,solid,78.8,76.3,89.4,86.0,81.6,79.1,90.3,81.0,79.0,80.9,80.9,85.6,94.2,83.3,76.3,94.2,17.9,thin_caution
V00104,2019,Toyota,Prius,1F7,Classic Silver Metallic,metallic,78.4,79.8,84.7,86.3,74.5,78.3,73.1,80.7,79.5,78.3,76.6,101.3,65.0,79.7,65.0,101.3,36.3,thin_caution
V00105,2020,Toyota,Prius,202,Black,solid,76.4,80.4,75.9,84.6,81.6,80.3,83.0,79.9,73.3,84.1,82.6,77.4,86.2,80.4,73.3,86.2,12.9,thin_caution
V00106,2020,Toyota,Prius,8W9,Blue Crush Metallic,metallic,87.4,76.6,74.4,77.1,77.8,72.4,80.5,73.9,74.3,84.9,76.9,259.5,108.9,94.2,72.4,259.5,187.1,respray_suspected
V00107,2021,Toyota,Prius,3T3,Ruby Flare Pearl,pearl,100.9,107.6,105.3,95.8,98.0,92.1,99.7,99.2,112.0,99.0,88.0,94.5,103.4,99.7,88.0,112.0,24.0,factory_normal
V00108,2021,Toyota,Prius,8W9,Blue Crush Metallic,metallic,73.4,81.8,75.2,75.4,71.0,73.9,81.1,69.8,77.5,81.5,76.0,98.1,82.6,78.3,69.8,98.1,28.3,thin_caution
V00109,2022,Toyota,Prius,1F7,Classic Silver Metallic,metallic,89.0,81.9,86.7,77.4,79.5,80.5,82.6,72.8,85.2,87.1,74.7,58.0,98.3,81.1,58.0,98.3,40.3,thin_caution
V00110,2022,Toyota,Prius,1F7,Classic Silver Metallic,metallic,80.3,93.3,83.4,78.9,83.2,77.5,78.9,84.6,79.9,80.5,91.1,99.9,109.3,86.2,77.5,109.3,31.8,thin_caution
V00111,2022,Toyota,Prius,3T3,Ruby Flare Pearl,pearl,88.8,83.2,88.3,92.7,97.3,86.7,90.1,88.3,86.4,84.1,90.4,82.8,88.5,88.3,82.8,97.3,14.5,thin_caution
V00112,2023,Toyota,Prius,202,Black,solid,91.8,87.0,82.2,78.2,89.2,92.7,79.4,82.5,89.3,85.7,94.0,110.1,87.4,88.4,78.2,110.1,31.9,thin_caution
V00113,2023,Toyota,Prius,8W9,Blue Crush Metallic,metallic,83.7,83.6,93.9,82.6,84.2,87.3,92.2,84.0,89.5,86.9,82.8,82.2,83.3,85.9,82.2,93.9,11.7,thin_caution
V00114,2023,Toyota,Prius,1F7,Classic Silver Metallic,metallic,88.9,87.8,82.6,79.2,81.9,85.4,86.8,84.5,88.0,80.3,84.2,79.0,106.5,85.8,79.0,106.5,27.5,thin_caution
V00115,2024,Toyota,Prius,8W9,Blue Crush Metallic,metallic,77.2,89.8,96.9,81.9,84.9,83.2,86.2,87.7,90.9,79.5,92.3,95.0,84.5,86.9,77.2,96.9,19.7,thin_caution
V00116,2024,Toyota,Prius,3T3,Ruby Flare Pearl,pearl,98.5,104.5,92.3,101.1,101.8,101.5,101.1,106.3,101.2,103.0,101.5,113.1,94.4,101.6,92.3,113.1,20.8,factory_normal
V00117,2024,Toyota,Prius,3T3,Ruby Flare Pearl,pearl,88.0,93.9,84.1,98.6,92.8,90.2,87.9,87.5,85.8,88.8,91.5,89.7,94.0,90.2,84.1,98.6,14.5,thin_caution
V00118,2025,Toyota,Prius,3T3,Ruby Flare Pearl,pearl,89.8,88.5,100.5,93.1,97.2,93.8,97.3,103.9,93.5,95.2,92.9,95.4,85.7,94.4,85.7,103.9,18.2,factory_normal
V00119,2025,Toyota,Prius,202,Black,solid,99.6,81.8,91.6,88.1,81.3,85.4,85.6,83.3,96.5,77.3,88.7,105.2,93.4,89.1,77.3,105.2,27.9,thin_caution
V00120,2026,Toyota,Prius,3T3,Ruby Flare Pearl,pearl,100.5,94.1,94.2,82.1,88.6,85.1,86.2,94.0,85.1,88.5,79.6,89.2,116.5,91.1,79.6,116.5,36.9,thin_caution
V00121,2026,Toyota,Prius,040,Super White II,solid,81.0,91.0,95.5,86.7,81.4,82.9,90.4,80.5,92.3,92.1,85.4,85.7,108.6,88.7,80.5,108.6,28.1,thin_caution
V00122,2026,Toyota,Prius,1F7,Classic Silver Metallic,metallic,76.0,80.4,78.8,74.9,71.9,75.2,87.1,89.7,83.1,85.8,77.3,77.6,90.3,80.6,71.9,90.3,18.4,thin_caution
V00123,2015,Toyota,Highlander,202,Black,solid,85.5,91.9,86.8,85.3,87.4,85.9,83.5,84.8,90.5,90.0,93.2,88.1,88.3,87.8,83.5,93.2,9.7,thin_caution
V00124,2015,Toyota,Highlander,202,Black,solid,83.5,76.8,89.3,87.6,79.8,86.8,79.0,88.3,81.6,78.6,80.8,87.2,86.0,83.5,76.8,89.3,12.5,thin_caution
V00125,2015,Toyota,Highlander,8W9,Blue Crush Metallic,metallic,112.5,116.1,115.4,105.5,116.2,120.6,116.3,113.0,114.0,114.3,112.2,119.9,127.9,115.7,105.5,127.9,22.4,factory_normal
V00126,2016,Toyota,Highlander,040,Super White II,solid,82.8,84.6,81.7,77.1,76.6,88.8,79.1,79.0,87.8,85.9,83.1,91.9,98.5,84.4,76.6,98.5,21.9,thin_caution
V00127,2016,Toyota,Highlander,1F7,Classic Silver Metallic,metallic,100.2,100.1,97.0,92.3,91.0,96.5,90.9,102.7,103.9,112.3,102.6,99.4,95.9,98.8,90.9,112.3,21.4,factory_normal
V00128,2017,Toyota,Highlander,1F7,Classic Silver Metallic,metallic,113.9,112.0,114.2,118.2,105.6,108.6,104.0,119.0,117.4,114.7,104.9,117.9,122.9,113.3,104.0,122.9,18.9,factory_normal
V00129,2017,Toyota,Highlander,3T3,Ruby Flare Pearl,pearl,121.6,118.9,119.8,118.2,124.4,119.0,121.8,118.4,112.9,124.9,115.1,122.3,125.3,120.2,112.9,125.3,12.4,factory_normal
V00130,2018,Toyota,Highlander,1F7,Classic Silver Metallic,metallic,110.5,113.7,109.6,113.3,108.0,111.6,114.7,112.0,109.5,106.3,112.6,127.3,110.8,112.3,106.3,127.3,21.0,factory_normal
V00131,2018,Toyota,Highlander,8W9,Blue Crush Metallic,metallic,96.1,99.3,99.5,84.8,98.2,94.1,104.5,96.3,93.7,96.5,98.4,100.5,113.1,98.1,84.8,113.1,28.3,factory_normal
V00132,2019,Toyota,Highlander,1F7,Classic Silver Metallic,metallic,100.8,99.9,103.2,100.2,94.2,96.1,95.7,96.3,95.8,90.9,84.3,99.5,75.9,94.8,75.9,103.2,27.3,factory_normal
V00133,2019,Toyota,Highlander,8W9,Blue Crush Metallic,metallic,120.2,116.4,124.2,125.3,109.9,121.1,118.1,118.0,120.6,112.3,112.9,105.3,109.7,116.5,105.3,125.3,20.0,factory_normal
V00134,2019,Toyota,Highlander,3T3,Ruby Flare Pearl,pearl,131.6,133.9,122.5,128.1,129.2,132.2,129.1,136.7,131.7,132.1,132.1,148.0,148.9,133.5,122.5,148.9,26.4,factory_normal
V00135,2020,Toyota,Highlander,040,Super White II,solid,80.6,83.1,82.7,79.9,82.4,78.6,84.3,77.9,67.6,84.7,78.5,101.2,90.0,82.4,67.6,101.2,33.6,thin_caution
V00136,2020,Toyota,Highlander,1F7,Classic Silver Metallic,metallic,113.3,108.6,120.2,105.3,99.4,110.9,108.9,108.5,99.9,112.7,119.0,132.5,128.8,112.9,99.4,132.5,33.1,factory_normal
V00137,2021,Toyota,Highlander,202,Black,solid,97.1,103.7,97.6,91.2,110.3,98.4,97.1,101.8,92.3,93.3,97.6,100.8,113.4,99.6,91.2,113.4,22.2,factory_normal
V00138,2021,Toyota,Highlander,040,Super White II,solid,80.7,74.8,84.9,81.8,79.6,72.8,80.1,75.7,83.1,78.9,75.5,103.8,88.2,81.5,72.8,103.8,31.0,thin_caution
V00139,2021,Toyota,Highlander,040,Super White II,solid,94.6,90.3,91.8,93.2,101.7,101.5,92.7,102.1,93.8,95.9,98.4,91.5,127.1,98.0,90.3,127.1,36.8,factory_normal
V00140,2022,Toyota,Highlander,040,Super White II,solid,91.7,90.7,90.6,91.5,95.1,86.4,91.3,82.9,84.9,91.9,88.6,79.8,100.8,89.7,79.8,100.8,21.0,thin_caution
V00141,2022,Toyota,Highlander,8W9,Blue Crush Metallic,metallic,90.3,104.7,88.3,97.0,98.9,99.1,89.7,94.2,96.6,99.9,92.6,101.7,102.8,96.6,88.3,104.7,16.4,factory_normal
V00142,2022,Toyota,Highlander,8W9,Blue Crush Metallic,metallic,88.0,91.6,81.2,88.0,86.7,81.9,88.5,87.6,85.4,89.4,80.4,106.0,85.6,87.7,80.4,106.0,25.6,thin_caution
V00143,2023,Toyota,Highlander,202,Black,solid,91.4,83.9,76.5,84.9,76.6,73.4,93.9,82.5,84.4,83.7,89.9,76.3,109.2,85.1,73.4,109.2,35.8,thin_caution
V00144,2023,Toyota,Highlander,8W9,Blue Crush Metallic,metallic,86.8,86.5,82.3,93.4,89.0,88.2,87.6,90.9,88.2,89.4,79.9,95.0,113.6,90.1,79.9,113.6,33.7,thin_caution
V00145,2023,Toyota,Highlander,8W9,Blue Crush Metallic,metallic,109.5,98.3,108.9,100.5,102.3,109.1,104.9,110.5,122.1,110.3,110.0,104.6,100.3,107.0,98.3,122.1,23.8,factory_normal
V00146,2024,Toyota,Highlander,040,Super White II,solid,102.7,103.0,112.0,110.1,114.9,115.0,108.1,113.1,102.6,121.2,115.7,98.0,104.2,109.3,98.0,121.2,23.2,factory_normal
V00147,2024,Toyota,Highlander,8W9,Blue Crush Metallic,metallic,99.4,106.6,96.6,103.2,99.3,97.6,104.1,96.9,111.3,98.9,111.8,90.9,114.4,102.4,90.9,114.4,23.5,factory_normal
V00148,2025,Toyota,Highlander,1F7,Classic Silver Metallic,metallic,93.8,98.4,99.7,100.7,88.8,105.9,100.6,95.6,92.6,89.3,91.0,103.2,119.7,98.4,88.8,119.7,30.9,factory_normal
V00149,2025,Toyota,Highlander,3T3,Ruby Flare Pearl,pearl,131.4,127.0,124.9,121.6,116.9,118.8,122.2,237.1,126.4,127.4,125.8,127.2,124.9,133.2,116.9,237.1,120.2,respray_suspected
V00150,2025,Toyota,Highlander,202,Black,solid,87.7,88.8,84.9,90.7,87.1,83.1,88.4,97.6,84.8,94.0,95.1,104.9,89.6,90.5,83.1,104.9,21.8,thin_caution
V00151,2026,Toyota,Highlander,3T3,Ruby Flare Pearl,pearl,112.8,102.8,101.2,110.3,109.9,111.9,101.0,111.8,108.8,115.2,100.1,108.3,124.3,109.1,100.1,124.3,24.2,factory_normal
V00152,2026,Toyota,Highlander,202,Black,solid,87.9,95.9,96.5,96.5,87.6,91.2,96.7,88.2,87.8,95.7,99.3,83.6,85.2,91.7,83.6,99.3,15.7,factory_normal
V00153,2026,Toyota,Highlander,1F7,Classic Silver Metallic,metallic,97.4,101.6,96.1,100.6,97.7,114.3,105.0,96.7,95.9,98.7,92.6,100.9,97.3,99.6,92.6,114.3,21.7,factory_normal
V00154,2015,Toyota,Land Cruiser,202,Black,solid,119.0,125.8,117.0,125.4,121.4,120.1,110.1,113.7,123.8,127.1,121.1,125.3,135.8,122.0,110.1,135.8,25.7,factory_normal
V00155,2015,Toyota,Land Cruiser,202,Black,solid,116.8,116.3,120.7,119.6,113.8,126.5,119.2,118.0,125.3,123.1,117.5,106.0,132.8,119.7,106.0,132.8,26.8,factory_normal
V00156,2015,Toyota,Land Cruiser,8W9,Blue Crush Metallic,metallic,110.6,109.9,113.8,116.1,117.8,123.6,212.2,119.2,111.8,118.3,115.5,115.4,114.9,123.0,109.9,212.2,102.3,respray_suspected
V00157,2016,Toyota,Land Cruiser,3T3,Ruby Flare Pearl,pearl,118.8,128.9,135.8,124.1,145.3,119.4,139.5,140.1,136.9,131.2,134.1,133.1,154.3,134.0,118.8,154.3,35.5,factory_normal
V00158,2016,Toyota,Land Cruiser,3T3,Ruby Flare Pearl,pearl,144.8,137.3,149.8,145.7,136.4,143.8,140.1,140.7,144.4,140.5,148.8,157.0,151.5,144.7,136.4,157.0,20.6,factory_normal
V00159,2016,Toyota,Land Cruiser,202,Black,solid,114.9,116.7,122.6,118.5,113.3,111.0,114.0,111.9,119.3,116.7,107.8,114.3,138.7,116.9,107.8,138.7,30.9,factory_normal
V00160,2017,Toyota,Land Cruiser,3T3,Ruby Flare Pearl,pearl,144.3,133.9,137.1,247.5,143.6,139.6,140.1,131.6,139.5,132.6,141.5,151.2,146.0,148.3,131.6,247.5,115.9,respray_suspected
V00161,2017,Toyota,Land Cruiser,3T3,Ruby Flare Pearl,pearl,123.9,135.7,133.0,135.2,132.8,124.2,124.6,139.6,131.7,123.3,132.2,120.6,131.9,129.9,120.6,139.6,19.0,factory_normal
V00162,2018,Toyota,Land Cruiser,8W9,Blue Crush Metallic,metallic,122.5,109.0,118.0,115.3,113.3,116.7,118.9,118.1,112.2,117.1,129.5,128.2,123.7,118.7,109.0,129.5,20.5,factory_normal
V00163,2018,Toyota,Land Cruiser,1F7,Classic Silver Metallic,metallic,107.2,105.5,108.1,110.6,114.7,114.3,111.1,115.8,111.6,115.6,104.1,108.3,122.1,111.5,104.1,122.1,18.0,factory_normal
V00164,2018,Toyota,Land Cruiser,1F7,Classic Silver Metallic,metallic,117.8,127.1,279.4,124.5,131.6,120.2,120.0,123.7,129.3,114.2,120.6,127.7,124.2,135.4,114.2,279.4,165.2,respray_suspected
V00165,2019,Toyota,Land Cruiser,3T3,Ruby Flare Pearl,pearl,139.5,130.9,124.7,137.1,127.9,134.2,131.5,132.9,132.5,128.7,131.8,154.1,117.9,132.6,117.9,154.1,36.2,factory_normal
V00166,2019,Toyota,Land Cruiser,202,Black,solid,119.4,131.7,123.9,121.6,123.6,233.3,127.2,123.4,122.0,122.1,128.0,129.6,114.7,132.3,114.7,233.3,118.6,respray_suspected
V00167,2020,Toyota,Land Cruiser,1F7,Classic Silver Metallic,metallic,109.5,119.8,109.0,125.4,114.4,111.9,106.9,95.3,108.6,110.3,119.0,117.8,101.6,111.5,95.3,125.4,30.1,factory_normal
V00168,2020,Toyota,Land Cruiser,202,Black,solid,123.7,128.9,125.9,119.7,130.2,128.9,128.4,130.5,131.0,125.3,118.7,127.5,135.9,127.3,118.7,135.9,17.2,factory_normal
V00169,2021,Toyota,Land Cruiser,8W9,Blue Crush Metallic,metallic,105.2,119.5,109.8,105.7,102.2,105.1,112.3,112.5,107.6,109.0,107.2,135.9,115.6,111.4,102.2,135.9,33.7,factory_normal
V00170,2021,Toyota,Land Cruiser,040,Super White II,solid,120.1,114.4,116.6,121.8,123.0,120.8,126.3,126.3,122.9,121.4,120.0,136.6,130.7,123.1,114.4,136.6,22.2,factory_normal
V00171,2021,Toyota,Land Cruiser,8W9,Blue Crush Metallic,metallic,119.1,127.9,126.3,132.0,124.3,128.4,130.7,129.0,121.0,123.1,124.7,122.3,154.2,127.9,119.1,154.2,35.1,factory_normal
V00172,2022,Toyota,Land Cruiser,8W9,Blue Crush Metallic,metallic,119.0,124.6,122.6,130.9,125.6,125.2,121.4,115.5,122.1,118.3,127.3,138.7,141.2,125.6,115.5,141.2,25.7,factory_normal
V00173,2022,Toyota,Land Cruiser,3T3,Ruby Flare Pearl,pearl,124.7,130.7,141.4,127.8,127.0,124.8,121.0,134.2,128.5,129.7,137.5,155.0,135.8,132.2,121.0,155.0,34.0,factory_normal
V00174,2022,Toyota,Land Cruiser,8W9,Blue Crush Metallic,metallic,107.9,115.9,111.0,109.7,114.2,112.5,110.3,109.6,116.8,110.5,107.5,112.8,116.9,112.0,107.5,116.9,9.4,factory_normal
V00175,2023,Toyota,Land Cruiser,1F7,Classic Silver Metallic,metallic,114.3,111.9,106.2,117.4,107.5,104.9,105.6,110.9,115.9,116.8,112.1,111.3,98.0,110.2,98.0,117.4,19.4,factory_normal
V00176,2023,Toyota,Land Cruiser,1F7,Classic Silver Metallic,metallic,109.0,112.0,205.1,102.5,106.5,115.5,114.9,107.4,115.8,108.1,117.3,105.6,118.1,118.3,102.5,205.1,102.6,respray_suspected
V00177,2024,Toyota,Land Cruiser,202,Black,solid,133.8,124.5,123.0,132.9,133.7,128.3,117.9,123.6,129.7,126.7,134.4,141.0,137.3,129.8,117.9,141.0,23.1,factory_normal
V00178,2024,Toyota,Land Cruiser,8W9,Blue Crush Metallic,metallic,123.5,119.7,121.2,123.7,121.6,132.7,133.4,128.1,121.6,126.1,123.3,138.0,116.2,125.3,116.2,138.0,21.8,factory_normal
V00179,2024,Toyota,Land Cruiser,1F7,Classic Silver Metallic,metallic,124.5,123.1,118.6,120.7,130.5,117.9,118.1,121.5,119.2,120.5,125.3,139.7,120.9,123.1,117.9,139.7,21.8,factory_normal
V00180,2025,Toyota,Land Cruiser,202,Black,solid,114.9,116.5,117.2,117.7,116.3,122.2,117.1,118.1,116.9,112.2,113.0,109.3,128.5,116.9,109.3,128.5,19.2,factory_normal
V00181,2025,Toyota,Land Cruiser,040,Super White II,solid,118.0,135.3,127.0,126.3,132.2,127.2,123.8,137.8,121.5,126.3,131.1,153.5,125.4,129.6,118.0,153.5,35.5,factory_normal
V00182,2025,Toyota,Land Cruiser,202,Black,solid,127.0,120.5,128.6,127.1,128.8,132.2,131.6,128.6,128.1,121.1,125.9,127.4,147.9,128.8,120.5,147.9,27.4,factory_normal
V00183,2026,Toyota,Land Cruiser,202,Black,solid,104.4,111.9,107.7,105.9,104.4,106.2,100.6,108.9,102.0,108.2,106.2,109.8,119.6,107.4,100.6,119.6,19.0,factory_normal
V00184,2026,Toyota,Land Cruiser,040,Super White II,solid,123.5,122.9,127.2,112.5,124.2,115.1,128.6,112.7,117.5,114.2,130.8,106.1,127.8,120.2,106.1,130.8,24.7,factory_normal
V00185,2015,Toyota,Tacoma,040,Super White II,solid,103.3,105.1,103.2,106.8,114.6,106.9,106.1,102.0,101.3,112.4,209.0,292.0,106.1,128.4,101.3,292.0,190.7,respray_suspected
V00186,2015,Toyota,Tacoma,8W9,Blue Crush Metallic,metallic,104.0,100.7,113.5,116.2,106.9,97.5,115.9,107.6,114.2,108.4,106.7,93.0,114.6,107.6,93.0,116.2,23.2,factory_normal
V00187,2015,Toyota,Tacoma,202,Black,solid,109.7,104.7,111.6,111.0,174.1,109.1,110.0,109.2,113.2,107.5,110.1,117.7,131.4,116.9,104.7,174.1,69.4,respray_suspected
V00188,2016,Toyota,Tacoma,1F7,Classic Silver Metallic,metallic,93.1,98.4,104.8,102.6,95.6,93.8,100.2,98.4,95.4,88.4,86.7,92.7,118.1,97.6,86.7,118.1,31.4,factory_normal
V00189,2016,Toyota,Tacoma,8W9,Blue Crush Metallic,metallic,98.3,92.2,93.3,85.9,91.7,87.2,98.4,96.5,100.8,98.0,93.1,109.1,92.4,95.1,85.9,109.1,23.2,factory_normal
V00190,2016,Toyota,Tacoma,3T3,Ruby Flare Pearl,pearl,101.7,107.7,111.8,101.4,101.5,92.0,102.6,101.1,92.4,104.7,106.2,115.2,94.2,102.5,92.0,115.2,23.2,factory_normal
V00191,2017,Toyota,Tacoma,3T3,Ruby Flare Pearl,pearl,109.3,104.2,109.9,112.1,105.0,111.8,116.3,115.4,102.2,105.2,102.0,114.6,109.5,109.0,102.0,116.3,14.3,factory_normal
V00192,2017,Toyota,Tacoma,3T3,Ruby Flare Pearl,pearl,114.6,117.1,115.0,108.6,103.3,112.5,114.7,112.5,111.7,110.4,117.4,115.4,124.1,113.6,103.3,124.1,20.8,factory_normal
V00193,2018,Toyota,Tacoma,8W9,Blue Crush Metallic,metallic,98.2,93.2,99.5,91.6,90.7,85.2,89.3,99.4,93.8,95.9,95.7,106.9,103.8,95.6,85.2,106.9,21.7,factory_normal
V00194,2018,Toyota,Tacoma,3T3,Ruby Flare Pearl,pearl,118.3,120.8,117.4,127.1,111.6,121.0,134.0,120.4,116.4,122.0,128.5,125.6,164.7,125.2,111.6,164.7,53.1,respray_suspected
V00195,2019,Toyota,Tacoma,202,Black,solid,108.0,108.2,110.0,106.8,99.0,108.8,104.6,104.7,98.7,103.2,102.5,115.2,95.7,105.0,95.7,115.2,19.5,factory_normal
V00196,2019,Toyota,Tacoma,1F7,Classic Silver Metallic,metallic,117.7,100.6,111.5,104.9,111.0,117.4,110.0,113.9,109.0,122.9,117.8,137.6,112.6,114.4,100.6,137.6,37.0,factory_normal
V00197,2020,Toyota,Tacoma,3T3,Ruby Flare Pearl,pearl,102.0,104.3,98.5,104.4,98.3,106.6,107.5,178.3,104.4,105.0,88.3,108.7,115.1,109.3,88.3,178.3,90.0,respray_suspected
V00198,2020,Toyota,Tacoma,040,Super White II,solid,105.7,104.3,116.1,104.4,119.2,109.1,104.4,113.8,117.3,101.7,116.6,99.7,129.3,110.9,99.7,129.3,29.6,factory_normal
V00199,2020,Toyota,Tacoma,202,Black,solid,117.8,112.7,108.0,106.6,107.7,105.1,107.8,96.5,110.1,109.1,122.0,108.7,108.8,109.3,96.5,122.0,25.5,factory_normal
V00200,2021,Toyota,Tacoma,202,Black,solid,92.6,98.2,103.2,101.0,100.4,94.2,95.3,99.0,103.1,94.3,92.9,114.6,110.6,100.0,92.6,114.6,22.0,factory_normal
V00201,2021,Toyota,Tacoma,8W9,Blue Crush Metallic,metallic,116.3,116.7,108.2,109.3,116.0,120.5,119.8,124.4,114.4,113.8,117.8,130.8,109.8,116.8,108.2,130.8,22.6,factory_normal
V00202,2022,Toyota,Tacoma,1F7,Classic Silver Metallic,metallic,91.7,101.0,88.9,94.6,102.7,92.8,97.1,94.4,85.3,98.4,99.0,89.2,107.8,95.6,85.3,107.8,22.5,factory_normal
V00203,2022,Toyota,Tacoma,8W9,Blue Crush Metallic,metallic,92.0,103.5,104.7,89.9,91.1,102.6,97.4,101.7,105.5,97.9,94.5,97.3,111.1,99.2,89.9,111.1,21.2,factory_normal
V00204,2023,Toyota,Tacoma,1F7,Classic Silver Metallic,metallic,99.9,89.7,93.6,92.9,93.6,90.0,97.8,96.8,97.5,93.1,102.1,104.0,99.6,96.2,89.7,104.0,14.3,factory_normal
V00205,2023,Toyota,Tacoma,1F7,Classic Silver Metallic,metallic,89.8,87.7,94.3,88.8,88.0,87.3,93.8,88.3,82.6,94.1,87.5,111.2,95.1,91.4,82.6,111.2,28.6,thin_caution
V00206,2024,Toyota,Tacoma,3T3,Ruby Flare Pearl,pearl,111.6,103.0,94.4,112.3,105.1,105.3,104.9,107.8,107.3,96.7,110.0,119.2,106.9,106.5,94.4,119.2,24.8,factory_normal
V00207,2024,Toyota,Tacoma,8W9,Blue Crush Metallic,metallic,103.2,100.1,94.3,96.5,94.2,101.6,104.6,105.6,96.8,101.7,103.3,108.0,116.6,102.0,94.2,116.6,22.4,factory_normal
V00208,2024,Toyota,Tacoma,8W9,Blue Crush Metallic,metallic,104.5,95.7,104.1,110.2,114.7,110.2,107.7,104.5,101.3,103.5,107.3,90.5,106.8,104.7,90.5,114.7,24.2,factory_normal
V00209,2025,Toyota,Tacoma,8W9,Blue Crush Metallic,metallic,86.1,88.2,92.8,93.4,84.5,195.9,89.0,87.1,89.3,79.9,83.1,108.6,105.8,98.7,79.9,195.9,116.0,respray_suspected
V00210,2025,Toyota,Tacoma,3T3,Ruby Flare Pearl,pearl,108.3,105.2,104.2,115.0,105.7,101.9,109.2,115.9,107.1,112.9,104.5,130.6,99.7,109.2,99.7,130.6,30.9,factory_normal
V00211,2025,Toyota,Tacoma,3T3,Ruby Flare Pearl,pearl,106.4,111.8,110.8,109.0,99.4,109.4,102.5,120.5,106.5,108.6,101.9,110.6,114.8,108.6,99.4,120.5,21.1,factory_normal
V00212,2026,Toyota,Tacoma,1F7,Classic Silver Metallic,metallic,90.2,86.0,97.0,89.3,92.8,99.6,90.9,99.4,91.6,102.5,101.6,102.7,113.4,96.7,86.0,113.4,27.4,factory_normal
V00213,2026,Toyota,Tacoma,040,Super White II,solid,86.3,88.6,84.0,103.5,93.2,94.1,89.5,98.3,82.4,93.1,104.0,90.9,101.2,93.0,82.4,104.0,21.6,factory_normal
V00214,2026,Toyota,Tacoma,1F7,Classic Silver Metallic,metallic,96.1,97.0,93.4,96.7,95.4,102.4,98.7,93.9,82.9,98.7,98.9,107.8,82.5,95.7,82.5,107.8,25.3,factory_normal
V00215,2015,Honda,Civic,NH-830M,Lunar Silver Metallic,metallic,129.0,121.1,126.4,137.3,134.4,128.6,122.1,125.2,132.0,125.5,133.6,130.4,135.3,129.3,121.1,137.3,16.2,factory_normal
V00216,2015,Honda,Civic,R-556P,Radiant Red Metallic,metallic,105.9,109.2,107.4,104.2,101.6,110.9,113.3,115.2,108.5,113.5,103.1,124.6,123.5,110.8,101.6,124.6,23.0,factory_normal
V00217,2016,Honda,Civic,NH-830M,Lunar Silver Metallic,metallic,109.2,106.9,107.0,114.4,115.8,113.4,117.0,227.7,114.4,107.2,114.6,115.1,124.8,122.1,106.9,227.7,120.8,respray_suspected
V00218,2016,Honda,Civic,NH-830M,Lunar Silver Metallic,metallic,109.6,108.4,107.6,105.0,100.0,100.4,102.8,106.5,106.2,105.2,104.4,110.8,103.9,105.4,100.0,110.8,10.8,factory_normal
V00219,2016,Honda,Civic,B-593M,Aegean Blue Metallic,metallic,117.2,112.0,129.7,114.5,117.2,119.7,112.6,118.9,127.3,123.0,121.5,125.1,127.9,120.5,112.0,129.7,17.7,factory_normal
V00220,2017,Honda,Civic,NH-731P,Crystal Black Pearl,pearl,128.2,129.3,128.9,120.6,118.0,123.6,117.3,125.8,119.6,127.0,129.0,113.9,129.5,123.9,113.9,129.5,15.6,factory_normal
V00221,2017,Honda,Civic,NH-731P,Crystal Black Pearl,pearl,121.7,122.0,119.4,119.2,116.4,110.6,119.1,118.4,120.1,129.3,120.1,122.8,125.7,120.4,110.6,129.3,18.7,factory_normal
V00222,2018,Honda,Civic,NH-830M,Lunar Silver Metallic,metallic,136.4,126.2,126.9,131.9,132.9,123.5,130.5,132.3,129.9,136.7,134.9,124.0,146.7,131.8,123.5,146.7,23.2,factory_normal
V00223,2018,Honda,Civic,B-593M,Aegean Blue Metallic,metallic,109.0,95.0,118.6,108.9,116.6,111.9,113.1,191.8,111.4,116.7,102.3,103.6,117.0,116.6,95.0,191.8,96.8,respray_suspected
V00224,2019,Honda,Civic,B-593M,Aegean Blue Metallic,metallic,132.1,122.6,133.2,134.9,127.8,130.1,122.7,131.3,134.1,127.0,135.4,127.6,127.8,129.7,122.6,135.4,12.8,factory_normal
V00225,2019,Honda,Civic,B-593M,Aegean Blue Metallic,metallic,106.2,93.5,96.3,96.4,113.1,90.8,101.7,109.9,105.0,98.4,102.6,117.4,127.7,104.5,90.8,127.7,36.9,factory_normal
V00226,2019,Honda,Civic,R-556P,Radiant Red Metallic,metallic,100.3,105.4,116.5,111.0,108.7,119.6,102.4,226.3,104.7,107.8,108.0,127.4,100.2,118.3,100.2,226.3,126.1,respray_suspected
V00227,2020,Honda,Civic,B-593M,Aegean Blue Metallic,metallic,106.8,102.6,101.9,95.9,108.6,104.5,108.6,93.6,95.4,93.0,99.3,124.5,111.5,103.6,93.0,124.5,31.5,factory_normal
V00228,2020,Honda,Civic,R-556P,Radiant Red Metallic,metallic,112.8,94.9,110.2,118.9,110.1,200.0,109.1,109.7,265.9,110.8,107.0,109.2,109.4,128.3,94.9,265.9,171.0,respray_suspected
V00229,2020,Honda,Civic,NH-731P,Crystal Black Pearl,pearl,137.7,131.8,149.3,138.2,139.1,140.1,145.9,143.2,149.2,141.3,138.4,168.5,147.2,143.8,131.8,168.5,36.7,respray_suspected
V00230,2021,Honda,Civic,NH-830M,Lunar Silver Metallic,metallic,105.7,266.7,111.9,112.5,109.1,110.1,116.2,114.2,102.8,109.8,110.4,115.2,121.1,123.5,102.8,266.7,163.9,respray_suspected
V00231,2021,Honda,Civic,B-593M,Aegean Blue Metallic,metallic,107.8,97.2,104.6,113.4,107.6,112.1,104.3,110.4,101.5,107.5,107.4,122.3,123.8,109.2,97.2,123.8,26.6,factory_normal
V00232,2022,Honda,Civic,B-593M,Aegean Blue Metallic,metallic,124.8,117.9,125.1,128.7,127.4,121.3,116.8,122.9,122.5,128.7,121.3,146.8,149.2,127.2,116.8,149.2,32.4,factory_normal
V00233,2022,Honda,Civic,R-556P,Radiant Red Metallic,metallic,92.3,95.4,97.4,98.2,94.5,97.0,96.2,98.7,104.2,98.9,88.8,103.8,90.7,96.6,88.8,104.2,15.4,factory_normal
V00234,2023,Honda,Civic,R-556P,Radiant Red Metallic,metallic,123.0,121.2,137.1,123.3,136.2,136.6,129.1,129.8,126.9,129.9,133.3,140.8,141.9,131.5,121.2,141.9,20.7,factory_normal
V00235,2023,Honda,Civic,B-593M,Aegean Blue Metallic,metallic,102.7,106.3,109.2,103.9,118.9,103.4,103.9,109.6,98.5,104.3,100.6,118.9,126.8,108.2,98.5,126.8,28.3,factory_normal
V00236,2024,Honda,Civic,NH-731P,Crystal Black Pearl,pearl,126.6,131.1,133.6,130.7,133.4,134.0,122.8,129.2,123.7,130.2,126.3,131.8,140.1,130.3,122.8,140.1,17.3,factory_normal
V00237,2024,Honda,Civic,B-593M,Aegean Blue Metallic,metallic,198.2,122.3,130.8,129.8,134.0,121.8,130.9,125.0,129.2,130.3,131.7,116.6,128.1,133.0,116.6,198.2,81.6,respray_suspected
V00238,2025,Honda,Civic,NH-830M,Lunar Silver Metallic,metallic,109.2,90.2,104.7,107.6,107.2,107.3,104.0,114.0,112.6,104.7,100.3,113.4,112.7,106.8,90.2,114.0,23.8,factory_normal
V00239,2025,Honda,Civic,NH-830M,Lunar Silver Metallic,metallic,129.9,121.3,137.0,130.3,127.3,132.9,126.0,125.5,138.5,123.2,124.9,127.1,124.0,128.3,121.3,138.5,17.2,factory_normal
V00240,2025,Honda,Civic,R-556P,Radiant Red Metallic,metallic,104.5,105.0,121.8,113.5,113.6,102.3,109.7,103.9,113.7,108.7,110.0,103.0,102.5,108.6,102.3,121.8,19.5,factory_normal
V00241,2026,Honda,Civic,B-593M,Aegean Blue Metallic,metallic,127.4,117.9,123.3,122.5,126.6,113.1,124.2,117.7,116.2,122.4,120.4,152.3,143.9,125.2,113.1,152.3,39.2,factory_normal
V00242,2026,Honda,Civic,R-556P,Radiant Red Metallic,metallic,129.3,114.9,123.1,132.3,133.6,287.9,127.4,225.3,120.0,127.0,136.9,170.5,139.0,151.3,114.9,287.9,173.0,respray_suspected
V00243,2026,Honda,Civic,B-593M,Aegean Blue Metallic,metallic,110.7,96.8,102.4,92.1,107.8,108.1,100.1,103.6,105.1,108.0,103.7,93.8,101.3,102.6,92.1,110.7,18.6,factory_normal
V00244,2015,Honda,Accord,NH-731P,Crystal Black Pearl,pearl,128.7,131.0,141.4,142.3,134.9,143.4,148.2,136.7,142.5,131.0,129.0,146.4,154.6,139.2,128.7,154.6,25.9,factory_normal
V00245,2015,Honda,Accord,B-593M,Aegean Blue Metallic,metallic,139.7,127.7,147.2,143.8,144.2,141.7,152.4,141.2,143.4,131.5,137.9,162.2,137.5,142.3,127.7,162.2,34.5,respray_suspected
V00246,2016,Honda,Accord,NH-830M,Lunar Silver Metallic,metallic,135.0,131.1,130.7,141.7,132.6,133.6,127.3,123.8,129.0,130.5,129.9,156.9,122.0,132.6,122.0,156.9,34.9,factory_normal
V00247,2016,Honda,Accord,NH-830M,Lunar Silver Metallic,metallic,146.3,136.4,142.9,131.6,147.7,143.8,144.6,148.0,140.8,141.0,145.4,158.6,157.4,145.0,131.6,158.6,27.0,factory_normal
V00248,2016,Honda,Accord,R-556P,Radiant Red Metallic,metallic,142.6,121.5,132.0,141.8,131.1,125.2,140.2,135.9,127.2,137.1,128.1,130.3,129.9,132.5,121.5,142.6,21.1,factory_normal
V00249,2017,Honda,Accord,NH-830M,Lunar Silver Metallic,metallic,139.2,131.5,134.9,278.0,149.2,145.8,138.3,146.2,135.7,146.6,139.6,163.8,193.3,157.1,131.5,278.0,146.5,respray_suspected
V00250,2017,Honda,Accord,NH-731P,Crystal Black Pearl,pearl,147.0,129.7,137.7,143.5,135.7,149.5,147.2,138.9,138.9,135.1,134.7,145.9,156.0,141.5,129.7,156.0,26.3,factory_normal
V00251,2018,Honda,Accord,NH-731P,Crystal Black Pearl,pearl,141.4,135.2,150.6,152.7,136.2,141.6,144.9,149.8,139.5,146.9,142.2,173.8,160.2,147.3,135.2,173.8,38.6,respray_suspected
V00252,2018,Honda,Accord,B-593M,Aegean Blue Metallic,metallic,135.1,119.6,130.2,127.5,127.3,130.5,129.1,136.6,138.0,132.8,128.4,152.2,141.2,133.0,119.6,152.2,32.6,factory_normal
V00253,2019,Honda,Accord,R-556P,Radiant Red Metallic,metallic,137.2,122.6,130.8,127.3,128.5,138.6,136.6,128.5,128.9,131.5,137.1,140.3,150.1,133.7,122.6,150.1,27.5,factory_normal
V00254,2019,Honda,Accord,NH-731P,Crystal Black Pearl,pearl,150.8,145.5,155.3,153.7,158.3,156.7,149.8,152.1,152.4,145.9,147.8,163.8,157.7,153.1,145.5,163.8,18.3,respray_suspected
V00255,2020,Honda,Accord,B-593M,Aegean Blue Metallic,metallic,128.6,124.2,139.2,134.5,125.1,128.0,126.2,129.8,130.8,141.2,120.6,137.5,140.0,131.2,120.6,141.2,20.6,factory_normal
V00256,2020,Honda,Accord,R-556P,Radiant Red Metallic,metallic,130.6,141.5,136.4,145.8,140.3,144.4,141.1,143.7,138.5,134.1,141.6,160.1,143.9,141.7,130.6,160.1,29.5,respray_suspected
V00257,2021,Honda,Accord,NH-830M,Lunar Silver Metallic,metallic,127.9,133.9,138.3,136.2,134.3,133.5,128.0,129.8,136.0,133.1,141.6,142.2,128.7,134.1,127.9,142.2,14.3,factory_normal
V00258,2021,Honda,Accord,NH-830M,Lunar Silver Metallic,metallic,130.5,133.0,132.4,127.9,140.9,121.3,129.6,136.0,132.1,137.6,133.4,128.5,145.0,132.9,121.3,145.0,23.7,factory_normal
V00259,2021,Honda,Accord,NH-830M,Lunar Silver Metallic,metallic,227.3,128.2,131.8,138.7,126.7,133.6,134.0,131.0,136.0,131.9,131.3,164.3,170.6,145.0,126.7,227.3,100.6,respray_suspected
V00260,2022,Honda,Accord,B-593M,Aegean Blue Metallic,metallic,121.3,125.0,139.0,142.1,136.0,144.6,145.3,136.8,146.0,147.7,141.2,143.1,148.9,139.8,121.3,148.9,27.6,factory_normal
V00261,2022,Honda,Accord,R-556P,Radiant Red Metallic,metallic,144.2,133.5,134.1,137.3,142.5,136.1,152.7,136.9,135.2,143.8,141.8,153.6,141.9,141.0,133.5,153.6,20.1,factory_normal
V00262,2023,Honda,Accord,B-593M,Aegean Blue Metallic,metallic,119.2,123.0,130.7,133.5,135.5,139.2,137.7,134.0,134.7,143.4,131.5,147.9,146.6,135.1,119.2,147.9,28.7,factory_normal
V00263,2023,Honda,Accord,B-593M,Aegean Blue Metallic,metallic,144.8,134.5,138.2,144.0,141.7,140.1,141.1,140.8,137.9,137.3,139.7,142.5,139.9,140.2,134.5,144.8,10.3,factory_normal
V00264,2024,Honda,Accord,NH-830M,Lunar Silver Metallic,metallic,129.5,133.7,130.0,138.7,123.9,128.2,138.5,132.8,130.1,135.4,128.3,147.3,139.2,133.5,123.9,147.3,23.4,factory_normal
V00265,2024,Honda,Accord,R-556P,Radiant Red Metallic,metallic,130.3,117.4,121.3,140.9,132.8,130.0,129.5,127.8,303.7,132.8,142.2,137.6,141.1,145.2,117.4,303.7,186.3,repair_or_filler
V00266,2025,Honda,Accord,NH-731P,Crystal Black Pearl,pearl,154.7,141.8,158.3,156.9,152.4,155.2,154.9,150.7,156.6,151.0,155.2,151.2,155.3,153.4,141.8,158.3,16.5,factory_normal
V00267,2025,Honda,Accord,NH-731P,Crystal Black Pearl,pearl,145.6,146.0,145.2,135.4,144.1,148.6,142.0,149.0,146.5,145.6,142.1,153.2,147.3,145.4,135.4,153.2,17.8,factory_normal
V00268,2025,Honda,Accord,R-556P,Radiant Red Metallic,metallic,119.1,116.4,123.2,126.2,125.8,125.9,122.9,130.6,128.6,119.0,127.3,130.6,141.9,126.0,116.4,141.9,25.5,factory_normal
V00269,2026,Honda,Accord,NH-830M,Lunar Silver Metallic,metallic,138.2,136.3,129.2,142.5,137.5,138.8,129.7,138.1,136.1,131.4,145.5,156.4,146.9,139.0,129.2,156.4,27.2,factory_normal
V00270,2026,Honda,Accord,NH-731P,Crystal Black Pearl,pearl,134.9,133.6,136.4,141.6,148.3,144.4,135.9,139.6,146.3,138.5,140.6,156.5,130.4,140.5,130.4,156.5,26.1,factory_normal
V00271,2015,Honda,CR-V,NH-830M,Lunar Silver Metallic,metallic,87.7,81.6,96.3,93.8,83.7,84.0,95.9,85.7,94.2,95.3,84.6,90.1,104.4,90.6,81.6,104.4,22.8,thin_caution
V00272,2015,Honda,CR-V,NH-731P,Crystal Black Pearl,pearl,101.0,111.4,96.1,104.6,110.6,100.9,240.7,114.1,103.5,108.9,102.3,124.9,104.5,117.2,96.1,240.7,144.6,respray_suspected
V00273,2015,Honda,CR-V,R-556P,Radiant Red Metallic,metallic,89.7,72.3,93.9,87.6,89.1,82.8,87.6,88.8,85.6,87.7,76.7,93.9,95.3,87.0,72.3,95.3,23.0,thin_caution
V00274,2016,Honda,CR-V,B-593M,Aegean Blue Metallic,metallic,99.8,85.5,98.6,83.7,92.1,84.0,91.7,92.2,80.8,83.1,83.0,90.4,98.7,89.5,80.8,99.8,19.0,thin_caution
V00275,2016,Honda,CR-V,R-556P,Radiant Red Metallic,metallic,90.6,83.2,87.0,94.6,94.7,93.9,89.5,100.4,99.2,88.5,89.9,97.5,92.3,92.4,83.2,100.4,17.2,factory_normal
V00276,2017,Honda,CR-V,NH-830M,Lunar Silver Metallic,metallic,107.4,95.8,102.1,97.5,101.0,102.3,101.0,100.6,91.4,98.1,93.3,84.4,115.8,99.3,84.4,115.8,31.4,factory_normal
V00277,2017,Honda,CR-V,NH-830M,Lunar Silver Metallic,metallic,93.9,87.3,95.5,100.7,93.9,90.3,97.5,85.5,96.5,101.6,97.3,99.4,104.0,95.6,85.5,104.0,18.5,factory_normal
V00278,2018,Honda,CR-V,R-556P,Radiant Red Metallic,metallic,91.3,78.2,85.6,88.3,96.2,90.9,89.0,85.4,93.6,90.7,89.0,110.2,106.2,91.9,78.2,110.2,32.0,thin_caution
V00279,2018,Honda,CR-V,NH-731P,Crystal Black Pearl,pearl,105.7,95.7,109.6,107.2,109.9,111.2,91.5,108.6,98.1,107.9,102.7,114.8,103.0,105.1,91.5,114.8,23.3,factory_normal
V00280,2019,Honda,CR-V,NH-731P,Crystal Black Pearl,pearl,117.2,94.1,92.2,96.5,99.3,99.2,161.6,95.9,103.9,98.7,94.4,107.2,127.6,106.8,92.2,161.6,69.4,respray_suspected
V00281,2019,Honda,CR-V,NH-731P,Crystal Black Pearl,pearl,104.3,89.1,101.6,101.5,98.3,103.5,105.8,106.3,99.7,101.6,112.4,109.7,111.5,103.5,89.1,112.4,23.3,factory_normal
V00282,2019,Honda,CR-V,NH-731P,Crystal Black Pearl,pearl,102.5,96.6,99.5,101.4,95.8,105.2,110.0,110.0,107.9,96.7,109.1,114.3,112.0,104.7,95.8,114.3,18.5,factory_normal
V00283,2020,Honda,CR-V,R-556P,Radiant Red Metallic,metallic,92.3,95.9,100.8,87.8,92.1,93.1,88.8,89.1,95.1,93.6,230.2,86.5,235.8,113.9,86.5,235.8,149.3,respray_suspected
V00284,2020,Honda,CR-V,NH-731P,Crystal Black Pearl,pearl,102.7,81.0,88.9,93.8,105.0,99.1,91.4,102.4,103.4,98.7,98.2,109.6,110.1,98.8,81.0,110.1,29.1,factory_normal
V00285,2021,Honda,CR-V,NH-731P,Crystal Black Pearl,pearl,102.6,95.9,102.3,90.1,100.8,95.0,93.9,93.7,104.0,102.1,94.4,85.7,87.8,96.0,85.7,104.0,18.3,factory_normal
V00286,2021,Honda,CR-V,NH-830M,Lunar Silver Metallic,metallic,94.6,92.2,104.3,92.2,91.2,85.1,95.1,98.2,92.6,99.8,94.1,94.1,86.2,93.8,85.1,104.3,19.2,factory_normal
V00287,2021,Honda,CR-V,NH-830M,Lunar Silver Metallic,metallic,246.9,96.2,92.5,91.6,87.2,97.7,94.7,89.8,96.2,95.6,215.9,122.7,90.0,116.7,87.2,246.9,159.7,respray_suspected
V00288,2022,Honda,CR-V,NH-830M,Lunar Silver Metallic,metallic,92.3,83.2,105.1,249.0,98.2,97.0,93.8,93.9,99.0,92.3,102.0,234.8,110.3,119.3,83.2,249.0,165.8,respray_suspected
V00289,2022,Honda,CR-V,NH-830M,Lunar Silver Metallic,metallic,93.5,88.2,216.9,85.9,96.4,84.7,89.7,88.0,194.3,96.2,88.8,110.0,110.9,111.0,84.7,216.9,132.2,respray_suspected
V00290,2023,Honda,CR-V,B-593M,Aegean Blue Metallic,metallic,88.7,86.7,91.0,95.1,89.3,98.6,79.9,86.3,231.1,83.9,95.1,89.5,121.4,102.8,79.9,231.1,151.2,respray_suspected
V00291,2023,Honda,CR-V,B-593M,Aegean Blue Metallic,metallic,88.7,88.6,87.9,97.4,96.9,98.9,101.7,88.1,98.1,98.5,92.8,84.2,80.4,92.5,80.4,101.7,21.3,factory_normal
V00292,2024,Honda,CR-V,R-556P,Radiant Red Metallic,metallic,79.4,83.3,92.5,81.6,88.0,97.6,94.8,90.9,75.1,87.5,90.1,84.9,98.3,88.0,75.1,98.3,23.2,thin_caution
V00293,2024,Honda,CR-V,B-593M,Aegean Blue Metallic,metallic,271.3,93.1,95.6,88.4,93.8,96.8,92.1,100.2,98.3,89.5,96.0,114.8,220.7,119.3,88.4,271.3,182.9,respray_suspected
V00294,2025,Honda,CR-V,B-593M,Aegean Blue Metallic,metallic,92.8,88.3,90.2,94.5,81.6,86.5,97.7,99.3,91.7,90.0,84.1,105.2,106.8,93.0,81.6,106.8,25.2,factory_normal
V00295,2025,Honda,CR-V,R-556P,Radiant Red Metallic,metallic,91.0,73.4,95.7,88.9,82.4,95.0,94.0,85.0,99.3,83.2,89.8,102.0,74.1,88.8,73.4,102.0,28.6,thin_caution
V00296,2026,Honda,CR-V,R-556P,Radiant Red Metallic,metallic,92.0,84.9,102.1,87.6,90.4,92.6,94.2,98.2,98.3,92.7,92.3,81.8,127.8,95.0,81.8,127.8,46.0,factory_normal
V00297,2026,Honda,CR-V,NH-830M,Lunar Silver Metallic,metallic,86.9,76.5,80.1,83.5,84.0,82.0,77.9,83.6,88.0,82.7,85.3,65.5,96.2,82.5,65.5,96.2,30.7,thin_caution
V00298,2015,Honda,Fit/Jazz,NH-830M,Lunar Silver Metallic,metallic,100.2,90.2,89.6,96.7,95.4,100.4,94.8,95.1,101.4,102.9,100.9,114.3,108.0,99.2,89.6,114.3,24.7,factory_normal
V00299,2015,Honda,Fit/Jazz,R-556P,Radiant Red Metallic,metallic,108.7,90.8,95.5,94.9,96.6,97.9,91.1,86.8,98.2,88.7,98.0,99.9,98.7,95.8,86.8,108.7,21.9,factory_normal
V00300,2015,Honda,Fit/Jazz,B-593M,Aegean Blue Metallic,metallic,86.5,93.8,96.8,100.0,95.1,97.3,93.1,94.5,88.0,97.4,104.6,98.0,114.7,96.9,86.5,114.7,28.2,factory_normal
V00301,2016,Honda,Fit/Jazz,B-593M,Aegean Blue Metallic,metallic,90.9,86.4,93.1,90.7,88.9,93.1,88.8,91.1,87.5,83.4,87.5,97.6,76.8,88.9,76.8,97.6,20.8,thin_caution
V00302,2016,Honda,Fit/Jazz,NH-830M,Lunar Silver Metallic,metallic,90.7,76.8,84.0,94.0,93.7,92.7,89.3,104.0,92.5,89.0,101.7,110.8,101.8,93.9,76.8,110.8,34.0,factory_normal
V00303,2017,Honda,Fit/Jazz,NH-731P,Crystal Black Pearl,pearl,92.7,97.1,94.7,96.8,99.8,97.2,88.9,99.7,101.2,220.7,167.1,124.8,116.9,115.2,88.9,220.7,131.8,respray_suspected
V00304,2017,Honda,Fit/Jazz,R-556P,Radiant Red Metallic,metallic,90.4,85.4,89.5,95.5,91.5,85.3,91.2,92.4,85.1,86.6,86.8,105.7,108.7,91.9,85.1,108.7,23.6,thin_caution
V00305,2018,Honda,Fit/Jazz,R-556P,Radiant Red Metallic,metallic,91.6,86.3,87.4,85.8,85.6,86.8,81.9,90.7,88.0,88.6,89.8,77.5,73.7,85.7,73.7,91.6,17.9,thin_caution
V00306,2018,Honda,Fit/Jazz,NH-830M,Lunar Silver Metallic,metallic,84.8,92.2,101.4,91.7,102.1,103.2,98.7,105.8,97.1,90.3,96.6,94.4,95.3,96.4,84.8,105.8,21.0,factory_normal
V00307,2018,Honda,Fit/Jazz,NH-731P,Crystal Black Pearl,pearl,96.3,88.9,91.3,94.6,99.8,108.7,103.6,107.5,100.8,97.9,91.7,109.8,107.1,99.8,88.9,109.8,20.9,factory_normal
V00308,2019,Honda,Fit/Jazz,NH-731P,Crystal Black Pearl,pearl,107.1,104.9,97.4,99.3,100.3,99.3,94.8,101.5,102.9,103.0,95.0,106.0,96.2,100.6,94.8,107.1,12.3,factory_normal
V00309,2019,Honda,Fit/Jazz,NH-830M,Lunar Silver Metallic,metallic,90.4,80.9,104.4,97.0,97.1,106.2,95.2,98.5,95.8,101.7,98.2,84.9,101.5,96.3,80.9,106.2,25.3,factory_normal
V00310,2019,Honda,Fit/Jazz,NH-731P,Crystal Black Pearl,pearl,102.8,89.3,238.3,96.7,90.8,96.9,90.0,94.5,97.6,99.2,99.5,185.8,134.7,116.6,89.3,238.3,149.0,respray_suspected
V00311,2020,Honda,Fit/Jazz,NH-830M,Lunar Silver Metallic,metallic,89.4,89.8,92.9,96.1,74.9,92.1,95.8,100.4,90.7,81.9,93.5,107.9,97.1,92.5,74.9,107.9,33.0,factory_normal
V00312,2020,Honda,Fit/Jazz,NH-731P,Crystal Black Pearl,pearl,95.4,96.5,94.0,107.8,103.5,105.7,101.7,100.9,102.1,91.8,106.2,129.9,112.0,103.7,91.8,129.9,38.1,factory_normal
V00313,2021,Honda,Fit/Jazz,R-556P,Radiant Red Metallic,metallic,90.4,86.0,92.1,93.7,97.1,95.5,94.7,96.6,94.3,93.2,95.7,93.3,119.2,95.5,86.0,119.2,33.2,factory_normal
V00314,2021,Honda,Fit/Jazz,B-593M,Aegean Blue Metallic,metallic,96.3,87.6,91.5,91.3,95.9,95.0,92.1,83.2,88.9,91.5,99.9,101.1,100.6,93.5,83.2,101.1,17.9,factory_normal
V00315,2022,Honda,Fit/Jazz,NH-731P,Crystal Black Pearl,pearl,97.6,96.4,110.3,100.1,98.0,105.4,95.3,253.5,101.1,99.8,101.9,278.7,122.6,127.7,95.3,278.7,183.4,respray_suspected
V00316,2022,Honda,Fit/Jazz,NH-830M,Lunar Silver Metallic,metallic,75.3,80.2,90.2,92.8,83.7,98.9,93.3,88.7,92.6,90.0,88.0,101.8,87.3,89.4,75.3,101.8,26.5,thin_caution
V00317,2022,Honda,Fit/Jazz,R-556P,Radiant Red Metallic,metallic,104.9,95.6,91.4,96.8,102.0,95.2,90.2,96.7,106.1,88.7,98.9,115.2,110.2,99.4,88.7,115.2,26.5,factory_normal
V00318,2023,Honda,Fit/Jazz,NH-830M,Lunar Silver Metallic,metallic,92.4,85.2,95.1,90.9,94.4,89.0,94.0,90.9,99.9,229.6,95.1,107.3,83.2,103.6,83.2,229.6,146.4,respray_suspected
V00319,2023,Honda,Fit/Jazz,NH-731P,Crystal Black Pearl,pearl,98.8,90.2,99.6,96.1,95.7,96.9,102.8,103.2,103.9,99.4,96.5,262.7,120.1,112.8,90.2,262.7,172.5,respray_suspected
V00320,2023,Honda,Fit/Jazz,B-593M,Aegean Blue Metallic,metallic,88.8,218.8,251.8,86.8,88.9,86.3,90.9,91.5,96.0,95.1,92.0,90.2,103.9,113.9,86.3,251.8,165.5,respray_suspected
V00321,2024,Honda,Fit/Jazz,B-593M,Aegean Blue Metallic,metallic,93.5,81.5,98.6,91.1,104.2,96.0,91.3,92.8,89.9,97.3,102.8,126.1,94.7,96.9,81.5,126.1,44.6,factory_normal
V00322,2024,Honda,Fit/Jazz,NH-731P,Crystal Black Pearl,pearl,102.1,199.7,106.6,116.3,109.3,110.6,115.0,112.1,214.5,109.9,117.1,102.8,120.3,125.9,102.1,214.5,112.4,respray_suspected
V00323,2024,Honda,Fit/Jazz,B-593M,Aegean Blue Metallic,metallic,97.0,88.8,104.9,94.8,89.4,89.7,90.7,95.9,95.2,100.1,96.1,112.4,113.3,97.6,88.8,113.3,24.5,factory_normal
V00324,2025,Honda,Fit/Jazz,R-556P,Radiant Red Metallic,metallic,89.9,69.1,86.1,90.7,85.6,82.8,97.2,95.4,87.1,95.0,94.9,80.4,111.2,89.6,69.1,111.2,42.1,thin_caution
V00325,2025,Honda,Fit/Jazz,NH-731P,Crystal Black Pearl,pearl,105.3,98.0,98.6,107.6,95.4,104.8,98.4,101.0,100.1,100.5,99.6,92.9,98.5,100.1,92.9,107.6,14.7,factory_normal
V00326,2025,Honda,Fit/Jazz,NH-731P,Crystal Black Pearl,pearl,100.7,93.0,100.4,93.4,85.9,100.0,92.0,95.5,94.2,103.4,94.2,114.5,109.9,98.2,85.9,114.5,28.6,factory_normal
V00327,2026,Honda,Fit/Jazz,R-556P,Radiant Red Metallic,metallic,88.0,79.2,87.1,84.8,82.1,96.5,77.2,87.8,88.7,87.3,81.7,89.6,86.8,85.9,77.2,96.5,19.3,thin_caution
V00328,2026,Honda,Fit/Jazz,NH-731P,Crystal Black Pearl,pearl,108.6,97.8,108.5,106.7,107.5,101.4,102.5,102.0,107.2,110.0,111.7,103.1,108.0,105.8,97.8,111.7,13.9,factory_normal
V00329,2026,Honda,Fit/Jazz,R-556P,Radiant Red Metallic,metallic,91.5,78.7,80.4,100.4,89.7,87.2,92.2,85.0,96.7,81.1,82.2,88.6,95.1,88.4,78.7,100.4,21.7,thin_caution
V00330,2015,Honda,HR-V,NH-731P,Crystal Black Pearl,pearl,108.8,104.3,115.4,109.6,109.7,108.8,107.9,105.5,108.4,103.4,113.0,108.7,123.1,109.7,103.4,123.1,19.7,factory_normal
V00331,2015,Honda,HR-V,NH-830M,Lunar Silver Metallic,metallic,100.3,97.9,95.8,104.7,95.4,99.9,90.7,96.1,101.9,97.1,97.1,116.4,111.5,100.4,90.7,116.4,25.7,factory_normal
V00332,2016,Honda,HR-V,B-593M,Aegean Blue Metallic,metallic,91.2,85.4,99.5,94.9,98.9,92.2,98.0,101.9,98.1,85.6,99.8,122.9,93.2,97.0,85.4,122.9,37.5,factory_normal
V00333,2016,Honda,HR-V,NH-830M,Lunar Silver Metallic,metallic,80.0,83.6,88.3,89.3,91.9,82.2,89.1,90.3,85.3,82.0,81.9,110.2,82.6,87.4,80.0,110.2,30.2,thin_caution
V00334,2017,Honda,HR-V,B-593M,Aegean Blue Metallic,metallic,90.4,82.4,96.9,101.1,88.8,94.9,95.0,87.1,85.4,97.8,87.9,104.5,108.2,93.9,82.4,108.2,25.8,factory_normal
V00335,2017,Honda,HR-V,NH-731P,Crystal Black Pearl,pearl,100.0,86.0,96.6,105.9,111.3,101.7,94.5,103.7,88.6,96.3,107.4,110.5,94.5,99.8,86.0,111.3,25.3,factory_normal
V00336,2017,Honda,HR-V,R-556P,Radiant Red Metallic,metallic,85.0,91.9,91.3,89.5,87.9,95.8,90.5,97.6,93.2,99.9,92.6,129.1,79.7,94.2,79.7,129.1,49.4,factory_normal
V00337,2018,Honda,HR-V,NH-731P,Crystal Black Pearl,pearl,109.7,94.1,107.8,113.8,117.4,108.4,108.0,111.5,114.8,111.7,105.5,123.6,125.2,111.7,94.1,125.2,31.1,factory_normal
V00338,2018,Honda,HR-V,B-593M,Aegean Blue Metallic,metallic,97.7,90.9,95.1,92.2,92.6,94.5,94.9,102.8,91.2,97.1,94.4,112.9,101.4,96.7,90.9,112.9,22.0,factory_normal
V00339,2018,Honda,HR-V,R-556P,Radiant Red Metallic,metallic,95.1,85.9,90.3,87.1,81.1,90.0,86.8,89.8,86.4,83.1,81.5,111.3,92.2,89.3,81.1,111.3,30.2,thin_caution
V00340,2019,Honda,HR-V,R-556P,Radiant Red Metallic,metallic,97.2,87.2,87.7,95.0,100.9,94.4,93.8,99.1,89.8,96.2,98.9,97.3,101.5,95.3,87.2,101.5,14.3,factory_normal
V00341,2019,Honda,HR-V,R-556P,Radiant Red Metallic,metallic,86.4,80.1,93.2,96.6,97.7,86.8,96.4,94.8,90.9,93.4,95.1,105.5,104.8,94.0,80.1,105.5,25.4,factory_normal
V00342,2019,Honda,HR-V,NH-830M,Lunar Silver Metallic,metallic,83.0,82.1,77.4,88.7,84.0,85.2,86.1,93.4,84.6,82.6,93.0,92.3,94.2,86.7,77.4,94.2,16.8,thin_caution
V00343,2020,Honda,HR-V,NH-830M,Lunar Silver Metallic,metallic,86.3,87.3,90.8,98.2,86.4,87.7,85.1,97.0,84.1,94.0,97.3,80.8,103.2,90.6,80.8,103.2,22.4,factory_normal
V00344,2020,Honda,HR-V,R-556P,Radiant Red Metallic,metallic,85.4,88.0,91.0,86.7,86.7,82.0,88.3,99.7,85.7,91.3,86.5,95.9,111.0,90.6,82.0,111.0,29.0,thin_caution
V00345,2020,Honda,HR-V,NH-830M,Lunar Silver Metallic,metallic,95.0,81.9,99.5,275.5,94.6,95.6,98.9,94.5,190.4,96.4,85.8,89.2,95.0,114.8,81.9,275.5,193.6,respray_suspected
V00346,2021,Honda,HR-V,NH-830M,Lunar Silver Metallic,metallic,89.0,86.2,90.7,92.6,85.4,88.1,88.2,89.3,79.1,88.3,82.8,99.3,114.4,90.3,79.1,114.4,35.3,thin_caution
V00347,2021,Honda,HR-V,R-556P,Radiant Red Metallic,metallic,90.3,77.6,84.4,89.6,96.0,87.2,98.4,100.9,80.9,87.1,82.6,103.7,95.0,90.3,77.6,103.7,26.1,thin_caution
V00348,2021,Honda,HR-V,NH-731P,Crystal Black Pearl,pearl,114.7,106.0,114.3,105.4,115.8,120.5,112.7,104.9,118.5,110.2,97.1,124.8,123.9,113.0,97.1,124.8,27.7,factory_normal
V00349,2022,Honda,HR-V,R-556P,Radiant Red Metallic,metallic,93.3,79.3,86.9,92.3,80.5,80.3,88.8,91.2,87.6,78.6,90.1,97.6,95.9,87.9,78.6,97.6,19.0,thin_caution
V00350,2022,Honda,HR-V,R-556P,Radiant Red Metallic,metallic,89.5,77.4,89.9,80.2,87.8,84.6,78.4,82.9,80.7,80.6,83.7,97.5,101.0,85.7,77.4,101.0,23.6,thin_caution
V00351,2022,Honda,HR-V,NH-731P,Crystal Black Pearl,pearl,107.8,107.0,106.0,106.5,117.3,108.1,121.5,105.6,114.8,106.8,113.5,120.4,135.7,113.2,105.6,135.7,30.1,factory_normal
V00352,2023,Honda,HR-V,B-593M,Aegean Blue Metallic,metallic,80.9,219.2,70.3,77.6,72.0,79.5,79.9,99.9,82.7,89.9,87.4,71.8,83.2,91.9,70.3,219.2,148.9,respray_suspected
V00353,2023,Honda,HR-V,NH-830M,Lunar Silver Metallic,metallic,85.9,74.4,81.6,82.6,82.5,86.7,83.8,84.1,76.2,78.0,84.8,85.9,98.8,83.5,74.4,98.8,24.4,thin_caution
V00354,2023,Honda,HR-V,R-556P,Radiant Red Metallic,metallic,82.8,82.4,99.8,75.6,86.0,182.1,90.9,84.3,73.9,92.7,80.7,87.7,92.1,93.2,73.9,182.1,108.2,respray_suspected
V00355,2024,Honda,HR-V,B-593M,Aegean Blue Metallic,metallic,86.3,76.6,82.5,84.3,83.6,79.2,91.7,80.9,86.9,84.2,89.2,81.3,123.5,86.9,76.6,123.5,46.9,thin_caution
V00356,2024,Honda,HR-V,NH-830M,Lunar Silver Metallic,metallic,80.0,79.8,92.8,79.2,85.2,84.7,96.9,84.7,92.7,82.8,82.1,105.2,90.8,87.5,79.2,105.2,26.0,thin_caution
V00357,2025,Honda,HR-V,NH-731P,Crystal Black Pearl,pearl,95.3,92.3,92.0,98.4,91.2,99.0,98.2,93.5,102.8,108.2,105.2,93.6,112.5,98.6,91.2,112.5,21.3,factory_normal
V00358,2025,Honda,HR-V,NH-830M,Lunar Silver Metallic,metallic,93.2,84.5,93.2,98.2,104.5,90.0,95.3,93.4,91.5,97.2,98.0,101.1,92.8,94.8,84.5,104.5,20.0,factory_normal
V00359,2026,Honda,HR-V,B-593M,Aegean Blue Metallic,metallic,85.9,88.4,95.9,86.3,96.7,94.9,87.2,91.5,91.2,94.6,94.7,96.8,95.7,92.3,85.9,96.8,10.9,factory_normal
V00360,2026,Honda,HR-V,R-556P,Radiant Red Metallic,metallic,80.4,85.5,82.4,90.0,93.0,79.6,88.4,85.0,85.0,86.6,81.2,74.9,120.2,87.1,74.9,120.2,45.3,thin_caution
V00361,2015,Honda,Pilot,NH-731P,Crystal Black Pearl,pearl,104.5,103.9,102.6,115.3,108.1,109.3,102.3,102.9,103.5,108.7,106.1,111.7,106.6,106.6,102.3,115.3,13.0,factory_normal
V00362,2015,Honda,Pilot,R-556P,Radiant Red Metallic,metallic,108.3,112.2,105.6,108.6,106.6,110.3,109.6,104.3,107.2,113.0,113.7,129.7,108.7,110.6,104.3,129.7,25.4,factory_normal
V00363,2016,Honda,Pilot,R-556P,Radiant Red Metallic,metallic,234.3,104.1,108.1,116.9,110.4,250.7,112.8,110.4,121.0,111.6,115.0,113.9,115.6,132.7,104.1,250.7,146.6,respray_suspected
V00364,2016,Honda,Pilot,R-556P,Radiant Red Metallic,metallic,109.0,99.7,104.5,97.6,100.3,102.1,101.7,96.9,97.3,103.6,102.6,100.8,95.0,100.9,95.0,109.0,14.0,factory_normal
V00365,2016,Honda,Pilot,R-556P,Radiant Red Metallic,metallic,107.6,205.2,125.3,110.7,107.5,116.0,114.8,121.8,107.5,105.9,112.2,127.9,252.4,131.9,105.9,252.4,146.5,respray_suspected
V00366,2017,Honda,Pilot,NH-830M,Lunar Silver Metallic,metallic,105.3,109.8,100.3,103.5,223.5,103.9,101.9,103.5,105.9,104.0,109.4,114.1,119.5,115.7,100.3,223.5,123.2,respray_suspected
V00367,2017,Honda,Pilot,NH-830M,Lunar Silver Metallic,metallic,111.0,107.9,111.0,103.0,97.6,103.2,106.1,109.4,104.5,103.9,112.8,112.5,112.8,107.4,97.6,112.8,15.2,factory_normal
V00368,2018,Honda,Pilot,NH-830M,Lunar Silver Metallic,metallic,97.6,90.3,96.9,90.3,94.0,94.2,88.0,87.4,97.7,96.3,91.0,108.8,127.3,96.9,87.4,127.3,39.9,factory_normal
V00369,2018,Honda,Pilot,NH-731P,Crystal Black Pearl,pearl,111.7,99.9,95.4,108.4,109.7,110.5,110.4,104.4,100.9,102.3,104.4,117.5,132.4,108.3,95.4,132.4,37.0,factory_normal
V00370,2018,Honda,Pilot,NH-830M,Lunar Silver Metallic,metallic,92.8,88.0,92.0,92.8,101.1,93.6,93.3,97.1,102.4,96.7,96.7,100.7,110.6,96.8,88.0,110.6,22.6,factory_normal
V00371,2019,Honda,Pilot,NH-830M,Lunar Silver Metallic,metallic,94.0,99.4,93.4,104.9,100.2,94.9,93.7,97.7,99.1,95.7,101.9,81.6,109.9,97.4,81.6,109.9,28.3,factory_normal
V00372,2019,Honda,Pilot,NH-830M,Lunar Silver Metallic,metallic,102.4,90.7,96.4,102.0,95.2,104.8,104.6,102.9,104.1,99.3,94.8,93.0,116.7,100.5,90.7,116.7,26.0,factory_normal
V00373,2020,Honda,Pilot,NH-731P,Crystal Black Pearl,pearl,106.0,107.2,110.3,99.3,105.1,108.9,111.1,113.5,97.1,106.2,110.1,109.9,130.6,108.9,97.1,130.6,33.5,factory_normal
V00374,2020,Honda,Pilot,R-556P,Radiant Red Metallic,metallic,118.2,110.1,114.8,101.7,109.0,116.1,105.4,111.2,111.9,116.8,113.8,128.6,116.1,113.4,101.7,128.6,26.9,factory_normal
V00375,2021,Honda,Pilot,NH-731P,Crystal Black Pearl,pearl,121.5,111.8,120.1,123.3,113.2,116.3,115.1,116.9,107.9,115.1,114.7,124.1,141.2,118.6,107.9,141.2,33.3,factory_normal
V00376,2021,Honda,Pilot,NH-830M,Lunar Silver Metallic,metallic,104.2,89.3,104.0,99.4,101.2,104.1,103.1,112.0,106.0,96.5,107.7,116.9,105.4,103.8,89.3,116.9,27.6,factory_normal
V00377,2022,Honda,Pilot,NH-731P,Crystal Black Pearl,pearl,109.3,103.3,118.0,107.3,113.4,120.7,115.2,112.8,111.6,110.6,112.2,116.2,135.7,114.3,103.3,135.7,32.4,factory_normal
V00378,2022,Honda,Pilot,R-556P,Radiant Red Metallic,metallic,93.0,86.2,89.7,90.2,96.9,87.0,90.6,91.9,95.5,88.4,100.5,91.4,112.6,93.4,86.2,112.6,26.4,factory_normal
V00379,2023,Honda,Pilot,NH-731P,Crystal Black Pearl,pearl,115.1,106.8,107.6,115.7,104.6,115.2,107.6,114.0,118.7,114.7,109.0,119.5,122.7,113.2,104.6,122.7,18.1,factory_normal
V00380,2023,Honda,Pilot,R-556P,Radiant Red Metallic,metallic,110.1,101.4,102.7,112.7,101.6,110.8,115.5,97.6,108.9,109.1,108.7,116.2,106.6,107.8,97.6,116.2,18.6,factory_normal
V00381,2023,Honda,Pilot,R-556P,Radiant Red Metallic,metallic,103.9,100.3,106.5,105.7,106.5,99.8,92.8,109.2,253.4,268.0,102.9,126.5,124.0,130.7,92.8,268.0,175.2,respray_suspected
V00382,2024,Honda,Pilot,B-593M,Aegean Blue Metallic,metallic,90.5,94.5,82.8,90.7,99.2,93.4,96.5,87.7,103.2,98.5,95.5,90.2,101.7,94.2,82.8,103.2,20.4,factory_normal
V00383,2024,Honda,Pilot,B-593M,Aegean Blue Metallic,metallic,108.2,106.8,110.8,113.3,102.5,105.9,113.5,109.2,112.0,119.9,108.7,104.3,94.0,108.4,94.0,119.9,25.9,factory_normal
V00384,2025,Honda,Pilot,B-593M,Aegean Blue Metallic,metallic,96.6,92.0,99.3,99.5,90.1,101.9,91.2,97.0,108.5,96.4,104.1,93.0,97.0,97.4,90.1,108.5,18.4,factory_normal
V00385,2025,Honda,Pilot,R-556P,Radiant Red Metallic,metallic,96.8,93.0,107.5,101.4,100.1,99.0,105.1,198.0,105.1,255.0,113.4,108.9,86.4,120.7,86.4,255.0,168.6,respray_suspected
V00386,2026,Honda,Pilot,B-593M,Aegean Blue Metallic,metallic,107.4,99.8,110.0,104.9,111.4,104.1,108.8,108.3,109.2,106.9,105.4,115.5,300.9,122.5,99.8,300.9,201.1,repair_or_filler
V00387,2026,Honda,Pilot,B-593M,Aegean Blue Metallic,metallic,104.3,94.9,110.5,111.6,109.3,108.6,108.4,106.4,107.9,106.6,108.1,85.6,111.7,105.7,85.6,111.7,26.1,factory_normal
V00388,2015,Ford,Focus,G2,Redfire Pearl Metallic,pearl,120.5,118.3,122.7,123.8,120.0,124.5,127.0,126.6,118.7,113.3,123.7,143.4,135.7,124.5,113.3,143.4,30.1,factory_normal
V00389,2015,Ford,Focus,YZ,Oxford White,solid,110.8,103.2,104.3,107.1,102.8,100.6,99.4,103.0,100.0,106.8,101.4,127.5,112.1,106.1,99.4,127.5,28.1,factory_normal
V00390,2015,Ford,Focus,UX,Ingot Silver Metallic,metallic,104.3,107.7,101.9,106.1,106.4,103.8,106.4,99.8,107.2,98.8,107.5,143.0,113.1,108.2,98.8,143.0,44.2,factory_normal
V00391,2016,Ford,Focus,UX,Ingot Silver Metallic,metallic,97.0,104.0,94.8,100.7,97.5,103.7,97.9,95.2,101.4,93.6,94.8,106.6,89.2,98.2,89.2,106.6,17.4,factory_normal
V00392,2016,Ford,Focus,UX,Ingot Silver Metallic,metallic,97.9,92.2,94.1,98.8,98.5,94.7,91.3,90.5,92.2,98.2,97.7,100.4,105.6,96.3,90.5,105.6,15.1,factory_normal
V00393,2017,Ford,Focus,UX,Ingot Silver Metallic,metallic,92.8,103.9,104.6,102.8,113.6,108.1,106.2,98.3,104.9,100.8,102.8,126.6,117.8,106.4,92.8,126.6,33.8,factory_normal
V00394,2017,Ford,Focus,UM,Agate Black Metallic,metallic,111.4,111.4,105.4,104.1,109.4,102.5,110.1,101.3,102.0,106.4,99.5,122.9,111.5,107.5,99.5,122.9,23.4,factory_normal
V00395,2018,Ford,Focus,UM,Agate Black Metallic,metallic,92.5,87.0,91.7,91.4,247.6,99.8,88.5,98.7,96.0,93.2,97.2,108.4,99.5,107.0,87.0,247.6,160.6,respray_suspected
V00396,2018,Ford,Focus,G2,Redfire Pearl Metallic,pearl,178.1,115.7,113.1,107.6,115.1,112.4,114.4,117.0,107.4,110.9,222.1,116.3,127.3,127.5,107.4,222.1,114.7,respray_suspected
V00397,2018,Ford,Focus,G2,Redfire Pearl Metallic,pearl,106.8,107.2,110.2,102.6,107.8,107.3,105.6,111.3,101.8,106.1,103.9,122.0,98.7,107.0,98.7,122.0,23.3,factory_normal
V00398,2019,Ford,Focus,UM,Agate Black Metallic,metallic,99.1,103.4,103.1,107.9,100.5,97.4,97.3,102.7,221.9,101.2,200.0,110.9,88.2,118.0,88.2,221.9,133.7,respray_suspected
V00399,2019,Ford,Focus,G2,Redfire Pearl Metallic,pearl,117.8,109.4,102.8,112.2,104.8,111.1,108.6,103.0,111.6,102.2,114.7,131.8,125.2,111.9,102.2,131.8,29.6,factory_normal
V00400,2020,Ford,Focus,UX,Ingot Silver Metallic,metallic,104.2,104.9,104.0,112.0,106.0,96.7,115.1,109.4,100.2,103.6,101.1,107.9,107.6,105.6,96.7,115.1,18.4,factory_normal
V00401,2020,Ford,Focus,G2,Redfire Pearl Metallic,pearl,107.1,114.5,111.1,107.3,117.2,111.4,106.7,109.4,115.6,105.1,117.3,138.4,123.2,114.2,105.1,138.4,33.3,factory_normal
V00402,2021,Ford,Focus,UM,Agate Black Metallic,metallic,92.7,96.1,96.1,95.1,90.1,101.3,97.5,97.5,103.7,94.4,96.8,113.5,103.0,98.3,90.1,113.5,23.4,factory_normal
V00403,2021,Ford,Focus,G2,Redfire Pearl Metallic,pearl,114.6,107.0,113.1,110.4,120.1,117.2,116.1,122.4,120.5,117.1,110.4,108.8,118.8,115.1,107.0,122.4,15.4,factory_normal
V00404,2021,Ford,Focus,UM,Agate Black Metallic,metallic,93.3,95.5,101.3,91.0,103.0,103.1,97.2,93.6,96.4,89.9,105.2,112.3,117.4,99.9,89.9,117.4,27.5,factory_normal
V00405,2022,Ford,Focus,YZ,Oxford White,solid,110.4,108.0,117.9,106.7,105.2,103.9,111.3,99.5,110.8,108.4,104.8,106.7,125.2,109.1,99.5,125.2,25.7,factory_normal
V00406,2022,Ford,Focus,UM,Agate Black Metallic,metallic,96.3,98.1,93.5,98.6,98.9,97.3,95.8,91.8,92.9,94.6,102.3,110.2,96.1,97.4,91.8,110.2,18.4,factory_normal
V00407,2023,Ford,Focus,YZ,Oxford White,solid,87.6,92.8,91.5,96.9,87.5,95.8,93.7,86.8,96.6,95.9,85.3,106.0,101.5,93.7,85.3,106.0,20.7,factory_normal
V00408,2023,Ford,Focus,YZ,Oxford White,solid,103.5,98.9,103.7,110.5,97.9,84.7,94.8,91.8,97.4,97.5,91.1,74.4,113.1,96.9,74.4,113.1,38.7,factory_normal
V00409,2023,Ford,Focus,G2,Redfire Pearl Metallic,pearl,107.0,100.6,105.3,110.5,110.7,107.8,104.2,101.6,111.9,108.1,103.5,115.1,111.2,107.5,100.6,115.1,14.5,factory_normal
V00410,2024,Ford,Focus,UX,Ingot Silver Metallic,metallic,105.8,93.4,99.3,93.9,91.5,100.8,111.7,107.6,100.1,98.1,100.9,131.4,103.5,102.9,91.5,131.4,39.9,factory_normal
V00411,2024,Ford,Focus,G2,Redfire Pearl Metallic,pearl,108.8,114.3,119.4,116.8,109.5,116.2,108.5,104.8,114.4,118.7,116.0,109.0,99.5,112.0,99.5,119.4,19.9,factory_normal
V00412,2025,Ford,Focus,YZ,Oxford White,solid,93.2,94.4,106.8,105.8,104.2,100.6,103.7,99.1,100.2,97.5,103.1,99.6,132.8,103.2,93.2,132.8,39.6,factory_normal
V00413,2025,Ford,Focus,UM,Agate Black Metallic,metallic,106.5,109.6,110.6,93.3,109.2,110.3,111.4,93.2,100.9,103.8,102.0,124.5,94.4,105.4,93.2,124.5,31.3,factory_normal
V00414,2025,Ford,Focus,G2,Redfire Pearl Metallic,pearl,106.0,100.1,105.5,93.1,85.7,99.3,103.3,99.2,95.9,103.1,110.7,128.1,105.0,102.7,85.7,128.1,42.4,factory_normal
V00415,2026,Ford,Focus,YZ,Oxford White,solid,98.1,107.5,106.9,105.1,107.7,99.9,102.3,100.1,106.5,99.4,104.7,104.1,111.4,104.1,98.1,111.4,13.3,factory_normal
V00416,2026,Ford,Focus,UM,Agate Black Metallic,metallic,91.2,81.9,97.8,89.2,91.1,88.1,97.3,87.8,94.8,98.2,100.5,119.1,115.3,96.3,81.9,119.1,37.2,factory_normal
V00417,2026,Ford,Focus,UX,Ingot Silver Metallic,metallic,104.8,101.8,109.8,110.7,99.2,109.0,105.6,108.8,105.8,110.0,109.5,117.5,94.5,106.7,94.5,117.5,23.0,factory_normal
V00418,2015,Ford,F-150,YZ,Oxford White,solid,106.4,95.4,102.5,100.2,101.2,91.2,101.0,98.6,101.6,98.0,103.4,109.4,119.4,102.2,91.2,119.4,28.2,factory_normal
V00419,2015,Ford,F-150,YZ,Oxford White,solid,104.6,99.4,105.9,108.1,101.6,181.1,104.2,96.6,103.8,108.6,99.6,95.4,286.0,122.7,95.4,286.0,190.6,respray_suspected
V00420,2015,Ford,F-150,UX,Ingot Silver Metallic,metallic,94.5,105.0,92.7,98.1,95.1,91.7,106.6,88.1,105.6,91.5,98.9,130.8,98.1,99.7,88.1,130.8,42.7,factory_normal
V00421,2016,Ford,F-150,YZ,Oxford White,solid,105.9,112.6,103.4,106.0,111.2,115.0,102.4,106.7,102.5,102.1,103.3,103.4,106.4,106.2,102.1,115.0,12.9,factory_normal
V00422,2016,Ford,F-150,UX,Ingot Silver Metallic,metallic,99.5,101.3,105.4,105.7,101.6,101.9,111.3,100.5,99.7,94.2,104.2,117.1,129.0,105.5,94.2,129.0,34.8,factory_normal
V00423,2016,Ford,F-150,YZ,Oxford White,solid,108.5,100.9,100.3,99.3,98.9,99.1,89.4,103.3,101.1,96.2,100.5,137.1,103.2,102.9,89.4,137.1,47.7,factory_normal
V00424,2017,Ford,F-150,G2,Redfire Pearl Metallic,pearl,124.2,117.8,120.8,242.9,119.4,121.2,117.9,117.8,121.6,116.4,123.4,129.9,123.2,130.5,116.4,242.9,126.5,respray_suspected
V00425,2017,Ford,F-150,UX,Ingot Silver Metallic,metallic,105.3,102.7,98.9,103.0,99.9,97.1,98.7,111.3,103.2,103.4,96.4,120.0,129.8,105.4,96.4,129.8,33.4,factory_normal
V00426,2017,Ford,F-150,UX,Ingot Silver Metallic,metallic,96.7,98.0,92.5,108.3,97.0,96.1,102.3,93.2,95.5,91.7,205.4,100.8,101.5,106.1,91.7,205.4,113.7,respray_suspected
V00427,2018,Ford,F-150,UX,Ingot Silver Metallic,metallic,92.7,100.9,92.2,99.3,98.7,95.6,94.4,95.1,108.3,97.1,97.4,99.5,98.2,97.6,92.2,108.3,16.1,factory_normal
V00428,2018,Ford,F-150,UM,Agate Black Metallic,metallic,102.8,101.6,103.7,107.7,97.2,104.3,102.8,106.2,103.8,100.4,98.8,95.6,132.0,104.4,95.6,132.0,36.4,factory_normal
V00429,2018,Ford,F-150,UX,Ingot Silver Metallic,metallic,101.0,105.4,102.2,99.6,108.6,100.8,95.6,100.5,104.7,96.7,105.8,120.4,104.5,103.5,95.6,120.4,24.8,factory_normal
V00430,2019,Ford,F-150,UX,Ingot Silver Metallic,metallic,94.9,94.7,92.2,93.0,96.6,97.8,98.2,99.9,100.9,86.5,92.6,109.8,99.3,96.6,86.5,109.8,23.3,factory_normal
V00431,2019,Ford,F-150,UX,Ingot Silver Metallic,metallic,110.6,102.9,103.1,108.9,106.8,111.4,106.4,108.2,102.0,100.1,104.5,100.9,112.7,106.0,100.1,112.7,12.6,factory_normal
V00432,2019,Ford,F-150,UX,Ingot Silver Metallic,metallic,99.4,105.2,98.2,99.2,97.1,95.9,96.1,95.1,99.9,87.0,93.5,99.5,103.2,97.6,87.0,105.2,18.2,factory_normal
V00433,2020,Ford,F-150,G2,Redfire Pearl Metallic,pearl,108.0,109.5,113.5,96.5,108.5,98.0,110.2,108.9,109.1,111.0,108.6,110.8,117.0,108.4,96.5,117.0,20.5,factory_normal
V00434,2020,Ford,F-150,UX,Ingot Silver Metallic,metallic,106.7,98.7,97.6,99.0,97.0,99.9,107.2,104.9,107.9,108.2,96.9,98.2,103.0,101.9,96.9,108.2,11.3,factory_normal
V00435,2021,Ford,F-150,UM,Agate Black Metallic,metallic,102.1,96.5,89.4,100.1,100.8,103.3,104.7,101.1,99.1,97.1,92.4,126.0,111.8,101.9,89.4,126.0,36.6,factory_normal
V00436,2021,Ford,F-150,YZ,Oxford White,solid,110.1,99.6,97.5,105.9,108.6,99.8,103.5,101.5,99.5,98.9,105.8,128.3,101.1,104.6,97.5,128.3,30.8,factory_normal
V00437,2022,Ford,F-150,UM,Agate Black Metallic,metallic,85.9,93.5,92.2,97.5,87.9,90.0,92.0,103.1,86.0,94.5,89.9,105.2,107.0,94.2,85.9,107.0,21.1,factory_normal
V00438,2022,Ford,F-150,UM,Agate Black Metallic,metallic,98.9,92.0,98.2,96.2,98.7,103.4,101.7,102.1,105.2,88.5,101.9,113.1,118.5,101.4,88.5,118.5,30.0,factory_normal
V00439,2023,Ford,F-150,YZ,Oxford White,solid,162.4,106.7,103.8,98.6,98.4,98.8,99.1,95.6,101.6,94.7,94.1,277.5,105.3,118.2,94.1,277.5,183.4,respray_suspected
V00440,2023,Ford,F-150,UM,Agate Black Metallic,metallic,97.7,104.5,108.6,96.9,100.3,96.0,104.9,98.3,94.6,106.2,104.2,129.6,129.9,105.5,94.6,129.9,35.3,factory_normal
V00441,2024,Ford,F-150,YZ,Oxford White,solid,96.2,95.8,99.1,96.0,88.5,91.7,102.3,101.1,94.8,94.9,94.8,97.4,97.0,96.1,88.5,102.3,13.8,factory_normal
V00442,2024,Ford,F-150,UM,Agate Black Metallic,metallic,97.2,102.4,85.4,103.3,98.3,92.5,88.5,101.6,97.3,98.9,94.7,108.8,92.2,97.0,85.4,108.8,23.4,factory_normal
V00443,2024,Ford,F-150,G2,Redfire Pearl Metallic,pearl,110.2,113.1,121.7,119.6,129.0,127.3,121.5,121.8,109.8,114.3,117.0,117.6,130.1,119.5,109.8,130.1,20.3,factory_normal
V00444,2025,Ford,F-150,YZ,Oxford White,solid,105.5,100.7,102.8,95.8,107.3,286.2,105.8,106.4,105.8,113.8,105.0,113.8,108.8,119.8,95.8,286.2,190.4,respray_suspected
V00445,2025,Ford,F-150,G2,Redfire Pearl Metallic,pearl,112.7,119.5,114.8,121.8,120.5,112.0,124.8,125.0,114.7,122.0,124.8,138.2,135.1,122.0,112.0,138.2,26.2,factory_normal
V00446,2025,Ford,F-150,UX,Ingot Silver Metallic,metallic,103.6,101.0,97.7,96.0,98.0,97.1,100.8,100.6,99.4,99.8,100.7,119.3,110.3,101.9,96.0,119.3,23.3,factory_normal
V00447,2026,Ford,F-150,YZ,Oxford White,solid,86.0,80.7,93.5,98.2,88.1,94.9,90.6,93.8,88.6,91.4,92.0,64.9,107.6,90.0,64.9,107.6,42.7,factory_normal
V00448,2026,Ford,F-150,G2,Redfire Pearl Metallic,pearl,102.9,99.1,95.9,99.0,99.1,111.8,110.0,98.8,99.1,102.7,103.9,115.7,89.0,102.1,89.0,115.7,26.7,factory_normal
V00449,2015,Ford,Mustang,G2,Redfire Pearl Metallic,pearl,107.2,101.1,110.0,111.8,108.9,106.5,111.7,108.6,103.4,109.3,102.6,123.3,131.0,110.4,101.1,131.0,29.9,factory_normal
V00450,2015,Ford,Mustang,UX,Ingot Silver Metallic,metallic,111.4,95.9,102.6,96.5,103.1,91.7,95.5,100.8,104.1,105.3,105.5,107.2,113.0,102.5,91.7,113.0,21.3,factory_normal
V00451,2016,Ford,Mustang,YZ,Oxford White,solid,108.2,230.9,102.6,114.1,102.7,104.2,115.2,94.4,106.3,96.1,101.4,100.2,106.7,114.1,94.4,230.9,136.5,respray_suspected
V00452,2016,Ford,Mustang,UX,Ingot Silver Metallic,metallic,104.5,94.9,104.7,99.2,99.7,107.1,101.8,91.9,103.7,86.9,102.6,103.9,121.8,101.7,86.9,121.8,34.9,factory_normal
V00453,2017,Ford,Mustang,UX,Ingot Silver Metallic,metallic,94.1,93.1,103.7,96.5,97.9,95.9,91.2,95.3,92.4,89.6,95.7,115.0,118.0,98.3,89.6,118.0,28.4,factory_normal
V00454,2017,Ford,Mustang,UX,Ingot Silver Metallic,metallic,93.0,93.4,101.0,108.3,92.2,85.2,99.4,95.0,96.0,101.5,95.7,84.9,96.2,95.5,84.9,108.3,23.4,factory_normal
V00455,2017,Ford,Mustang,G2,Redfire Pearl Metallic,pearl,115.4,103.4,108.9,108.5,113.7,117.4,109.8,106.4,120.5,112.5,113.8,128.2,133.4,114.8,103.4,133.4,30.0,factory_normal
V00456,2018,Ford,Mustang,YZ,Oxford White,solid,105.3,104.9,106.4,105.0,102.7,96.7,109.0,107.8,100.4,107.3,106.8,106.9,119.5,106.1,96.7,119.5,22.8,factory_normal
V00457,2018,Ford,Mustang,G2,Redfire Pearl Metallic,pearl,107.4,111.6,99.5,95.7,113.2,110.1,198.7,114.7,114.7,99.4,109.1,111.2,107.4,114.8,95.7,198.7,103.0,respray_suspected
V00458,2018,Ford,Mustang,UX,Ingot Silver Metallic,metallic,108.1,96.7,110.3,97.1,105.5,98.0,103.7,110.4,212.2,111.8,104.9,116.8,125.6,115.5,96.7,212.2,115.5,respray_suspected
V00459,2019,Ford,Mustang,YZ,Oxford White,solid,106.7,102.3,107.3,107.9,112.9,102.4,124.9,108.1,115.0,113.9,96.1,122.9,114.7,110.4,96.1,124.9,28.8,factory_normal
V00460,2019,Ford,Mustang,UX,Ingot Silver Metallic,metallic,88.7,99.0,94.8,94.2,101.5,115.5,99.7,100.8,97.7,94.4,99.3,111.0,131.8,102.2,88.7,131.8,43.1,factory_normal
V00461,2020,Ford,Mustang,UX,Ingot Silver Metallic,metallic,106.5,99.6,99.5,104.0,105.7,99.1,99.9,108.0,110.3,102.4,101.7,108.5,135.3,106.2,99.1,135.3,36.2,factory_normal
V00462,2020,Ford,Mustang,YZ,Oxford White,solid,108.6,95.6,102.3,100.7,101.0,96.6,100.8,97.3,104.4,102.9,95.6,106.7,107.3,101.5,95.6,108.6,13.0,factory_normal
V00463,2021,Ford,Mustang,YZ,Oxford White,solid,102.8,98.4,102.3,101.2,118.1,108.0,103.5,104.3,103.9,105.5,102.5,115.1,130.6,107.4,98.4,130.6,32.2,factory_normal
V00464,2021,Ford,Mustang,YZ,Oxford White,solid,96.8,242.0,105.2,107.5,110.9,102.7,101.5,109.4,111.4,180.0,107.2,115.4,102.2,122.5,96.8,242.0,145.2,respray_suspected
V00465,2021,Ford,Mustang,G2,Redfire Pearl Metallic,pearl,117.0,105.4,118.7,111.7,117.4,106.6,113.2,117.6,112.1,104.1,109.8,124.1,102.5,112.3,102.5,124.1,21.6,factory_normal
V00466,2022,Ford,Mustang,UM,Agate Black Metallic,metallic,90.8,102.2,90.4,94.7,95.9,89.9,100.2,95.6,96.9,86.3,85.9,95.8,116.3,95.5,85.9,116.3,30.4,factory_normal
V00467,2022,Ford,Mustang,UM,Agate Black Metallic,metallic,97.2,102.6,90.9,98.1,93.8,93.3,99.1,91.0,89.6,98.3,94.9,97.6,109.6,96.6,89.6,109.6,20.0,factory_normal
V00468,2022,Ford,Mustang,G2,Redfire Pearl Metallic,pearl,128.9,126.8,121.5,123.1,119.6,136.8,121.4,125.3,129.3,115.7,118.4,123.0,138.1,125.2,115.7,138.1,22.4,factory_normal
V00469,2023,Ford,Mustang,UM,Agate Black Metallic,metallic,90.6,102.4,101.1,93.5,100.0,98.0,96.3,94.0,95.6,94.2,101.2,104.4,128.7,100.0,90.6,128.7,38.1,factory_normal
V00470,2023,Ford,Mustang,YZ,Oxford White,solid,98.5,97.1,94.2,95.6,90.8,89.8,96.2,88.5,100.9,102.3,79.5,97.8,110.0,95.5,79.5,110.0,30.5,factory_normal
V00471,2023,Ford,Mustang,UM,Agate Black Metallic,metallic,100.6,105.3,96.5,100.6,88.2,95.7,90.2,103.3,108.0,99.0,263.9,77.0,117.9,111.2,77.0,263.9,186.9,respray_suspected
V00472,2024,Ford,Mustang,YZ,Oxford White,solid,91.5,86.0,86.2,93.1,97.4,100.3,219.6,90.5,100.9,90.5,100.1,95.0,100.4,104.0,86.0,219.6,133.6,respray_suspected
V00473,2024,Ford,Mustang,G2,Redfire Pearl Metallic,pearl,103.7,104.0,103.9,113.7,105.0,102.0,103.5,108.3,104.0,104.2,103.7,97.2,104.0,104.4,97.2,113.7,16.5,factory_normal
V00474,2024,Ford,Mustang,YZ,Oxford White,solid,105.9,107.5,108.4,102.6,107.7,101.7,101.3,94.2,98.0,99.0,106.5,120.7,99.6,104.1,94.2,120.7,26.5,factory_normal
V00475,2025,Ford,Mustang,UM,Agate Black Metallic,metallic,102.8,103.7,103.5,103.5,106.8,99.7,108.8,96.0,104.7,106.3,100.4,111.9,122.9,105.5,96.0,122.9,26.9,factory_normal
V00476,2025,Ford,Mustang,G2,Redfire Pearl Metallic,pearl,103.5,97.0,102.5,104.4,102.7,102.6,100.9,101.1,97.0,94.5,107.3,107.8,102.3,101.8,94.5,107.8,13.3,factory_normal
V00477,2026,Ford,Mustang,UX,Ingot Silver Metallic,metallic,105.8,106.8,90.6,102.4,105.5,95.0,104.5,98.5,96.1,99.3,98.8,94.5,128.4,102.0,90.6,128.4,37.8,factory_normal
V00478,2026,Ford,Mustang,UX,Ingot Silver Metallic,metallic,104.7,96.7,99.8,98.5,98.9,97.0,97.5,106.4,94.7,95.3,96.3,95.3,110.3,99.3,94.7,110.3,15.6,factory_normal
V00479,2015,Ford,Explorer,G2,Redfire Pearl Metallic,pearl,111.9,111.3,103.5,110.1,118.2,108.6,113.5,109.4,106.5,106.0,108.6,134.6,121.0,112.6,103.5,134.6,31.1,factory_normal
V00480,2015,Ford,Explorer,G2,Redfire Pearl Metallic,pearl,114.3,128.5,113.1,124.8,114.6,122.0,121.1,119.9,111.3,121.6,121.9,118.3,132.1,120.3,111.3,132.1,20.8,factory_normal
V00481,2015,Ford,Explorer,UM,Agate Black Metallic,metallic,107.7,109.0,118.1,110.3,108.0,112.8,100.9,111.1,103.1,102.8,111.2,117.4,115.0,109.8,100.9,118.1,17.2,factory_normal
V00482,2016,Ford,Explorer,YZ,Oxford White,solid,100.2,94.3,92.5,94.9,106.0,98.7,97.5,101.6,99.2,100.3,102.8,109.3,107.8,100.4,92.5,109.3,16.8,factory_normal
V00483,2016,Ford,Explorer,UX,Ingot Silver Metallic,metallic,100.9,102.3,108.7,101.3,230.2,107.0,108.8,102.7,104.7,100.0,103.1,120.5,120.5,116.2,100.0,230.2,130.2,respray_suspected
V00484,2016,Ford,Explorer,UX,Ingot Silver Metallic,metallic,105.6,97.6,100.4,90.3,101.7,100.0,262.1,99.1,98.0,103.0,92.5,108.2,115.1,113.4,90.3,262.1,171.8,respray_suspected
V00485,2017,Ford,Explorer,UM,Agate Black Metallic,metallic,104.1,96.8,97.2,93.1,102.6,108.1,91.9,102.3,103.0,95.9,96.8,108.0,104.0,100.3,91.9,108.1,16.2,factory_normal
V00486,2017,Ford,Explorer,UX,Ingot Silver Metallic,metallic,97.9,110.7,109.4,100.2,112.3,105.9,104.3,113.0,91.5,95.8,107.1,115.4,94.8,104.5,91.5,115.4,23.9,factory_normal
V00487,2018,Ford,Explorer,UM,Agate Black Metallic,metallic,87.4,98.4,95.4,88.7,96.4,89.4,94.6,105.1,99.7,101.0,100.2,103.8,118.6,98.4,87.4,118.6,31.2,factory_normal
V00488,2018,Ford,Explorer,G2,Redfire Pearl Metallic,pearl,110.1,111.7,101.3,100.3,107.1,105.6,101.0,107.2,106.9,104.6,118.6,148.2,127.3,111.5,100.3,148.2,47.9,factory_normal
V00489,2019,Ford,Explorer,YZ,Oxford White,solid,101.6,105.7,105.6,104.1,102.0,108.5,96.6,108.4,104.5,105.8,92.8,127.3,98.5,104.7,92.8,127.3,34.5,factory_normal
V00490,2019,Ford,Explorer,G2,Redfire Pearl Metallic,pearl,107.9,110.2,105.4,186.8,109.0,103.5,103.2,116.4,102.7,112.9,208.0,121.7,108.3,122.8,102.7,208.0,105.3,respray_suspected
V00491,2020,Ford,Explorer,UM,Agate Black Metallic,metallic,100.7,105.7,107.0,103.1,114.0,109.5,111.6,103.8,105.5,112.4,100.5,118.6,105.8,107.6,100.5,118.6,18.1,factory_normal
V00492,2020,Ford,Explorer,YZ,Oxford White,solid,92.0,91.7,104.8,94.5,87.6,102.7,94.1,80.6,97.6,102.5,99.7,104.9,107.4,96.9,80.6,107.4,26.8,factory_normal
V00493,2021,Ford,Explorer,UM,Agate Black Metallic,metallic,92.1,99.9,95.5,105.6,98.2,103.6,96.9,111.1,96.0,102.5,114.7,121.1,114.5,104.0,92.1,121.1,29.0,factory_normal
V00494,2021,Ford,Explorer,UM,Agate Black Metallic,metallic,94.5,114.4,105.4,102.7,108.3,107.4,99.2,113.0,103.8,96.3,111.9,112.3,128.9,107.5,94.5,128.9,34.4,factory_normal
V00495,2022,Ford,Explorer,UM,Agate Black Metallic,metallic,100.3,109.2,108.8,96.8,96.1,100.6,104.5,106.4,103.0,103.8,103.6,112.5,118.1,104.9,96.1,118.1,22.0,factory_normal
V00496,2022,Ford,Explorer,UX,Ingot Silver Metallic,metallic,95.6,89.1,99.8,91.5,93.0,87.9,89.9,92.4,91.7,88.5,85.9,112.7,97.8,93.5,85.9,112.7,26.8,factory_normal
V00497,2022,Ford,Explorer,G2,Redfire Pearl Metallic,pearl,107.9,119.4,117.1,111.1,111.2,113.9,105.6,116.7,112.6,123.5,109.0,118.1,126.8,114.8,105.6,126.8,21.2,factory_normal
V00498,2023,Ford,Explorer,UM,Agate Black Metallic,metallic,107.3,106.9,112.8,109.0,91.8,102.9,95.0,103.0,108.0,98.2,99.0,117.4,117.3,105.3,91.8,117.4,25.6,factory_normal
V00499,2023,Ford,Explorer,UM,Agate Black Metallic,metallic,99.3,101.8,96.9,103.1,107.0,108.6,101.6,98.3,98.0,94.9,102.4,131.2,82.5,102.0,82.5,131.2,48.7,factory_normal
V00500,2024,Ford,Explorer,YZ,Oxford White,solid,105.6,102.5,105.8,101.9,104.5,110.8,107.2,98.4,97.7,100.5,100.5,111.1,110.9,104.4,97.7,111.1,13.4,factory_normal
V00501,2024,Ford,Explorer,YZ,Oxford White,solid,88.1,102.0,95.8,96.3,97.1,99.5,97.8,95.3,93.2,85.9,95.2,82.7,101.8,94.7,82.7,102.0,19.3,factory_normal
V00502,2024,Ford,Explorer,UX,Ingot Silver Metallic,metallic,102.2,103.6,91.0,92.6,100.5,95.9,105.9,98.5,98.4,99.6,96.0,102.0,105.4,99.4,91.0,105.9,14.9,factory_normal
V00503,2025,Ford,Explorer,G2,Redfire Pearl Metallic,pearl,104.4,108.0,103.9,119.4,101.4,117.7,105.1,111.3,107.9,107.3,113.9,142.9,130.7,113.4,101.4,142.9,41.5,factory_normal
V00504,2025,Ford,Explorer,G2,Redfire Pearl Metallic,pearl,115.8,121.3,110.5,115.4,111.4,121.9,124.4,114.9,118.0,122.4,113.9,117.5,144.1,119.3,110.5,144.1,33.6,factory_normal
V00505,2026,Ford,Explorer,YZ,Oxford White,solid,90.7,100.4,90.9,90.0,93.2,92.2,83.9,91.6,89.3,98.0,103.0,87.8,88.2,92.2,83.9,103.0,19.1,factory_normal
V00506,2026,Ford,Explorer,UM,Agate Black Metallic,metallic,101.6,89.7,88.5,87.0,101.7,102.8,88.5,88.0,96.8,101.6,101.3,100.5,127.6,98.1,87.0,127.6,40.6,factory_normal
V00507,2026,Ford,Explorer,UX,Ingot Silver Metallic,metallic,96.7,91.3,99.1,104.5,92.7,104.7,109.5,100.9,93.2,94.8,97.3,237.1,216.8,118.4,91.3,237.1,145.8,respray_suspected
V00508,2015,Ford,Escape/Kuga,YZ,Oxford White,solid,101.1,111.9,108.1,98.3,100.5,112.2,107.8,102.0,103.8,103.8,98.9,115.4,98.9,104.8,98.3,115.4,17.1,factory_normal
V00509,2015,Ford,Escape/Kuga,UX,Ingot Silver Metallic,metallic,106.6,109.9,110.5,112.3,109.2,109.6,105.2,108.9,101.6,104.8,109.8,128.5,111.5,109.9,101.6,128.5,26.9,factory_normal
V00510,2016,Ford,Escape/Kuga,UX,Ingot Silver Metallic,metallic,100.5,97.5,93.0,100.9,96.5,105.1,109.7,91.3,96.0,104.0,108.6,118.7,129.5,103.9,91.3,129.5,38.2,factory_normal
V00511,2016,Ford,Escape/Kuga,UM,Agate Black Metallic,metallic,95.8,99.2,94.1,96.8,95.5,94.6,101.6,96.2,92.7,94.5,98.3,122.7,86.8,97.6,86.8,122.7,35.9,factory_normal
V00512,2017,Ford,Escape/Kuga,YZ,Oxford White,solid,101.6,116.0,99.0,103.9,112.8,110.3,98.4,106.4,104.4,106.0,110.8,94.5,110.5,105.7,94.5,116.0,21.5,factory_normal
V00513,2017,Ford,Escape/Kuga,G2,Redfire Pearl Metallic,pearl,110.1,106.7,114.1,110.1,117.2,118.4,113.5,111.4,114.6,113.6,107.2,113.9,132.2,114.1,106.7,132.2,25.5,factory_normal
V00514,2018,Ford,Escape/Kuga,YZ,Oxford White,solid,106.9,106.4,107.8,105.6,109.2,104.4,107.9,103.3,107.2,111.7,104.3,116.6,123.7,108.8,103.3,123.7,20.4,factory_normal
V00515,2018,Ford,Escape/Kuga,YZ,Oxford White,solid,100.2,106.8,112.2,111.1,102.5,101.4,112.0,101.2,110.5,105.0,107.6,114.2,127.5,108.6,100.2,127.5,27.3,factory_normal
V00516,2018,Ford,Escape/Kuga,UM,Agate Black Metallic,metallic,94.4,101.6,86.2,96.5,95.5,91.1,103.6,88.5,95.0,95.3,83.8,106.0,104.8,95.6,83.8,106.0,22.2,factory_normal
V00517,2019,Ford,Escape/Kuga,UX,Ingot Silver Metallic,metallic,102.7,111.2,112.1,116.6,108.9,109.4,100.1,105.7,99.0,109.8,99.2,117.6,104.2,107.4,99.0,117.6,18.6,factory_normal
V00518,2019,Ford,Escape/Kuga,YZ,Oxford White,solid,111.6,101.2,109.6,115.3,92.1,99.5,103.4,110.4,102.0,106.4,100.8,85.7,87.9,102.0,85.7,115.3,29.6,factory_normal
V00519,2020,Ford,Escape/Kuga,UM,Agate Black Metallic,metallic,224.3,112.7,113.1,105.2,110.5,110.0,98.9,205.7,106.4,113.9,114.0,117.1,124.9,127.4,98.9,224.3,125.4,respray_suspected
V00520,2020,Ford,Escape/Kuga,UX,Ingot Silver Metallic,metallic,95.0,90.5,103.6,97.8,97.7,98.0,91.4,97.5,86.2,97.4,94.9,119.2,117.9,99.0,86.2,119.2,33.0,factory_normal
V00521,2021,Ford,Escape/Kuga,UM,Agate Black Metallic,metallic,112.5,100.2,89.7,103.9,113.0,94.9,117.6,99.5,104.9,96.9,98.4,113.8,91.2,102.8,89.7,117.6,27.9,factory_normal
V00522,2021,Ford,Escape/Kuga,UX,Ingot Silver Metallic,metallic,101.8,105.4,104.6,102.6,105.4,105.4,99.9,98.5,100.8,105.8,112.2,254.2,119.4,116.6,98.5,254.2,155.7,respray_suspected
V00523,2021,Ford,Escape/Kuga,YZ,Oxford White,solid,103.2,113.0,97.0,103.2,100.2,108.2,112.6,101.6,88.9,106.4,106.4,79.2,117.5,102.9,79.2,117.5,38.3,factory_normal
V00524,2022,Ford,Escape/Kuga,UX,Ingot Silver Metallic,metallic,94.4,94.8,100.5,92.9,105.6,100.0,86.7,106.8,98.8,95.2,98.6,86.5,121.6,98.6,86.5,121.6,35.1,factory_normal
V00525,2022,Ford,Escape/Kuga,UM,Agate Black Metallic,metallic,98.1,108.0,102.9,104.2,106.4,97.5,107.3,92.1,110.7,95.0,99.9,111.8,121.0,104.2,92.1,121.0,28.9,factory_normal
V00526,2023,Ford,Escape/Kuga,YZ,Oxford White,solid,87.8,87.8,99.5,98.6,99.1,100.9,98.6,94.6,91.9,89.9,106.1,117.5,117.7,99.2,87.8,117.7,29.9,factory_normal
V00527,2023,Ford,Escape/Kuga,YZ,Oxford White,solid,104.0,109.1,94.0,99.3,102.9,99.3,114.1,107.6,104.1,98.1,107.6,99.4,107.9,103.6,94.0,114.1,20.1,factory_normal
V00528,2023,Ford,Escape/Kuga,UX,Ingot Silver Metallic,metallic,94.9,96.2,88.8,89.4,98.2,94.3,87.7,94.5,96.2,95.6,92.5,99.0,95.3,94.0,87.7,99.0,11.3,factory_normal
V00529,2024,Ford,Escape/Kuga,UX,Ingot Silver Metallic,metallic,98.2,104.7,100.3,105.2,111.7,98.6,95.4,102.1,99.3,100.5,96.6,108.4,111.8,102.5,95.4,111.8,16.4,factory_normal
V00530,2024,Ford,Escape/Kuga,YZ,Oxford White,solid,92.0,90.8,101.0,91.8,95.5,97.5,98.8,95.0,89.2,100.3,92.7,89.5,108.6,95.6,89.2,108.6,19.4,factory_normal
V00531,2025,Ford,Escape/Kuga,UX,Ingot Silver Metallic,metallic,112.1,112.0,109.2,105.9,109.1,111.3,102.5,106.2,105.0,111.6,109.3,99.3,114.5,108.3,99.3,114.5,15.2,factory_normal
V00532,2025,Ford,Escape/Kuga,G2,Redfire Pearl Metallic,pearl,122.3,118.5,123.3,128.8,128.0,117.7,132.6,123.3,119.1,125.2,121.3,124.5,111.7,122.8,111.7,132.6,20.9,factory_normal
V00533,2026,Ford,Escape/Kuga,YZ,Oxford White,solid,103.6,104.0,101.7,107.5,99.1,95.6,102.6,86.7,98.9,101.9,98.6,111.2,123.8,102.7,86.7,123.8,37.1,factory_normal
V00534,2026,Ford,Escape/Kuga,UX,Ingot Silver Metallic,metallic,101.6,107.6,106.8,114.2,102.6,94.0,107.1,110.2,102.8,111.7,112.9,113.9,116.7,107.9,94.0,116.7,22.7,factory_normal
V00535,2015,Ford,Fusion/Mondeo,UM,Agate Black Metallic,metallic,96.8,95.9,97.2,96.0,103.2,106.4,107.4,104.1,100.7,104.1,107.1,105.3,112.8,102.8,95.9,112.8,16.9,factory_normal
V00536,2015,Ford,Fusion/Mondeo,UM,Agate Black Metallic,metallic,95.9,106.3,96.9,111.7,108.4,99.8,101.6,98.1,103.7,106.1,117.1,107.8,127.4,106.2,95.9,127.4,31.5,factory_normal
V00537,2016,Ford,Fusion/Mondeo,UX,Ingot Silver Metallic,metallic,104.1,104.9,110.3,96.6,101.6,97.7,99.2,100.0,109.8,115.1,111.1,110.6,125.6,106.7,96.6,125.6,29.0,factory_normal
V00538,2016,Ford,Fusion/Mondeo,G2,Redfire Pearl Metallic,pearl,108.7,99.3,99.3,109.0,112.4,116.0,107.7,109.8,110.8,114.9,109.1,115.8,110.0,109.4,99.3,116.0,16.7,factory_normal
V00539,2017,Ford,Fusion/Mondeo,UX,Ingot Silver Metallic,metallic,107.8,106.8,112.0,116.4,108.9,118.2,106.0,113.0,102.5,109.7,107.4,117.2,111.7,110.6,102.5,118.2,15.7,factory_normal
V00540,2017,Ford,Fusion/Mondeo,UX,Ingot Silver Metallic,metallic,94.5,94.5,90.5,99.3,93.0,98.7,89.1,103.5,91.2,102.4,94.1,107.3,116.7,98.1,89.1,116.7,27.6,factory_normal
V00541,2017,Ford,Fusion/Mondeo,G2,Redfire Pearl Metallic,pearl,121.5,109.4,119.7,113.4,105.4,115.4,111.9,121.6,110.5,113.2,114.2,125.6,140.7,117.1,105.4,140.7,35.3,factory_normal
V00542,2018,Ford,Fusion/Mondeo,UX,Ingot Silver Metallic,metallic,99.5,108.6,108.6,111.4,106.1,101.6,106.9,102.9,116.8,104.0,104.3,114.0,104.3,106.8,99.5,116.8,17.3,factory_normal
V00543,2018,Ford,Fusion/Mondeo,YZ,Oxford White,solid,101.0,91.9,96.6,102.6,95.5,99.2,98.6,101.5,97.9,98.1,94.4,108.4,99.7,98.9,91.9,108.4,16.5,factory_normal
V00544,2019,Ford,Fusion/Mondeo,G2,Redfire Pearl Metallic,pearl,110.2,109.2,110.3,119.7,110.7,111.8,111.6,117.5,124.0,109.1,116.7,109.5,128.9,114.6,109.1,128.9,19.8,factory_normal
V00545,2019,Ford,Fusion/Mondeo,UX,Ingot Silver Metallic,metallic,101.5,114.8,111.0,112.6,99.2,105.2,103.9,109.8,113.5,96.9,106.7,100.9,117.7,107.2,96.9,117.7,20.8,factory_normal
V00546,2020,Ford,Fusion/Mondeo,G2,Redfire Pearl Metallic,pearl,118.0,115.3,119.2,110.0,129.7,124.2,121.5,111.2,106.7,113.4,116.6,149.5,145.0,121.6,106.7,149.5,42.8,factory_normal
V00547,2020,Ford,Fusion/Mondeo,G2,Redfire Pearl Metallic,pearl,118.2,115.6,121.0,126.7,114.7,113.4,124.4,107.7,130.9,119.3,125.3,162.0,119.3,123.0,107.7,162.0,54.3,respray_suspected
V00548,2020,Ford,Fusion/Mondeo,G2,Redfire Pearl Metallic,pearl,112.8,114.2,107.9,105.7,107.2,108.9,114.1,108.1,116.7,103.0,110.1,115.3,114.7,110.7,103.0,116.7,13.7,factory_normal
V00549,2021,Ford,Fusion/Mondeo,UX,Ingot Silver Metallic,metallic,96.2,99.9,106.3,107.9,96.5,101.8,95.1,100.7,282.1,104.0,101.9,123.7,88.7,115.8,88.7,282.1,193.4,respray_suspected
V00550,2021,Ford,Fusion/Mondeo,YZ,Oxford White,solid,92.9,106.3,94.7,105.6,110.4,102.9,104.4,99.3,104.4,108.7,102.0,93.5,113.5,103.0,92.9,113.5,20.6,factory_normal
V00551,2021,Ford,Fusion/Mondeo,UM,Agate Black Metallic,metallic,101.1,103.8,100.1,105.1,93.5,96.4,93.5,98.8,99.0,97.5,92.3,103.4,116.2,100.1,92.3,116.2,23.9,factory_normal
V00552,2022,Ford,Fusion/Mondeo,G2,Redfire Pearl Metallic,pearl,118.4,120.8,113.3,115.7,106.1,101.9,110.6,112.1,105.7,113.9,115.1,121.0,130.5,114.2,101.9,130.5,28.6,factory_normal
V00553,2022,Ford,Fusion/Mondeo,G2,Redfire Pearl Metallic,pearl,115.9,110.2,108.1,130.8,115.6,116.1,120.5,264.9,112.4,114.9,106.7,142.7,99.7,127.6,99.7,264.9,165.2,respray_suspected
V00554,2022,Ford,Fusion/Mondeo,G2,Redfire Pearl Metallic,pearl,117.8,112.9,129.0,121.5,125.5,120.3,119.8,117.0,115.0,119.4,117.1,129.9,112.6,119.8,112.6,129.9,17.3,factory_normal
V00555,2023,Ford,Fusion/Mondeo,UM,Agate Black Metallic,metallic,100.7,101.5,103.8,103.9,111.0,99.7,94.8,108.8,103.0,104.7,118.4,122.3,126.4,107.6,94.8,126.4,31.6,factory_normal
V00556,2023,Ford,Fusion/Mondeo,UX,Ingot Silver Metallic,metallic,97.9,108.4,108.3,97.2,106.2,99.5,105.8,98.7,105.2,99.7,98.8,94.5,126.8,103.6,94.5,126.8,32.3,factory_normal
V00557,2024,Ford,Fusion/Mondeo,YZ,Oxford White,solid,79.2,90.4,100.5,85.2,91.9,84.1,99.2,95.4,95.2,100.5,102.0,96.5,81.0,92.4,79.2,102.0,22.8,factory_normal
V00558,2024,Ford,Fusion/Mondeo,G2,Redfire Pearl Metallic,pearl,116.7,117.0,126.4,113.1,122.1,117.6,115.2,106.2,120.8,112.2,113.7,118.7,126.6,117.4,106.2,126.6,20.4,factory_normal
V00559,2025,Ford,Fusion/Mondeo,YZ,Oxford White,solid,92.4,99.9,90.0,86.3,93.5,99.8,91.0,90.4,91.9,94.5,92.8,109.7,84.4,93.6,84.4,109.7,25.3,factory_normal
V00560,2025,Ford,Fusion/Mondeo,G2,Redfire Pearl Metallic,pearl,110.9,125.5,117.2,106.4,120.8,115.4,111.7,115.8,106.9,120.0,115.8,117.2,122.9,115.9,106.4,125.5,19.1,factory_normal
V00561,2025,Ford,Fusion/Mondeo,UM,Agate Black Metallic,metallic,100.3,91.9,89.5,99.6,95.2,94.7,105.6,88.6,95.9,85.7,93.3,114.9,117.1,97.9,85.7,117.1,31.4,factory_normal
V00562,2026,Ford,Fusion/Mondeo,YZ,Oxford White,solid,95.5,102.2,90.4,108.0,105.1,97.9,103.1,102.7,109.9,96.8,93.3,96.1,111.1,100.9,90.4,111.1,20.7,factory_normal
V00563,2026,Ford,Fusion/Mondeo,G2,Redfire Pearl Metallic,pearl,104.6,106.8,110.5,98.9,100.8,118.4,104.8,100.2,104.3,102.6,99.3,117.4,96.0,105.0,96.0,118.4,22.4,factory_normal
V00564,2026,Ford,Fusion/Mondeo,YZ,Oxford White,solid,103.4,97.0,105.6,100.9,92.1,102.1,94.1,100.6,105.6,110.2,99.0,85.1,105.3,100.1,85.1,110.2,25.1,factory_normal
V00565,2015,Chevrolet,Silverado,GAZ/WA8624,Summit White,solid,109.3,110.8,105.4,103.9,103.2,105.8,111.1,112.8,102.7,100.3,101.0,123.5,118.5,108.3,100.3,123.5,23.2,factory_normal
V00566,2015,Chevrolet,Silverado,G7C/WA130X,Pull Me Over Red,solid,93.8,97.6,98.9,95.0,94.8,103.9,94.5,98.1,95.3,92.5,89.1,90.8,96.9,95.5,89.1,103.9,14.8,factory_normal
V00567,2016,Chevrolet,Silverado,GAN/WA636R,Silver Ice Metallic,metallic,111.2,98.4,104.8,102.0,113.8,106.3,109.5,115.6,105.1,107.3,109.0,124.2,122.2,110.0,98.4,124.2,25.8,factory_normal
V00568,2016,Chevrolet,Silverado,GAZ/WA8624,Summit White,solid,101.3,101.3,94.8,105.0,107.3,103.1,100.6,103.3,104.3,104.8,112.3,108.0,111.0,104.4,94.8,112.3,17.5,factory_normal
V00569,2016,Chevrolet,Silverado,G7C/WA130X,Pull Me Over Red,solid,105.1,108.9,98.2,103.9,104.1,106.6,102.7,103.8,106.0,95.6,101.7,85.3,105.0,102.1,85.3,108.9,23.6,factory_normal
V00570,2017,Chevrolet,Silverado,GAN/WA636R,Silver Ice Metallic,metallic,99.0,98.8,100.9,101.9,97.8,96.2,236.0,104.2,98.0,107.5,98.9,113.8,123.1,113.5,96.2,236.0,139.8,respray_suspected
V00571,2017,Chevrolet,Silverado,G7C/WA130X,Pull Me Over Red,solid,101.8,97.4,108.7,189.9,102.4,92.1,102.1,98.0,102.3,104.9,96.5,103.0,100.3,107.6,92.1,189.9,97.8,respray_suspected
V00572,2017,Chevrolet,Silverado,GAZ/WA8624,Summit White,solid,94.1,100.2,93.7,83.7,106.3,106.1,92.8,96.6,101.2,98.3,95.9,108.0,105.0,98.6,83.7,108.0,24.3,factory_normal
V00573,2018,Chevrolet,Silverado,GBA/WA8555,Black,solid,85.1,100.7,84.7,93.0,95.1,95.5,94.7,99.8,87.8,93.1,94.2,92.1,93.9,93.1,84.7,100.7,16.0,factory_normal
V00574,2018,Chevrolet,Silverado,GAN/WA636R,Silver Ice Metallic,metallic,99.5,101.4,99.5,102.4,101.2,103.0,107.4,96.3,108.8,98.3,103.9,125.7,99.8,103.6,96.3,125.7,29.4,factory_normal
V00575,2019,Chevrolet,Silverado,GAN/WA636R,Silver Ice Metallic,metallic,111.3,110.2,105.3,103.1,105.6,95.2,102.7,102.5,99.5,103.1,94.5,116.0,131.8,106.2,94.5,131.8,37.3,factory_normal
V00576,2019,Chevrolet,Silverado,G7C/WA130X,Pull Me Over Red,solid,89.2,98.4,103.3,88.8,94.3,90.3,92.7,95.7,93.9,90.7,104.6,101.7,99.4,95.6,88.8,104.6,15.8,factory_normal
V00577,2020,Chevrolet,Silverado,GAN/WA636R,Silver Ice Metallic,metallic,94.6,103.4,104.8,103.0,98.8,99.7,193.8,99.1,101.2,104.0,100.4,106.1,98.8,108.3,94.6,193.8,99.2,respray_suspected
V00578,2020,Chevrolet,Silverado,GBA/WA8555,Black,solid,102.9,104.1,94.4,97.4,99.4,107.6,104.9,106.0,111.0,100.1,110.9,101.3,98.8,103.0,94.4,111.0,16.6,factory_normal
V00579,2020,Chevrolet,Silverado,G7C/WA130X,Pull Me Over Red,solid,95.9,86.3,95.4,96.4,109.4,103.6,97.4,91.4,98.5,91.1,97.8,103.6,97.4,97.2,86.3,109.4,23.1,factory_normal
V00580,2021,Chevrolet,Silverado,GBA/WA8555,Black,solid,98.6,103.3,105.2,106.6,109.7,104.7,96.9,112.4,108.2,106.5,109.0,115.0,97.1,105.6,96.9,115.0,18.1,factory_normal
V00581,2021,Chevrolet,Silverado,GBA/WA8555,Black,solid,99.2,94.9,89.8,101.0,85.2,93.9,90.6,94.2,90.4,87.6,92.8,102.4,98.0,93.8,85.2,102.4,17.2,factory_normal
V00582,2022,Chevrolet,Silverado,GBA/WA8555,Black,solid,91.3,102.1,104.6,94.5,97.2,104.7,97.5,98.4,110.0,96.9,97.3,115.1,116.2,102.0,91.3,116.2,24.9,factory_normal
V00583,2022,Chevrolet,Silverado,G7C/WA130X,Pull Me Over Red,solid,105.6,100.9,105.8,103.7,98.1,93.2,97.3,101.8,100.1,98.2,106.6,213.6,106.6,110.1,93.2,213.6,120.4,respray_suspected
V00584,2022,Chevrolet,Silverado,GBA/WA8555,Black,solid,96.4,96.2,100.6,97.9,91.5,93.5,84.2,91.0,102.9,104.0,100.2,88.9,98.8,95.9,84.2,104.0,19.8,factory_normal
V00585,2023,Chevrolet,Silverado,G7C/WA130X,Pull Me Over Red,solid,92.3,92.0,91.2,89.3,84.4,94.6,91.6,92.8,102.3,96.8,90.4,107.4,92.6,93.7,84.4,107.4,23.0,factory_normal
V00586,2023,Chevrolet,Silverado,GAZ/WA8624,Summit White,solid,96.1,93.5,108.9,98.5,105.8,95.1,100.3,95.2,101.5,97.0,95.1,111.8,99.1,99.8,93.5,111.8,18.3,factory_normal
V00587,2023,Chevrolet,Silverado,GAN/WA636R,Silver Ice Metallic,metallic,99.2,99.7,102.2,98.1,92.9,99.4,106.4,95.3,105.1,104.3,99.9,101.5,111.0,101.2,92.9,111.0,18.1,factory_normal
V00588,2024,Chevrolet,Silverado,GBA/WA8555,Black,solid,85.4,91.5,90.9,104.5,93.0,99.8,85.8,96.5,98.8,95.8,82.4,108.8,91.2,94.2,82.4,108.8,26.4,factory_normal
V00589,2024,Chevrolet,Silverado,G7C/WA130X,Pull Me Over Red,solid,92.2,99.1,93.9,96.8,100.1,92.8,110.6,97.1,98.0,92.6,96.6,105.8,96.2,97.8,92.2,110.6,18.4,factory_normal
V00590,2024,Chevrolet,Silverado,GBA/WA8555,Black,solid,82.1,91.3,92.5,95.9,86.6,95.8,91.3,90.3,92.1,97.8,95.6,93.6,91.9,92.1,82.1,97.8,15.7,factory_normal
V00591,2025,Chevrolet,Silverado,GAN/WA636R,Silver Ice Metallic,metallic,104.9,106.6,103.4,108.1,103.3,107.6,105.3,106.4,102.4,96.6,95.5,118.9,108.1,105.2,95.5,118.9,23.4,factory_normal
V00592,2025,Chevrolet,Silverado,G7C/WA130X,Pull Me Over Red,solid,90.5,90.6,85.2,84.5,87.3,89.1,88.4,94.9,84.9,92.9,98.2,111.7,98.1,92.0,84.5,111.7,27.2,thin_caution
V00593,2026,Chevrolet,Silverado,G7C/WA130X,Pull Me Over Red,solid,98.7,93.0,99.8,96.0,95.7,103.6,99.3,90.7,101.6,102.4,94.0,105.5,113.0,99.5,90.7,113.0,22.3,factory_normal
V00594,2026,Chevrolet,Silverado,GAZ/WA8624,Summit White,solid,107.2,93.2,94.1,106.6,108.7,97.0,95.9,91.4,102.5,97.7,92.6,128.9,123.3,103.0,91.4,128.9,37.5,factory_normal
V00595,2026,Chevrolet,Silverado,G7C/WA130X,Pull Me Over Red,solid,95.1,98.5,96.7,97.7,93.5,96.2,98.5,91.6,85.9,101.0,95.3,81.2,99.7,94.7,81.2,101.0,19.8,factory_normal
V00596,2015,Chevrolet,Malibu,GAN/WA636R,Silver Ice Metallic,metallic,103.3,97.0,99.5,96.1,95.7,90.6,102.5,98.4,94.7,98.6,95.5,107.0,119.0,99.8,90.6,119.0,28.4,factory_normal
V00597,2015,Chevrolet,Malibu,GAZ/WA8624,Summit White,solid,88.4,92.4,104.5,91.4,101.4,94.3,99.2,94.9,87.6,93.4,106.0,101.5,109.5,97.3,87.6,109.5,21.9,factory_normal
V00598,2015,Chevrolet,Malibu,GBA/WA8555,Black,solid,100.9,100.1,97.7,94.4,93.0,104.3,91.7,108.0,105.3,99.5,95.2,101.8,105.4,99.8,91.7,108.0,16.3,factory_normal
V00599,2016,Chevrolet,Malibu,GAZ/WA8624,Summit White,solid,95.6,96.0,100.8,103.1,109.2,115.7,112.7,106.2,113.6,103.6,101.5,121.2,121.5,107.7,95.6,121.5,25.9,factory_normal
V00600,2016,Chevrolet,Malibu,GBA/WA8555,Black,solid,105.1,99.1,95.1,102.3,102.0,95.4,96.8,97.2,106.0,103.5,102.4,105.6,93.5,100.3,93.5,106.0,12.5,factory_normal
V00601,2017,Chevrolet,Malibu,G7C/WA130X,Pull Me Over Red,solid,100.9,87.2,94.5,97.6,90.8,96.8,93.6,90.0,101.2,88.7,100.6,94.2,90.5,94.4,87.2,101.2,14.0,factory_normal
V00602,2017,Chevrolet,Malibu,G7C/WA130X,Pull Me Over Red,solid,107.9,105.9,108.7,96.8,90.1,98.6,100.9,103.2,99.1,101.3,102.5,104.7,129.6,103.8,90.1,129.6,39.5,factory_normal
V00603,2017,Chevrolet,Malibu,GAZ/WA8624,Summit White,solid,95.2,103.4,93.8,100.4,96.7,96.4,98.8,94.1,94.2,100.0,96.5,118.0,106.4,99.5,93.8,118.0,24.2,factory_normal
V00604,2018,Chevrolet,Malibu,GAZ/WA8624,Summit White,solid,104.4,109.3,102.4,108.7,100.7,108.2,97.2,103.1,96.9,105.5,105.1,90.7,97.4,102.3,90.7,109.3,18.6,factory_normal
V00605,2018,Chevrolet,Malibu,G7C/WA130X,Pull Me Over Red,solid,109.1,100.0,100.8,103.3,99.6,100.8,106.4,103.4,101.8,99.4,109.6,101.4,111.9,103.7,99.4,111.9,12.5,factory_normal
V00606,2019,Chevrolet,Malibu,GAZ/WA8624,Summit White,solid,88.7,84.1,100.6,92.7,103.0,95.7,91.8,98.4,94.2,95.7,91.0,124.7,103.5,97.2,84.1,124.7,40.6,factory_normal
V00607,2019,Chevrolet,Malibu,G7C/WA130X,Pull Me Over Red,solid,92.6,91.2,111.3,107.9,106.5,92.3,101.9,102.9,101.2,102.3,96.2,111.8,95.4,101.0,91.2,111.8,20.6,factory_normal
V00608,2019,Chevrolet,Malibu,G7C/WA130X,Pull Me Over Red,solid,99.8,104.4,100.9,101.7,92.6,98.0,103.9,95.5,97.6,94.9,106.4,116.6,109.2,101.7,92.6,116.6,24.0,factory_normal
V00609,2020,Chevrolet,Malibu,GAZ/WA8624,Summit White,solid,100.2,99.8,99.4,104.2,101.8,102.8,105.4,102.1,95.5,98.4,96.8,88.1,100.2,99.6,88.1,105.4,17.3,factory_normal
V00610,2020,Chevrolet,Malibu,G7C/WA130X,Pull Me Over Red,solid,99.1,105.7,100.2,98.5,103.5,103.6,101.2,95.5,98.4,94.8,99.4,115.9,125.6,103.2,94.8,125.6,30.8,factory_normal
V00611,2020,Chevrolet,Malibu,GAZ/WA8624,Summit White,solid,102.1,107.7,96.4,96.5,99.7,95.4,96.0,89.5,99.2,95.1,98.5,113.0,80.8,97.7,80.8,113.0,32.2,factory_normal
V00612,2021,Chevrolet,Malibu,GBA/WA8555,Black,solid,86.0,103.3,99.5,91.4,85.4,96.3,104.4,98.6,100.3,89.8,95.6,73.9,93.9,93.7,73.9,104.4,30.5,factory_normal
V00613,2021,Chevrolet,Malibu,GAZ/WA8624,Summit White,solid,95.9,93.6,98.3,105.2,97.0,86.2,94.4,88.6,91.2,96.8,94.3,103.1,100.6,95.8,86.2,105.2,19.0,factory_normal
V00614,2021,Chevrolet,Malibu,GBA/WA8555,Black,solid,103.2,98.8,99.4,96.6,100.1,90.6,112.8,96.0,99.9,97.1,97.0,95.5,95.5,98.7,90.6,112.8,22.2,factory_normal
V00615,2022,Chevrolet,Malibu,G7C/WA130X,Pull Me Over Red,solid,93.0,99.4,105.5,89.9,90.7,99.0,100.1,91.3,89.4,93.6,102.1,105.7,116.1,98.1,89.4,116.1,26.7,factory_normal
V00616,2022,Chevrolet,Malibu,G7C/WA130X,Pull Me Over Red,solid,97.7,92.0,93.5,98.9,95.3,92.8,99.8,99.2,96.5,92.7,101.0,109.0,90.9,96.9,90.9,109.0,18.1,factory_normal
V00617,2023,Chevrolet,Malibu,GAN/WA636R,Silver Ice Metallic,metallic,101.6,104.7,101.0,94.9,102.7,94.2,95.6,91.4,103.4,102.3,95.0,111.9,105.9,100.4,91.4,111.9,20.5,factory_normal
V00618,2023,Chevrolet,Malibu,GAN/WA636R,Silver Ice Metallic,metallic,92.1,192.3,102.5,100.6,97.2,255.2,103.6,98.3,85.7,92.6,81.8,95.7,93.3,114.7,81.8,255.2,173.4,respray_suspected
V00619,2024,Chevrolet,Malibu,GBA/WA8555,Black,solid,95.2,86.4,92.5,95.2,89.0,97.2,89.8,92.2,93.3,105.0,92.2,100.6,82.5,93.2,82.5,105.0,22.5,factory_normal
V00620,2024,Chevrolet,Malibu,GBA/WA8555,Black,solid,92.3,85.9,99.1,91.2,91.4,85.8,84.2,89.5,84.7,94.8,96.7,86.2,93.6,90.4,84.2,99.1,14.9,factory_normal
V00621,2025,Chevrolet,Malibu,G7C/WA130X,Pull Me Over Red,solid,100.2,103.6,92.4,98.6,93.8,89.8,101.4,97.0,95.7,96.8,94.2,100.0,121.2,98.8,89.8,121.2,31.4,factory_normal
V00622,2025,Chevrolet,Malibu,GBA/WA8555,Black,solid,95.8,91.2,96.0,91.5,105.0,91.0,95.4,95.1,91.1,97.5,92.4,110.3,106.7,96.8,91.0,110.3,19.3,factory_normal
V00623,2026,Chevrolet,Malibu,GAN/WA636R,Silver Ice Metallic,metallic,94.6,98.9,104.8,182.1,97.6,104.1,103.5,107.7,89.2,232.5,96.4,94.5,94.9,115.4,89.2,232.5,143.3,respray_suspected
V00624,2026,Chevrolet,Malibu,G7C/WA130X,Pull Me Over Red,solid,88.8,89.3,91.3,83.3,86.7,79.2,91.4,82.7,76.8,96.3,93.1,110.6,89.4,89.1,76.8,110.6,33.8,thin_caution
V00625,2026,Chevrolet,Malibu,GBA/WA8555,Black,solid,84.0,97.5,103.1,91.9,98.5,92.1,90.1,80.3,99.4,91.0,95.1,91.3,92.2,92.8,80.3,103.1,22.8,factory_normal
V00626,2015,Chevrolet,Equinox,GBA/WA8555,Black,solid,102.4,103.7,98.6,111.7,101.6,103.9,113.1,103.6,96.9,100.0,102.9,129.6,126.5,107.3,96.9,129.6,32.7,factory_normal
V00627,2015,Chevrolet,Equinox,G7C/WA130X,Pull Me Over Red,solid,104.0,101.2,99.1,85.0,97.8,103.9,95.5,108.5,97.2,91.8,99.8,119.2,103.2,100.5,85.0,119.2,34.2,factory_normal
V00628,2016,Chevrolet,Equinox,GAZ/WA8624,Summit White,solid,104.7,100.4,101.4,102.7,105.0,107.6,107.6,108.9,104.7,101.0,95.7,126.4,88.9,104.2,88.9,126.4,37.5,factory_normal
V00629,2016,Chevrolet,Equinox,GAZ/WA8624,Summit White,solid,100.0,114.3,222.0,97.3,110.1,97.2,93.9,96.1,98.0,101.4,102.9,108.3,123.0,112.7,93.9,222.0,128.1,respray_suspected
V00630,2017,Chevrolet,Equinox,GAN/WA636R,Silver Ice Metallic,metallic,99.3,94.3,104.9,103.9,88.4,88.5,93.1,91.8,101.5,100.5,109.3,102.1,93.6,97.8,88.4,109.3,20.9,factory_normal
V00631,2017,Chevrolet,Equinox,GBA/WA8555,Black,solid,104.3,91.3,104.0,103.9,96.9,256.6,98.1,99.9,103.6,95.4,104.8,105.7,104.9,113.0,91.3,256.6,165.3,respray_suspected
V00632,2018,Chevrolet,Equinox,G7C/WA130X,Pull Me Over Red,solid,89.9,90.2,96.0,87.5,162.7,82.3,254.2,86.6,96.5,98.2,93.5,99.0,104.1,110.8,82.3,254.2,171.9,respray_suspected
V00633,2018,Chevrolet,Equinox,GAN/WA636R,Silver Ice Metallic,metallic,102.9,102.6,89.9,111.4,100.3,104.5,98.3,99.3,100.4,108.1,107.8,116.3,113.3,104.2,89.9,116.3,26.4,factory_normal
V00634,2019,Chevrolet,Equinox,GAZ/WA8624,Summit White,solid,106.3,86.9,108.5,99.1,95.8,87.7,95.9,85.7,97.9,96.6,106.8,124.8,108.3,100.0,85.7,124.8,39.1,factory_normal
V00635,2019,Chevrolet,Equinox,GAZ/WA8624,Summit White,solid,90.9,93.0,97.3,98.6,92.5,274.0,102.3,240.3,97.9,94.1,105.8,109.7,130.2,125.1,90.9,274.0,183.1,respray_suspected
V00636,2019,Chevrolet,Equinox,GAN/WA636R,Silver Ice Metallic,metallic,96.3,95.3,103.1,95.1,98.3,91.0,90.0,92.6,97.5,197.2,86.3,123.1,98.6,105.0,86.3,197.2,110.9,respray_suspected
V00637,2020,Chevrolet,Equinox,GBA/WA8555,Black,solid,103.7,102.7,104.2,107.3,105.6,100.4,105.0,104.6,106.2,103.7,109.7,105.8,105.5,105.0,100.4,109.7,9.3,factory_normal
V00638,2020,Chevrolet,Equinox,GBA/WA8555,Black,solid,103.6,107.3,100.3,98.1,98.2,107.4,101.4,98.2,104.6,94.0,101.4,118.6,125.4,104.5,94.0,125.4,31.4,factory_normal
V00639,2020,Chevrolet,Equinox,G7C/WA130X,Pull Me Over Red,solid,102.8,111.1,97.4,94.7,99.5,109.9,99.9,100.9,108.6,88.6,88.4,117.5,111.9,102.4,88.4,117.5,29.1,factory_normal
V00640,2021,Chevrolet,Equinox,GAZ/WA8624,Summit White,solid,95.5,100.3,98.8,108.6,103.2,91.9,102.1,107.4,101.5,105.6,99.8,97.5,116.5,102.2,91.9,116.5,24.6,factory_normal
V00641,2021,Chevrolet,Equinox,G7C/WA130X,Pull Me Over Red,solid,86.0,99.6,96.0,97.4,99.0,96.7,92.3,97.9,98.6,99.4,107.0,96.5,92.9,96.9,86.0,107.0,21.0,factory_normal
V00642,2022,Chevrolet,Equinox,G7C/WA130X,Pull Me Over Red,solid,98.1,91.2,97.3,91.5,90.7,95.6,95.3,102.6,86.7,97.6,103.3,104.9,104.1,96.8,86.7,104.9,18.2,factory_normal
V00643,2022,Chevrolet,Equinox,G7C/WA130X,Pull Me Over Red,solid,100.6,92.0,91.7,91.2,90.6,97.0,222.9,110.5,100.2,97.6,104.8,98.2,94.5,107.1,90.6,222.9,132.3,respray_suspected
V00644,2022,Chevrolet,Equinox,GBA/WA8555,Black,solid,92.0,98.6,94.3,97.9,86.8,100.0,90.7,87.0,88.0,91.8,100.8,105.6,81.0,93.4,81.0,105.6,24.6,factory_normal
V00645,2023,Chevrolet,Equinox,GBA/WA8555,Black,solid,82.2,91.7,91.0,91.7,91.6,101.7,94.0,97.0,99.6,100.4,99.3,96.1,98.2,95.0,82.2,101.7,19.5,factory_normal
V00646,2023,Chevrolet,Equinox,GAZ/WA8624,Summit White,solid,99.1,108.8,104.9,97.1,104.0,84.9,106.7,101.7,101.6,91.0,112.5,104.3,98.2,101.1,84.9,112.5,27.6,factory_normal
V00647,2024,Chevrolet,Equinox,GBA/WA8555,Black,solid,97.2,102.2,90.3,102.8,98.0,106.6,93.1,106.0,100.1,100.5,92.7,95.5,100.0,98.8,90.3,106.6,16.3,factory_normal
V00648,2024,Chevrolet,Equinox,G7C/WA130X,Pull Me Over Red,solid,92.0,96.0,92.7,91.8,92.4,89.1,97.5,92.1,92.4,84.1,92.8,84.6,94.6,91.7,84.1,97.5,13.4,factory_normal
V00649,2024,Chevrolet,Equinox,GAN/WA636R,Silver Ice Metallic,metallic,94.3,98.6,98.5,91.2,86.1,87.1,100.1,97.5,90.1,93.7,95.0,95.2,106.3,94.9,86.1,106.3,20.2,factory_normal
V00650,2025,Chevrolet,Equinox,G7C/WA130X,Pull Me Over Red,solid,92.5,90.8,95.4,94.7,89.1,103.5,87.7,95.5,104.7,90.0,100.4,123.4,104.3,97.8,87.7,123.4,35.7,factory_normal
V00651,2025,Chevrolet,Equinox,GBA/WA8555,Black,solid,99.7,89.5,98.6,90.4,95.9,87.7,91.1,88.5,89.5,94.1,92.3,83.1,104.8,92.7,83.1,104.8,21.7,factory_normal
V00652,2025,Chevrolet,Equinox,GAN/WA636R,Silver Ice Metallic,metallic,102.6,102.2,96.2,100.6,90.0,104.0,99.6,99.9,185.6,97.6,93.9,169.9,98.9,110.8,90.0,185.6,95.6,respray_suspected
V00653,2026,Chevrolet,Equinox,G7C/WA130X,Pull Me Over Red,solid,91.7,93.2,88.6,88.7,93.2,98.4,93.7,98.1,99.6,98.6,92.5,105.3,82.0,94.1,82.0,105.3,23.3,factory_normal
V00654,2026,Chevrolet,Equinox,GAZ/WA8624,Summit White,solid,104.4,95.2,101.7,89.8,91.7,95.1,97.1,96.1,92.6,107.1,98.5,104.1,102.8,98.2,89.8,107.1,17.3,factory_normal
V00655,2026,Chevrolet,Equinox,G7C/WA130X,Pull Me Over Red,solid,92.2,88.5,92.8,88.8,107.1,98.8,104.1,104.4,99.9,99.9,93.3,97.4,114.8,98.6,88.5,114.8,26.3,factory_normal
V00656,2015,Chevrolet,Cruze,GBA/WA8555,Black,solid,124.5,125.5,120.6,114.6,123.2,126.4,111.2,123.9,111.7,121.4,129.9,129.4,155.4,124.4,111.2,155.4,44.2,factory_normal
V00657,2015,Chevrolet,Cruze,GAZ/WA8624,Summit White,solid,130.3,129.9,132.0,143.1,132.9,137.5,130.0,125.4,138.6,131.5,127.9,120.7,148.7,133.0,120.7,148.7,28.0,factory_normal
V00658,2015,Chevrolet,Cruze,G7C/WA130X,Pull Me Over Red,solid,111.1,114.6,113.7,118.9,117.0,114.7,109.6,106.8,108.8,109.7,110.1,94.1,118.2,111.3,94.1,118.9,24.8,factory_normal
V00659,2016,Chevrolet,Cruze,GBA/WA8555,Black,solid,121.8,129.9,125.4,132.6,133.7,128.4,130.5,126.8,124.9,120.9,128.5,132.6,122.3,127.6,120.9,133.7,12.8,factory_normal
V00660,2016,Chevrolet,Cruze,GBA/WA8555,Black,solid,138.9,131.9,140.1,127.2,126.2,133.7,137.0,129.7,136.2,137.8,138.5,140.7,143.7,135.5,126.2,143.7,17.5,factory_normal
V00661,2017,Chevrolet,Cruze,GAN/WA636R,Silver Ice Metallic,metallic,129.1,138.7,121.4,128.7,144.6,137.5,127.5,133.9,138.5,137.0,133.1,146.4,150.4,135.9,121.4,150.4,29.0,factory_normal
V00662,2017,Chevrolet,Cruze,GAN/WA636R,Silver Ice Metallic,metallic,123.2,127.9,122.5,124.5,124.4,122.3,126.9,132.3,135.1,132.9,124.8,128.3,150.8,128.9,122.3,150.8,28.5,factory_normal
V00663,2017,Chevrolet,Cruze,GAN/WA636R,Silver Ice Metallic,metallic,134.9,126.7,133.7,127.6,119.6,124.2,127.8,129.2,117.8,123.0,125.4,120.7,141.2,127.1,117.8,141.2,23.4,factory_normal
V00664,2018,Chevrolet,Cruze,G7C/WA130X,Pull Me Over Red,solid,126.1,118.4,124.2,123.3,125.1,118.2,122.3,118.6,122.1,126.0,137.9,142.5,139.1,126.4,118.2,142.5,24.3,factory_normal
V00665,2018,Chevrolet,Cruze,GAN/WA636R,Silver Ice Metallic,metallic,138.8,133.6,118.1,128.2,127.1,115.6,122.4,124.4,123.0,127.3,117.7,135.2,138.7,126.9,115.6,138.8,23.2,factory_normal
V00666,2018,Chevrolet,Cruze,GAN/WA636R,Silver Ice Metallic,metallic,138.8,135.6,143.1,131.2,140.4,130.2,132.2,127.8,135.7,132.8,136.2,157.7,140.3,137.1,127.8,157.7,29.9,factory_normal
V00667,2019,Chevrolet,Cruze,G7C/WA130X,Pull Me Over Red,solid,120.9,121.2,113.7,119.3,123.2,114.7,118.8,113.9,117.9,125.7,117.9,131.4,113.1,119.4,113.1,131.4,18.3,factory_normal
V00668,2019,Chevrolet,Cruze,GAN/WA636R,Silver Ice Metallic,metallic,122.8,136.3,120.5,126.5,123.2,127.3,134.6,133.6,135.3,133.6,120.4,136.3,124.0,128.8,120.4,136.3,15.9,factory_normal
V00669,2020,Chevrolet,Cruze,GAZ/WA8624,Summit White,solid,130.0,133.0,130.8,131.5,126.8,236.5,121.8,129.4,272.9,125.9,128.6,125.6,137.1,148.5,121.8,272.9,151.1,respray_suspected
V00670,2020,Chevrolet,Cruze,GAN/WA636R,Silver Ice Metallic,metallic,133.2,139.5,138.5,144.9,134.9,137.6,133.3,130.0,129.3,130.4,141.5,138.2,141.3,136.4,129.3,144.9,15.6,factory_normal
V00671,2021,Chevrolet,Cruze,GAZ/WA8624,Summit White,solid,101.2,110.6,116.3,104.3,108.2,110.3,115.0,112.4,108.3,111.9,114.6,109.0,119.0,110.9,101.2,119.0,17.8,factory_normal
V00672,2021,Chevrolet,Cruze,GAN/WA636R,Silver Ice Metallic,metallic,134.9,133.5,140.3,135.8,139.2,127.9,129.6,135.2,132.2,134.9,133.0,121.2,142.2,133.8,121.2,142.2,21.0,factory_normal
V00673,2021,Chevrolet,Cruze,GBA/WA8555,Black,solid,129.9,126.1,119.7,130.6,125.4,132.5,128.0,131.5,130.7,130.9,123.9,135.9,132.3,129.0,119.7,135.9,16.2,factory_normal
V00674,2022,Chevrolet,Cruze,GBA/WA8555,Black,solid,134.8,130.9,125.9,135.4,127.4,125.3,135.0,135.7,127.9,136.5,136.2,139.1,125.6,132.0,125.3,139.1,13.8,factory_normal
V00675,2022,Chevrolet,Cruze,GBA/WA8555,Black,solid,129.1,229.1,132.7,134.2,136.4,112.2,129.9,128.7,219.4,123.3,126.5,151.3,140.8,145.7,112.2,229.1,116.9,respray_suspected
V00676,2023,Chevrolet,Cruze,GAZ/WA8624,Summit White,solid,110.0,117.0,111.9,114.3,115.3,114.4,108.7,106.7,114.8,115.2,113.2,105.3,127.0,113.4,105.3,127.0,21.7,factory_normal
V00677,2023,Chevrolet,Cruze,GBA/WA8555,Black,solid,133.0,124.6,125.4,130.8,126.9,128.8,133.8,131.1,138.2,130.6,137.7,142.2,163.5,134.4,124.6,163.5,38.9,respray_suspected
V00678,2024,Chevrolet,Cruze,GAN/WA636R,Silver Ice Metallic,metallic,136.7,127.8,136.1,133.3,134.7,135.7,133.9,140.2,137.3,133.9,135.2,147.6,149.1,137.0,127.8,149.1,21.3,factory_normal
V00679,2024,Chevrolet,Cruze,GBA/WA8555,Black,solid,124.3,120.1,113.8,109.0,119.1,112.4,291.4,107.3,121.8,116.5,230.9,131.2,126.4,140.3,107.3,291.4,184.1,respray_suspected
V00680,2025,Chevrolet,Cruze,GAZ/WA8624,Summit White,solid,117.6,112.2,102.0,108.1,113.2,104.1,112.9,120.7,117.1,110.0,111.8,104.6,106.5,110.8,102.0,120.7,18.7,factory_normal
V00681,2025,Chevrolet,Cruze,G7C/WA130X,Pull Me Over Red,solid,133.3,127.8,130.8,140.2,140.9,129.8,133.8,137.3,131.1,127.0,128.0,139.6,147.3,134.4,127.0,147.3,20.3,factory_normal
V00682,2026,Chevrolet,Cruze,GAN/WA636R,Silver Ice Metallic,metallic,107.4,110.9,104.5,115.2,110.7,102.9,107.2,120.2,114.9,111.8,115.6,104.1,112.4,110.6,102.9,120.2,17.3,factory_normal
V00683,2026,Chevrolet,Cruze,G7C/WA130X,Pull Me Over Red,solid,130.1,138.5,122.8,125.1,127.7,121.1,123.8,127.2,120.8,127.5,131.3,118.3,124.5,126.1,118.3,138.5,20.2,factory_normal
V00684,2026,Chevrolet,Cruze,GAZ/WA8624,Summit White,solid,132.6,135.6,139.7,138.1,132.3,128.2,121.7,123.2,130.1,134.5,130.6,122.6,140.9,131.5,121.7,140.9,19.2,factory_normal
V00685,2015,Chevrolet,Camaro,GAN/WA636R,Silver Ice Metallic,metallic,102.9,101.4,103.9,106.1,96.3,95.3,98.0,96.3,103.4,99.5,100.1,92.0,108.2,100.3,92.0,108.2,16.2,factory_normal
V00686,2015,Chevrolet,Camaro,GAN/WA636R,Silver Ice Metallic,metallic,94.2,102.1,96.0,88.0,90.9,102.6,93.2,104.1,104.4,96.6,100.3,107.3,90.8,97.7,88.0,107.3,19.3,factory_normal
V00687,2015,Chevrolet,Camaro,GAN/WA636R,Silver Ice Metallic,metallic,107.0,103.1,104.0,106.3,93.2,94.9,99.4,102.6,104.4,104.7,113.8,122.7,121.4,106.0,93.2,122.7,29.5,factory_normal
V00688,2016,Chevrolet,Camaro,GAN/WA636R,Silver Ice Metallic,metallic,110.9,99.3,92.6,107.4,106.9,102.1,101.1,117.0,101.0,97.2,100.9,116.7,103.8,104.4,92.6,117.0,24.4,factory_normal
V00689,2016,Chevrolet,Camaro,G7C/WA130X,Pull Me Over Red,solid,95.1,100.7,94.6,105.0,95.8,99.2,91.4,98.2,94.2,107.8,99.8,109.1,86.0,98.2,86.0,109.1,23.1,factory_normal
V00690,2016,Chevrolet,Camaro,GBA/WA8555,Black,solid,107.5,110.3,111.0,108.8,113.4,106.2,111.3,115.5,231.8,110.2,107.9,116.1,125.3,121.2,106.2,231.8,125.6,respray_suspected
V00691,2017,Chevrolet,Camaro,G7C/WA130X,Pull Me Over Red,solid,96.5,104.5,96.2,102.9,101.2,91.6,203.5,108.1,102.3,94.4,105.2,102.5,108.0,109.0,91.6,203.5,111.9,respray_suspected
V00692,2017,Chevrolet,Camaro,G7C/WA130X,Pull Me Over Red,solid,112.0,107.9,106.1,105.4,237.1,108.8,107.5,101.5,106.5,105.3,108.7,125.0,116.0,119.1,101.5,237.1,135.6,respray_suspected
V00693,2017,Chevrolet,Camaro,G7C/WA130X,Pull Me Over Red,solid,90.7,94.5,94.4,103.7,97.5,92.9,98.5,92.5,99.7,98.5,108.8,100.0,109.0,98.5,90.7,109.0,18.3,factory_normal
V00694,2018,Chevrolet,Camaro,G7C/WA130X,Pull Me Over Red,solid,100.7,90.6,88.5,101.6,100.1,101.3,91.3,95.1,97.1,98.2,95.5,101.7,104.4,97.4,88.5,104.4,15.9,factory_normal
V00695,2018,Chevrolet,Camaro,GAZ/WA8624,Summit White,solid,104.1,107.2,105.5,104.4,113.4,108.0,104.9,112.6,103.9,106.5,106.1,97.7,108.6,106.4,97.7,113.4,15.7,factory_normal
V00696,2018,Chevrolet,Camaro,GAZ/WA8624,Summit White,solid,106.7,106.8,116.6,108.6,104.7,104.8,105.4,107.5,104.0,112.6,100.1,122.1,120.8,109.3,100.1,122.1,22.0,factory_normal
V00697,2019,Chevrolet,Camaro,GBA/WA8555,Black,solid,99.6,98.9,97.6,180.3,101.5,94.5,96.2,97.8,99.3,99.5,98.0,117.2,112.6,107.2,94.5,180.3,85.8,respray_suspected
V00698,2019,Chevrolet,Camaro,GAN/WA636R,Silver Ice Metallic,metallic,93.2,88.3,103.2,97.8,102.3,98.8,99.5,106.8,94.6,100.2,95.1,109.7,97.1,99.0,88.3,109.7,21.4,factory_normal
V00699,2019,Chevrolet,Camaro,GAZ/WA8624,Summit White,solid,101.3,101.8,107.3,99.8,92.3,94.6,97.5,102.1,91.7,101.4,100.2,100.5,104.7,99.6,91.7,107.3,15.6,factory_normal
V00700,2020,Chevrolet,Camaro,GAN/WA636R,Silver Ice Metallic,metallic,95.4,103.8,103.0,113.2,108.3,103.4,101.5,105.9,102.7,116.3,92.6,106.0,116.9,105.3,92.6,116.9,24.3,factory_normal
V00701,2020,Chevrolet,Camaro,G7C/WA130X,Pull Me Over Red,solid,96.2,100.9,95.4,81.2,91.8,87.9,99.8,97.8,95.3,97.4,96.2,98.4,98.3,95.1,81.2,100.9,19.7,factory_normal
V00702,2020,Chevrolet,Camaro,G7C/WA130X,Pull Me Over Red,solid,98.9,98.0,96.6,98.6,93.5,98.9,91.5,94.8,95.3,103.0,101.2,114.4,112.9,99.8,91.5,114.4,22.9,factory_normal
V00703,2021,Chevrolet,Camaro,GBA/WA8555,Black,solid,101.4,99.8,102.9,92.9,107.2,94.3,100.0,102.2,105.3,104.1,103.9,128.2,99.5,103.2,92.9,128.2,35.3,factory_normal
V00704,2021,Chevrolet,Camaro,GBA/WA8555,Black,solid,108.2,107.4,99.8,102.6,103.7,106.5,92.5,98.8,100.2,103.0,101.8,137.1,118.5,106.2,92.5,137.1,44.6,factory_normal
V00705,2021,Chevrolet,Camaro,GBA/WA8555,Black,solid,97.7,102.8,110.6,109.5,101.2,94.9,101.6,99.4,104.9,94.7,99.9,99.1,94.6,100.8,94.6,110.6,16.0,factory_normal
V00706,2022,Chevrolet,Camaro,GAN/WA636R,Silver Ice Metallic,metallic,97.1,103.8,101.0,97.4,100.5,98.8,102.9,100.6,96.1,97.7,98.0,107.7,112.5,101.1,96.1,112.5,16.4,factory_normal
V00707,2022,Chevrolet,Camaro,GAN/WA636R,Silver Ice Metallic,metallic,112.8,103.5,106.9,101.9,98.7,103.9,105.7,105.0,104.1,101.8,99.5,78.3,119.3,103.2,78.3,119.3,41.0,factory_normal
V00708,2022,Chevrolet,Camaro,G7C/WA130X,Pull Me Over Red,solid,110.0,105.8,107.2,101.8,103.5,106.5,98.7,100.2,104.9,97.6,104.2,99.3,103.7,103.3,97.6,110.0,12.4,factory_normal
V00709,2023,Chevrolet,Camaro,G7C/WA130X,Pull Me Over Red,solid,105.2,110.4,102.2,103.8,111.3,112.9,102.3,109.6,110.3,107.1,99.9,106.2,130.2,108.6,99.9,130.2,30.3,factory_normal
V00710,2023,Chevrolet,Camaro,GAZ/WA8624,Summit White,solid,100.8,110.9,108.4,106.3,103.6,106.7,100.7,115.7,98.2,95.1,104.4,108.6,108.4,105.2,95.1,115.7,20.6,factory_normal
V00711,2024,Chevrolet,Camaro,GAZ/WA8624,Summit White,solid,92.1,103.7,94.5,95.7,105.5,91.7,90.0,97.3,88.9,96.4,100.3,87.2,93.5,95.1,87.2,105.5,18.3,factory_normal
V00712,2024,Chevrolet,Camaro,GBA/WA8555,Black,solid,95.8,93.2,105.0,94.5,98.9,95.4,172.9,90.7,101.8,95.3,246.9,100.1,77.3,112.9,77.3,246.9,169.6,respray_suspected
V00713,2024,Chevrolet,Camaro,GAN/WA636R,Silver Ice Metallic,metallic,108.4,108.2,102.1,106.5,102.2,103.7,103.7,87.9,108.6,106.3,108.2,85.9,98.3,102.3,85.9,108.6,22.7,factory_normal
V00714,2025,Chevrolet,Camaro,GBA/WA8555,Black,solid,110.3,96.5,106.8,90.4,93.0,94.9,93.0,96.8,99.4,93.1,101.3,124.6,112.4,101.0,90.4,124.6,34.2,factory_normal
V00715,2025,Chevrolet,Camaro,GBA/WA8555,Black,solid,105.4,111.0,101.0,91.9,96.4,102.8,104.6,101.0,106.8,96.5,98.6,128.2,120.7,105.0,91.9,128.2,36.3,factory_normal
V00716,2025,Chevrolet,Camaro,G7C/WA130X,Pull Me Over Red,solid,84.0,92.1,94.1,83.9,99.7,101.8,94.6,96.7,99.5,91.4,97.2,96.6,103.2,95.0,83.9,103.2,19.3,factory_normal
V00717,2026,Chevrolet,Camaro,GAZ/WA8624,Summit White,solid,97.5,113.6,116.8,105.5,102.7,109.4,98.4,102.7,96.8,106.0,104.9,101.8,120.4,105.9,96.8,120.4,23.6,factory_normal
V00718,2026,Chevrolet,Camaro,GAZ/WA8624,Summit White,solid,105.2,95.0,98.8,97.0,97.9,102.9,89.3,102.7,102.5,99.2,99.5,98.0,112.0,100.0,89.3,112.0,22.7,factory_normal
V00719,2026,Chevrolet,Camaro,GAZ/WA8624,Summit White,solid,90.2,91.0,87.7,87.8,81.0,89.2,94.8,88.2,85.7,94.3,90.8,98.3,92.3,90.1,81.0,98.3,17.3,thin_caution
V00720,2015,Nissan,Altima,QAB,Pearl White,pearl,135.2,122.7,135.8,128.8,139.0,132.7,129.0,135.5,135.6,127.8,130.6,133.4,121.5,131.4,121.5,139.0,17.5,factory_normal
V00721,2015,Nissan,Altima,KAD,Gun Metallic,metallic,100.6,106.2,112.5,109.6,109.1,106.6,109.0,102.9,112.8,115.1,114.9,128.3,128.9,112.0,100.6,128.9,28.3,factory_normal
V00722,2015,Nissan,Altima,KH3,Super Black,solid,101.4,117.1,113.5,123.5,104.6,118.0,109.5,114.0,109.8,115.7,113.9,138.4,127.7,115.9,101.4,138.4,37.0,factory_normal
V00723,2016,Nissan,Altima,KH3,Super Black,solid,104.9,101.4,99.8,88.7,106.3,97.5,106.4,111.5,96.7,107.1,102.5,114.7,118.9,104.3,88.7,118.9,30.2,factory_normal
V00724,2016,Nissan,Altima,KH3,Super Black,solid,105.9,102.7,115.0,103.9,104.2,104.9,106.6,107.8,101.7,103.9,113.4,118.0,124.4,108.6,101.7,124.4,22.7,factory_normal
V00725,2017,Nissan,Altima,QAB,Pearl White,pearl,118.6,118.4,115.6,118.1,118.7,116.2,115.3,117.7,121.7,123.7,119.3,134.0,117.4,119.6,115.3,134.0,18.7,factory_normal
V00726,2017,Nissan,Altima,KH3,Super Black,solid,108.2,101.9,110.1,103.5,107.2,117.2,114.7,105.8,105.0,105.6,101.0,120.7,116.4,109.0,101.0,120.7,19.7,factory_normal
V00727,2017,Nissan,Altima,QAB,Pearl White,pearl,115.3,112.3,120.8,118.2,108.6,113.5,109.9,105.1,121.0,119.1,105.9,122.0,109.6,113.9,105.1,122.0,16.9,factory_normal
V00728,2018,Nissan,Altima,KH3,Super Black,solid,114.0,108.2,113.8,109.7,113.6,112.7,113.4,104.8,118.7,108.9,118.1,126.1,112.5,113.4,104.8,126.1,21.3,factory_normal
V00729,2018,Nissan,Altima,KH3,Super Black,solid,111.4,114.8,113.2,104.7,116.1,109.1,123.0,112.8,124.6,116.9,115.9,100.9,130.9,114.9,100.9,130.9,30.0,factory_normal
V00730,2019,Nissan,Altima,KH3,Super Black,solid,105.5,106.9,104.7,104.8,101.5,219.3,109.1,101.2,217.5,106.8,102.2,93.0,115.0,122.1,93.0,219.3,126.3,respray_suspected
V00731,2019,Nissan,Altima,KH3,Super Black,solid,101.3,93.0,98.6,91.5,92.3,96.2,98.2,105.1,99.1,102.4,91.5,86.9,87.8,95.7,86.9,105.1,18.2,factory_normal
V00732,2019,Nissan,Altima,NBL,Scarlet Ember,metallic,87.8,94.5,89.1,102.7,99.1,97.0,95.5,94.6,96.4,92.6,91.4,106.9,83.5,94.7,83.5,106.9,23.4,factory_normal
V00733,2020,Nissan,Altima,KH3,Super Black,solid,238.9,268.4,96.7,106.7,99.7,99.2,98.4,100.9,100.1,93.6,98.3,113.0,123.1,125.9,93.6,268.4,174.8,respray_suspected
V00734,2020,Nissan,Altima,KH3,Super Black,solid,93.9,98.9,94.7,101.9,97.6,97.6,91.5,94.8,94.7,78.8,100.5,104.6,105.7,96.6,78.8,105.7,26.9,factory_normal
V00735,2021,Nissan,Altima,NBL,Scarlet Ember,metallic,110.3,200.3,109.5,103.9,111.8,116.6,114.4,108.5,107.5,107.4,111.8,109.7,127.4,118.4,103.9,200.3,96.4,respray_suspected
V00736,2021,Nissan,Altima,KAD,Gun Metallic,metallic,97.2,89.5,93.4,95.1,94.3,90.5,98.7,101.5,89.3,92.9,98.8,109.4,87.7,95.3,87.7,109.4,21.7,factory_normal
V00737,2021,Nissan,Altima,NBL,Scarlet Ember,metallic,112.5,107.4,113.4,113.9,115.5,115.1,103.4,115.0,113.4,115.4,106.5,135.4,112.9,113.8,103.4,135.4,32.0,factory_normal
V00738,2022,Nissan,Altima,QAB,Pearl White,pearl,105.4,107.9,110.5,106.4,110.8,110.7,102.5,110.7,109.6,107.2,112.0,127.0,117.1,110.6,102.5,127.0,24.5,factory_normal
V00739,2022,Nissan,Altima,NBL,Scarlet Ember,metallic,94.9,104.4,97.8,96.6,100.3,100.4,102.2,99.6,96.3,97.2,86.1,115.1,127.2,101.4,86.1,127.2,41.1,factory_normal
V00740,2023,Nissan,Altima,KAD,Gun Metallic,metallic,96.5,102.3,99.2,99.2,99.0,100.3,104.1,96.5,102.8,96.9,102.9,102.9,96.6,99.9,96.5,104.1,7.6,factory_normal
V00741,2023,Nissan,Altima,KH3,Super Black,solid,93.3,104.9,105.6,99.3,107.4,106.6,95.9,104.7,104.4,98.6,105.0,117.9,99.6,103.3,93.3,117.9,24.6,factory_normal
V00742,2024,Nissan,Altima,KH3,Super Black,solid,93.5,102.4,81.3,97.3,90.6,93.1,90.7,98.2,95.1,91.3,88.8,105.3,112.2,95.4,81.3,112.2,30.9,factory_normal
V00743,2024,Nissan,Altima,KH3,Super Black,solid,106.8,117.8,115.4,105.8,106.2,102.1,100.3,110.8,105.7,105.0,106.1,116.6,120.7,109.2,100.3,120.7,20.4,factory_normal
V00744,2024,Nissan,Altima,KH3,Super Black,solid,95.0,99.5,107.4,105.8,111.1,111.5,114.8,101.2,108.1,104.0,109.9,115.9,112.7,107.5,95.0,115.9,20.9,factory_normal
V00745,2025,Nissan,Altima,KH3,Super Black,solid,108.8,104.8,108.7,98.5,93.8,100.2,102.6,107.2,108.5,109.3,110.9,121.9,107.2,106.3,93.8,121.9,28.1,factory_normal
V00746,2025,Nissan,Altima,KAD,Gun Metallic,metallic,105.4,108.5,100.8,110.0,106.0,103.5,100.6,99.0,97.6,111.2,97.3,111.0,110.4,104.7,97.3,111.2,13.9,factory_normal
V00747,2026,Nissan,Altima,QAB,Pearl White,pearl,91.9,109.8,95.7,93.0,106.2,93.3,104.3,105.3,101.9,105.4,93.9,102.1,112.5,101.2,91.9,112.5,20.6,factory_normal
V00748,2026,Nissan,Altima,NBL,Scarlet Ember,metallic,97.3,109.8,106.7,111.8,118.0,108.2,110.7,103.4,112.3,109.5,109.0,125.0,126.1,111.4,97.3,126.1,28.8,factory_normal
V00749,2026,Nissan,Altima,KAD,Gun Metallic,metallic,105.0,92.2,92.1,103.0,106.5,94.8,90.7,91.3,92.3,90.1,90.2,103.5,90.7,95.6,90.1,106.5,16.4,factory_normal
V00750,2015,Nissan,Sentra,KH3,Super Black,solid,92.0,94.9,93.7,92.7,97.1,98.5,91.8,93.2,87.9,92.5,95.6,98.7,104.4,94.8,87.9,104.4,16.5,factory_normal
V00751,2015,Nissan,Sentra,NBL,Scarlet Ember,metallic,104.8,104.3,99.7,105.8,103.1,107.1,101.8,106.5,111.8,105.0,108.0,107.7,99.5,105.0,99.5,111.8,12.3,factory_normal
V00752,2015,Nissan,Sentra,QAB,Pearl White,pearl,115.4,116.9,106.9,112.9,127.5,118.8,115.8,101.5,110.5,117.5,116.1,133.7,110.3,115.7,101.5,133.7,32.2,factory_normal
V00753,2016,Nissan,Sentra,KH3,Super Black,solid,103.7,99.3,101.1,93.3,97.7,99.8,90.8,95.3,95.2,94.9,92.9,109.6,105.9,98.4,90.8,109.6,18.8,factory_normal
V00754,2016,Nissan,Sentra,KAD,Gun Metallic,metallic,97.0,104.5,102.6,114.0,115.3,111.8,99.7,97.3,103.0,99.7,111.1,125.1,101.0,106.3,97.0,125.1,28.1,factory_normal
V00755,2017,Nissan,Sentra,KAD,Gun Metallic,metallic,252.1,106.3,105.6,110.7,108.2,101.8,173.5,100.8,102.7,103.7,101.1,102.3,113.2,121.7,100.8,252.1,151.3,respray_suspected
V00756,2017,Nissan,Sentra,KH3,Super Black,solid,107.7,99.2,105.2,101.4,101.0,114.0,108.8,106.8,102.3,106.4,103.5,110.8,94.3,104.7,94.3,114.0,19.7,factory_normal
V00757,2017,Nissan,Sentra,KH3,Super Black,solid,110.1,102.3,98.9,102.6,102.0,103.1,98.7,102.1,106.4,108.1,96.4,111.0,102.6,103.4,96.4,111.0,14.6,factory_normal
V00758,2018,Nissan,Sentra,QAB,Pearl White,pearl,125.2,125.6,118.3,115.6,121.3,204.5,113.8,125.3,115.6,121.8,113.9,207.9,142.2,134.7,113.8,207.9,94.1,respray_suspected
V00759,2018,Nissan,Sentra,QAB,Pearl White,pearl,120.9,124.1,118.8,109.2,114.5,116.5,118.9,121.0,121.7,123.4,111.4,118.5,97.9,116.7,97.9,124.1,26.2,factory_normal
V00760,2018,Nissan,Sentra,KH3,Super Black,solid,92.6,97.6,84.9,86.7,92.2,89.4,93.1,89.6,91.0,87.1,99.1,104.0,97.0,92.6,84.9,104.0,19.1,factory_normal
V00761,2019,Nissan,Sentra,KH3,Super Black,solid,82.3,85.5,87.1,94.7,99.3,92.4,91.9,98.8,91.4,96.5,95.4,83.3,92.5,91.6,82.3,99.3,17.0,factory_normal
V00762,2019,Nissan,Sentra,KAD,Gun Metallic,metallic,107.9,100.9,105.2,90.7,104.4,107.2,105.4,92.7,102.8,96.8,102.7,106.9,104.4,102.2,90.7,107.9,17.2,factory_normal
V00763,2019,Nissan,Sentra,KAD,Gun Metallic,metallic,102.0,100.0,97.7,96.4,97.9,101.6,98.5,99.3,97.7,97.5,94.6,86.9,127.8,99.8,86.9,127.8,40.9,factory_normal
V00764,2020,Nissan,Sentra,NBL,Scarlet Ember,metallic,103.3,107.4,106.4,101.9,96.5,95.7,102.7,109.7,106.2,101.6,103.4,120.5,121.2,105.9,95.7,121.2,25.5,factory_normal
V00765,2020,Nissan,Sentra,KAD,Gun Metallic,metallic,109.7,105.0,102.3,103.9,108.3,103.8,111.4,102.1,191.4,102.8,98.7,100.6,107.5,111.3,98.7,191.4,92.7,respray_suspected
V00766,2021,Nissan,Sentra,KH3,Super Black,solid,90.4,100.4,97.6,92.9,93.8,99.0,94.4,93.8,84.8,84.2,83.1,80.7,105.0,92.3,80.7,105.0,24.3,factory_normal
V00767,2021,Nissan,Sentra,NBL,Scarlet Ember,metallic,100.2,93.3,107.8,107.5,97.8,110.3,100.9,96.7,98.6,91.4,98.9,86.8,120.1,100.8,86.8,120.1,33.3,factory_normal
V00768,2021,Nissan,Sentra,KAD,Gun Metallic,metallic,89.2,87.2,81.2,86.3,85.9,87.1,94.3,95.3,94.7,83.7,83.1,88.9,115.0,90.1,81.2,115.0,33.8,thin_caution
V00769,2022,Nissan,Sentra,NBL,Scarlet Ember,metallic,94.9,92.1,90.8,84.8,95.5,92.4,89.1,92.5,96.4,85.0,84.7,101.2,90.0,91.5,84.7,101.2,16.5,factory_normal
V00770,2022,Nissan,Sentra,NBL,Scarlet Ember,metallic,104.6,111.4,91.9,105.7,113.2,114.2,103.8,102.2,108.2,100.2,104.5,94.7,131.0,106.6,91.9,131.0,39.1,factory_normal
V00771,2023,Nissan,Sentra,NBL,Scarlet Ember,metallic,89.8,96.4,95.2,98.3,100.9,86.2,97.9,99.9,90.2,105.7,92.6,119.3,118.3,99.3,86.2,119.3,33.1,factory_normal
V00772,2023,Nissan,Sentra,QAB,Pearl White,pearl,102.1,95.8,103.1,102.3,92.6,102.9,100.6,100.3,101.6,99.2,99.4,105.0,112.7,101.4,92.6,112.7,20.1,factory_normal
V00773,2024,Nissan,Sentra,QAB,Pearl White,pearl,112.1,115.7,121.0,113.4,109.3,118.5,122.1,101.5,117.3,115.8,110.2,117.5,112.1,114.3,101.5,122.1,20.6,factory_normal
V00774,2024,Nissan,Sentra,KH3,Super Black,solid,82.5,86.3,82.9,86.8,89.6,87.0,89.1,78.9,88.2,87.3,82.7,88.9,57.1,83.6,57.1,89.6,32.5,thin_caution
V00775,2025,Nissan,Sentra,NBL,Scarlet Ember,metallic,98.0,101.6,99.6,97.7,101.6,103.3,87.8,99.3,96.2,93.6,105.7,120.1,95.7,100.0,87.8,120.1,32.3,factory_normal
V00776,2025,Nissan,Sentra,KH3,Super Black,solid,101.4,107.8,99.8,101.5,110.8,106.5,109.2,105.2,108.1,93.8,98.0,100.5,113.6,104.3,93.8,113.6,19.8,factory_normal
V00777,2025,Nissan,Sentra,KH3,Super Black,solid,73.0,98.3,86.6,87.4,80.0,86.8,88.9,86.7,90.2,82.9,88.7,98.4,87.9,87.4,73.0,98.4,25.4,thin_caution
V00778,2026,Nissan,Sentra,NBL,Scarlet Ember,metallic,106.7,94.8,100.1,106.7,107.6,101.0,103.2,105.6,102.5,99.0,105.0,114.7,106.7,104.1,94.8,114.7,19.9,factory_normal
V00779,2026,Nissan,Sentra,NBL,Scarlet Ember,metallic,88.0,90.3,87.6,93.4,85.3,93.9,95.4,87.8,87.4,84.2,91.8,87.1,104.8,90.5,84.2,104.8,20.6,thin_caution
V00780,2015,Nissan,Rogue/X-Trail,QAB,Pearl White,pearl,123.2,125.8,129.5,135.4,134.3,127.0,129.1,126.6,127.6,122.6,119.6,115.9,139.4,127.4,115.9,139.4,23.5,factory_normal
V00781,2015,Nissan,Rogue/X-Trail,KAD,Gun Metallic,metallic,95.1,88.2,98.2,92.6,96.5,98.0,84.0,92.6,101.2,93.8,98.9,114.2,112.0,97.3,84.0,114.2,30.2,factory_normal
V00782,2015,Nissan,Rogue/X-Trail,QAB,Pearl White,pearl,88.6,94.9,94.5,98.6,97.1,101.7,92.4,99.7,97.5,95.5,89.5,105.9,102.5,96.8,88.6,105.9,17.3,factory_normal
V00783,2016,Nissan,Rogue/X-Trail,NBL,Scarlet Ember,metallic,93.8,81.2,94.3,69.5,89.1,80.2,94.3,79.9,89.6,79.4,78.7,120.3,93.4,88.0,69.5,120.3,50.8,thin_caution
V00784,2016,Nissan,Rogue/X-Trail,KAD,Gun Metallic,metallic,85.0,85.2,90.5,85.0,92.3,79.3,90.9,87.2,85.3,91.1,88.9,99.6,115.3,90.4,79.3,115.3,36.0,thin_caution
V00785,2017,Nissan,Rogue/X-Trail,QAB,Pearl White,pearl,104.1,98.8,94.0,265.4,96.8,104.3,163.4,100.0,103.9,105.1,108.5,110.7,95.3,119.3,94.0,265.4,171.4,respray_suspected
V00786,2017,Nissan,Rogue/X-Trail,NBL,Scarlet Ember,metallic,89.4,85.2,232.9,84.6,86.3,91.9,90.5,89.7,88.7,93.9,95.7,81.9,95.9,100.5,81.9,232.9,151.0,respray_suspected
V00787,2017,Nissan,Rogue/X-Trail,NBL,Scarlet Ember,metallic,111.1,116.7,110.2,113.8,125.4,118.1,116.0,117.6,118.7,116.8,111.4,131.3,128.1,118.1,110.2,131.3,21.1,factory_normal
V00788,2018,Nissan,Rogue/X-Trail,KH3,Super Black,solid,86.6,72.0,75.4,72.3,72.7,74.8,71.8,75.0,84.4,68.0,70.4,87.0,87.0,76.7,68.0,87.0,19.0,thin_caution
V00789,2018,Nissan,Rogue/X-Trail,KAD,Gun Metallic,metallic,101.5,101.3,106.9,108.1,105.9,102.9,100.6,105.7,103.6,104.7,101.7,116.6,117.9,106.0,100.6,117.9,17.3,factory_normal
V00790,2018,Nissan,Rogue/X-Trail,NBL,Scarlet Ember,metallic,81.1,79.8,80.2,71.2,79.7,84.5,71.4,79.3,83.9,87.3,80.6,86.8,91.7,81.3,71.2,91.7,20.5,thin_caution
V00791,2019,Nissan,Rogue/X-Trail,KH3,Super Black,solid,103.6,106.3,103.8,103.5,103.6,97.4,113.4,110.8,112.3,104.1,105.4,119.1,106.9,106.9,97.4,119.1,21.7,factory_normal
V00792,2019,Nissan,Rogue/X-Trail,NBL,Scarlet Ember,metallic,86.5,80.7,77.9,84.9,77.7,74.4,77.1,76.2,78.2,82.2,77.4,95.1,92.4,81.6,74.4,95.1,20.7,thin_caution
V00793,2019,Nissan,Rogue/X-Trail,QAB,Pearl White,pearl,94.7,108.6,105.0,100.6,98.0,104.7,102.3,104.5,98.7,97.4,110.7,88.0,117.8,102.4,88.0,117.8,29.8,factory_normal
V00794,2020,Nissan,Rogue/X-Trail,NBL,Scarlet Ember,metallic,92.5,87.4,107.7,97.0,102.8,103.9,99.8,100.6,101.9,106.2,100.8,113.5,108.9,101.8,87.4,113.5,26.1,factory_normal
V00795,2020,Nissan,Rogue/X-Trail,QAB,Pearl White,pearl,129.6,139.2,131.0,131.1,131.8,127.7,123.9,130.0,127.8,125.0,129.9,134.7,151.8,131.8,123.9,151.8,27.9,factory_normal
V00796,2021,Nissan,Rogue/X-Trail,NBL,Scarlet Ember,metallic,100.3,91.8,92.8,97.7,88.0,95.4,96.6,103.4,91.6,97.2,91.9,111.8,94.9,96.4,88.0,111.8,23.8,factory_normal
V00797,2021,Nissan,Rogue/X-Trail,KH3,Super Black,solid,102.5,93.0,84.2,89.3,90.1,98.3,85.9,92.4,95.2,86.3,90.8,84.6,115.9,93.0,84.2,115.9,31.7,factory_normal
V00798,2022,Nissan,Rogue/X-Trail,KH3,Super Black,solid,117.6,109.7,112.1,104.8,104.8,101.8,106.1,103.5,111.8,110.1,106.3,115.3,107.2,108.5,101.8,117.6,15.8,factory_normal
V00799,2022,Nissan,Rogue/X-Trail,QAB,Pearl White,pearl,101.3,105.3,104.0,109.3,97.2,103.6,111.0,107.4,102.3,108.6,107.8,108.7,127.1,107.2,97.2,127.1,29.9,factory_normal
V00800,2022,Nissan,Rogue/X-Trail,KAD,Gun Metallic,metallic,115.1,110.3,106.7,108.4,117.1,108.6,109.6,108.1,283.7,116.1,241.9,122.6,114.8,135.6,106.7,283.7,177.0,respray_suspected
V00801,2023,Nissan,Rogue/X-Trail,NBL,Scarlet Ember,metallic,113.4,114.2,120.0,107.2,114.8,109.9,111.2,121.3,116.4,111.4,115.8,126.2,124.9,115.9,107.2,126.2,19.0,factory_normal
V00802,2023,Nissan,Rogue/X-Trail,KAD,Gun Metallic,metallic,102.9,106.5,110.8,103.0,104.1,107.8,102.3,110.3,109.5,94.7,102.8,96.9,111.4,104.8,94.7,111.4,16.7,factory_normal
V00803,2024,Nissan,Rogue/X-Trail,KH3,Super Black,solid,79.6,77.7,80.1,79.4,74.4,72.6,71.1,78.8,79.1,79.8,73.1,84.5,86.4,78.2,71.1,86.4,15.3,thin_caution
V00804,2024,Nissan,Rogue/X-Trail,KH3,Super Black,solid,98.9,99.4,92.0,105.4,92.2,101.3,95.7,97.5,92.8,93.9,100.2,110.9,104.8,98.8,92.0,110.9,18.9,factory_normal
V00805,2024,Nissan,Rogue/X-Trail,KH3,Super Black,solid,75.5,78.3,78.5,69.5,66.8,77.0,80.6,77.4,73.7,73.1,80.4,85.4,80.3,76.7,66.8,85.4,18.6,thin_caution
V00806,2025,Nissan,Rogue/X-Trail,KAD,Gun Metallic,metallic,85.2,75.6,87.5,85.3,92.5,92.3,88.4,92.8,85.7,85.8,81.9,85.4,103.1,87.8,75.6,103.1,27.5,thin_caution
V00807,2025,Nissan,Rogue/X-Trail,QAB,Pearl White,pearl,92.6,94.0,98.8,103.7,100.0,93.7,89.7,93.6,93.7,95.1,89.5,111.6,87.7,95.7,87.7,111.6,23.9,factory_normal
V00808,2025,Nissan,Rogue/X-Trail,KH3,Super Black,solid,77.0,81.9,75.6,90.5,83.5,73.4,65.7,84.1,79.2,78.4,73.1,94.8,71.4,79.1,65.7,94.8,29.1,thin_caution
V00809,2026,Nissan,Rogue/X-Trail,KH3,Super Black,solid,80.3,72.5,74.5,71.6,77.0,83.3,81.7,78.8,82.3,68.0,86.8,78.2,79.3,78.0,68.0,86.8,18.8,thin_caution
V00810,2026,Nissan,Rogue/X-Trail,NBL,Scarlet Ember,metallic,75.9,93.7,96.1,82.4,94.8,93.7,92.5,95.6,80.6,91.1,82.5,118.4,96.9,91.9,75.9,118.4,42.5,thin_caution
V00811,2026,Nissan,Rogue/X-Trail,KAD,Gun Metallic,metallic,101.8,107.3,95.2,95.9,95.8,98.3,98.8,92.3,100.2,92.4,97.1,121.8,116.3,101.0,92.3,121.8,29.5,factory_normal
V00812,2015,Nissan,Qashqai,NBL,Scarlet Ember,metallic,116.6,118.0,118.2,110.2,113.8,116.0,118.7,116.2,112.6,111.1,116.9,120.7,110.7,115.4,110.2,120.7,10.5,factory_normal
V00813,2015,Nissan,Qashqai,KH3,Super Black,solid,116.9,119.6,113.5,113.6,103.9,120.0,110.0,119.1,112.6,114.8,114.6,115.6,129.1,115.6,103.9,129.1,25.2,factory_normal
V00814,2016,Nissan,Qashqai,KH3,Super Black,solid,117.8,183.2,119.1,120.5,114.7,110.3,111.9,116.4,122.2,118.9,126.5,115.9,123.7,123.2,110.3,183.2,72.9,respray_suspected
V00815,2016,Nissan,Qashqai,KH3,Super Black,solid,116.5,117.4,116.6,115.9,113.1,125.9,228.1,110.8,123.3,118.7,226.6,134.4,125.6,136.4,110.8,228.1,117.3,respray_suspected
V00816,2017,Nissan,Qashqai,NBL,Scarlet Ember,metallic,123.6,123.0,116.5,119.5,123.5,119.1,134.0,121.5,117.8,126.5,118.9,145.5,130.0,124.6,116.5,145.5,29.0,factory_normal
V00817,2017,Nissan,Qashqai,QAB,Pearl White,pearl,124.4,125.3,128.9,130.6,131.8,134.1,125.3,132.7,125.4,128.1,144.3,160.1,146.6,133.7,124.4,160.1,35.7,respray_suspected
V00818,2017,Nissan,Qashqai,KH3,Super Black,solid,112.6,108.9,116.1,106.9,110.7,115.5,110.7,216.5,122.3,108.3,120.2,110.5,112.1,120.9,106.9,216.5,109.6,respray_suspected
V00819,2018,Nissan,Qashqai,KH3,Super Black,solid,114.0,117.0,113.2,121.0,111.9,111.4,125.5,122.8,115.6,119.4,117.0,133.5,108.2,117.7,108.2,133.5,25.3,factory_normal
V00820,2018,Nissan,Qashqai,KAD,Gun Metallic,metallic,115.3,111.1,112.4,112.5,107.9,111.6,118.4,270.4,112.6,102.7,111.6,115.4,131.3,125.6,102.7,270.4,167.7,respray_suspected
V00821,2018,Nissan,Qashqai,NBL,Scarlet Ember,metallic,118.0,108.6,115.7,111.1,110.5,115.5,112.7,110.5,109.9,111.6,111.0,115.8,110.9,112.4,108.6,118.0,9.4,factory_normal
V00822,2019,Nissan,Qashqai,KAD,Gun Metallic,metallic,122.2,113.0,109.3,117.6,110.5,112.2,120.7,116.3,119.0,106.8,113.7,131.2,92.1,114.2,92.1,131.2,39.1,factory_normal
V00823,2019,Nissan,Qashqai,KAD,Gun Metallic,metallic,110.2,113.0,122.1,104.8,116.0,111.5,113.9,109.6,120.5,108.1,115.5,121.8,131.5,115.3,104.8,131.5,26.7,factory_normal
V00824,2020,Nissan,Qashqai,KH3,Super Black,solid,109.5,111.4,108.6,115.9,99.2,121.2,107.8,103.0,100.0,113.1,111.6,111.5,128.1,110.8,99.2,128.1,28.9,factory_normal
V00825,2020,Nissan,Qashqai,KAD,Gun Metallic,metallic,108.8,123.9,114.6,111.8,123.5,119.5,106.9,108.7,115.0,110.7,116.2,146.2,148.9,119.6,106.9,148.9,42.0,factory_normal
V00826,2020,Nissan,Qashqai,QAB,Pearl White,pearl,126.4,120.1,123.3,124.6,117.0,129.5,121.4,122.1,118.9,124.6,126.1,114.0,128.7,122.8,114.0,129.5,15.5,factory_normal
V00827,2021,Nissan,Qashqai,KAD,Gun Metallic,metallic,114.8,116.6,118.5,121.2,117.6,113.4,110.4,124.0,123.5,114.8,125.6,121.1,120.8,118.6,110.4,125.6,15.2,factory_normal
V00828,2021,Nissan,Qashqai,QAB,Pearl White,pearl,134.6,133.3,130.8,136.0,125.1,132.2,132.8,129.7,138.9,132.5,137.0,154.1,137.7,135.0,125.1,154.1,29.0,factory_normal
V00829,2021,Nissan,Qashqai,KAD,Gun Metallic,metallic,107.8,112.2,231.8,114.1,110.9,115.9,112.6,105.1,110.5,108.5,168.1,114.0,128.5,126.2,105.1,231.8,126.7,respray_suspected
V00830,2022,Nissan,Qashqai,QAB,Pearl White,pearl,134.4,123.0,129.5,122.1,129.4,125.4,129.7,122.8,129.6,129.0,125.6,229.3,143.5,136.4,122.1,229.3,107.2,respray_suspected
V00831,2022,Nissan,Qashqai,KAD,Gun Metallic,metallic,111.7,110.2,109.5,108.0,117.3,107.2,105.6,110.5,115.8,114.7,107.7,126.6,124.6,113.0,105.6,126.6,21.0,factory_normal
V00832,2023,Nissan,Qashqai,KH3,Super Black,solid,116.3,119.8,119.9,110.6,108.3,101.2,109.0,121.5,101.4,101.5,215.4,130.3,95.1,119.3,95.1,215.4,120.3,respray_suspected
V00833,2023,Nissan,Qashqai,KAD,Gun Metallic,metallic,112.7,108.2,103.6,110.0,111.2,111.0,108.7,110.6,116.0,107.1,110.6,137.8,116.2,112.6,103.6,137.8,34.2,factory_normal
V00834,2024,Nissan,Qashqai,KH3,Super Black,solid,113.7,104.7,117.0,100.9,117.1,107.8,105.2,107.9,109.0,105.3,103.4,129.4,117.2,110.7,100.9,129.4,28.5,factory_normal
V00835,2024,Nissan,Qashqai,KAD,Gun Metallic,metallic,110.8,112.4,118.9,113.7,110.9,116.9,106.2,103.5,113.5,111.0,110.7,126.7,123.1,113.7,103.5,126.7,23.2,factory_normal
V00836,2025,Nissan,Qashqai,KAD,Gun Metallic,metallic,96.8,115.0,101.0,108.7,121.6,107.3,101.0,117.0,106.1,108.1,108.1,131.8,111.9,110.3,96.8,131.8,35.0,factory_normal
V00837,2025,Nissan,Qashqai,QAB,Pearl White,pearl,136.5,129.6,130.7,140.3,127.3,127.1,135.8,222.0,130.8,132.2,143.6,140.7,130.5,140.5,127.1,222.0,94.9,respray_suspected
V00838,2026,Nissan,Qashqai,KH3,Super Black,solid,116.3,130.6,105.9,116.1,127.3,111.7,120.1,115.7,107.5,116.6,110.2,98.9,113.5,114.6,98.9,130.6,31.7,factory_normal
V00839,2026,Nissan,Qashqai,KH3,Super Black,solid,117.1,117.6,116.7,132.4,118.5,118.7,115.1,116.4,121.8,115.7,114.8,119.2,123.1,119.0,114.8,132.4,17.6,factory_normal
V00840,2015,Nissan,Pathfinder,NBL,Scarlet Ember,metallic,99.7,102.7,101.1,93.4,100.4,109.5,103.8,107.2,97.9,93.9,97.8,127.1,101.8,102.8,93.4,127.1,33.7,factory_normal
V00841,2015,Nissan,Pathfinder,NBL,Scarlet Ember,metallic,107.8,106.3,104.4,107.1,102.3,105.7,109.1,100.6,104.8,100.1,109.6,127.2,125.8,108.5,100.1,127.2,27.1,factory_normal
V00842,2016,Nissan,Pathfinder,KAD,Gun Metallic,metallic,114.7,104.5,106.0,96.9,108.4,108.9,95.2,100.3,100.7,99.8,110.0,119.2,119.4,106.5,95.2,119.4,24.2,factory_normal
V00843,2016,Nissan,Pathfinder,KAD,Gun Metallic,metallic,109.6,99.7,109.4,100.9,109.2,106.4,101.4,99.7,102.6,109.3,103.4,105.9,133.5,107.0,99.7,133.5,33.8,factory_normal
V00844,2017,Nissan,Pathfinder,QAB,Pearl White,pearl,121.3,113.3,115.2,125.2,113.4,122.0,124.9,124.0,121.3,117.8,112.0,117.8,137.8,120.5,112.0,137.8,25.8,factory_normal
V00845,2017,Nissan,Pathfinder,QAB,Pearl White,pearl,123.8,117.8,134.3,129.3,128.9,119.1,125.6,127.6,122.5,134.5,116.1,124.7,130.2,125.7,116.1,134.5,18.4,factory_normal
V00846,2017,Nissan,Pathfinder,KAD,Gun Metallic,metallic,111.8,103.2,102.0,99.1,102.0,235.5,104.9,104.6,94.5,103.2,203.9,94.7,116.7,121.2,94.5,235.5,141.0,respray_suspected
V00847,2018,Nissan,Pathfinder,QAB,Pearl White,pearl,122.9,117.5,125.3,116.8,118.0,118.0,125.7,109.8,123.3,229.2,117.0,106.3,125.6,127.3,106.3,229.2,122.9,respray_suspected
V00848,2018,Nissan,Pathfinder,QAB,Pearl White,pearl,131.1,136.4,126.9,116.0,130.2,121.7,125.2,129.2,126.8,124.6,126.4,105.7,127.2,125.2,105.7,136.4,30.7,factory_normal
V00849,2018,Nissan,Pathfinder,QAB,Pearl White,pearl,120.5,109.1,115.1,119.4,115.9,114.2,117.6,124.4,105.6,124.1,117.6,130.9,118.3,117.9,105.6,130.9,25.3,factory_normal
V00850,2019,Nissan,Pathfinder,KAD,Gun Metallic,metallic,103.4,99.5,103.1,96.9,105.2,97.4,96.4,99.3,99.6,95.7,103.9,93.1,107.2,100.1,93.1,107.2,14.1,factory_normal
V00851,2019,Nissan,Pathfinder,KH3,Super Black,solid,104.6,108.0,110.8,112.6,109.1,101.7,108.0,102.6,107.9,99.9,111.9,117.1,105.5,107.7,99.9,117.1,17.2,factory_normal
V00852,2019,Nissan,Pathfinder,KAD,Gun Metallic,metallic,100.0,105.8,110.1,96.4,101.7,104.7,101.9,100.5,113.5,98.5,104.5,116.1,107.1,104.7,96.4,116.1,19.7,factory_normal
V00853,2020,Nissan,Pathfinder,QAB,Pearl White,pearl,112.9,122.5,117.3,115.6,110.5,112.6,118.9,117.0,107.1,112.8,118.3,145.2,115.6,117.4,107.1,145.2,38.1,factory_normal
V00854,2020,Nissan,Pathfinder,QAB,Pearl White,pearl,109.1,105.5,103.7,109.7,110.7,101.4,115.2,104.0,117.3,112.0,109.4,135.4,108.6,110.9,101.4,135.4,34.0,factory_normal
V00855,2021,Nissan,Pathfinder,KH3,Super Black,solid,104.8,102.8,91.9,99.6,87.2,92.2,95.9,102.4,101.5,93.4,97.3,119.4,109.6,99.8,87.2,119.4,32.2,factory_normal
V00856,2021,Nissan,Pathfinder,QAB,Pearl White,pearl,109.1,110.4,115.0,112.0,107.0,115.7,116.0,108.5,110.4,111.1,103.4,121.2,119.1,112.2,103.4,121.2,17.8,factory_normal
V00857,2021,Nissan,Pathfinder,NBL,Scarlet Ember,metallic,103.0,103.9,95.7,100.9,103.2,89.9,106.8,98.9,104.3,99.7,98.7,104.0,97.3,100.5,89.9,106.8,16.9,factory_normal
V00858,2022,Nissan,Pathfinder,KH3,Super Black,solid,92.1,104.5,97.5,96.4,103.4,95.0,95.4,100.8,100.6,91.9,109.2,116.1,99.9,100.2,91.9,116.1,24.2,factory_normal
V00859,2022,Nissan,Pathfinder,NBL,Scarlet Ember,metallic,110.6,116.0,109.3,102.6,113.5,102.4,110.7,109.2,101.7,102.4,105.1,134.3,128.7,111.3,101.7,134.3,32.6,factory_normal
V00860,2023,Nissan,Pathfinder,NBL,Scarlet Ember,metallic,102.0,104.2,108.5,106.0,109.6,101.2,100.4,97.7,95.8,102.5,105.1,100.4,109.7,103.3,95.8,109.7,13.9,factory_normal
V00861,2023,Nissan,Pathfinder,KAD,Gun Metallic,metallic,92.0,103.4,96.4,102.9,91.0,106.0,107.9,92.3,96.6,96.0,99.4,91.9,84.1,96.9,84.1,107.9,23.8,factory_normal
V00862,2023,Nissan,Pathfinder,QAB,Pearl White,pearl,106.3,103.6,112.5,111.3,113.1,109.6,114.7,112.0,100.5,110.4,113.3,124.4,112.2,111.1,100.5,124.4,23.9,factory_normal
V00863,2024,Nissan,Pathfinder,QAB,Pearl White,pearl,121.7,122.7,117.4,114.4,116.2,124.4,114.6,126.3,112.2,122.0,123.9,120.3,135.4,120.9,112.2,135.4,23.2,factory_normal
V00864,2024,Nissan,Pathfinder,KAD,Gun Metallic,metallic,96.3,96.5,273.5,219.6,104.5,87.9,102.9,96.0,98.2,97.1,98.2,109.5,117.9,122.9,87.9,273.5,185.6,respray_suspected
V00865,2024,Nissan,Pathfinder,QAB,Pearl White,pearl,105.6,114.7,116.1,117.0,118.1,113.2,111.1,112.7,110.8,108.1,118.8,122.9,102.0,113.2,102.0,122.9,20.9,factory_normal
V00866,2025,Nissan,Pathfinder,QAB,Pearl White,pearl,97.0,109.8,115.2,95.9,105.9,110.8,100.7,99.4,106.7,105.4,103.4,122.2,118.9,107.0,95.9,122.2,26.3,factory_normal
V00867,2025,Nissan,Pathfinder,NBL,Scarlet Ember,metallic,97.4,106.0,104.8,95.6,102.4,106.5,101.9,93.9,97.3,97.0,99.3,120.7,99.6,101.7,93.9,120.7,26.8,factory_normal
V00868,2026,Nissan,Pathfinder,QAB,Pearl White,pearl,107.1,111.9,105.9,116.0,118.9,105.9,97.5,108.1,107.9,111.5,110.7,117.9,137.1,112.0,97.5,137.1,39.6,factory_normal
V00869,2026,Nissan,Pathfinder,KH3,Super Black,solid,98.9,94.8,97.8,104.5,106.2,108.3,104.2,98.4,104.8,101.7,113.8,104.7,118.0,104.3,94.8,118.0,23.2,factory_normal
V00870,2026,Nissan,Pathfinder,KH3,Super Black,solid,95.8,92.8,110.8,105.3,104.0,102.4,91.0,99.2,101.2,106.4,95.6,103.2,112.1,101.5,91.0,112.1,21.1,factory_normal
V00871,2015,Nissan,Murano,KH3,Super Black,solid,106.0,90.6,100.7,90.1,92.4,103.8,96.0,102.6,96.5,100.1,94.2,105.7,109.5,99.1,90.1,109.5,19.4,factory_normal
V00872,2015,Nissan,Murano,KAD,Gun Metallic,metallic,94.9,88.8,96.9,89.4,101.4,96.4,100.3,88.8,87.3,83.2,95.6,103.7,95.6,94.0,83.2,103.7,20.5,factory_normal
V00873,2016,Nissan,Murano,KH3,Super Black,solid,90.5,98.6,92.8,101.0,95.8,95.4,99.1,102.7,95.7,103.0,91.9,98.6,101.1,97.4,90.5,103.0,12.5,factory_normal
V00874,2016,Nissan,Murano,KAD,Gun Metallic,metallic,91.1,87.1,95.0,98.5,97.0,91.4,100.0,94.4,99.7,91.5,98.1,117.3,107.1,97.6,87.1,117.3,30.2,factory_normal
V00875,2016,Nissan,Murano,NBL,Scarlet Ember,metallic,91.2,98.9,92.5,99.4,87.3,106.1,108.4,101.1,94.7,97.4,103.3,118.6,110.0,100.7,87.3,118.6,31.3,factory_normal
V00876,2017,Nissan,Murano,KAD,Gun Metallic,metallic,97.1,92.9,102.0,96.4,97.2,97.8,97.8,89.1,102.5,96.7,93.5,100.7,93.5,96.7,89.1,102.5,13.4,factory_normal
V00877,2017,Nissan,Murano,NBL,Scarlet Ember,metallic,96.8,92.7,107.0,95.5,97.7,96.6,95.3,99.4,102.9,95.7,91.8,106.0,97.7,98.1,91.8,107.0,15.2,factory_normal
V00878,2018,Nissan,Murano,KAD,Gun Metallic,metallic,88.1,90.8,93.2,98.7,94.8,92.8,101.7,95.9,85.8,90.6,97.8,97.8,104.6,94.8,85.8,104.6,18.8,factory_normal
V00879,2018,Nissan,Murano,KAD,Gun Metallic,metallic,85.4,85.8,88.2,88.8,85.9,95.2,87.6,97.4,237.8,83.9,228.6,102.0,92.9,112.3,83.9,237.8,153.9,respray_suspected
V00880,2018,Nissan,Murano,KH3,Super Black,solid,207.5,93.1,94.3,91.8,96.6,88.4,95.8,87.1,93.9,87.4,92.0,115.8,98.5,103.2,87.1,207.5,120.4,respray_suspected
V00881,2019,Nissan,Murano,KAD,Gun Metallic,metallic,92.7,86.6,95.8,96.3,98.8,87.2,99.9,96.9,83.3,103.1,100.5,93.6,103.5,95.2,83.3,103.5,20.2,factory_normal
V00882,2019,Nissan,Murano,NBL,Scarlet Ember,metallic,96.7,92.3,98.7,100.1,191.3,102.5,100.6,98.7,102.6,90.7,248.3,94.7,109.7,117.5,90.7,248.3,157.6,respray_suspected
V00883,2019,Nissan,Murano,NBL,Scarlet Ember,metallic,84.3,83.8,97.4,85.4,89.4,86.2,96.0,88.9,97.8,88.2,93.2,99.7,103.6,91.8,83.8,103.6,19.8,factory_normal
V00884,2020,Nissan,Murano,QAB,Pearl White,pearl,98.8,106.6,107.8,110.8,103.1,109.0,115.4,103.5,103.6,104.1,98.3,109.9,133.5,108.0,98.3,133.5,35.2,factory_normal
V00885,2020,Nissan,Murano,KAD,Gun Metallic,metallic,94.3,95.4,96.0,99.4,96.4,100.6,86.8,100.1,93.4,96.1,93.9,99.2,105.3,96.7,86.8,105.3,18.5,factory_normal
V00886,2021,Nissan,Murano,NBL,Scarlet Ember,metallic,88.9,86.4,87.6,88.3,94.2,91.1,95.4,95.8,82.0,89.7,86.0,104.8,91.8,90.9,82.0,104.8,22.8,thin_caution
V00887,2021,Nissan,Murano,NBL,Scarlet Ember,metallic,89.2,85.6,90.2,88.9,81.3,86.7,105.9,92.4,88.8,92.6,84.5,90.6,97.8,90.3,81.3,105.9,24.6,thin_caution
V00888,2022,Nissan,Murano,KAD,Gun Metallic,metallic,92.8,89.5,92.8,92.9,84.9,89.2,86.0,91.0,86.1,86.9,96.1,97.9,83.3,90.0,83.3,97.9,14.6,thin_caution
V00889,2022,Nissan,Murano,QAB,Pearl White,pearl,99.4,96.8,101.9,99.7,95.8,99.5,109.2,91.9,93.5,101.9,93.5,112.9,111.7,100.6,91.9,112.9,21.0,factory_normal
V00890,2022,Nissan,Murano,KAD,Gun Metallic,metallic,91.4,90.1,95.0,79.8,176.8,95.6,83.4,265.6,94.6,94.8,88.0,98.5,116.5,113.1,79.8,265.6,185.8,respray_suspected
V00891,2023,Nissan,Murano,NBL,Scarlet Ember,metallic,89.6,74.4,86.9,87.3,94.7,79.5,86.3,94.0,92.6,84.4,87.5,102.2,111.5,90.1,74.4,111.5,37.1,thin_caution
V00892,2023,Nissan,Murano,KH3,Super Black,solid,98.6,97.6,102.9,100.9,97.0,98.8,92.0,92.6,98.4,97.1,90.1,115.9,90.6,97.9,90.1,115.9,25.8,factory_normal
V00893,2024,Nissan,Murano,NBL,Scarlet Ember,metallic,89.8,82.0,88.9,87.2,85.1,86.3,87.6,93.1,98.1,89.5,96.2,110.3,103.7,92.1,82.0,110.3,28.3,thin_caution
V00894,2024,Nissan,Murano,QAB,Pearl White,pearl,97.5,215.0,98.6,108.1,103.1,265.6,90.4,100.9,100.6,104.5,98.9,126.0,104.6,124.1,90.4,265.6,175.2,respray_suspected
V00895,2024,Nissan,Murano,NBL,Scarlet Ember,metallic,89.7,92.9,93.3,89.6,97.1,99.3,88.4,94.3,85.0,94.3,87.7,110.2,94.2,93.5,85.0,110.2,25.2,factory_normal
V00896,2025,Nissan,Murano,KH3,Super Black,solid,94.4,92.1,89.3,96.4,93.5,97.5,99.6,91.5,89.6,91.0,90.0,114.6,104.2,95.7,89.3,114.6,25.3,factory_normal
V00897,2025,Nissan,Murano,QAB,Pearl White,pearl,105.1,110.2,105.5,105.1,106.3,94.7,102.0,101.9,113.4,108.3,109.3,115.1,99.5,105.9,94.7,115.1,20.4,factory_normal
V00898,2026,Nissan,Murano,KH3,Super Black,solid,86.7,89.6,92.4,87.8,93.1,86.4,95.1,78.4,89.5,86.4,224.4,88.4,159.5,104.4,78.4,224.4,146.0,respray_suspected
V00899,2026,Nissan,Murano,NBL,Scarlet Ember,metallic,103.1,91.6,97.2,102.0,92.7,98.4,95.1,93.9,101.4,88.9,90.7,91.3,109.6,96.6,88.9,109.6,20.7,factory_normal
V00900,2015,Hyundai,Elantra,WAW,Quartz White Pearl,pearl,99.2,91.2,94.1,91.9,94.7,91.9,85.5,92.7,93.6,93.2,90.2,110.6,86.0,93.4,85.5,110.6,25.1,factory_normal
V00901,2015,Hyundai,Elantra,PH3,Phantom Black,metallic,88.3,88.3,85.8,77.4,83.7,86.2,88.1,90.8,87.3,89.7,93.1,87.1,100.4,88.2,77.4,100.4,23.0,thin_caution
V00902,2016,Hyundai,Elantra,WAW,Quartz White Pearl,pearl,96.4,91.0,103.2,91.7,102.8,89.2,95.6,98.3,86.6,88.2,94.8,117.0,96.8,96.3,86.6,117.0,30.4,factory_normal
V00903,2016,Hyundai,Elantra,WAW,Quartz White Pearl,pearl,93.3,86.2,93.6,86.9,96.2,101.5,96.0,95.3,92.6,97.1,89.2,95.4,100.0,94.1,86.2,101.5,15.3,factory_normal
V00904,2016,Hyundai,Elantra,PH3,Phantom Black,metallic,93.1,88.1,88.2,99.5,97.5,98.0,93.9,98.5,100.5,97.4,86.5,78.8,85.2,92.7,78.8,100.5,21.7,factory_normal
V00905,2017,Hyundai,Elantra,PH3,Phantom Black,metallic,80.1,77.8,79.2,79.8,82.3,75.2,74.5,67.0,74.2,72.5,188.0,173.2,81.4,92.7,67.0,188.0,121.0,respray_suspected
V00906,2017,Hyundai,Elantra,WAW,Quartz White Pearl,pearl,96.0,105.5,106.7,107.5,115.2,106.0,102.9,110.8,113.8,116.9,104.1,122.4,115.1,109.5,96.0,122.4,26.4,factory_normal
V00907,2017,Hyundai,Elantra,WAW,Quartz White Pearl,pearl,105.7,106.5,104.3,105.5,108.4,107.8,113.8,110.8,106.3,96.2,99.6,108.5,113.8,106.7,96.2,113.8,17.6,factory_normal
V00908,2018,Hyundai,Elantra,WAW,Quartz White Pearl,pearl,90.2,166.5,95.6,89.3,84.5,89.7,96.7,86.6,98.7,91.5,94.9,105.2,88.7,98.3,84.5,166.5,82.0,respray_suspected
V00909,2018,Hyundai,Elantra,M6T,Shimmering Silver,metallic,80.6,83.9,82.3,81.9,77.6,86.3,86.8,78.9,77.2,82.4,77.9,103.8,97.4,84.4,77.2,103.8,26.6,thin_caution
V00910,2018,Hyundai,Elantra,M6T,Shimmering Silver,metallic,93.8,100.4,106.9,96.2,93.5,104.5,97.3,101.2,103.0,93.2,96.2,98.2,113.3,99.8,93.2,113.3,20.1,factory_normal
V00911,2019,Hyundai,Elantra,WAW,Quartz White Pearl,pearl,98.3,87.3,93.7,89.1,101.0,92.8,93.2,93.6,96.7,94.5,96.7,104.5,109.2,96.2,87.3,109.2,21.9,factory_normal
V00912,2019,Hyundai,Elantra,PH3,Phantom Black,metallic,73.5,75.0,79.4,86.9,78.4,80.7,86.3,77.8,81.9,81.7,77.6,86.0,120.3,83.5,73.5,120.3,46.8,thin_caution
V00913,2019,Hyundai,Elantra,WAW,Quartz White Pearl,pearl,79.3,78.1,86.6,69.2,82.0,76.3,81.9,82.6,76.6,78.1,88.7,95.5,101.8,82.8,69.2,101.8,32.6,thin_caution
V00914,2020,Hyundai,Elantra,WAW,Quartz White Pearl,pearl,88.6,79.8,78.3,80.7,78.7,84.4,85.8,88.5,82.0,79.7,81.1,77.3,82.3,82.1,77.3,88.6,11.3,thin_caution
V00915,2020,Hyundai,Elantra,PH3,Phantom Black,metallic,98.8,91.2,90.2,101.4,92.0,94.8,96.2,86.6,94.3,92.2,97.7,77.4,88.4,92.4,77.4,101.4,24.0,factory_normal
V00916,2021,Hyundai,Elantra,PH3,Phantom Black,metallic,90.7,82.1,83.3,89.7,88.6,89.6,87.8,85.0,83.9,84.0,90.4,98.6,103.2,89.0,82.1,103.2,21.1,thin_caution
V00917,2021,Hyundai,Elantra,WAW,Quartz White Pearl,pearl,100.4,257.0,89.3,214.2,90.1,84.4,88.5,93.8,97.9,94.3,96.2,83.8,75.5,112.7,75.5,257.0,181.5,respray_suspected
V00918,2021,Hyundai,Elantra,PH3,Phantom Black,metallic,76.4,92.6,84.9,86.8,81.2,93.7,86.9,91.0,80.1,88.1,85.2,80.3,82.3,85.3,76.4,93.7,17.3,thin_caution
V00919,2022,Hyundai,Elantra,M6T,Shimmering Silver,metallic,68.6,70.6,65.7,72.1,72.3,72.6,75.5,78.0,77.3,74.8,76.3,82.7,97.5,75.7,65.7,97.5,31.8,thin_caution
V00920,2022,Hyundai,Elantra,PH3,Phantom Black,metallic,74.2,80.3,76.8,74.7,85.4,88.1,80.7,75.8,80.1,78.7,72.3,85.3,88.1,80.0,72.3,88.1,15.8,thin_caution
V00921,2022,Hyundai,Elantra,M6T,Shimmering Silver,metallic,107.7,85.8,90.3,94.0,88.3,97.7,93.5,96.1,96.8,96.1,96.2,100.3,101.3,95.7,85.8,107.7,21.9,factory_normal
V00922,2023,Hyundai,Elantra,M6T,Shimmering Silver,metallic,82.5,77.1,93.5,78.4,92.3,88.1,89.2,85.6,86.7,85.7,87.2,100.9,115.0,89.4,77.1,115.0,37.9,thin_caution
V00923,2023,Hyundai,Elantra,WAW,Quartz White Pearl,pearl,95.1,95.0,94.8,82.8,97.8,85.9,104.2,96.8,93.2,96.7,94.4,91.4,108.2,95.1,82.8,108.2,25.4,factory_normal
V00924,2024,Hyundai,Elantra,PH3,Phantom Black,metallic,83.2,80.4,83.3,77.3,79.0,83.8,86.4,75.3,70.0,87.4,82.6,87.9,80.3,81.3,70.0,87.9,17.9,thin_caution
V00925,2024,Hyundai,Elantra,PH3,Phantom Black,metallic,96.9,90.0,92.9,92.4,93.9,81.4,96.5,103.0,92.8,95.5,96.7,94.5,108.2,95.0,81.4,108.2,26.8,factory_normal
V00926,2024,Hyundai,Elantra,PH3,Phantom Black,metallic,82.6,77.7,85.7,76.9,86.3,79.8,76.4,81.7,77.0,79.6,81.4,91.4,79.4,81.2,76.4,91.4,15.0,thin_caution
V00927,2025,Hyundai,Elantra,PH3,Phantom Black,metallic,75.9,75.9,82.4,71.9,78.5,84.6,74.7,73.6,77.3,76.8,79.7,87.6,81.3,78.5,71.9,87.6,15.7,thin_caution
V00928,2025,Hyundai,Elantra,PH3,Phantom Black,metallic,97.3,89.5,90.7,86.4,89.3,86.5,89.1,82.8,91.4,100.0,82.3,98.3,118.9,92.5,82.3,118.9,36.6,thin_caution
V00929,2026,Hyundai,Elantra,WAW,Quartz White Pearl,pearl,88.2,99.3,95.9,171.9,95.2,92.5,106.6,105.7,93.0,99.1,97.4,256.2,105.1,115.9,88.2,256.2,168.0,respray_suspected
V00930,2026,Hyundai,Elantra,PH3,Phantom Black,metallic,90.0,96.9,84.8,81.2,96.1,92.6,87.3,89.2,95.0,76.1,95.9,127.4,94.9,92.9,76.1,127.4,51.3,thin_caution
V00931,2015,Hyundai,Sonata,PH3,Phantom Black,metallic,86.7,90.4,78.8,76.4,87.0,91.5,92.4,83.1,88.2,79.5,95.2,88.4,117.1,88.8,76.4,117.1,40.7,thin_caution
V00932,2015,Hyundai,Sonata,WAW,Quartz White Pearl,pearl,106.2,106.4,116.2,110.2,108.8,103.1,116.4,115.8,112.2,114.5,94.4,110.3,121.8,110.5,94.4,121.8,27.4,factory_normal
V00933,2015,Hyundai,Sonata,WAW,Quartz White Pearl,pearl,95.1,102.0,97.7,98.8,108.2,101.1,101.1,93.6,98.7,106.2,244.7,84.7,128.1,112.3,84.7,244.7,160.0,respray_suspected
V00934,2016,Hyundai,Sonata,PH3,Phantom Black,metallic,93.2,106.2,100.7,104.2,98.0,100.5,102.7,105.0,102.3,102.0,96.8,113.1,96.8,101.7,93.2,113.1,19.9,factory_normal
V00935,2016,Hyundai,Sonata,WAW,Quartz White Pearl,pearl,95.0,96.5,89.1,93.3,92.2,100.3,87.9,87.8,101.8,97.2,87.5,89.5,112.0,94.6,87.5,112.0,24.5,factory_normal
V00936,2017,Hyundai,Sonata,PH3,Phantom Black,metallic,102.2,90.1,94.9,97.6,96.6,95.6,91.6,94.7,92.4,82.2,98.5,84.5,86.8,92.9,82.2,102.2,20.0,factory_normal
V00937,2017,Hyundai,Sonata,WAW,Quartz White Pearl,pearl,111.7,106.1,100.0,112.3,104.1,97.8,96.3,106.6,113.0,103.8,102.6,114.8,102.2,105.5,96.3,114.8,18.5,factory_normal
V00938,2018,Hyundai,Sonata,PH3,Phantom Black,metallic,95.4,91.8,92.2,92.1,102.1,89.6,99.6,98.7,92.0,101.8,81.8,111.2,98.3,95.9,81.8,111.2,29.4,factory_normal
V00939,2018,Hyundai,Sonata,M6T,Shimmering Silver,metallic,91.9,87.3,95.3,92.0,89.6,95.2,88.6,87.5,91.1,91.5,92.7,95.8,111.3,93.1,87.3,111.3,24.0,factory_normal
V00940,2019,Hyundai,Sonata,M6T,Shimmering Silver,metallic,98.3,89.8,100.7,93.1,94.7,103.4,100.7,88.9,164.8,193.7,94.6,120.2,102.6,111.2,88.9,193.7,104.8,respray_suspected
V00941,2019,Hyundai,Sonata,M6T,Shimmering Silver,metallic,97.1,92.9,91.1,91.1,98.1,100.8,100.0,85.4,98.9,87.8,91.7,96.8,111.6,95.6,85.4,111.6,26.2,factory_normal
V00942,2020,Hyundai,Sonata,PH3,Phantom Black,metallic,90.4,91.3,86.2,96.9,87.8,93.8,81.3,91.7,90.5,96.5,76.7,113.6,122.8,93.8,76.7,122.8,46.1,thin_caution
V00943,2020,Hyundai,Sonata,WAW,Quartz White Pearl,pearl,105.5,109.4,106.3,99.9,98.0,109.2,106.3,99.9,103.4,110.6,94.7,95.0,104.8,103.3,94.7,110.6,15.9,factory_normal
V00944,2021,Hyundai,Sonata,WAW,Quartz White Pearl,pearl,107.8,102.5,100.3,96.8,108.6,104.0,104.6,104.4,104.8,106.8,111.2,122.1,107.3,106.2,96.8,122.1,25.3,factory_normal
V00945,2021,Hyundai,Sonata,PH3,Phantom Black,metallic,83.9,80.3,80.3,81.8,77.4,74.3,93.8,187.5,79.3,87.1,90.7,260.3,83.0,104.6,74.3,260.3,186.0,respray_suspected
V00946,2022,Hyundai,Sonata,WAW,Quartz White Pearl,pearl,259.2,96.5,117.8,105.0,105.6,108.4,243.0,108.8,103.7,98.8,106.2,116.9,121.5,130.1,96.5,259.2,162.7,respray_suspected
V00947,2022,Hyundai,Sonata,PH3,Phantom Black,metallic,96.8,93.1,96.7,97.8,98.8,101.6,95.8,95.8,107.9,90.5,94.5,88.7,119.9,98.3,88.7,119.9,31.2,factory_normal
V00948,2023,Hyundai,Sonata,PH3,Phantom Black,metallic,92.5,85.6,90.5,83.2,87.6,87.1,87.4,90.9,84.8,85.3,80.4,100.9,85.2,87.8,80.4,100.9,20.5,thin_caution
V00949,2023,Hyundai,Sonata,WAW,Quartz White Pearl,pearl,99.7,94.9,113.1,103.5,104.2,113.3,96.7,102.3,91.2,103.2,102.7,102.4,120.3,103.7,91.2,120.3,29.1,factory_normal
V00950,2023,Hyundai,Sonata,PH3,Phantom Black,metallic,87.1,80.0,85.5,81.2,88.6,77.0,82.3,89.2,77.4,80.2,92.9,78.6,78.9,83.0,77.0,92.9,15.9,thin_caution
V00951,2024,Hyundai,Sonata,PH3,Phantom Black,metallic,87.6,93.2,84.8,84.5,86.2,88.3,88.3,89.8,93.6,88.7,96.1,113.4,82.7,90.6,82.7,113.4,30.7,thin_caution
V00952,2024,Hyundai,Sonata,M6T,Shimmering Silver,metallic,85.3,101.2,94.1,95.9,89.4,98.8,97.6,91.4,91.1,98.4,99.3,115.3,108.6,97.4,85.3,115.3,30.0,factory_normal
V00953,2025,Hyundai,Sonata,WAW,Quartz White Pearl,pearl,108.2,103.3,108.2,101.8,107.2,102.9,116.5,111.9,107.3,99.4,99.8,101.6,98.1,105.1,98.1,116.5,18.4,factory_normal
V00954,2025,Hyundai,Sonata,WAW,Quartz White Pearl,pearl,95.8,103.7,97.6,102.6,108.0,101.5,100.4,96.8,105.9,92.5,94.3,101.4,105.6,100.5,92.5,108.0,15.5,factory_normal
V00955,2026,Hyundai,Sonata,PH3,Phantom Black,metallic,75.1,79.5,82.5,96.0,89.0,88.5,79.7,89.4,91.1,88.7,158.5,91.3,87.3,92.0,75.1,158.5,83.4,respray_suspected
V00956,2026,Hyundai,Sonata,PH3,Phantom Black,metallic,85.2,87.1,79.9,79.8,89.2,81.5,79.0,84.6,81.4,83.8,82.9,82.1,111.6,85.2,79.0,111.6,32.6,thin_caution
V00957,2026,Hyundai,Sonata,PH3,Phantom Black,metallic,77.0,86.3,83.2,77.3,81.7,81.2,91.4,87.6,86.4,80.1,85.5,98.4,102.0,86.0,77.0,102.0,25.0,thin_caution
V00958,2015,Hyundai,Tucson,PH3,Phantom Black,metallic,105.5,107.8,98.3,98.2,102.8,99.6,106.8,105.7,109.8,106.6,98.0,116.9,108.2,104.9,98.0,116.9,18.9,factory_normal
V00959,2015,Hyundai,Tucson,WAW,Quartz White Pearl,pearl,108.1,113.3,105.0,107.7,103.4,103.9,112.7,108.3,108.3,102.0,114.6,119.7,118.1,109.6,102.0,119.7,17.7,factory_normal
V00960,2016,Hyundai,Tucson,PH3,Phantom Black,metallic,130.5,137.0,140.5,126.0,128.7,121.5,125.1,124.8,128.7,123.2,133.8,134.1,123.4,129.0,121.5,140.5,19.0,factory_normal
V00961,2016,Hyundai,Tucson,M6T,Shimmering Silver,metallic,124.6,126.7,123.1,123.0,126.6,110.9,117.9,121.1,122.8,131.4,136.4,150.2,124.2,126.1,110.9,150.2,39.3,factory_normal
V00962,2017,Hyundai,Tucson,WAW,Quartz White Pearl,pearl,125.9,115.8,127.6,128.0,112.5,126.2,124.7,120.6,128.5,133.7,126.2,116.0,135.6,124.7,112.5,135.6,23.1,factory_normal
V00963,2017,Hyundai,Tucson,M6T,Shimmering Silver,metallic,110.8,115.2,111.0,111.1,106.7,107.8,111.0,105.1,119.2,111.5,108.2,124.4,132.2,113.4,105.1,132.2,27.1,factory_normal
V00964,2018,Hyundai,Tucson,M6T,Shimmering Silver,metallic,110.4,117.9,111.3,118.2,113.4,121.9,103.9,118.7,116.8,116.6,113.4,130.5,118.8,116.3,103.9,130.5,26.6,factory_normal
V00965,2018,Hyundai,Tucson,WAW,Quartz White Pearl,pearl,109.4,104.7,113.7,107.4,108.0,114.9,111.6,113.7,111.0,113.7,112.1,111.5,123.3,111.9,104.7,123.3,18.6,factory_normal
V00966,2019,Hyundai,Tucson,WAW,Quartz White Pearl,pearl,138.0,145.4,141.6,136.5,135.6,138.3,137.6,138.1,139.1,134.1,144.0,149.5,156.7,141.1,134.1,156.7,22.6,factory_normal
V00967,2019,Hyundai,Tucson,WAW,Quartz White Pearl,pearl,132.4,126.2,126.1,122.5,128.7,114.9,129.3,116.7,131.0,118.9,130.1,166.2,128.7,128.6,114.9,166.2,51.3,respray_suspected
V00968,2020,Hyundai,Tucson,PH3,Phantom Black,metallic,119.7,120.6,123.7,117.0,131.2,132.2,126.8,125.1,119.3,129.5,123.6,116.9,130.7,124.3,116.9,132.2,15.3,factory_normal
V00969,2020,Hyundai,Tucson,M6T,Shimmering Silver,metallic,101.9,83.6,94.2,93.9,86.7,91.6,99.7,97.5,92.1,96.4,100.8,90.3,117.1,95.8,83.6,117.1,33.5,factory_normal
V00970,2020,Hyundai,Tucson,PH3,Phantom Black,metallic,109.4,108.5,105.2,102.4,100.6,104.7,105.0,110.9,103.5,105.7,112.3,114.3,118.0,107.7,100.6,118.0,17.4,factory_normal
V00971,2021,Hyundai,Tucson,PH3,Phantom Black,metallic,113.7,120.0,126.7,126.0,129.2,125.6,117.8,113.8,118.5,119.7,117.3,141.3,107.5,121.3,107.5,141.3,33.8,factory_normal
V00972,2021,Hyundai,Tucson,M6T,Shimmering Silver,metallic,129.4,125.8,119.6,121.7,125.6,131.5,127.6,124.7,126.3,129.1,116.4,138.9,125.4,126.3,116.4,138.9,22.5,factory_normal
V00973,2022,Hyundai,Tucson,M6T,Shimmering Silver,metallic,107.2,104.7,103.7,100.7,98.6,105.5,107.5,109.6,102.4,102.9,112.8,109.2,107.2,105.5,98.6,112.8,14.2,factory_normal
V00974,2022,Hyundai,Tucson,M6T,Shimmering Silver,metallic,108.4,105.4,110.3,120.4,114.2,115.2,114.7,113.8,113.2,107.1,122.4,126.5,116.1,114.4,105.4,126.5,21.1,factory_normal
V00975,2022,Hyundai,Tucson,PH3,Phantom Black,metallic,124.0,125.7,125.5,117.5,122.8,115.9,116.2,120.1,118.3,123.1,109.7,143.8,112.3,121.1,109.7,143.8,34.1,factory_normal
V00976,2023,Hyundai,Tucson,WAW,Quartz White Pearl,pearl,102.4,107.7,108.5,101.8,108.1,111.3,108.5,100.3,99.8,105.4,108.0,126.6,108.4,107.4,99.8,126.6,26.8,factory_normal
V00977,2023,Hyundai,Tucson,PH3,Phantom Black,metallic,120.1,124.1,122.6,134.9,131.9,234.8,116.2,131.5,126.4,120.2,118.3,132.0,130.0,134.1,116.2,234.8,118.6,respray_suspected
V00978,2023,Hyundai,Tucson,PH3,Phantom Black,metallic,100.7,105.3,92.3,108.3,104.3,98.3,101.2,108.2,104.9,93.3,97.1,109.0,124.7,103.7,92.3,124.7,32.4,factory_normal
V00979,2024,Hyundai,Tucson,PH3,Phantom Black,metallic,109.3,125.0,122.6,117.8,115.7,114.0,121.3,120.7,120.8,128.4,109.0,121.9,114.8,118.6,109.0,128.4,19.4,factory_normal
V00980,2024,Hyundai,Tucson,WAW,Quartz White Pearl,pearl,116.8,110.1,106.7,106.4,104.8,111.3,112.9,107.7,108.2,115.7,109.4,98.1,97.9,108.2,97.9,116.8,18.9,factory_normal
V00981,2025,Hyundai,Tucson,WAW,Quartz White Pearl,pearl,116.2,121.4,114.9,187.1,115.4,109.6,111.3,114.5,127.1,219.8,114.6,138.4,121.7,131.7,109.6,219.8,110.2,respray_suspected
V00982,2025,Hyundai,Tucson,PH3,Phantom Black,metallic,103.5,109.3,112.0,108.6,113.0,113.0,112.7,108.2,102.2,117.9,106.6,138.7,126.1,113.2,102.2,138.7,36.5,factory_normal
V00983,2026,Hyundai,Tucson,PH3,Phantom Black,metallic,95.1,104.2,99.2,99.1,103.9,99.7,104.6,98.2,98.8,105.9,98.0,96.0,98.9,100.1,95.1,105.9,10.8,factory_normal
V00984,2026,Hyundai,Tucson,M6T,Shimmering Silver,metallic,117.4,128.1,119.5,117.7,121.3,123.3,115.5,126.8,127.4,120.8,127.8,124.8,140.4,123.9,115.5,140.4,24.9,factory_normal
V00985,2015,Hyundai,Santa Fe,M6T,Shimmering Silver,metallic,78.7,80.1,76.3,238.3,75.1,80.7,74.7,74.9,83.7,74.2,77.9,75.4,204.5,99.6,74.2,238.3,164.1,respray_suspected
V00986,2015,Hyundai,Santa Fe,M6T,Shimmering Silver,metallic,90.5,88.2,80.1,94.2,88.8,97.4,92.0,88.0,87.3,89.7,92.9,85.0,113.2,91.3,80.1,113.2,33.1,thin_caution
V00987,2015,Hyundai,Santa Fe,WAW,Quartz White Pearl,pearl,90.8,89.1,88.5,86.6,89.9,93.7,89.6,100.4,94.3,90.2,92.2,133.9,101.9,95.5,86.6,133.9,47.3,factory_normal
V00988,2016,Hyundai,Santa Fe,WAW,Quartz White Pearl,pearl,98.2,100.2,99.9,94.5,85.3,100.4,104.1,99.4,104.0,105.2,105.0,109.1,117.0,101.7,85.3,117.0,31.7,factory_normal
V00989,2016,Hyundai,Santa Fe,WAW,Quartz White Pearl,pearl,113.7,106.4,113.2,106.9,112.1,108.4,113.4,118.6,110.3,106.7,107.1,123.2,123.6,112.6,106.4,123.6,17.2,factory_normal
V00990,2016,Hyundai,Santa Fe,WAW,Quartz White Pearl,pearl,95.7,101.3,95.5,102.8,89.2,96.1,98.5,90.3,96.3,92.0,99.0,90.1,105.7,96.3,89.2,105.7,16.5,factory_normal
V00991,2017,Hyundai,Santa Fe,M6T,Shimmering Silver,metallic,83.2,75.4,76.1,73.0,74.2,82.3,78.9,64.3,83.1,67.4,75.1,98.6,88.8,78.5,64.3,98.6,34.3,thin_caution
V00992,2017,Hyundai,Santa Fe,PH3,Phantom Black,metallic,70.1,61.6,72.1,76.2,74.1,73.6,82.1,74.9,78.0,75.1,81.6,76.1,97.7,76.4,61.6,97.7,36.1,thin_caution
V00993,2018,Hyundai,Santa Fe,WAW,Quartz White Pearl,pearl,98.7,107.7,105.9,108.4,109.0,111.6,115.2,109.7,100.0,110.8,109.4,112.9,128.1,109.8,98.7,128.1,29.4,factory_normal
V00994,2018,Hyundai,Santa Fe,PH3,Phantom Black,metallic,103.2,98.8,106.9,101.9,100.4,99.5,92.7,98.2,100.0,103.4,100.7,113.3,108.1,102.1,92.7,113.3,20.6,factory_normal
V00995,2019,Hyundai,Santa Fe,WAW,Quartz White Pearl,pearl,93.8,82.6,94.2,94.5,83.1,89.2,95.2,87.3,92.6,83.8,85.2,100.5,84.3,89.7,82.6,100.5,17.9,thin_caution
V00996,2019,Hyundai,Santa Fe,M6T,Shimmering Silver,metallic,75.2,74.6,77.1,72.2,81.0,75.1,80.7,72.5,71.8,72.2,77.9,87.5,85.5,77.2,71.8,87.5,15.7,thin_caution
V00997,2020,Hyundai,Santa Fe,WAW,Quartz White Pearl,pearl,95.9,103.9,95.2,101.2,94.6,90.1,105.7,97.6,226.4,99.5,90.2,107.8,112.9,109.3,90.1,226.4,136.3,respray_suspected
V00998,2020,Hyundai,Santa Fe,M6T,Shimmering Silver,metallic,99.7,99.6,97.8,92.3,99.2,93.3,102.2,93.1,93.5,94.5,91.0,119.6,106.6,98.6,91.0,119.6,28.6,factory_normal
V00999,2020,Hyundai,Santa Fe,M6T,Shimmering Silver,metallic,99.1,98.1,98.6,90.8,97.6,88.8,97.2,242.4,95.1,96.5,102.3,106.9,104.3,109.1,88.8,242.4,153.6,respray_suspected
V01000,2021,Hyundai,Santa Fe,WAW,Quartz White Pearl,pearl,92.4,98.1,93.1,93.1,95.3,95.8,96.7,92.8,86.4,92.2,80.5,73.6,117.7,92.9,73.6,117.7,44.1,factory_normal
V01001,2021,Hyundai,Santa Fe,WAW,Quartz White Pearl,pearl,83.0,83.3,83.0,91.6,76.7,82.3,81.6,77.5,82.3,87.1,76.6,93.9,237.3,95.1,76.6,237.3,160.7,respray_suspected
V01002,2021,Hyundai,Santa Fe,PH3,Phantom Black,metallic,100.2,91.3,99.9,93.0,106.2,105.2,92.8,101.1,97.2,89.3,92.2,108.8,111.1,99.1,89.3,111.1,21.8,factory_normal
V01003,2022,Hyundai,Santa Fe,M6T,Shimmering Silver,metallic,97.7,87.6,102.7,102.3,95.8,105.4,91.0,90.3,91.9,91.5,104.2,119.1,104.4,98.8,87.6,119.1,31.5,factory_normal
V01004,2022,Hyundai,Santa Fe,WAW,Quartz White Pearl,pearl,88.6,81.4,89.4,83.9,81.5,84.8,92.2,81.2,89.2,85.2,83.2,94.4,101.0,87.4,81.2,101.0,19.8,thin_caution
V01005,2023,Hyundai,Santa Fe,WAW,Quartz White Pearl,pearl,79.1,78.3,82.8,75.5,78.9,84.4,88.5,80.4,86.1,86.9,75.1,93.4,70.5,81.5,70.5,93.4,22.9,thin_caution
V01006,2023,Hyundai,Santa Fe,M6T,Shimmering Silver,metallic,70.2,251.1,67.3,63.0,71.5,67.8,70.4,65.9,66.7,66.3,145.7,63.2,66.7,87.4,63.0,251.1,188.1,respray_suspected
V01007,2023,Hyundai,Santa Fe,M6T,Shimmering Silver,metallic,76.8,77.0,77.8,76.0,82.1,80.7,73.9,75.6,70.0,79.8,75.6,84.8,64.7,76.5,64.7,84.8,20.1,thin_caution
V01008,2024,Hyundai,Santa Fe,WAW,Quartz White Pearl,pearl,105.0,97.7,97.7,98.7,108.3,101.1,101.7,92.8,101.0,101.6,108.2,97.4,111.1,101.7,92.8,111.1,18.3,factory_normal
V01009,2024,Hyundai,Santa Fe,WAW,Quartz White Pearl,pearl,91.4,92.7,89.1,88.7,101.5,100.1,91.0,93.6,103.7,92.3,96.9,102.7,103.7,96.0,88.7,103.7,15.0,factory_normal
V01010,2024,Hyundai,Santa Fe,WAW,Quartz White Pearl,pearl,88.4,81.0,89.7,228.7,74.7,78.0,88.0,90.2,85.4,80.4,86.7,104.2,92.9,97.6,74.7,228.7,154.0,respray_suspected
V01011,2025,Hyundai,Santa Fe,M6T,Shimmering Silver,metallic,69.8,65.6,69.8,71.0,76.1,64.4,69.7,66.1,71.7,67.7,55.3,67.8,64.2,67.6,55.3,76.1,20.8,thin_caution
V01012,2025,Hyundai,Santa Fe,WAW,Quartz White Pearl,pearl,95.8,98.0,92.1,99.2,95.7,98.4,99.2,94.4,102.3,100.1,94.2,90.4,105.9,97.4,90.4,105.9,15.5,factory_normal
V01013,2026,Hyundai,Santa Fe,WAW,Quartz White Pearl,pearl,96.4,95.1,89.5,92.6,96.9,88.6,88.6,87.6,98.8,95.0,95.8,94.9,110.8,94.7,87.6,110.8,23.2,factory_normal
V01014,2026,Hyundai,Santa Fe,M6T,Shimmering Silver,metallic,84.5,87.4,88.8,93.2,83.0,92.9,81.0,80.5,73.8,88.8,91.9,71.5,91.6,85.3,71.5,93.2,21.7,thin_caution
V01015,2015,Hyundai,Kona,M6T,Shimmering Silver,metallic,98.8,96.3,101.9,104.1,94.3,100.8,104.0,87.6,102.8,109.6,95.0,113.9,96.5,100.4,87.6,113.9,26.3,factory_normal
V01016,2015,Hyundai,Kona,WAW,Quartz White Pearl,pearl,120.8,129.1,123.6,123.0,112.3,119.1,115.6,184.7,123.9,126.2,118.4,215.5,137.6,134.6,112.3,215.5,103.2,respray_suspected
V01017,2015,Hyundai,Kona,M6T,Shimmering Silver,metallic,115.0,103.4,114.1,104.6,108.9,105.8,106.8,113.5,103.0,110.4,105.0,94.5,108.2,107.2,94.5,115.0,20.5,factory_normal
V01018,2016,Hyundai,Kona,M6T,Shimmering Silver,metallic,108.7,112.2,123.4,112.1,114.2,113.0,115.7,109.8,115.5,116.6,119.4,125.6,133.3,116.9,108.7,133.3,24.6,factory_normal
V01019,2016,Hyundai,Kona,M6T,Shimmering Silver,metallic,120.6,117.2,113.6,115.2,125.9,107.6,109.2,116.6,112.4,100.5,112.3,123.2,96.7,113.2,96.7,125.9,29.2,factory_normal
V01020,2017,Hyundai,Kona,WAW,Quartz White Pearl,pearl,108.3,115.2,116.3,108.3,111.2,121.6,116.1,120.0,114.7,120.0,112.2,116.3,104.7,114.2,104.7,121.6,16.9,factory_normal
V01021,2017,Hyundai,Kona,WAW,Quartz White Pearl,pearl,117.9,118.9,115.0,116.7,122.7,116.2,117.1,104.8,111.5,122.4,112.7,129.3,128.7,118.0,104.8,129.3,24.5,factory_normal
V01022,2017,Hyundai,Kona,M6T,Shimmering Silver,metallic,98.6,83.0,85.9,95.9,85.8,94.5,91.8,90.6,86.7,88.7,93.3,100.3,105.2,92.3,83.0,105.2,22.2,factory_normal
V01023,2018,Hyundai,Kona,M6T,Shimmering Silver,metallic,94.2,93.9,87.8,83.7,92.6,97.1,87.7,84.4,89.6,94.1,96.6,105.3,93.7,92.4,83.7,105.3,21.6,factory_normal
V01024,2018,Hyundai,Kona,WAW,Quartz White Pearl,pearl,113.5,117.3,104.2,104.8,112.4,124.6,253.2,109.0,115.6,108.6,101.1,113.6,135.7,124.1,101.1,253.2,152.1,respray_suspected
V01025,2018,Hyundai,Kona,WAW,Quartz White Pearl,pearl,115.2,120.2,120.5,125.7,120.9,119.4,123.8,126.9,126.6,122.8,119.5,126.6,139.1,123.6,115.2,139.1,23.9,factory_normal
V01026,2019,Hyundai,Kona,PH3,Phantom Black,metallic,90.2,96.3,98.4,100.1,93.9,103.8,104.0,102.0,102.9,94.1,105.2,108.5,91.1,99.3,90.2,108.5,18.3,factory_normal
V01027,2019,Hyundai,Kona,PH3,Phantom Black,metallic,107.0,112.0,100.1,117.9,117.7,111.8,118.0,111.9,107.1,115.9,115.5,127.5,110.5,113.3,100.1,127.5,27.4,factory_normal
V01028,2020,Hyundai,Kona,WAW,Quartz White Pearl,pearl,125.1,130.4,122.0,126.0,120.4,115.4,126.6,120.5,119.8,129.2,125.4,140.5,130.8,125.5,115.4,140.5,25.1,factory_normal
V01029,2020,Hyundai,Kona,PH3,Phantom Black,metallic,97.5,106.0,104.3,101.7,103.2,114.8,99.5,101.1,103.2,101.8,93.6,108.2,102.6,102.9,93.6,114.8,21.2,factory_normal
V01030,2021,Hyundai,Kona,PH3,Phantom Black,metallic,87.6,90.6,87.4,93.2,85.1,101.6,93.6,86.5,84.9,88.7,87.3,82.5,110.1,90.7,82.5,110.1,27.6,thin_caution
V01031,2021,Hyundai,Kona,M6T,Shimmering Silver,metallic,102.8,95.7,109.7,99.4,109.0,96.6,105.8,98.5,107.3,98.1,93.7,105.3,104.9,102.1,93.7,109.7,16.0,factory_normal
V01032,2021,Hyundai,Kona,PH3,Phantom Black,metallic,87.4,97.5,104.0,89.3,89.6,94.5,93.6,89.7,92.1,100.5,97.0,98.1,84.0,93.6,84.0,104.0,20.0,factory_normal
V01033,2022,Hyundai,Kona,M6T,Shimmering Silver,metallic,101.7,104.6,110.8,105.1,107.0,104.0,111.3,97.4,98.0,101.0,113.7,124.7,106.7,106.6,97.4,124.7,27.3,factory_normal
V01034,2022,Hyundai,Kona,M6T,Shimmering Silver,metallic,109.3,103.5,114.8,118.0,104.1,102.4,109.5,102.4,113.9,106.0,115.5,116.0,110.3,109.7,102.4,118.0,15.6,factory_normal
V01035,2022,Hyundai,Kona,PH3,Phantom Black,metallic,116.3,106.2,106.6,111.2,111.3,111.8,101.9,104.8,110.9,111.1,108.8,134.6,119.8,111.9,101.9,134.6,32.7,factory_normal
V01036,2023,Hyundai,Kona,PH3,Phantom Black,metallic,109.6,102.2,108.9,114.5,105.1,107.2,105.4,110.9,96.3,114.5,109.1,117.2,122.7,109.5,96.3,122.7,26.4,factory_normal
V01037,2023,Hyundai,Kona,M6T,Shimmering Silver,metallic,111.9,114.8,118.4,113.9,108.0,114.9,121.3,109.5,113.4,113.2,115.5,124.1,113.0,114.8,108.0,124.1,16.1,factory_normal
V01038,2023,Hyundai,Kona,M6T,Shimmering Silver,metallic,107.4,91.7,100.3,104.6,93.5,96.1,102.1,99.9,98.3,101.3,92.9,108.1,116.0,100.9,91.7,116.0,24.3,factory_normal
V01039,2024,Hyundai,Kona,WAW,Quartz White Pearl,pearl,116.0,236.7,111.1,121.5,119.6,113.2,106.5,110.9,124.7,120.3,292.3,112.4,110.3,138.1,106.5,292.3,185.8,respray_suspected
V01040,2024,Hyundai,Kona,M6T,Shimmering Silver,metallic,91.1,89.6,87.1,88.7,79.4,79.2,85.6,89.6,97.6,90.9,84.0,93.8,90.4,88.2,79.2,97.6,18.4,thin_caution
V01041,2024,Hyundai,Kona,WAW,Quartz White Pearl,pearl,103.7,113.6,104.4,111.3,109.9,117.7,108.9,109.0,108.1,113.7,111.0,132.3,136.5,113.9,103.7,136.5,32.8,factory_normal
V01042,2025,Hyundai,Kona,WAW,Quartz White Pearl,pearl,108.3,92.7,101.8,93.7,100.4,103.9,102.4,95.6,96.6,104.4,99.5,111.1,125.1,102.7,92.7,125.1,32.4,factory_normal
V01043,2025,Hyundai,Kona,M6T,Shimmering Silver,metallic,109.1,102.1,110.5,114.9,102.6,102.2,105.0,103.7,95.7,94.1,99.3,112.6,129.6,106.3,94.1,129.6,35.5,factory_normal
V01044,2025,Hyundai,Kona,WAW,Quartz White Pearl,pearl,93.5,103.2,98.3,100.0,103.0,102.1,159.0,92.7,99.6,101.7,108.6,96.6,99.2,104.4,92.7,159.0,66.3,respray_suspected
V01045,2026,Hyundai,Kona,M6T,Shimmering Silver,metallic,86.1,86.4,85.3,88.9,87.6,74.5,88.8,88.0,84.5,88.3,84.1,99.6,77.1,86.1,74.5,99.6,25.1,thin_caution
V01046,2026,Hyundai,Kona,PH3,Phantom Black,metallic,101.1,99.7,98.4,92.1,94.3,98.5,99.1,97.6,93.6,96.6,95.2,85.4,105.0,96.7,85.4,105.0,19.6,factory_normal
V01047,2015,Kia,Rio,B4U,Gravity Blue,metallic,99.3,104.2,100.7,101.5,101.5,95.1,109.2,96.0,95.3,106.9,97.7,112.6,98.9,101.5,95.1,112.6,17.5,factory_normal
V01048,2015,Kia,Rio,ABT,Aurora Black Pearl,pearl,113.8,114.1,115.4,119.4,121.8,124.1,117.8,126.6,123.2,126.9,115.4,139.5,137.0,122.7,113.8,139.5,25.7,factory_normal
V01049,2015,Kia,Rio,ABT,Aurora Black Pearl,pearl,122.4,114.8,114.3,120.3,120.3,110.3,122.7,122.5,121.8,113.3,123.0,123.2,122.5,119.3,110.3,123.2,12.9,factory_normal
V01050,2016,Kia,Rio,SWP,Snow White Pearl,pearl,121.6,118.7,110.1,116.8,118.3,127.8,123.2,115.2,114.7,117.8,121.1,127.4,141.7,121.1,110.1,141.7,31.6,factory_normal
V01051,2016,Kia,Rio,B4U,Gravity Blue,metallic,104.8,105.7,104.0,103.2,104.9,104.1,104.0,111.2,108.5,108.0,100.5,119.1,103.6,106.3,100.5,119.1,18.6,factory_normal
V01052,2017,Kia,Rio,ABT,Aurora Black Pearl,pearl,107.0,116.6,122.6,119.8,115.6,126.7,119.5,118.8,115.4,119.7,129.5,145.5,128.3,121.9,107.0,145.5,38.5,factory_normal
V01053,2017,Kia,Rio,ABT,Aurora Black Pearl,pearl,113.6,123.8,116.5,118.1,118.0,117.2,128.9,127.8,119.3,121.2,128.8,142.4,128.1,123.4,113.6,142.4,28.8,factory_normal
V01054,2018,Kia,Rio,B4U,Gravity Blue,metallic,108.6,100.3,101.5,95.9,98.7,101.5,101.6,96.7,101.0,103.3,91.3,112.1,114.8,102.1,91.3,114.8,23.5,factory_normal
V01055,2018,Kia,Rio,ABT,Aurora Black Pearl,pearl,115.5,117.9,121.0,111.3,115.0,119.7,118.0,112.7,116.5,114.5,118.0,116.4,141.7,118.3,111.3,141.7,30.4,factory_normal
V01056,2018,Kia,Rio,B4U,Gravity Blue,metallic,269.4,108.5,116.1,110.2,108.8,113.7,102.6,97.8,102.7,115.2,112.8,124.6,105.7,122.2,97.8,269.4,171.6,respray_suspected
V01057,2019,Kia,Rio,ABT,Aurora Black Pearl,pearl,112.3,116.1,108.0,114.4,117.1,118.6,114.9,122.6,108.6,115.7,114.4,124.4,114.2,115.5,108.0,124.4,16.4,factory_normal
V01058,2019,Kia,Rio,B4U,Gravity Blue,metallic,106.5,111.6,104.4,106.2,111.5,176.1,105.1,111.9,240.5,106.9,106.8,129.2,114.4,125.5,104.4,240.5,136.1,respray_suspected
V01059,2020,Kia,Rio,B4U,Gravity Blue,metallic,110.0,99.3,97.2,105.2,103.6,106.6,103.5,109.6,106.9,104.8,101.7,125.9,117.3,107.0,97.2,125.9,28.7,factory_normal
V01060,2020,Kia,Rio,SWP,Snow White Pearl,pearl,115.5,118.0,106.1,110.8,113.3,120.5,110.8,118.1,114.4,123.1,115.3,126.1,126.7,116.8,106.1,126.7,20.6,factory_normal
V01061,2020,Kia,Rio,SWP,Snow White Pearl,pearl,290.9,123.8,121.8,184.2,106.0,115.3,118.6,112.6,114.8,123.1,120.9,119.0,119.7,136.2,106.0,290.9,184.9,respray_suspected
V01062,2021,Kia,Rio,ABT,Aurora Black Pearl,pearl,122.0,120.6,117.2,119.7,113.4,123.0,121.7,120.2,115.1,118.1,116.5,137.9,138.3,121.8,113.4,138.3,24.9,factory_normal
V01063,2021,Kia,Rio,ABT,Aurora Black Pearl,pearl,108.1,119.6,109.3,120.1,111.0,118.5,110.8,112.4,114.1,113.9,112.8,120.0,109.2,113.8,108.1,120.1,12.0,factory_normal
V01064,2021,Kia,Rio,ABT,Aurora Black Pearl,pearl,124.7,115.7,124.5,118.4,127.8,117.9,117.6,118.4,122.8,116.6,132.7,124.7,131.3,122.5,115.7,132.7,17.0,factory_normal
V01065,2022,Kia,Rio,SWP,Snow White Pearl,pearl,128.0,122.7,117.8,123.2,118.3,109.0,122.8,113.6,119.0,122.4,120.2,143.7,139.8,123.1,109.0,143.7,34.7,factory_normal
V01066,2022,Kia,Rio,B4U,Gravity Blue,metallic,113.4,101.6,106.3,105.4,106.1,107.6,105.3,108.7,100.6,107.1,99.6,112.9,117.2,107.1,99.6,117.2,17.6,factory_normal
V01067,2023,Kia,Rio,B4U,Gravity Blue,metallic,111.6,105.9,100.7,96.1,104.8,98.4,221.4,106.6,115.9,100.8,110.0,108.3,102.3,114.1,96.1,221.4,125.3,respray_suspected
V01068,2023,Kia,Rio,SWP,Snow White Pearl,pearl,115.9,113.2,119.9,122.7,110.7,114.6,115.1,110.1,110.5,115.1,112.5,128.7,119.5,116.0,110.1,128.7,18.6,factory_normal
V01069,2023,Kia,Rio,B4U,Gravity Blue,metallic,102.4,103.3,100.1,103.2,99.3,94.9,102.0,98.5,92.3,104.6,102.4,116.2,115.2,102.6,92.3,116.2,23.9,factory_normal
V01070,2024,Kia,Rio,ABT,Aurora Black Pearl,pearl,111.1,118.2,116.6,112.1,120.2,103.8,110.7,108.4,118.1,118.6,108.7,121.8,132.7,115.5,103.8,132.7,28.9,factory_normal
V01071,2024,Kia,Rio,ABT,Aurora Black Pearl,pearl,116.4,116.8,115.1,120.3,120.5,121.3,119.3,118.2,112.1,115.3,112.9,131.2,121.2,118.5,112.1,131.2,19.1,factory_normal
V01072,2025,Kia,Rio,SWP,Snow White Pearl,pearl,107.0,105.2,107.1,102.6,110.3,114.4,101.4,110.7,111.4,111.8,111.7,121.5,121.7,110.5,101.4,121.7,20.3,factory_normal
V01073,2025,Kia,Rio,SWP,Snow White Pearl,pearl,112.3,115.4,117.5,103.4,106.5,104.8,110.0,109.3,113.5,111.1,118.9,114.3,118.3,111.9,103.4,118.9,15.5,factory_normal
V01074,2025,Kia,Rio,ABT,Aurora Black Pearl,pearl,104.9,101.4,99.3,102.7,105.6,113.7,111.7,194.3,101.8,94.7,94.6,97.9,109.5,110.2,94.6,194.3,99.7,respray_suspected
V01075,2026,Kia,Rio,ABT,Aurora Black Pearl,pearl,110.4,97.8,109.0,102.1,105.4,100.5,111.8,122.9,112.9,106.7,99.8,115.0,110.8,108.1,97.8,122.9,25.1,factory_normal
V01076,2026,Kia,Rio,SWP,Snow White Pearl,pearl,107.7,114.4,107.1,117.3,120.5,114.0,116.1,121.4,116.2,120.0,120.6,118.0,139.8,117.9,107.1,139.8,32.7,factory_normal
V01077,2015,Kia,Optima/K5,B4U,Gravity Blue,metallic,121.6,121.9,128.7,125.8,125.4,123.0,129.5,111.9,119.2,128.0,121.6,120.5,136.8,124.1,111.9,136.8,24.9,factory_normal
V01078,2015,Kia,Optima/K5,B4U,Gravity Blue,metallic,127.6,121.5,125.1,121.7,131.8,123.3,123.8,125.4,127.7,126.0,122.6,127.4,127.6,125.5,121.5,131.8,10.3,factory_normal
V01079,2016,Kia,Optima/K5,ABT,Aurora Black Pearl,pearl,133.5,132.7,137.9,132.6,133.1,144.0,137.2,130.7,140.8,133.3,131.2,151.5,143.5,137.1,130.7,151.5,20.8,factory_normal
V01080,2016,Kia,Optima/K5,SWP,Snow White Pearl,pearl,131.9,138.0,123.8,136.2,133.7,138.8,127.0,137.7,128.2,133.7,130.4,136.9,134.1,133.1,123.8,138.8,15.0,factory_normal
V01081,2016,Kia,Optima/K5,ABT,Aurora Black Pearl,pearl,134.4,136.2,128.4,128.7,126.1,119.9,129.5,132.9,134.5,129.4,138.3,130.9,134.9,131.1,119.9,138.3,18.4,factory_normal
V01082,2017,Kia,Optima/K5,SWP,Snow White Pearl,pearl,135.9,143.2,137.0,143.0,141.2,131.7,135.9,145.4,137.8,137.7,138.8,165.6,146.3,141.5,131.7,165.6,33.9,respray_suspected
V01083,2017,Kia,Optima/K5,B4U,Gravity Blue,metallic,119.6,121.2,127.4,131.6,118.8,119.6,123.5,119.9,124.5,115.4,124.5,141.9,122.4,123.9,115.4,141.9,26.5,factory_normal
V01084,2018,Kia,Optima/K5,SWP,Snow White Pearl,pearl,135.8,134.2,132.6,138.8,134.8,129.9,141.2,131.6,143.1,140.9,135.8,136.6,139.9,136.6,129.9,143.1,13.2,factory_normal
V01085,2018,Kia,Optima/K5,SWP,Snow White Pearl,pearl,132.2,134.5,136.0,124.8,133.4,115.6,128.4,133.6,132.9,122.7,125.5,119.7,260.4,138.4,115.6,260.4,144.8,respray_suspected
V01086,2019,Kia,Optima/K5,SWP,Snow White Pearl,pearl,134.9,131.9,134.6,130.4,119.5,126.4,116.4,121.4,124.8,134.4,128.4,139.4,226.4,136.1,116.4,226.4,110.0,respray_suspected
V01087,2019,Kia,Optima/K5,SWP,Snow White Pearl,pearl,146.4,138.0,138.4,148.2,155.0,148.3,140.4,137.7,142.8,141.0,135.6,146.3,154.8,144.1,135.6,155.0,19.4,factory_normal
V01088,2019,Kia,Optima/K5,B4U,Gravity Blue,metallic,115.6,125.9,124.6,126.3,115.4,123.4,124.0,127.0,124.5,119.8,128.2,142.6,128.3,125.0,115.4,142.6,27.2,factory_normal
V01089,2020,Kia,Optima/K5,B4U,Gravity Blue,metallic,136.2,128.6,118.8,119.7,122.2,121.8,116.6,121.9,114.9,119.5,131.3,133.3,134.7,124.6,114.9,136.2,21.3,factory_normal
V01090,2020,Kia,Optima/K5,ABT,Aurora Black Pearl,pearl,131.0,136.9,135.8,141.1,246.0,132.5,127.4,131.1,129.2,140.2,130.4,116.2,144.9,141.7,116.2,246.0,129.8,respray_suspected
V01091,2021,Kia,Optima/K5,ABT,Aurora Black Pearl,pearl,131.5,252.8,128.1,134.5,122.9,127.9,135.4,133.7,124.1,124.4,130.2,133.5,142.8,140.1,122.9,252.8,129.9,respray_suspected
V01092,2021,Kia,Optima/K5,B4U,Gravity Blue,metallic,113.6,110.4,128.8,110.3,113.5,121.5,120.1,125.0,126.4,122.1,119.6,131.1,133.1,121.2,110.3,133.1,22.8,factory_normal
V01093,2022,Kia,Optima/K5,ABT,Aurora Black Pearl,pearl,124.0,132.6,134.5,138.3,126.6,128.7,129.7,129.2,125.1,133.2,119.2,123.2,267.1,139.3,119.2,267.1,147.9,respray_suspected
V01094,2022,Kia,Optima/K5,SWP,Snow White Pearl,pearl,142.6,126.7,128.7,135.6,133.4,135.0,131.3,137.5,134.5,139.4,126.0,132.6,147.7,134.7,126.0,147.7,21.7,factory_normal
V01095,2022,Kia,Optima/K5,ABT,Aurora Black Pearl,pearl,132.0,137.8,126.1,137.1,125.4,137.9,127.0,134.7,133.7,126.9,125.8,145.1,168.2,135.2,125.4,168.2,42.8,respray_suspected
V01096,2023,Kia,Optima/K5,B4U,Gravity Blue,metallic,118.6,120.9,114.4,114.9,126.5,117.2,112.4,120.7,114.0,118.6,123.9,139.5,141.0,121.7,112.4,141.0,28.6,factory_normal
V01097,2023,Kia,Optima/K5,SWP,Snow White Pearl,pearl,256.5,130.8,139.6,130.6,137.3,117.0,132.0,128.1,139.2,138.8,128.2,126.3,160.7,143.5,117.0,256.5,139.5,respray_suspected
V01098,2024,Kia,Optima/K5,SWP,Snow White Pearl,pearl,128.9,140.7,129.3,121.8,136.2,131.4,129.4,134.7,127.5,128.9,134.5,157.6,129.1,133.1,121.8,157.6,35.8,factory_normal
V01099,2024,Kia,Optima/K5,B4U,Gravity Blue,metallic,115.7,118.3,117.5,116.5,112.0,118.9,123.9,113.1,126.8,125.2,113.1,119.7,115.7,118.2,112.0,126.8,14.8,factory_normal
V01100,2025,Kia,Optima/K5,SWP,Snow White Pearl,pearl,115.5,125.6,134.9,123.6,124.6,119.7,248.1,194.5,117.6,120.9,122.8,134.2,133.6,139.7,115.5,248.1,132.6,respray_suspected
V01101,2025,Kia,Optima/K5,B4U,Gravity Blue,metallic,116.5,129.7,114.1,119.1,111.2,110.7,114.3,116.8,119.2,100.0,121.4,130.9,137.0,118.5,100.0,137.0,37.0,factory_normal
V01102,2025,Kia,Optima/K5,SWP,Snow White Pearl,pearl,130.5,127.2,136.9,124.4,123.0,127.7,124.8,134.6,119.6,121.3,129.5,121.2,141.0,127.8,119.6,141.0,21.4,factory_normal
V01103,2026,Kia,Optima/K5,ABT,Aurora Black Pearl,pearl,124.9,129.3,137.5,128.4,124.2,129.1,121.9,124.6,125.2,131.3,125.6,122.1,141.8,128.1,121.9,141.8,19.9,factory_normal
V01104,2026,Kia,Optima/K5,B4U,Gravity Blue,metallic,120.6,118.7,117.3,114.7,112.6,108.9,122.2,116.4,117.5,119.0,121.3,119.0,121.1,117.6,108.9,122.2,13.3,factory_normal
V01105,2026,Kia,Optima/K5,SWP,Snow White Pearl,pearl,130.7,130.5,130.5,129.0,129.0,126.9,127.5,128.0,129.2,120.8,130.5,129.2,148.7,130.0,120.8,148.7,27.9,factory_normal
V01106,2015,Kia,Sportage,ABT,Aurora Black Pearl,pearl,114.1,118.3,119.0,115.3,128.4,121.5,116.9,128.8,125.4,117.6,116.3,140.3,129.6,122.4,114.1,140.3,26.2,factory_normal
V01107,2015,Kia,Sportage,ABT,Aurora Black Pearl,pearl,127.6,128.3,131.6,121.6,134.6,118.9,126.7,128.5,125.3,129.6,117.2,122.6,140.3,127.1,117.2,140.3,23.1,factory_normal
V01108,2015,Kia,Sportage,SWP,Snow White Pearl,pearl,132.8,130.3,135.9,132.2,134.5,136.6,133.4,138.3,136.9,141.4,130.5,123.7,134.8,133.9,123.7,141.4,17.7,factory_normal
V01109,2016,Kia,Sportage,SWP,Snow White Pearl,pearl,210.5,242.8,122.0,133.2,128.8,125.0,122.3,133.7,124.5,121.8,132.1,125.2,140.9,143.3,121.8,242.8,121.0,respray_suspected
V01110,2016,Kia,Sportage,ABT,Aurora Black Pearl,pearl,127.3,127.9,125.9,131.1,125.9,129.4,134.5,134.5,120.8,134.9,125.9,132.6,143.2,130.3,120.8,143.2,22.4,factory_normal
V01111,2017,Kia,Sportage,SWP,Snow White Pearl,pearl,132.4,128.7,128.4,129.5,125.4,128.7,125.7,125.4,115.5,118.2,128.9,136.4,143.5,128.2,115.5,143.5,28.0,factory_normal
V01112,2017,Kia,Sportage,SWP,Snow White Pearl,pearl,126.0,129.8,131.6,123.3,126.9,138.0,135.3,132.1,139.2,127.9,142.2,146.1,140.3,133.7,123.3,146.1,22.8,factory_normal
V01113,2017,Kia,Sportage,SWP,Snow White Pearl,pearl,115.0,125.3,130.0,121.4,125.7,117.5,117.9,125.0,128.7,128.9,131.1,119.6,129.8,124.3,115.0,131.1,16.1,factory_normal
V01114,2018,Kia,Sportage,ABT,Aurora Black Pearl,pearl,127.8,118.6,133.9,134.9,132.5,131.7,132.2,136.0,127.5,129.7,125.1,117.6,133.2,129.3,117.6,136.0,18.4,factory_normal
V01115,2018,Kia,Sportage,ABT,Aurora Black Pearl,pearl,125.7,122.5,127.3,124.6,125.4,132.8,126.6,127.6,124.5,124.9,121.3,131.0,137.3,127.0,121.3,137.3,16.0,factory_normal
V01116,2019,Kia,Sportage,B4U,Gravity Blue,metallic,120.8,103.2,119.6,100.1,108.1,112.2,109.0,102.1,105.2,113.8,104.1,126.1,125.7,111.5,100.1,126.1,26.0,factory_normal
V01117,2019,Kia,Sportage,ABT,Aurora Black Pearl,pearl,126.2,123.4,122.0,125.7,110.9,124.5,117.5,108.9,125.7,116.6,122.5,128.0,130.3,121.7,108.9,130.3,21.4,factory_normal
V01118,2020,Kia,Sportage,B4U,Gravity Blue,metallic,113.0,105.6,112.5,113.4,103.5,112.2,106.3,116.8,112.5,110.9,125.7,125.7,130.2,114.5,103.5,130.2,26.7,factory_normal
V01119,2020,Kia,Sportage,ABT,Aurora Black Pearl,pearl,124.2,122.4,124.6,135.5,127.0,120.8,125.3,127.3,130.8,124.5,127.0,136.9,142.9,128.4,120.8,142.9,22.1,factory_normal
V01120,2020,Kia,Sportage,B4U,Gravity Blue,metallic,125.2,122.0,120.0,113.6,114.4,114.2,116.5,114.3,113.4,116.6,115.9,116.8,149.9,119.4,113.4,149.9,36.5,factory_normal
V01121,2021,Kia,Sportage,B4U,Gravity Blue,metallic,104.1,113.6,115.7,117.1,115.0,116.1,103.7,106.4,114.0,101.1,108.4,120.8,113.0,111.5,101.1,120.8,19.7,factory_normal
V01122,2021,Kia,Sportage,ABT,Aurora Black Pearl,pearl,125.0,123.8,123.6,116.2,123.0,126.9,117.5,125.2,126.5,134.6,122.8,114.0,107.6,122.1,107.6,134.6,27.0,factory_normal
V01123,2022,Kia,Sportage,SWP,Snow White Pearl,pearl,114.5,115.7,132.5,130.1,117.9,125.0,125.4,271.2,121.3,129.2,128.1,154.0,136.7,138.6,114.5,271.2,156.7,respray_suspected
V01124,2022,Kia,Sportage,B4U,Gravity Blue,metallic,109.1,106.2,109.3,107.9,105.5,113.5,119.4,110.9,109.0,253.0,102.3,223.0,137.7,131.3,102.3,253.0,150.7,respray_suspected
V01125,2023,Kia,Sportage,B4U,Gravity Blue,metallic,113.5,115.0,121.1,111.7,111.7,123.5,120.0,117.4,119.0,115.4,113.5,107.2,123.6,116.4,107.2,123.6,16.4,factory_normal
V01126,2023,Kia,Sportage,ABT,Aurora Black Pearl,pearl,118.8,122.1,118.0,116.5,120.2,121.8,115.2,113.2,124.0,114.8,119.2,140.4,114.3,119.9,113.2,140.4,27.2,factory_normal
V01127,2024,Kia,Sportage,B4U,Gravity Blue,metallic,121.5,115.1,175.1,117.9,190.3,117.1,120.5,119.9,117.3,111.4,112.2,123.1,136.5,129.1,111.4,190.3,78.9,respray_suspected
V01128,2024,Kia,Sportage,B4U,Gravity Blue,metallic,114.1,101.5,112.9,106.9,105.6,124.8,111.4,112.9,112.3,109.6,121.7,125.7,132.9,114.8,101.5,132.9,31.4,factory_normal
V01129,2025,Kia,Sportage,B4U,Gravity Blue,metallic,117.2,115.7,111.0,115.5,108.6,113.6,114.2,111.3,107.5,111.3,108.1,109.8,120.9,112.7,107.5,120.9,13.4,factory_normal
V01130,2025,Kia,Sportage,B4U,Gravity Blue,metallic,109.4,114.2,113.5,108.4,107.5,119.2,111.5,118.8,115.8,112.5,111.6,121.1,116.5,113.8,107.5,121.1,13.6,factory_normal
V01131,2026,Kia,Sportage,SWP,Snow White Pearl,pearl,124.5,123.9,119.9,129.2,132.7,122.2,119.0,126.0,121.8,123.5,126.0,112.1,130.9,124.0,112.1,132.7,20.6,factory_normal
V01132,2026,Kia,Sportage,B4U,Gravity Blue,metallic,109.3,114.7,107.8,115.5,114.0,118.1,113.3,112.5,103.2,114.0,116.3,130.2,112.7,114.0,103.2,130.2,27.0,factory_normal
V01133,2026,Kia,Sportage,SWP,Snow White Pearl,pearl,123.3,118.2,129.6,131.5,136.3,130.1,123.7,130.2,127.4,124.6,120.9,127.8,132.9,127.4,118.2,136.3,18.1,factory_normal
V01134,2015,Kia,Sorento,ABT,Aurora Black Pearl,pearl,111.7,202.3,112.9,106.7,123.7,116.8,119.1,124.1,117.8,123.6,103.9,123.1,106.0,122.4,103.9,202.3,98.4,respray_suspected
V01135,2015,Kia,Sorento,SWP,Snow White Pearl,pearl,114.4,122.0,117.3,111.0,112.8,111.0,115.3,113.7,107.7,106.8,119.7,107.5,103.4,112.5,103.4,122.0,18.6,factory_normal
V01136,2016,Kia,Sorento,SWP,Snow White Pearl,pearl,105.4,113.8,117.0,117.1,124.1,119.3,102.5,108.7,112.4,115.3,117.0,135.6,106.2,115.0,102.5,135.6,33.1,factory_normal
V01137,2016,Kia,Sorento,ABT,Aurora Black Pearl,pearl,106.5,106.7,117.6,107.1,114.1,113.6,110.8,124.3,105.8,125.5,107.8,125.9,118.3,114.2,105.8,125.9,20.1,factory_normal
V01138,2016,Kia,Sorento,ABT,Aurora Black Pearl,pearl,122.7,112.4,121.2,117.9,116.4,109.6,108.8,117.3,101.2,112.6,117.2,104.0,130.0,114.7,101.2,130.0,28.8,factory_normal
V01139,2017,Kia,Sorento,B4U,Gravity Blue,metallic,103.6,109.6,101.7,101.8,101.9,97.8,104.4,98.8,96.3,104.5,91.9,97.2,207.7,109.0,91.9,207.7,115.8,respray_suspected
V01140,2017,Kia,Sorento,ABT,Aurora Black Pearl,pearl,110.6,96.5,113.7,115.3,110.4,105.6,117.1,107.1,117.2,109.1,106.7,122.3,112.5,111.1,96.5,122.3,25.8,factory_normal
V01141,2017,Kia,Sorento,SWP,Snow White Pearl,pearl,120.6,118.7,121.4,121.6,120.1,122.2,118.8,124.3,120.7,122.8,117.7,123.3,124.1,121.3,117.7,124.3,6.6,factory_normal
V01142,2018,Kia,Sorento,B4U,Gravity Blue,metallic,99.9,97.4,100.9,104.0,114.2,94.3,95.5,100.5,93.5,97.0,107.1,91.6,109.9,100.4,91.6,114.2,22.6,factory_normal
V01143,2018,Kia,Sorento,SWP,Snow White Pearl,pearl,115.9,117.5,121.6,114.4,121.0,107.6,120.1,121.8,113.5,116.6,118.0,125.2,130.0,118.7,107.6,130.0,22.4,factory_normal
V01144,2019,Kia,Sorento,SWP,Snow White Pearl,pearl,116.3,114.1,113.7,115.6,115.2,121.7,112.1,118.3,112.2,121.8,119.4,132.5,122.5,118.1,112.1,132.5,20.4,factory_normal
V01145,2019,Kia,Sorento,ABT,Aurora Black Pearl,pearl,114.2,116.1,116.7,127.7,114.9,116.1,115.2,114.5,114.2,116.0,114.7,127.3,128.8,118.2,114.2,128.8,14.6,factory_normal
V01146,2020,Kia,Sorento,ABT,Aurora Black Pearl,pearl,115.4,112.0,114.4,120.5,110.0,117.7,113.4,132.4,117.6,114.8,114.1,116.7,139.4,118.3,110.0,139.4,29.4,factory_normal
V01147,2020,Kia,Sorento,B4U,Gravity Blue,metallic,98.5,98.8,94.0,99.1,101.0,91.5,175.5,85.5,151.7,102.6,104.5,121.3,96.1,109.2,85.5,175.5,90.0,respray_suspected
V01148,2021,Kia,Sorento,SWP,Snow White Pearl,pearl,113.0,106.5,104.6,104.4,114.3,101.7,118.4,110.4,105.5,113.6,106.0,128.7,127.6,111.9,101.7,128.7,27.0,factory_normal
V01149,2021,Kia,Sorento,B4U,Gravity Blue,metallic,106.6,100.3,101.2,102.7,101.9,94.2,103.7,93.1,102.8,100.3,101.0,111.5,106.4,102.0,93.1,111.5,18.4,factory_normal
V01150,2022,Kia,Sorento,B4U,Gravity Blue,metallic,93.3,96.8,97.2,98.3,97.4,104.7,102.9,99.7,103.6,104.5,96.6,81.6,105.0,98.6,81.6,105.0,23.4,factory_normal
V01151,2022,Kia,Sorento,ABT,Aurora Black Pearl,pearl,237.0,110.2,113.9,117.9,111.9,119.0,117.6,114.7,118.0,114.4,117.2,134.5,130.8,127.5,110.2,237.0,126.8,respray_suspected
V01152,2022,Kia,Sorento,ABT,Aurora Black Pearl,pearl,115.2,109.8,105.1,115.2,113.9,121.0,122.3,107.2,109.3,117.4,119.3,144.2,115.4,116.6,105.1,144.2,39.1,factory_normal
V01153,2023,Kia,Sorento,ABT,Aurora Black Pearl,pearl,124.2,117.0,117.9,120.3,121.9,121.3,113.0,112.7,114.6,104.3,110.9,132.8,125.3,118.2,104.3,132.8,28.5,factory_normal
V01154,2023,Kia,Sorento,B4U,Gravity Blue,metallic,100.3,98.1,103.4,93.6,98.1,105.1,106.3,102.0,96.8,105.0,98.8,124.0,97.6,102.2,93.6,124.0,30.4,factory_normal
V01155,2024,Kia,Sorento,SWP,Snow White Pearl,pearl,111.0,105.3,191.1,112.5,103.7,110.0,109.8,106.6,112.3,116.3,116.1,136.0,92.0,117.1,92.0,191.1,99.1,respray_suspected
V01156,2024,Kia,Sorento,SWP,Snow White Pearl,pearl,113.5,121.9,113.1,112.4,114.5,112.3,115.6,125.9,110.5,112.8,113.4,93.0,122.1,113.9,93.0,125.9,32.9,factory_normal
V01157,2024,Kia,Sorento,ABT,Aurora Black Pearl,pearl,111.6,107.3,118.2,113.8,115.1,106.7,107.8,109.6,113.7,113.8,121.0,147.9,123.6,116.2,106.7,147.9,41.2,factory_normal
V01158,2025,Kia,Sorento,B4U,Gravity Blue,metallic,96.2,94.2,99.3,93.6,97.0,99.5,107.6,88.4,97.9,100.6,95.9,105.7,106.0,98.6,88.4,107.6,19.2,factory_normal
V01159,2025,Kia,Sorento,ABT,Aurora Black Pearl,pearl,111.1,105.2,105.8,103.6,115.5,107.6,106.0,114.1,108.3,111.9,109.4,134.0,128.7,112.4,103.6,134.0,30.4,factory_normal
V01160,2026,Kia,Sorento,SWP,Snow White Pearl,pearl,114.9,113.5,113.4,118.3,113.9,105.9,102.7,112.7,100.6,107.1,107.0,111.3,131.7,111.8,100.6,131.7,31.1,factory_normal
V01161,2026,Kia,Sorento,SWP,Snow White Pearl,pearl,109.6,109.4,115.7,100.9,104.2,105.3,102.5,110.2,111.6,110.1,110.1,121.2,123.5,110.3,100.9,123.5,22.6,factory_normal
V01162,2015,Kia,Soul,B4U,Gravity Blue,metallic,107.3,109.4,106.5,109.5,111.6,107.5,118.9,102.5,113.7,104.4,111.0,106.3,106.3,108.8,102.5,118.9,16.4,factory_normal
V01163,2015,Kia,Soul,SWP,Snow White Pearl,pearl,126.2,129.9,114.1,124.5,120.1,122.3,123.8,126.1,124.2,234.2,129.7,145.4,128.3,134.5,114.1,234.2,120.1,respray_suspected
V01164,2015,Kia,Soul,ABT,Aurora Black Pearl,pearl,117.0,114.5,120.4,122.4,117.9,116.3,123.2,123.2,113.2,115.4,119.1,143.1,133.0,121.4,113.2,143.1,29.9,factory_normal
V01165,2016,Kia,Soul,B4U,Gravity Blue,metallic,107.6,95.7,256.5,105.2,103.2,102.0,97.0,97.4,100.0,100.5,108.4,193.6,99.3,120.5,95.7,256.5,160.8,respray_suspected
V01166,2016,Kia,Soul,ABT,Aurora Black Pearl,pearl,112.0,107.1,113.9,106.5,111.8,282.0,100.0,115.1,122.3,110.5,109.3,123.7,105.8,124.6,100.0,282.0,182.0,respray_suspected
V01167,2016,Kia,Soul,B4U,Gravity Blue,metallic,98.3,99.7,99.1,104.8,100.7,98.4,104.0,92.9,93.4,103.8,111.2,109.1,113.7,102.2,92.9,113.7,20.8,factory_normal
V01168,2017,Kia,Soul,ABT,Aurora Black Pearl,pearl,119.9,107.6,116.5,119.1,123.0,112.2,104.9,116.7,109.4,107.7,110.0,122.8,132.4,115.6,104.9,132.4,27.5,factory_normal
V01169,2017,Kia,Soul,ABT,Aurora Black Pearl,pearl,121.7,124.8,116.8,114.8,111.6,182.7,116.0,117.2,217.0,114.1,115.0,110.6,132.2,130.3,110.6,217.0,106.4,respray_suspected
V01170,2018,Kia,Soul,SWP,Snow White Pearl,pearl,107.9,113.1,119.2,117.5,117.4,108.3,119.3,117.6,111.6,102.1,110.4,120.8,144.6,116.1,102.1,144.6,42.5,factory_normal
V01171,2018,Kia,Soul,ABT,Aurora Black Pearl,pearl,121.1,111.8,117.1,113.2,110.6,117.5,120.4,124.1,118.9,268.0,267.6,132.5,126.3,142.2,110.6,268.0,157.4,respray_suspected
V01172,2018,Kia,Soul,ABT,Aurora Black Pearl,pearl,120.0,115.2,116.3,121.7,125.4,116.9,117.7,112.1,115.3,118.7,110.3,130.8,122.2,118.7,110.3,130.8,20.5,factory_normal
V01173,2019,Kia,Soul,ABT,Aurora Black Pearl,pearl,120.5,112.0,112.9,111.1,107.9,118.3,116.6,106.2,107.3,279.8,234.4,110.5,134.5,136.3,106.2,279.8,173.6,respray_suspected
V01174,2019,Kia,Soul,SWP,Snow White Pearl,pearl,119.7,117.0,116.6,115.3,120.8,111.1,113.0,120.4,110.3,124.8,115.7,127.3,125.8,118.3,110.3,127.3,17.0,factory_normal
V01175,2020,Kia,Soul,ABT,Aurora Black Pearl,pearl,123.3,120.9,115.1,123.1,125.2,116.3,109.9,115.3,118.7,124.9,124.4,130.0,113.8,120.1,109.9,130.0,20.1,factory_normal
V01176,2020,Kia,Soul,B4U,Gravity Blue,metallic,102.9,90.3,104.1,109.0,98.3,94.1,95.1,94.9,100.0,103.0,94.5,114.0,95.0,99.6,90.3,114.0,23.7,factory_normal
V01177,2020,Kia,Soul,SWP,Snow White Pearl,pearl,104.7,108.0,100.6,108.3,107.5,104.7,112.3,102.8,109.4,106.1,112.6,122.6,133.8,110.3,100.6,133.8,33.2,factory_normal
V01178,2021,Kia,Soul,B4U,Gravity Blue,metallic,102.8,104.7,96.7,99.3,104.4,99.1,97.5,90.2,94.7,102.9,91.1,115.3,100.1,99.9,90.2,115.3,25.1,factory_normal
V01179,2021,Kia,Soul,ABT,Aurora Black Pearl,pearl,118.3,110.6,114.7,111.8,121.5,108.4,110.4,120.5,117.3,113.3,112.2,126.9,129.2,116.5,108.4,129.2,20.8,factory_normal
V01180,2021,Kia,Soul,B4U,Gravity Blue,metallic,95.0,96.8,105.8,99.0,105.2,90.8,96.1,94.6,99.7,94.6,92.0,110.2,84.4,97.2,84.4,110.2,25.8,factory_normal
V01181,2022,Kia,Soul,B4U,Gravity Blue,metallic,107.8,108.9,108.8,103.0,114.0,108.2,103.5,113.2,104.7,116.2,110.8,106.7,109.8,108.9,103.0,116.2,13.2,factory_normal
V01182,2022,Kia,Soul,SWP,Snow White Pearl,pearl,109.7,112.2,108.6,104.0,102.9,117.1,108.8,118.0,119.4,111.5,113.9,116.6,132.5,113.5,102.9,132.5,29.6,factory_normal
V01183,2022,Kia,Soul,ABT,Aurora Black Pearl,pearl,125.5,131.4,114.8,128.1,119.3,123.4,120.7,273.7,115.7,109.3,310.9,129.8,132.1,148.8,109.3,310.9,201.6,repair_or_filler
V01184,2023,Kia,Soul,ABT,Aurora Black Pearl,pearl,101.8,119.7,117.3,112.0,105.2,118.4,107.1,107.8,104.5,107.0,109.4,117.5,122.0,111.5,101.8,122.0,20.2,factory_normal
V01185,2023,Kia,Soul,ABT,Aurora Black Pearl,pearl,118.0,111.3,113.4,117.7,111.6,109.0,121.1,107.3,109.6,110.1,112.3,137.4,119.8,115.3,107.3,137.4,30.1,factory_normal
V01186,2023,Kia,Soul,ABT,Aurora Black Pearl,pearl,110.4,104.8,115.0,118.6,114.7,113.0,117.5,114.8,118.8,111.1,104.1,126.0,132.9,115.5,104.1,132.9,28.8,factory_normal
V01187,2024,Kia,Soul,B4U,Gravity Blue,metallic,96.0,91.1,89.0,113.9,95.3,100.5,93.7,95.4,100.3,92.2,96.6,102.1,121.6,99.1,89.0,121.6,32.6,factory_normal
V01188,2024,Kia,Soul,ABT,Aurora Black Pearl,pearl,114.8,113.1,118.3,99.9,105.4,103.3,121.5,118.6,110.8,116.3,105.4,142.5,124.9,115.0,99.9,142.5,42.6,factory_normal
V01189,2025,Kia,Soul,B4U,Gravity Blue,metallic,106.2,108.8,111.6,105.2,106.8,104.4,106.4,100.8,110.0,108.5,106.6,101.7,101.6,106.0,100.8,111.6,10.8,factory_normal
V01190,2025,Kia,Soul,ABT,Aurora Black Pearl,pearl,114.6,126.4,128.0,123.9,130.3,116.1,121.8,116.4,130.9,121.8,121.8,106.8,120.1,121.5,106.8,130.9,24.1,factory_normal
V01191,2025,Kia,Soul,B4U,Gravity Blue,metallic,103.8,106.6,101.2,94.6,94.2,103.6,98.4,98.5,94.3,101.1,100.9,98.2,106.1,100.1,94.2,106.6,12.4,factory_normal
V01192,2026,Kia,Soul,SWP,Snow White Pearl,pearl,114.3,108.4,109.3,107.8,102.8,103.5,111.2,106.3,108.0,104.6,110.7,129.2,117.1,110.2,102.8,129.2,26.4,factory_normal
V01193,2026,Kia,Soul,SWP,Snow White Pearl,pearl,121.0,107.4,102.3,107.7,108.2,112.7,101.6,105.6,106.2,112.8,113.5,118.7,98.9,109.0,98.9,121.0,22.1,factory_normal
V01194,2026,Kia,Soul,ABT,Aurora Black Pearl,pearl,115.8,113.9,108.0,113.7,112.8,115.4,110.7,109.8,119.6,112.1,118.6,107.6,127.9,114.3,107.6,127.9,20.3,factory_normal
V01195,2015,Mazda,Mazda3,46G,Machine Gray Metallic,metallic,86.2,76.0,88.4,92.8,79.2,82.7,76.2,80.3,83.0,82.8,86.6,83.0,94.1,83.9,76.0,94.1,18.1,thin_caution
V01196,2015,Mazda,Mazda3,41W,Jet Black Mica,metallic,79.9,69.6,77.6,71.1,76.4,76.6,80.7,81.9,77.4,78.9,81.4,78.5,95.1,78.9,69.6,95.1,25.5,thin_caution
V01197,2016,Mazda,Mazda3,41W,Jet Black Mica,metallic,95.9,84.9,92.0,95.6,96.9,92.8,90.0,93.2,89.1,103.0,86.4,100.5,99.5,93.8,84.9,103.0,18.1,factory_normal
V01198,2016,Mazda,Mazda3,41V,Soul Red Crystal Metallic,tri-coat,102.5,92.6,104.1,105.5,99.2,105.6,102.2,99.1,104.2,107.4,100.3,99.5,118.4,103.1,92.6,118.4,25.8,factory_normal
V01199,2017,Mazda,Mazda3,41W,Jet Black Mica,metallic,97.0,93.3,87.7,97.6,104.2,81.7,91.0,96.4,89.3,83.7,94.4,111.6,101.2,94.5,81.7,111.6,29.9,factory_normal
V01200,2017,Mazda,Mazda3,41V,Soul Red Crystal Metallic,tri-coat,88.7,74.2,84.9,91.0,92.9,90.1,90.1,80.4,83.8,84.4,87.2,88.1,103.2,87.6,74.2,103.2,29.0,thin_caution
V01201,2017,Mazda,Mazda3,46G,Machine Gray Metallic,metallic,87.3,73.8,95.7,93.3,93.1,90.4,92.2,88.0,79.9,90.5,90.0,88.7,79.1,87.8,73.8,95.7,21.9,thin_caution
V01202,2018,Mazda,Mazda3,41V,Soul Red Crystal Metallic,tri-coat,104.1,89.8,88.2,99.8,99.1,91.4,101.3,99.3,101.9,92.5,95.7,115.9,102.2,98.6,88.2,115.9,27.7,factory_normal
V01203,2018,Mazda,Mazda3,25D,Snowflake White Pearl,pearl,89.5,93.5,102.2,104.6,100.7,100.9,95.6,95.1,114.9,104.5,92.1,113.4,125.3,102.5,89.5,125.3,35.8,factory_normal
V01204,2019,Mazda,Mazda3,41V,Soul Red Crystal Metallic,tri-coat,83.9,81.1,77.5,81.9,79.8,78.9,80.2,92.0,91.5,90.2,74.4,97.9,99.8,85.3,74.4,99.8,25.4,thin_caution
V01205,2019,Mazda,Mazda3,41V,Soul Red Crystal Metallic,tri-coat,204.0,90.3,97.1,92.0,97.0,100.8,269.4,96.3,89.9,102.9,91.3,98.9,105.9,118.1,89.9,269.4,179.5,respray_suspected
V01206,2020,Mazda,Mazda3,41V,Soul Red Crystal Metallic,tri-coat,103.7,103.3,106.5,94.9,109.5,113.6,102.9,108.5,107.3,103.3,102.8,126.8,124.9,108.3,94.9,126.8,31.9,factory_normal
V01207,2020,Mazda,Mazda3,41W,Jet Black Mica,metallic,254.4,78.3,89.7,90.7,100.5,91.9,85.7,91.7,198.8,82.7,85.2,107.9,111.4,113.0,78.3,254.4,176.1,respray_suspected
V01208,2021,Mazda,Mazda3,41W,Jet Black Mica,metallic,65.8,67.3,68.9,68.9,69.0,65.6,77.3,62.8,71.5,64.0,75.0,78.9,82.8,70.6,62.8,82.8,20.0,thin_caution
V01209,2021,Mazda,Mazda3,41W,Jet Black Mica,metallic,85.0,80.3,86.1,83.7,84.6,94.0,80.1,95.8,84.7,90.5,87.3,93.9,92.5,87.6,80.1,95.8,15.7,thin_caution
V01210,2021,Mazda,Mazda3,46G,Machine Gray Metallic,metallic,98.1,88.0,83.0,94.9,83.5,89.3,97.3,89.6,89.1,81.8,96.1,93.0,99.8,91.0,81.8,99.8,18.0,factory_normal
V01211,2022,Mazda,Mazda3,25D,Snowflake White Pearl,pearl,87.2,71.4,82.9,83.8,78.9,81.7,163.6,78.7,81.8,84.8,88.1,87.0,84.2,88.8,71.4,163.6,92.2,respray_suspected
V01212,2022,Mazda,Mazda3,41W,Jet Black Mica,metallic,73.6,69.7,72.4,87.7,62.6,72.0,74.7,79.7,73.5,68.8,81.6,143.3,74.0,79.5,62.6,143.3,80.7,thin_caution
V01213,2023,Mazda,Mazda3,25D,Snowflake White Pearl,pearl,92.2,76.0,83.2,85.0,90.1,94.7,83.9,84.5,91.0,88.1,88.1,92.1,106.9,88.9,76.0,106.9,30.9,thin_caution
V01214,2023,Mazda,Mazda3,46G,Machine Gray Metallic,metallic,85.2,74.8,84.3,84.7,90.1,78.9,75.5,81.1,85.5,73.7,82.6,73.6,87.9,81.4,73.6,90.1,16.5,thin_caution
V01215,2023,Mazda,Mazda3,41W,Jet Black Mica,metallic,79.8,71.5,73.4,232.2,78.7,71.5,66.6,73.0,77.6,80.4,73.7,72.3,66.0,85.9,66.0,232.2,166.2,respray_suspected
V01216,2024,Mazda,Mazda3,41W,Jet Black Mica,metallic,83.1,67.6,74.8,73.1,70.8,74.3,70.9,76.1,74.5,71.6,77.3,78.9,85.8,75.3,67.6,85.8,18.2,thin_caution
V01217,2024,Mazda,Mazda3,41W,Jet Black Mica,metallic,84.4,62.5,85.4,79.6,85.4,77.7,83.8,77.6,72.4,79.3,75.2,94.1,71.9,79.2,62.5,94.1,31.6,thin_caution
V01218,2025,Mazda,Mazda3,41V,Soul Red Crystal Metallic,tri-coat,75.5,81.1,76.2,78.5,88.4,70.0,72.9,85.9,79.2,85.1,81.2,88.2,80.8,80.2,70.0,88.4,18.4,thin_caution
V01219,2025,Mazda,Mazda3,41V,Soul Red Crystal Metallic,tri-coat,96.6,96.6,97.9,88.9,89.4,87.1,92.0,97.2,91.7,91.9,76.0,101.8,100.6,92.9,76.0,101.8,25.8,factory_normal
V01220,2026,Mazda,Mazda3,25D,Snowflake White Pearl,pearl,95.4,85.9,91.7,93.1,98.3,91.5,93.1,86.4,100.4,95.4,90.8,112.9,96.7,94.7,85.9,112.9,27.0,factory_normal
V01221,2026,Mazda,Mazda3,25D,Snowflake White Pearl,pearl,79.9,82.2,85.3,85.8,78.9,89.5,82.7,77.7,83.6,84.6,84.1,108.2,71.5,84.2,71.5,108.2,36.7,thin_caution
V01222,2026,Mazda,Mazda3,46G,Machine Gray Metallic,metallic,73.7,77.0,72.7,76.6,77.0,70.8,220.5,59.4,76.7,73.1,183.9,75.4,81.0,93.7,59.4,220.5,161.1,respray_suspected
V01223,2015,Mazda,Mazda6,41W,Jet Black Mica,metallic,83.0,67.1,86.9,95.6,86.1,78.4,82.7,79.4,98.2,86.6,71.9,95.0,111.1,86.3,67.1,111.1,44.0,thin_caution
V01224,2015,Mazda,Mazda6,46G,Machine Gray Metallic,metallic,96.4,84.6,86.3,90.9,95.7,92.3,89.7,98.8,98.6,83.5,85.8,95.4,102.7,92.4,83.5,102.7,19.2,factory_normal
V01225,2016,Mazda,Mazda6,25D,Snowflake White Pearl,pearl,93.4,83.9,95.3,90.9,85.9,90.6,96.3,94.1,95.9,90.0,95.3,108.5,87.0,92.9,83.9,108.5,24.6,factory_normal
V01226,2016,Mazda,Mazda6,46G,Machine Gray Metallic,metallic,95.0,85.8,97.8,91.7,89.8,93.8,85.4,93.8,88.0,87.2,90.5,97.1,91.6,91.3,85.4,97.8,12.4,factory_normal
V01227,2017,Mazda,Mazda6,41W,Jet Black Mica,metallic,97.8,78.4,96.1,88.3,92.3,90.9,88.4,90.2,270.9,86.2,84.9,101.0,91.1,104.3,78.4,270.9,192.5,respray_suspected
V01228,2017,Mazda,Mazda6,46G,Machine Gray Metallic,metallic,84.9,84.5,81.0,90.4,81.4,86.0,82.4,87.4,84.4,81.8,76.0,99.1,85.1,85.0,76.0,99.1,23.1,thin_caution
V01229,2018,Mazda,Mazda6,41V,Soul Red Crystal Metallic,tri-coat,89.0,84.1,92.1,92.9,91.5,94.5,99.1,98.3,90.3,84.4,95.5,87.5,103.5,92.5,84.1,103.5,19.4,factory_normal
V01230,2018,Mazda,Mazda6,41W,Jet Black Mica,metallic,99.5,83.8,79.2,95.9,94.4,96.4,84.0,91.5,96.1,88.7,91.5,97.3,102.2,92.3,79.2,102.2,23.0,factory_normal
V01231,2019,Mazda,Mazda6,41V,Soul Red Crystal Metallic,tri-coat,87.9,87.7,92.0,96.0,92.8,91.6,97.1,103.9,90.7,90.5,90.8,91.1,88.0,92.3,87.7,103.9,16.2,factory_normal
V01232,2019,Mazda,Mazda6,46G,Machine Gray Metallic,metallic,105.3,91.7,92.2,83.7,89.2,87.5,87.7,81.3,89.4,89.1,88.7,83.7,109.8,90.7,81.3,109.8,28.5,thin_caution
V01233,2019,Mazda,Mazda6,41V,Soul Red Crystal Metallic,tri-coat,91.4,89.6,96.7,89.9,93.6,179.5,83.3,96.7,91.9,94.3,91.2,73.6,106.9,98.4,73.6,179.5,105.9,respray_suspected
V01234,2020,Mazda,Mazda6,41W,Jet Black Mica,metallic,77.9,77.6,79.3,86.1,80.4,71.7,78.0,78.8,76.0,72.8,88.4,85.5,97.6,80.8,71.7,97.6,25.9,thin_caution
V01235,2020,Mazda,Mazda6,41W,Jet Black Mica,metallic,87.2,92.5,96.0,92.2,94.3,89.2,90.6,90.7,80.3,94.3,94.5,94.6,91.8,91.4,80.3,96.0,15.7,factory_normal
V01236,2020,Mazda,Mazda6,46G,Machine Gray Metallic,metallic,87.6,76.7,85.4,85.2,90.2,80.6,83.0,85.1,87.1,98.6,86.1,106.0,89.6,87.8,76.7,106.0,29.3,thin_caution
V01237,2021,Mazda,Mazda6,41V,Soul Red Crystal Metallic,tri-coat,104.2,88.9,88.4,93.0,94.0,97.0,96.7,88.2,98.3,89.8,93.9,102.7,113.3,96.0,88.2,113.3,25.1,factory_normal
V01238,2021,Mazda,Mazda6,46G,Machine Gray Metallic,metallic,64.3,69.4,72.3,76.7,71.5,74.5,74.9,81.3,72.4,70.8,77.2,93.8,62.1,73.9,62.1,93.8,31.7,thin_caution
V01239,2022,Mazda,Mazda6,25D,Snowflake White Pearl,pearl,99.6,92.2,98.0,87.8,98.4,105.2,99.5,98.9,100.2,105.5,95.2,107.5,93.9,98.6,87.8,107.5,19.7,factory_normal
V01240,2022,Mazda,Mazda6,41V,Soul Red Crystal Metallic,tri-coat,94.0,78.8,92.5,87.9,86.3,88.1,84.5,80.3,81.7,85.0,90.2,84.3,91.2,86.5,78.8,94.0,15.2,thin_caution
V01241,2022,Mazda,Mazda6,41W,Jet Black Mica,metallic,87.6,77.6,76.0,74.9,68.1,84.8,83.2,96.1,88.6,80.0,73.2,84.4,94.0,82.2,68.1,96.1,28.0,thin_caution
V01242,2023,Mazda,Mazda6,25D,Snowflake White Pearl,pearl,92.2,83.0,86.8,91.5,88.0,101.9,99.8,90.5,92.2,96.2,97.2,71.5,95.4,91.2,71.5,101.9,30.4,factory_normal
V01243,2023,Mazda,Mazda6,25D,Snowflake White Pearl,pearl,84.7,72.4,88.6,83.5,92.9,91.7,90.7,76.9,87.7,94.9,95.3,119.2,104.1,91.0,72.4,119.2,46.8,thin_caution
V01244,2024,Mazda,Mazda6,25D,Snowflake White Pearl,pearl,104.4,95.4,94.4,98.9,104.1,103.1,109.4,106.9,108.6,101.8,107.4,98.5,116.2,103.8,94.4,116.2,21.8,factory_normal
V01245,2024,Mazda,Mazda6,25D,Snowflake White Pearl,pearl,103.7,99.7,95.0,89.6,97.3,82.7,96.2,93.4,99.6,95.4,99.0,84.8,119.8,96.6,82.7,119.8,37.1,factory_normal
V01246,2025,Mazda,Mazda6,41W,Jet Black Mica,metallic,92.1,84.4,95.4,89.0,87.4,93.3,86.5,93.3,84.6,87.8,91.4,75.1,109.0,89.9,75.1,109.0,33.9,thin_caution
V01247,2025,Mazda,Mazda6,41V,Soul Red Crystal Metallic,tri-coat,100.1,92.6,95.3,93.4,91.8,99.0,99.0,97.8,109.0,98.7,99.6,119.7,102.5,99.9,91.8,119.7,27.9,factory_normal
V01248,2025,Mazda,Mazda6,25D,Snowflake White Pearl,pearl,76.1,87.9,79.5,96.7,84.9,87.8,103.1,85.6,89.4,84.2,89.5,106.3,115.1,91.2,76.1,115.1,39.0,thin_caution
V01249,2026,Mazda,Mazda6,46G,Machine Gray Metallic,metallic,80.9,84.4,73.0,75.5,79.2,73.9,82.3,73.4,80.8,71.5,74.8,93.7,79.8,78.7,71.5,93.7,22.2,thin_caution
V01250,2026,Mazda,Mazda6,25D,Snowflake White Pearl,pearl,86.8,68.6,89.8,89.2,80.6,81.4,90.8,85.2,85.8,89.1,86.3,107.3,99.8,87.7,68.6,107.3,38.7,thin_caution
V01251,2026,Mazda,Mazda6,46G,Machine Gray Metallic,metallic,65.7,69.3,68.8,62.4,76.7,73.9,73.2,70.2,71.6,68.6,78.5,95.9,82.0,73.6,62.4,95.9,33.5,thin_caution
V01252,2015,Mazda,CX-5,41V,Soul Red Crystal Metallic,tri-coat,106.8,109.3,110.9,113.4,104.3,113.0,108.9,107.5,105.4,105.6,106.4,120.1,115.8,109.8,104.3,120.1,15.8,factory_normal
V01253,2015,Mazda,CX-5,25D,Snowflake White Pearl,pearl,114.4,98.3,120.7,120.5,105.1,118.7,118.1,118.3,116.0,120.9,108.6,126.9,134.4,117.0,98.3,134.4,36.1,factory_normal
V01254,2016,Mazda,CX-5,41V,Soul Red Crystal Metallic,tri-coat,117.8,111.5,119.9,114.4,114.2,121.7,129.8,114.4,128.7,125.4,125.7,127.6,130.2,121.6,111.5,130.2,18.7,factory_normal
V01255,2016,Mazda,CX-5,46G,Machine Gray Metallic,metallic,83.0,90.6,94.0,96.0,92.2,86.0,98.2,96.4,93.4,103.5,93.7,81.0,97.9,92.8,81.0,103.5,22.5,factory_normal
V01256,2016,Mazda,CX-5,46G,Machine Gray Metallic,metallic,100.7,105.3,107.9,113.8,111.2,104.3,112.2,109.1,113.8,119.1,108.3,119.3,118.6,111.0,100.7,119.3,18.6,factory_normal
V01257,2017,Mazda,CX-5,25D,Snowflake White Pearl,pearl,114.4,106.2,112.8,112.8,115.2,112.4,114.6,106.1,112.6,106.3,103.8,135.4,128.7,113.9,103.8,135.4,31.6,factory_normal
V01258,2017,Mazda,CX-5,25D,Snowflake White Pearl,pearl,108.7,104.3,117.2,104.5,107.8,104.8,109.2,99.8,110.0,108.5,109.4,141.2,139.2,112.7,99.8,141.2,41.4,factory_normal
V01259,2018,Mazda,CX-5,41V,Soul Red Crystal Metallic,tri-coat,122.2,119.0,127.5,124.9,263.6,128.7,126.8,132.4,126.8,136.9,133.7,141.5,160.6,141.9,119.0,263.6,144.6,respray_suspected
V01260,2018,Mazda,CX-5,25D,Snowflake White Pearl,pearl,105.8,99.3,273.7,109.6,112.5,105.9,114.5,119.6,111.6,116.1,118.6,136.3,130.5,127.2,99.3,273.7,174.4,respray_suspected
V01261,2019,Mazda,CX-5,41W,Jet Black Mica,metallic,104.5,98.0,111.3,108.4,96.6,111.1,99.4,98.8,108.5,101.3,94.4,126.5,99.3,104.5,94.4,126.5,32.1,factory_normal
V01262,2019,Mazda,CX-5,25D,Snowflake White Pearl,pearl,96.0,89.8,92.3,98.4,107.8,103.6,99.5,109.3,103.4,106.3,104.1,116.2,120.3,103.6,89.8,120.3,30.5,factory_normal
V01263,2019,Mazda,CX-5,25D,Snowflake White Pearl,pearl,106.2,100.8,106.8,99.4,105.3,99.1,105.0,104.2,103.7,106.1,102.0,121.0,122.3,106.3,99.1,122.3,23.2,factory_normal
V01264,2020,Mazda,CX-5,25D,Snowflake White Pearl,pearl,122.1,125.6,108.0,117.2,111.7,127.6,122.0,123.9,122.6,122.0,122.6,120.8,112.1,119.9,108.0,127.6,19.6,factory_normal
V01265,2020,Mazda,CX-5,41V,Soul Red Crystal Metallic,tri-coat,134.5,134.7,124.5,126.0,125.7,133.1,134.0,138.3,130.8,129.8,128.0,144.7,140.2,132.6,124.5,144.7,20.2,factory_normal
V01266,2020,Mazda,CX-5,46G,Machine Gray Metallic,metallic,101.2,97.1,86.6,93.0,87.2,90.9,86.0,90.9,93.7,93.2,85.5,90.9,105.8,92.5,85.5,105.8,20.3,factory_normal
V01267,2021,Mazda,CX-5,41V,Soul Red Crystal Metallic,tri-coat,116.0,118.6,125.2,126.1,118.2,124.3,130.1,125.1,129.9,128.9,126.8,139.8,140.8,126.9,116.0,140.8,24.8,factory_normal
V01268,2021,Mazda,CX-5,41V,Soul Red Crystal Metallic,tri-coat,123.5,116.9,120.2,123.5,126.2,117.7,112.7,112.2,124.3,121.6,121.9,112.8,117.4,119.3,112.2,126.2,14.0,factory_normal
V01269,2022,Mazda,CX-5,25D,Snowflake White Pearl,pearl,121.4,120.1,116.9,112.5,118.8,123.1,115.5,126.0,115.8,117.7,118.7,127.4,125.9,120.0,112.5,127.4,14.9,factory_normal
V01270,2022,Mazda,CX-5,41W,Jet Black Mica,metallic,102.9,91.8,92.6,87.2,93.9,98.9,99.0,98.2,175.7,98.8,95.4,98.1,112.4,103.5,87.2,175.7,88.5,respray_suspected
V01271,2022,Mazda,CX-5,41V,Soul Red Crystal Metallic,tri-coat,93.5,86.2,91.4,90.4,96.3,97.8,95.8,88.2,96.9,101.0,90.4,96.2,94.3,93.7,86.2,101.0,14.8,factory_normal
V01272,2023,Mazda,CX-5,25D,Snowflake White Pearl,pearl,100.5,105.2,100.0,110.9,97.1,104.0,104.7,107.3,102.8,99.5,103.4,111.9,117.0,104.9,97.1,117.0,19.9,factory_normal
V01273,2023,Mazda,CX-5,41V,Soul Red Crystal Metallic,tri-coat,114.3,114.7,115.1,114.5,113.8,115.5,109.7,121.5,115.7,125.8,127.7,125.2,145.7,119.9,109.7,145.7,36.0,factory_normal
V01274,2024,Mazda,CX-5,41W,Jet Black Mica,metallic,98.2,97.2,101.6,95.2,97.4,99.0,96.1,97.7,93.2,94.1,99.6,114.5,107.5,99.3,93.2,114.5,21.3,factory_normal
V01275,2024,Mazda,CX-5,46G,Machine Gray Metallic,metallic,100.1,90.2,97.1,108.9,90.1,93.5,97.4,94.6,90.5,92.1,93.4,97.6,109.9,96.6,90.1,109.9,19.8,factory_normal
V01276,2024,Mazda,CX-5,25D,Snowflake White Pearl,pearl,100.5,91.4,105.2,107.9,102.4,109.7,100.7,101.9,103.2,104.5,111.9,92.8,103.0,102.7,91.4,111.9,20.5,factory_normal
V01277,2025,Mazda,CX-5,41V,Soul Red Crystal Metallic,tri-coat,134.5,125.9,123.7,128.5,127.8,124.0,126.3,125.7,131.8,134.0,134.7,147.0,122.6,129.7,122.6,147.0,24.4,factory_normal
V01278,2025,Mazda,CX-5,41V,Soul Red Crystal Metallic,tri-coat,111.1,94.1,109.4,104.5,100.0,104.4,105.9,110.8,110.6,112.8,110.4,96.0,92.0,104.8,92.0,112.8,20.8,factory_normal
V01279,2025,Mazda,CX-5,46G,Machine Gray Metallic,metallic,90.1,94.9,86.9,94.7,90.2,91.9,89.8,95.0,92.1,87.1,89.0,90.7,97.9,91.6,86.9,97.9,11.0,factory_normal
V01280,2026,Mazda,CX-5,41V,Soul Red Crystal Metallic,tri-coat,95.4,93.1,89.6,103.1,105.8,103.3,105.6,100.4,105.2,104.4,100.3,119.8,92.4,101.4,89.6,119.8,30.2,factory_normal
V01281,2026,Mazda,CX-5,46G,Machine Gray Metallic,metallic,99.2,88.5,102.9,99.7,103.5,97.5,90.6,91.7,98.9,190.8,96.2,103.4,118.5,106.3,88.5,190.8,102.3,respray_suspected
V01282,2026,Mazda,CX-5,46G,Machine Gray Metallic,metallic,97.0,97.0,97.6,103.2,100.5,103.8,95.3,96.7,109.3,101.6,99.1,103.0,102.8,100.5,95.3,109.3,14.0,factory_normal
V01283,2015,Mazda,CX-9,41W,Jet Black Mica,metallic,84.0,78.0,87.5,83.2,77.5,86.4,84.0,83.0,93.2,86.8,82.5,96.8,97.1,86.2,77.5,97.1,19.6,thin_caution
V01284,2015,Mazda,CX-9,41V,Soul Red Crystal Metallic,tri-coat,99.8,87.8,98.1,101.4,97.6,100.2,94.7,104.7,105.5,94.9,91.0,105.6,95.6,98.2,87.8,105.6,17.8,factory_normal
V01285,2015,Mazda,CX-9,41W,Jet Black Mica,metallic,84.6,76.5,89.0,81.8,81.9,88.6,246.0,85.4,86.2,87.0,86.8,80.6,225.6,107.7,76.5,246.0,169.5,respray_suspected
V01286,2016,Mazda,CX-9,41V,Soul Red Crystal Metallic,tri-coat,98.4,88.3,98.8,102.7,100.0,90.8,95.6,97.6,106.3,94.3,94.9,115.1,117.3,100.0,88.3,117.3,29.0,factory_normal
V01287,2016,Mazda,CX-9,41W,Jet Black Mica,metallic,110.0,85.0,95.0,108.6,91.6,99.3,96.9,93.1,93.0,96.7,99.1,114.4,102.3,98.8,85.0,114.4,29.4,factory_normal
V01288,2017,Mazda,CX-9,41W,Jet Black Mica,metallic,99.5,99.8,90.4,85.4,92.4,98.2,91.8,101.9,99.9,91.7,100.5,105.4,117.5,98.0,85.4,117.5,32.1,factory_normal
V01289,2017,Mazda,CX-9,41V,Soul Red Crystal Metallic,tri-coat,97.7,97.6,110.1,104.8,108.3,96.0,96.5,100.0,99.3,102.7,100.5,107.5,102.2,101.8,96.0,110.1,14.1,factory_normal
V01290,2018,Mazda,CX-9,41W,Jet Black Mica,metallic,92.5,86.0,89.0,80.1,82.1,82.0,83.7,85.8,81.6,84.2,92.1,88.5,106.2,87.2,80.1,106.2,26.1,thin_caution
V01291,2018,Mazda,CX-9,41V,Soul Red Crystal Metallic,tri-coat,111.5,104.2,107.2,103.4,108.7,97.8,112.4,121.7,115.1,97.0,108.6,119.0,103.8,108.5,97.0,121.7,24.7,factory_normal
V01292,2019,Mazda,CX-9,41W,Jet Black Mica,metallic,77.8,80.7,80.4,85.0,75.0,80.5,84.6,82.1,80.7,84.5,82.3,70.7,87.5,80.9,70.7,87.5,16.8,thin_caution
V01293,2019,Mazda,CX-9,46G,Machine Gray Metallic,metallic,82.1,86.4,86.9,94.9,95.6,90.7,86.9,81.4,86.7,85.2,89.6,103.5,109.6,90.7,81.4,109.6,28.2,thin_caution
V01294,2020,Mazda,CX-9,41W,Jet Black Mica,metallic,86.2,74.8,90.3,94.6,88.9,86.6,85.9,88.5,83.3,93.9,94.5,84.9,90.5,87.9,74.8,94.6,19.8,thin_caution
V01295,2020,Mazda,CX-9,41V,Soul Red Crystal Metallic,tri-coat,95.0,102.7,109.1,104.3,95.1,102.8,99.3,107.7,110.5,105.4,105.4,107.5,112.3,104.4,95.0,112.3,17.3,factory_normal
V01296,2021,Mazda,CX-9,46G,Machine Gray Metallic,metallic,83.9,75.7,69.6,77.3,76.7,73.3,87.9,78.1,78.1,82.9,78.6,90.3,95.0,80.6,69.6,95.0,25.4,thin_caution
V01297,2021,Mazda,CX-9,46G,Machine Gray Metallic,metallic,80.3,77.8,90.7,72.9,86.7,83.3,77.7,81.1,84.1,74.2,82.0,94.7,77.0,81.7,72.9,94.7,21.8,thin_caution
V01298,2022,Mazda,CX-9,46G,Machine Gray Metallic,metallic,78.3,71.9,78.2,75.7,88.0,82.7,86.6,73.4,82.3,82.5,73.7,76.7,90.9,80.1,71.9,90.9,19.0,thin_caution
V01299,2022,Mazda,CX-9,46G,Machine Gray Metallic,metallic,89.8,78.7,94.9,90.4,78.9,89.3,97.6,79.2,94.7,91.3,84.2,101.6,75.6,88.2,75.6,101.6,26.0,thin_caution
V01300,2023,Mazda,CX-9,25D,Snowflake White Pearl,pearl,96.6,99.1,103.4,95.6,101.9,100.8,102.2,98.1,105.0,103.8,107.8,124.0,95.4,102.6,95.4,124.0,28.6,factory_normal
V01301,2023,Mazda,CX-9,25D,Snowflake White Pearl,pearl,267.7,90.4,248.6,93.0,86.6,92.6,86.0,89.1,95.1,85.8,90.9,105.1,109.4,118.5,85.8,267.7,181.9,respray_suspected
V01302,2024,Mazda,CX-9,25D,Snowflake White Pearl,pearl,96.5,98.4,88.1,97.2,96.6,101.3,94.6,96.0,104.2,95.0,96.2,114.9,79.1,96.8,79.1,114.9,35.8,factory_normal
V01303,2024,Mazda,CX-9,41V,Soul Red Crystal Metallic,tri-coat,107.5,98.9,111.1,104.1,107.2,101.0,101.3,106.3,108.5,101.0,110.5,118.1,119.9,107.3,98.9,119.9,21.0,factory_normal
V01304,2025,Mazda,CX-9,41V,Soul Red Crystal Metallic,tri-coat,113.8,104.7,106.2,116.3,107.3,107.7,113.8,105.3,105.5,108.8,110.5,120.2,113.4,110.3,104.7,120.2,15.5,factory_normal
V01305,2025,Mazda,CX-9,25D,Snowflake White Pearl,pearl,82.0,77.2,89.4,92.7,98.5,82.7,91.3,87.6,98.5,92.3,98.0,108.2,101.4,92.3,77.2,108.2,31.0,factory_normal
V01306,2025,Mazda,CX-9,46G,Machine Gray Metallic,metallic,76.3,79.2,89.7,83.7,85.0,76.2,78.4,79.4,91.8,80.2,83.6,78.9,92.6,82.7,76.2,92.6,16.4,thin_caution
V01307,2026,Mazda,CX-9,41W,Jet Black Mica,metallic,97.4,92.3,88.0,98.0,87.9,93.9,101.0,86.7,94.7,93.6,89.1,111.1,104.0,95.2,86.7,111.1,24.4,factory_normal
V01308,2026,Mazda,CX-9,25D,Snowflake White Pearl,pearl,94.2,98.9,95.2,101.6,106.2,102.2,89.3,93.1,94.4,102.4,94.4,102.9,121.1,99.7,89.3,121.1,31.8,factory_normal
V01309,2015,Subaru,Forester,D4S,Crystal Black Silica,metallic,103.5,118.8,106.1,112.4,110.0,111.1,110.2,106.4,105.9,112.8,108.3,123.6,128.1,112.1,103.5,128.1,24.6,factory_normal
V01310,2015,Subaru,Forester,D4S,Crystal Black Silica,metallic,111.9,112.1,125.9,106.5,109.8,116.6,112.2,113.8,116.9,112.3,109.5,116.3,132.2,115.1,106.5,132.2,25.7,factory_normal
V01311,2015,Subaru,Forester,K1X,Crystal White Pearl,pearl,120.4,115.0,127.4,122.2,211.6,121.4,116.8,120.0,123.0,121.1,123.1,113.2,301.2,141.3,113.2,301.2,188.0,repair_or_filler
V01312,2016,Subaru,Forester,02C,World Rally Blue Pearl,pearl,130.6,129.0,129.9,121.9,129.5,129.2,132.6,126.6,127.5,131.2,143.4,135.4,138.7,131.2,121.9,143.4,21.5,factory_normal
V01313,2016,Subaru,Forester,D4S,Crystal Black Silica,metallic,110.5,114.6,116.0,106.3,110.8,107.1,115.3,99.2,120.4,108.4,99.3,120.0,123.9,111.7,99.2,123.9,24.7,factory_normal
V01314,2017,Subaru,Forester,02C,World Rally Blue Pearl,pearl,129.3,129.7,123.0,116.1,126.4,123.3,133.4,124.5,129.1,127.4,126.6,126.6,128.9,126.5,116.1,133.4,17.3,factory_normal
V01315,2017,Subaru,Forester,D4S,Crystal Black Silica,metallic,113.6,116.9,113.8,115.2,110.8,105.9,117.6,117.6,116.6,109.4,118.8,116.9,115.8,114.5,105.9,118.8,12.9,factory_normal
V01316,2018,Subaru,Forester,K1X,Crystal White Pearl,pearl,116.3,122.9,123.3,123.0,108.0,127.8,122.6,117.9,132.1,122.8,126.3,119.9,129.8,122.5,108.0,132.1,24.1,factory_normal
V01317,2018,Subaru,Forester,02C,World Rally Blue Pearl,pearl,117.7,115.0,120.2,114.6,123.5,117.4,117.8,129.8,123.9,116.8,121.8,112.5,114.2,118.9,112.5,129.8,17.3,factory_normal
V01318,2018,Subaru,Forester,D4S,Crystal Black Silica,metallic,106.8,105.8,106.8,106.5,113.7,111.2,219.1,116.4,115.1,108.4,104.9,101.7,108.7,117.3,101.7,219.1,117.4,respray_suspected
V01319,2019,Subaru,Forester,K1X,Crystal White Pearl,pearl,131.5,121.2,125.5,118.2,119.8,121.7,130.1,128.8,132.3,129.5,129.4,121.8,131.7,126.3,118.2,132.3,14.1,factory_normal
V01320,2019,Subaru,Forester,D4S,Crystal Black Silica,metallic,109.3,104.7,107.5,113.3,108.1,113.9,106.8,110.7,104.1,115.5,99.1,102.1,104.6,107.7,99.1,115.5,16.4,factory_normal
V01321,2019,Subaru,Forester,K1X,Crystal White Pearl,pearl,120.6,125.2,274.4,195.0,124.0,122.4,127.5,111.8,114.3,116.9,116.9,123.3,139.5,139.4,111.8,274.4,162.6,respray_suspected
V01322,2020,Subaru,Forester,K1X,Crystal White Pearl,pearl,138.6,127.4,130.2,133.7,218.1,134.5,220.7,125.4,126.0,127.1,125.0,144.1,131.8,144.8,125.0,220.7,95.7,respray_suspected
V01323,2020,Subaru,Forester,D4S,Crystal Black Silica,metallic,110.6,105.8,108.2,103.1,115.2,110.2,106.9,101.5,119.0,109.3,97.8,102.8,127.4,109.1,97.8,127.4,29.6,factory_normal
V01324,2021,Subaru,Forester,K1X,Crystal White Pearl,pearl,116.9,123.4,124.6,119.8,127.1,129.5,123.3,123.6,125.5,133.7,132.6,121.9,148.0,126.9,116.9,148.0,31.1,factory_normal
V01325,2021,Subaru,Forester,D4S,Crystal Black Silica,metallic,114.2,106.3,108.5,110.7,108.0,107.8,115.0,107.3,114.5,105.1,106.5,119.7,118.0,110.9,105.1,119.7,14.6,factory_normal
V01326,2022,Subaru,Forester,K1X,Crystal White Pearl,pearl,125.2,126.6,131.7,121.1,127.3,122.8,131.1,118.4,123.9,123.1,123.9,129.1,128.4,125.6,118.4,131.7,13.3,factory_normal
V01327,2022,Subaru,Forester,K1X,Crystal White Pearl,pearl,121.8,116.5,117.2,118.7,114.9,113.2,116.1,120.3,118.8,115.2,127.1,119.9,139.6,119.9,113.2,139.6,26.4,factory_normal
V01328,2022,Subaru,Forester,D4S,Crystal Black Silica,metallic,111.7,102.9,106.4,110.3,110.1,117.8,108.5,111.5,108.8,104.0,108.6,113.4,117.8,110.1,102.9,117.8,14.9,factory_normal
V01329,2023,Subaru,Forester,D4S,Crystal Black Silica,metallic,111.8,107.4,105.1,102.5,107.2,95.2,105.8,105.5,115.1,99.2,112.1,117.9,127.4,108.6,95.2,127.4,32.2,factory_normal
V01330,2023,Subaru,Forester,K1X,Crystal White Pearl,pearl,122.1,261.8,122.1,122.7,120.9,114.3,123.9,115.6,122.2,292.3,116.4,128.3,138.4,146.2,114.3,292.3,178.0,respray_suspected
V01331,2023,Subaru,Forester,02C,World Rally Blue Pearl,pearl,124.6,124.2,125.5,120.8,117.8,128.2,126.9,124.8,118.5,121.5,116.7,129.2,130.3,123.8,116.7,130.3,13.6,factory_normal
V01332,2024,Subaru,Forester,K1X,Crystal White Pearl,pearl,128.0,119.1,134.1,130.5,115.8,129.8,124.4,127.9,123.6,122.9,116.9,120.0,131.7,125.0,115.8,134.1,18.3,factory_normal
V01333,2024,Subaru,Forester,D4S,Crystal Black Silica,metallic,117.6,108.3,113.8,117.2,107.0,116.4,110.2,106.8,118.6,118.8,109.4,145.6,122.9,116.4,106.8,145.6,38.8,factory_normal
V01334,2024,Subaru,Forester,D4S,Crystal Black Silica,metallic,112.4,111.7,110.2,110.9,105.8,115.2,105.7,117.6,115.6,110.4,110.4,120.8,116.7,112.6,105.7,120.8,15.1,factory_normal
V01335,2025,Subaru,Forester,D4S,Crystal Black Silica,metallic,108.8,109.0,121.1,114.0,116.6,113.8,113.4,114.1,114.5,121.5,105.1,109.4,106.5,112.9,105.1,121.5,16.4,factory_normal
V01336,2025,Subaru,Forester,02C,World Rally Blue Pearl,pearl,119.0,126.4,119.0,122.2,121.9,116.4,127.2,117.3,127.0,124.4,117.4,150.8,125.7,124.2,116.4,150.8,34.4,factory_normal
V01337,2025,Subaru,Forester,K1X,Crystal White Pearl,pearl,123.4,129.5,115.3,125.9,119.2,118.2,121.0,121.9,122.2,121.7,120.4,124.7,136.7,123.1,115.3,136.7,21.4,factory_normal
V01338,2026,Subaru,Forester,K1X,Crystal White Pearl,pearl,126.2,130.6,128.4,126.8,127.6,123.5,126.7,127.4,123.4,126.4,131.4,150.2,128.8,129.0,123.4,150.2,26.8,factory_normal
V01339,2026,Subaru,Forester,D4S,Crystal Black Silica,metallic,109.7,112.2,111.4,105.8,106.6,110.9,110.2,115.7,98.3,106.5,115.4,102.2,121.4,109.7,98.3,121.4,23.1,factory_normal
V01340,2026,Subaru,Forester,02C,World Rally Blue Pearl,pearl,110.2,125.1,117.5,119.7,120.3,125.9,118.5,124.8,123.6,119.9,125.0,110.1,116.4,119.8,110.1,125.9,15.8,factory_normal
V01341,2015,Subaru,Outback,D4S,Crystal Black Silica,metallic,137.3,149.5,135.9,133.1,138.5,136.3,136.0,142.9,139.9,143.9,133.2,134.2,145.9,139.0,133.1,149.5,16.4,factory_normal
V01342,2015,Subaru,Outback,D4S,Crystal Black Silica,metallic,127.9,128.0,139.3,131.8,115.7,128.5,126.6,126.6,123.2,130.1,111.8,136.2,133.0,127.6,111.8,139.3,27.5,factory_normal
V01343,2015,Subaru,Outback,02C,World Rally Blue Pearl,pearl,148.1,138.7,151.9,141.9,151.6,148.2,150.1,152.3,142.3,150.5,146.9,154.5,157.8,148.8,138.7,157.8,19.1,factory_normal
V01344,2016,Subaru,Outback,K1X,Crystal White Pearl,pearl,143.3,143.6,134.0,142.5,139.2,142.3,140.2,142.9,141.9,129.8,141.4,155.2,165.6,143.2,129.8,165.6,35.8,respray_suspected
V01345,2016,Subaru,Outback,K1X,Crystal White Pearl,pearl,142.8,140.0,127.9,131.4,142.3,137.3,128.1,138.7,141.4,139.8,136.3,146.4,166.9,139.9,127.9,166.9,39.0,respray_suspected
V01346,2017,Subaru,Outback,K1X,Crystal White Pearl,pearl,147.2,147.3,140.3,148.2,145.4,148.8,140.9,148.7,142.6,313.9,268.6,172.5,163.0,171.3,140.3,313.9,173.6,repair_or_filler
V01347,2017,Subaru,Outback,D4S,Crystal Black Silica,metallic,118.3,130.6,125.0,126.8,130.8,115.6,122.0,125.9,131.9,124.6,125.4,127.3,125.9,125.4,115.6,131.9,16.3,factory_normal
V01348,2017,Subaru,Outback,D4S,Crystal Black Silica,metallic,144.0,138.9,136.9,144.3,141.0,141.9,137.6,136.2,140.6,137.5,144.0,131.9,144.5,139.9,131.9,144.5,12.6,factory_normal
V01349,2018,Subaru,Outback,02C,World Rally Blue Pearl,pearl,132.3,140.6,135.1,139.2,135.8,133.5,144.5,142.9,128.8,136.7,135.7,138.2,150.9,138.0,128.8,150.9,22.1,factory_normal
V01350,2018,Subaru,Outback,K1X,Crystal White Pearl,pearl,154.5,159.1,134.0,147.2,155.0,150.0,145.3,155.4,152.7,140.4,152.4,161.0,159.1,151.2,134.0,161.0,27.0,respray_suspected
V01351,2019,Subaru,Outback,K1X,Crystal White Pearl,pearl,139.6,149.5,145.5,144.5,148.2,154.5,149.7,142.3,147.3,149.2,152.5,161.4,137.4,147.8,137.4,161.4,24.0,respray_suspected
V01352,2019,Subaru,Outback,02C,World Rally Blue Pearl,pearl,137.8,144.5,152.9,140.2,135.1,145.3,143.3,142.9,135.7,145.3,146.3,121.3,131.2,140.1,121.3,152.9,31.6,factory_normal
V01353,2020,Subaru,Outback,K1X,Crystal White Pearl,pearl,145.2,142.4,139.7,150.5,136.9,140.5,141.5,145.0,143.8,136.2,137.7,156.9,155.1,144.0,136.2,156.9,20.7,factory_normal
V01354,2020,Subaru,Outback,02C,World Rally Blue Pearl,pearl,147.5,143.2,147.8,142.4,141.1,148.1,142.8,139.2,151.1,142.3,145.5,168.7,142.4,146.3,139.2,168.7,29.5,respray_suspected
V01355,2020,Subaru,Outback,D4S,Crystal Black Silica,metallic,121.0,121.0,124.5,123.0,131.1,124.1,130.8,123.2,131.2,121.9,128.6,127.2,142.9,127.0,121.0,142.9,21.9,factory_normal
V01356,2021,Subaru,Outback,D4S,Crystal Black Silica,metallic,134.5,137.0,134.9,128.3,125.3,123.6,127.4,128.2,128.0,134.2,185.7,131.8,152.0,136.2,123.6,185.7,62.1,respray_suspected
V01357,2021,Subaru,Outback,D4S,Crystal Black Silica,metallic,126.3,133.1,128.9,132.5,137.5,117.7,121.5,121.8,122.4,129.0,129.1,144.2,150.5,130.3,117.7,150.5,32.8,factory_normal
V01358,2021,Subaru,Outback,02C,World Rally Blue Pearl,pearl,146.0,148.0,147.7,145.5,145.2,148.8,147.8,142.3,156.6,156.8,156.5,152.4,139.0,148.7,139.0,156.8,17.8,factory_normal
V01359,2022,Subaru,Outback,K1X,Crystal White Pearl,pearl,147.9,147.9,150.2,153.4,148.9,158.9,146.2,147.5,148.2,149.5,151.6,143.0,159.6,150.2,143.0,159.6,16.6,factory_normal
V01360,2022,Subaru,Outback,02C,World Rally Blue Pearl,pearl,129.1,136.6,141.7,138.1,135.7,134.5,133.7,134.1,139.2,141.3,138.7,122.7,149.8,136.6,122.7,149.8,27.1,factory_normal
V01361,2022,Subaru,Outback,02C,World Rally Blue Pearl,pearl,141.3,145.9,143.7,144.0,142.1,148.5,151.6,141.7,147.7,144.2,147.6,149.3,166.3,147.2,141.3,166.3,25.0,respray_suspected
V01362,2023,Subaru,Outback,D4S,Crystal Black Silica,metallic,131.0,125.6,140.2,134.4,142.0,128.0,129.5,124.5,132.1,123.6,130.3,146.3,149.5,133.6,123.6,149.5,25.9,factory_normal
V01363,2023,Subaru,Outback,K1X,Crystal White Pearl,pearl,140.5,137.9,134.3,132.8,144.1,130.2,134.1,139.9,141.1,139.3,130.8,161.6,144.3,139.3,130.2,161.6,31.4,respray_suspected
V01364,2024,Subaru,Outback,02C,World Rally Blue Pearl,pearl,141.0,140.4,135.9,141.7,140.8,134.5,143.5,140.6,138.8,141.4,135.7,158.2,149.2,141.7,134.5,158.2,23.7,factory_normal
V01365,2024,Subaru,Outback,02C,World Rally Blue Pearl,pearl,154.3,139.9,152.1,142.1,143.1,145.1,144.5,144.1,145.7,151.6,133.5,146.1,149.6,145.5,133.5,154.3,20.8,factory_normal
V01366,2024,Subaru,Outback,D4S,Crystal Black Silica,metallic,126.5,119.4,128.5,135.2,136.0,126.0,127.1,128.0,129.3,125.7,124.1,145.5,136.2,129.8,119.4,145.5,26.1,factory_normal
V01367,2025,Subaru,Outback,02C,World Rally Blue Pearl,pearl,142.1,147.0,143.1,141.2,143.7,133.5,147.4,144.4,152.3,143.4,144.9,161.0,160.5,146.5,133.5,161.0,27.5,respray_suspected
V01368,2025,Subaru,Outback,02C,World Rally Blue Pearl,pearl,148.5,145.7,153.5,234.5,155.8,145.6,147.2,284.1,153.1,143.8,148.7,146.4,162.1,166.8,143.8,284.1,140.3,respray_suspected
V01369,2025,Subaru,Outback,02C,World Rally Blue Pearl,pearl,145.6,139.9,131.4,131.7,137.5,129.4,135.6,139.0,130.2,137.4,138.7,145.0,139.4,137.0,129.4,145.6,16.2,factory_normal
V01370,2026,Subaru,Outback,K1X,Crystal White Pearl,pearl,145.8,136.1,150.9,148.2,146.5,148.8,143.8,145.1,148.3,135.4,142.2,142.9,154.1,145.2,135.4,154.1,18.7,factory_normal
V01371,2026,Subaru,Outback,K1X,Crystal White Pearl,pearl,137.4,266.3,142.6,132.7,131.0,132.0,133.2,138.4,137.4,136.0,131.7,145.1,134.4,146.0,131.0,266.3,135.3,respray_suspected
V01372,2026,Subaru,Outback,D4S,Crystal Black Silica,metallic,130.7,130.3,119.2,130.8,127.7,127.9,115.8,119.4,125.5,120.4,220.1,213.2,141.5,140.2,115.8,220.1,104.3,respray_suspected
V01373,2015,Subaru,Impreza,02C,World Rally Blue Pearl,pearl,151.5,152.4,152.1,148.5,152.2,153.5,147.9,138.7,154.6,148.1,154.2,151.8,160.4,151.2,138.7,160.4,21.7,respray_suspected
V01374,2015,Subaru,Impreza,02C,World Rally Blue Pearl,pearl,143.2,157.8,156.7,153.3,143.7,155.8,151.7,159.7,149.5,150.8,156.5,126.3,148.2,150.2,126.3,159.7,33.4,factory_normal
V01375,2016,Subaru,Impreza,D4S,Crystal Black Silica,metallic,139.7,128.5,138.9,137.0,135.6,129.5,144.2,143.7,136.6,131.1,129.5,148.5,145.4,137.6,128.5,148.5,20.0,factory_normal
V01376,2016,Subaru,Impreza,02C,World Rally Blue Pearl,pearl,152.3,160.3,152.2,147.8,150.4,149.3,148.8,149.1,143.7,150.2,142.0,168.4,161.2,152.0,142.0,168.4,26.4,respray_suspected
V01377,2017,Subaru,Impreza,D4S,Crystal Black Silica,metallic,141.5,149.9,140.1,140.3,141.7,134.6,283.0,135.8,139.1,134.9,133.0,137.5,146.2,150.6,133.0,283.0,150.0,respray_suspected
V01378,2017,Subaru,Impreza,D4S,Crystal Black Silica,metallic,138.5,132.8,134.4,134.9,129.6,129.0,133.9,130.2,134.5,138.8,133.5,159.5,143.1,136.4,129.0,159.5,30.5,factory_normal
V01379,2017,Subaru,Impreza,02C,World Rally Blue Pearl,pearl,141.6,135.2,148.7,146.6,137.6,141.4,142.0,136.3,144.0,135.8,133.9,155.3,140.3,141.4,133.9,155.3,21.4,factory_normal
V01380,2018,Subaru,Impreza,K1X,Crystal White Pearl,pearl,154.7,133.3,148.1,145.1,144.6,150.0,147.3,135.8,145.5,143.4,149.7,148.5,159.2,146.6,133.3,159.2,25.9,factory_normal
V01381,2018,Subaru,Impreza,D4S,Crystal Black Silica,metallic,129.3,125.6,134.1,129.3,137.6,134.7,124.0,133.3,129.5,129.3,128.7,127.4,136.7,130.7,124.0,137.6,13.6,factory_normal
V01382,2018,Subaru,Impreza,02C,World Rally Blue Pearl,pearl,148.6,143.3,154.3,143.5,156.7,152.9,149.3,152.0,149.9,160.5,151.3,153.3,153.0,151.4,143.3,160.5,17.2,respray_suspected
V01383,2019,Subaru,Impreza,D4S,Crystal Black Silica,metallic,131.6,126.3,127.4,125.5,134.2,135.9,127.4,132.2,120.8,121.6,131.5,144.5,148.8,131.4,120.8,148.8,28.0,factory_normal
V01384,2019,Subaru,Impreza,K1X,Crystal White Pearl,pearl,148.4,139.1,140.2,280.3,138.2,141.1,151.0,326.0,136.1,132.3,140.8,153.9,166.6,168.8,132.3,326.0,193.7,repair_or_filler
V01385,2020,Subaru,Impreza,K1X,Crystal White Pearl,pearl,131.1,138.5,141.6,138.2,137.8,138.9,136.9,139.0,142.1,143.6,136.4,166.3,148.0,141.4,131.1,166.3,35.2,respray_suspected
V01386,2020,Subaru,Impreza,D4S,Crystal Black Silica,metallic,124.3,128.1,124.6,119.3,131.9,136.9,128.8,125.7,128.1,134.1,123.4,134.2,140.7,129.2,119.3,140.7,21.4,factory_normal
V01387,2020,Subaru,Impreza,02C,World Rally Blue Pearl,pearl,150.6,150.2,152.1,158.3,149.6,154.9,151.8,163.2,151.9,162.6,144.4,165.1,168.6,155.6,144.4,168.6,24.2,respray_suspected
V01388,2021,Subaru,Impreza,02C,World Rally Blue Pearl,pearl,133.7,298.8,142.6,136.3,137.7,142.7,138.8,129.2,137.2,136.7,138.3,158.9,164.4,153.5,129.2,298.8,169.6,respray_suspected
V01389,2021,Subaru,Impreza,D4S,Crystal Black Silica,metallic,141.5,132.5,135.6,136.7,132.4,138.4,134.6,134.6,133.0,136.0,128.3,162.4,150.2,138.2,128.3,162.4,34.1,respray_suspected
V01390,2022,Subaru,Impreza,K1X,Crystal White Pearl,pearl,278.4,138.0,140.6,144.0,143.4,145.5,137.9,137.9,141.7,136.7,138.7,156.9,134.2,151.8,134.2,278.4,144.2,respray_suspected
V01391,2022,Subaru,Impreza,K1X,Crystal White Pearl,pearl,151.4,146.2,145.5,147.9,145.6,148.6,144.5,151.2,153.4,151.8,143.1,164.8,156.6,150.0,143.1,164.8,21.7,respray_suspected
V01392,2023,Subaru,Impreza,02C,World Rally Blue Pearl,pearl,141.4,145.0,142.5,133.5,152.1,143.2,146.7,147.7,140.0,150.9,143.1,141.9,155.7,144.9,133.5,155.7,22.2,factory_normal
V01393,2023,Subaru,Impreza,02C,World Rally Blue Pearl,pearl,135.8,134.0,144.9,133.6,126.0,141.9,133.3,124.9,128.8,129.0,124.8,139.2,135.1,133.2,124.8,144.9,20.1,factory_normal
V01394,2023,Subaru,Impreza,02C,World Rally Blue Pearl,pearl,151.7,135.3,137.8,145.0,154.7,142.7,150.6,262.2,142.3,143.8,265.7,158.9,150.0,164.7,135.3,265.7,130.4,respray_suspected
V01395,2024,Subaru,Impreza,02C,World Rally Blue Pearl,pearl,143.1,145.0,138.0,330.7,152.1,145.0,144.1,154.0,140.8,142.7,153.0,158.1,245.5,168.6,138.0,330.7,192.7,repair_or_filler
V01396,2024,Subaru,Impreza,K1X,Crystal White Pearl,pearl,145.3,136.5,134.0,146.0,139.0,138.1,144.1,149.0,140.9,140.8,144.5,161.0,143.1,143.3,134.0,161.0,27.0,respray_suspected
V01397,2025,Subaru,Impreza,02C,World Rally Blue Pearl,pearl,144.7,156.3,142.5,148.9,143.8,142.0,147.6,145.4,142.8,138.9,145.9,163.3,186.2,149.9,138.9,186.2,47.3,respray_suspected
V01398,2025,Subaru,Impreza,K1X,Crystal White Pearl,pearl,142.4,139.7,141.1,138.9,146.8,145.8,144.8,125.5,134.4,139.5,143.4,149.6,143.6,141.2,125.5,149.6,24.1,factory_normal
V01399,2025,Subaru,Impreza,02C,World Rally Blue Pearl,pearl,138.7,137.9,133.1,148.4,144.6,137.7,131.5,216.5,130.4,136.3,312.8,154.2,176.2,161.4,130.4,312.8,182.4,repair_or_filler
V01400,2026,Subaru,Impreza,D4S,Crystal Black Silica,metallic,122.2,128.5,126.3,123.3,131.1,124.9,122.5,122.1,118.7,124.1,120.9,128.2,154.3,126.7,118.7,154.3,35.6,factory_normal
V01401,2026,Subaru,Impreza,D4S,Crystal Black Silica,metallic,134.9,136.2,131.4,130.9,138.0,126.1,135.4,127.4,125.5,135.1,131.9,153.5,135.6,134.0,125.5,153.5,28.0,factory_normal
V01402,2026,Subaru,Impreza,02C,World Rally Blue Pearl,pearl,149.6,149.6,147.8,147.3,151.9,150.8,149.4,142.7,151.0,141.5,147.9,145.8,162.6,149.1,141.5,162.6,21.1,respray_suspected
V01403,2015,Subaru,Legacy,D4S,Crystal Black Silica,metallic,127.5,118.0,114.2,108.8,112.3,124.3,108.2,106.6,115.9,120.8,112.5,129.4,140.2,118.4,106.6,140.2,33.6,factory_normal
V01404,2015,Subaru,Legacy,K1X,Crystal White Pearl,pearl,117.0,125.3,117.9,129.3,124.5,122.2,132.9,117.0,130.2,126.2,127.0,145.6,107.5,124.8,107.5,145.6,38.1,factory_normal
V01405,2016,Subaru,Legacy,D4S,Crystal Black Silica,metallic,115.4,112.4,111.3,119.4,108.5,111.3,111.2,109.3,110.7,120.4,109.1,126.6,100.3,112.8,100.3,126.6,26.3,factory_normal
V01406,2016,Subaru,Legacy,D4S,Crystal Black Silica,metallic,115.4,107.7,112.0,111.5,126.3,113.8,114.4,115.7,114.2,113.0,108.7,122.0,109.1,114.1,107.7,126.3,18.6,factory_normal
V01407,2017,Subaru,Legacy,K1X,Crystal White Pearl,pearl,122.2,117.7,120.5,123.8,124.5,127.4,124.1,130.4,121.8,127.4,128.3,143.6,130.3,126.3,117.7,143.6,25.9,factory_normal
V01408,2017,Subaru,Legacy,02C,World Rally Blue Pearl,pearl,120.9,119.7,126.6,119.3,125.0,124.1,125.8,123.4,117.0,123.9,125.0,150.3,114.4,124.3,114.4,150.3,35.9,factory_normal
V01409,2017,Subaru,Legacy,K1X,Crystal White Pearl,pearl,131.3,131.0,131.0,131.2,130.1,127.7,125.3,131.9,128.3,133.7,126.1,126.5,108.3,127.9,108.3,133.7,25.4,factory_normal
V01410,2018,Subaru,Legacy,D4S,Crystal Black Silica,metallic,111.4,119.6,114.8,118.1,120.3,118.5,117.9,110.8,115.5,112.8,117.2,125.9,137.0,118.4,110.8,137.0,26.2,factory_normal
V01411,2018,Subaru,Legacy,02C,World Rally Blue Pearl,pearl,118.8,128.3,120.3,127.5,121.5,127.2,123.9,133.9,138.4,131.8,132.7,126.3,127.3,127.5,118.8,138.4,19.6,factory_normal
V01412,2019,Subaru,Legacy,02C,World Rally Blue Pearl,pearl,138.4,133.7,126.4,136.3,129.5,132.4,126.1,124.6,134.1,130.6,131.1,144.3,118.3,131.2,118.3,144.3,26.0,factory_normal
V01413,2019,Subaru,Legacy,K1X,Crystal White Pearl,pearl,120.3,130.8,119.7,116.2,124.3,120.5,124.5,118.2,124.2,122.0,122.7,145.8,138.3,125.2,116.2,145.8,29.6,factory_normal
V01414,2019,Subaru,Legacy,02C,World Rally Blue Pearl,pearl,125.1,125.5,119.4,116.6,132.0,131.1,119.8,125.3,127.4,124.1,129.6,137.9,119.2,125.6,116.6,137.9,21.3,factory_normal
V01415,2020,Subaru,Legacy,K1X,Crystal White Pearl,pearl,122.7,125.9,119.5,229.6,119.6,130.4,128.3,117.8,122.0,119.5,117.2,151.5,123.5,132.9,117.2,229.6,112.4,respray_suspected
V01416,2020,Subaru,Legacy,K1X,Crystal White Pearl,pearl,126.0,129.3,113.5,120.7,121.7,118.4,117.2,129.5,118.7,130.6,129.6,124.1,119.5,123.0,113.5,130.6,17.1,factory_normal
V01417,2021,Subaru,Legacy,D4S,Crystal Black Silica,metallic,109.1,109.3,115.5,119.5,109.5,109.0,108.6,114.2,112.9,110.0,108.7,124.6,104.6,112.0,104.6,124.6,20.0,factory_normal
V01418,2021,Subaru,Legacy,D4S,Crystal Black Silica,metallic,101.2,101.5,110.3,99.2,107.5,119.4,110.8,117.8,116.8,105.3,108.1,126.7,125.9,111.6,99.2,126.7,27.5,factory_normal
V01419,2022,Subaru,Legacy,D4S,Crystal Black Silica,metallic,111.2,112.9,99.0,116.3,105.3,111.7,111.0,115.6,112.2,114.4,110.5,120.0,115.0,111.9,99.0,120.0,21.0,factory_normal
V01420,2022,Subaru,Legacy,D4S,Crystal Black Silica,metallic,101.4,108.1,122.7,107.1,224.8,110.7,199.3,108.3,97.7,104.3,104.5,123.3,104.3,124.3,97.7,224.8,127.1,respray_suspected
V01421,2023,Subaru,Legacy,D4S,Crystal Black Silica,metallic,113.3,111.8,110.9,97.9,114.8,119.1,110.7,109.4,111.4,109.0,101.2,107.0,115.4,110.1,97.9,119.1,21.2,factory_normal
V01422,2023,Subaru,Legacy,D4S,Crystal Black Silica,metallic,121.2,114.7,114.8,105.5,119.5,102.9,118.3,115.9,112.1,106.3,114.2,91.3,296.1,125.6,91.3,296.1,204.8,respray_suspected
V01423,2023,Subaru,Legacy,02C,World Rally Blue Pearl,pearl,119.2,113.3,121.8,124.9,122.8,119.2,123.0,126.9,125.6,114.2,121.5,131.0,107.9,120.9,107.9,131.0,23.1,factory_normal
V01424,2024,Subaru,Legacy,02C,World Rally Blue Pearl,pearl,114.6,112.3,120.9,107.9,125.3,117.0,113.6,117.9,111.0,113.7,125.7,135.5,132.4,119.1,107.9,135.5,27.6,factory_normal
V01425,2024,Subaru,Legacy,K1X,Crystal White Pearl,pearl,115.8,119.8,112.3,108.2,115.3,120.4,114.5,120.4,122.1,114.3,116.1,125.5,141.4,118.9,108.2,141.4,33.2,factory_normal
V01426,2024,Subaru,Legacy,02C,World Rally Blue Pearl,pearl,122.7,126.8,133.2,130.0,127.0,126.0,121.8,122.8,131.6,126.6,126.9,155.5,139.1,130.0,121.8,155.5,33.7,factory_normal
V01427,2025,Subaru,Legacy,02C,World Rally Blue Pearl,pearl,124.0,117.0,121.5,134.2,124.1,122.8,129.9,118.3,124.0,131.6,125.2,142.4,130.9,126.6,117.0,142.4,25.4,factory_normal
V01428,2025,Subaru,Legacy,D4S,Crystal Black Silica,metallic,97.7,111.7,116.3,111.3,108.4,105.4,109.0,117.0,114.6,103.8,114.8,118.7,110.5,110.7,97.7,118.7,21.0,factory_normal
V01429,2025,Subaru,Legacy,D4S,Crystal Black Silica,metallic,112.1,118.4,103.7,111.2,113.9,118.2,100.2,109.4,100.8,112.8,107.8,119.0,130.6,112.2,100.2,130.6,30.4,factory_normal
V01430,2026,Subaru,Legacy,K1X,Crystal White Pearl,pearl,121.0,112.9,119.9,109.5,117.8,129.4,111.2,114.0,121.5,111.4,105.3,118.6,127.5,116.9,105.3,129.4,24.1,factory_normal
V01431,2026,Subaru,Legacy,02C,World Rally Blue Pearl,pearl,124.4,115.5,123.4,120.5,116.4,117.0,122.4,110.9,109.1,122.8,126.8,114.2,125.7,119.2,109.1,126.8,17.7,factory_normal
V01432,2026,Subaru,Legacy,K1X,Crystal White Pearl,pearl,114.8,116.8,116.2,120.2,122.5,121.6,124.2,116.2,114.9,107.8,108.8,126.8,115.9,117.4,107.8,126.8,19.0,factory_normal
V01433,2015,Subaru,Crosstrek,D4S,Crystal Black Silica,metallic,105.2,124.7,114.7,120.2,124.6,125.6,116.5,122.9,122.6,118.3,119.7,120.0,129.0,120.3,105.2,129.0,23.8,factory_normal
V01434,2015,Subaru,Crosstrek,02C,World Rally Blue Pearl,pearl,118.1,134.0,118.1,122.6,112.7,120.5,114.2,117.4,124.0,128.9,121.1,132.7,139.5,123.4,112.7,139.5,26.8,factory_normal
V01435,2016,Subaru,Crosstrek,02C,World Rally Blue Pearl,pearl,133.7,140.0,128.3,139.2,131.2,135.0,146.0,140.6,132.7,133.4,139.9,144.5,116.1,135.4,116.1,146.0,29.9,factory_normal
V01436,2016,Subaru,Crosstrek,D4S,Crystal Black Silica,metallic,119.6,125.1,272.6,120.6,117.6,125.9,126.3,128.4,125.6,124.3,119.4,139.2,147.0,137.8,117.6,272.6,155.0,respray_suspected
V01437,2017,Subaru,Crosstrek,K1X,Crystal White Pearl,pearl,110.0,112.3,114.7,118.2,106.6,113.4,109.1,121.2,122.7,111.7,110.5,121.4,130.1,115.5,106.6,130.1,23.5,factory_normal
V01438,2017,Subaru,Crosstrek,D4S,Crystal Black Silica,metallic,108.3,108.4,102.2,114.3,101.3,104.4,105.1,107.4,100.8,104.1,111.0,120.8,127.2,108.9,100.8,127.2,26.4,factory_normal
V01439,2017,Subaru,Crosstrek,D4S,Crystal Black Silica,metallic,102.3,115.2,98.3,99.9,101.0,118.8,107.2,112.3,99.0,101.3,108.4,113.8,116.7,107.2,98.3,118.8,20.5,factory_normal
V01440,2018,Subaru,Crosstrek,K1X,Crystal White Pearl,pearl,123.7,129.8,132.9,127.4,127.9,137.7,134.1,139.9,137.8,126.7,124.9,136.0,153.5,133.3,123.7,153.5,29.8,factory_normal
V01441,2018,Subaru,Crosstrek,D4S,Crystal Black Silica,metallic,120.8,113.6,126.8,120.6,124.4,122.1,131.8,124.4,124.2,121.5,117.9,134.8,114.3,122.9,113.6,134.8,21.2,factory_normal
V01442,2018,Subaru,Crosstrek,D4S,Crystal Black Silica,metallic,120.7,108.1,111.9,101.4,108.1,106.6,115.0,114.1,113.7,116.1,108.5,149.3,113.1,114.4,101.4,149.3,47.9,factory_normal
V01443,2019,Subaru,Crosstrek,02C,World Rally Blue Pearl,pearl,121.4,121.8,125.3,115.1,118.0,119.2,114.8,123.4,119.4,117.4,114.9,135.0,138.8,121.9,114.8,138.8,24.0,factory_normal
V01444,2019,Subaru,Crosstrek,02C,World Rally Blue Pearl,pearl,115.7,120.3,129.4,122.3,120.3,120.5,126.1,114.9,129.3,125.3,119.0,138.7,134.0,124.3,114.9,138.7,23.8,factory_normal
V01445,2019,Subaru,Crosstrek,02C,World Rally Blue Pearl,pearl,136.5,137.3,133.0,132.8,144.6,132.1,128.7,134.7,143.3,140.2,136.6,144.7,155.2,138.4,128.7,155.2,26.5,factory_normal
V01446,2020,Subaru,Crosstrek,02C,World Rally Blue Pearl,pearl,119.9,121.1,119.0,107.1,127.1,111.9,118.5,113.5,118.4,119.1,118.8,142.3,119.4,119.7,107.1,142.3,35.2,factory_normal
V01447,2020,Subaru,Crosstrek,02C,World Rally Blue Pearl,pearl,117.9,123.4,117.6,124.4,115.0,126.2,124.0,123.8,122.1,123.3,117.8,121.2,139.0,122.7,115.0,139.0,24.0,factory_normal
V01448,2021,Subaru,Crosstrek,K1X,Crystal White Pearl,pearl,118.6,122.6,124.6,121.5,115.5,123.0,124.1,115.4,113.2,118.4,128.9,113.9,115.5,119.6,113.2,128.9,15.7,factory_normal
V01449,2021,Subaru,Crosstrek,02C,World Rally Blue Pearl,pearl,135.4,133.4,127.6,125.9,120.7,137.1,122.8,135.7,125.5,134.9,137.7,145.4,137.0,132.2,120.7,145.4,24.7,factory_normal
V01450,2021,Subaru,Crosstrek,02C,World Rally Blue Pearl,pearl,126.2,127.5,121.0,120.5,125.0,129.6,114.9,126.5,131.3,116.7,124.0,113.4,125.8,123.3,113.4,131.3,17.9,factory_normal
V01451,2022,Subaru,Crosstrek,K1X,Crystal White Pearl,pearl,111.7,111.0,116.1,112.5,110.2,110.2,113.3,107.9,102.0,120.0,114.7,110.4,121.6,112.4,102.0,121.6,19.6,factory_normal
V01452,2022,Subaru,Crosstrek,02C,World Rally Blue Pearl,pearl,104.8,110.0,124.1,111.0,113.0,110.9,105.3,116.5,120.4,118.6,110.8,112.9,142.2,115.4,104.8,142.2,37.4,factory_normal
V01453,2022,Subaru,Crosstrek,D4S,Crystal Black Silica,metallic,104.3,113.2,107.8,108.1,111.8,221.1,101.0,108.5,105.4,108.5,104.9,119.6,216.0,125.4,101.0,221.1,120.1,respray_suspected
V01454,2023,Subaru,Crosstrek,K1X,Crystal White Pearl,pearl,113.8,125.7,108.0,118.3,125.6,116.9,126.9,116.1,117.0,120.1,112.5,129.1,138.1,120.6,108.0,138.1,30.1,factory_normal
V01455,2023,Subaru,Crosstrek,K1X,Crystal White Pearl,pearl,130.9,125.3,134.0,135.1,126.1,130.2,125.8,128.3,131.3,128.2,129.8,128.7,148.8,131.0,125.3,148.8,23.5,factory_normal
V01456,2024,Subaru,Crosstrek,D4S,Crystal Black Silica,metallic,122.5,108.0,113.1,98.0,116.0,112.3,113.3,110.0,114.0,114.7,112.7,114.0,108.4,112.1,98.0,122.5,24.5,factory_normal
V01457,2024,Subaru,Crosstrek,02C,World Rally Blue Pearl,pearl,120.0,115.4,115.0,119.7,120.7,132.8,121.4,127.1,124.4,123.4,120.4,140.3,130.9,124.0,115.0,140.3,25.3,factory_normal
V01458,2025,Subaru,Crosstrek,02C,World Rally Blue Pearl,pearl,119.6,126.3,124.1,112.4,114.7,121.9,115.6,117.0,121.6,118.7,116.6,117.1,149.8,121.2,112.4,149.8,37.4,factory_normal
V01459,2025,Subaru,Crosstrek,D4S,Crystal Black Silica,metallic,108.4,107.4,119.0,117.1,103.3,106.2,116.3,121.3,110.4,117.9,105.0,115.0,122.4,113.1,103.3,122.4,19.1,factory_normal
V01460,2025,Subaru,Crosstrek,D4S,Crystal Black Silica,metallic,100.0,115.5,103.3,92.9,165.9,97.7,109.8,103.1,108.4,97.9,98.1,105.9,275.9,121.1,92.9,275.9,183.0,respray_suspected
V01461,2026,Subaru,Crosstrek,02C,World Rally Blue Pearl,pearl,112.8,112.7,121.7,113.6,114.5,112.6,118.7,116.3,108.3,119.0,116.2,138.5,269.0,128.8,108.3,269.0,160.7,respray_suspected
V01462,2026,Subaru,Crosstrek,K1X,Crystal White Pearl,pearl,115.4,118.1,114.2,112.8,122.3,107.4,119.4,112.1,116.3,112.7,116.9,110.0,124.1,115.5,107.4,124.1,16.7,factory_normal
V01463,2015,Volkswagen,Golf,LC9A,Pure White,solid,99.8,105.7,92.5,96.7,96.6,95.8,93.7,99.5,97.4,110.0,101.3,126.8,87.7,100.3,87.7,126.8,39.1,factory_normal
V01464,2015,Volkswagen,Golf,LA7W,Reflex Silver Metallic,metallic,108.0,94.0,95.5,92.6,102.2,105.0,234.0,106.6,101.5,96.5,103.6,133.5,244.7,124.4,92.6,244.7,152.1,respray_suspected
V01465,2016,Volkswagen,Golf,LA7W,Reflex Silver Metallic,metallic,87.0,85.9,90.8,84.7,91.1,91.7,95.8,97.0,99.8,90.5,84.7,112.2,122.0,94.9,84.7,122.0,37.3,factory_normal
V01466,2016,Volkswagen,Golf,LC9X,Deep Black Pearl,pearl,110.3,104.6,119.4,103.1,104.0,114.4,108.3,103.0,114.0,115.1,100.9,125.7,130.2,111.8,100.9,130.2,29.3,factory_normal
V01467,2017,Volkswagen,Golf,LA7W,Reflex Silver Metallic,metallic,95.0,88.2,90.9,101.3,85.0,88.3,87.9,98.0,86.8,89.2,91.0,90.8,88.1,90.8,85.0,101.3,16.3,factory_normal
V01468,2017,Volkswagen,Golf,LA7W,Reflex Silver Metallic,metallic,103.2,102.3,94.7,93.9,96.5,112.2,100.3,104.8,97.1,115.5,102.7,112.6,104.4,103.1,93.9,115.5,21.6,factory_normal
V01469,2018,Volkswagen,Golf,LC9X,Deep Black Pearl,pearl,117.8,121.5,115.8,114.2,130.0,119.4,119.2,108.5,121.4,107.8,121.9,127.5,117.6,118.7,107.8,130.0,22.2,factory_normal
V01470,2018,Volkswagen,Golf,LC9A,Pure White,solid,87.4,74.3,81.1,79.5,89.8,74.2,87.0,84.3,67.3,74.8,78.4,95.3,83.7,81.3,67.3,95.3,28.0,thin_caution
V01471,2018,Volkswagen,Golf,LA7W,Reflex Silver Metallic,metallic,92.1,89.2,89.4,87.9,92.1,90.1,84.6,79.0,94.6,93.4,89.1,99.3,110.3,91.6,79.0,110.3,31.3,thin_caution
V01472,2019,Volkswagen,Golf,LC9X,Deep Black Pearl,pearl,100.5,99.7,98.4,87.9,96.6,96.1,93.7,97.4,94.4,97.2,95.1,108.2,121.6,99.0,87.9,121.6,33.7,factory_normal
V01473,2019,Volkswagen,Golf,LC9A,Pure White,solid,81.8,78.4,81.9,76.8,87.1,82.8,76.5,85.1,77.7,75.5,84.9,95.9,89.1,82.6,75.5,95.9,20.4,thin_caution
V01474,2019,Volkswagen,Golf,LC9A,Pure White,solid,98.1,93.5,93.5,77.6,90.1,101.4,88.9,91.1,89.6,82.7,94.8,100.7,103.0,92.7,77.6,103.0,25.4,factory_normal
V01475,2020,Volkswagen,Golf,LC9A,Pure White,solid,89.1,81.4,81.9,91.9,91.9,87.7,95.0,87.3,86.2,87.4,90.4,76.0,88.1,87.3,76.0,95.0,19.0,thin_caution
V01476,2020,Volkswagen,Golf,LC9A,Pure White,solid,88.3,89.2,95.3,84.5,103.1,87.0,242.6,83.4,87.6,85.9,88.3,99.3,169.4,108.0,83.4,242.6,159.2,respray_suspected
V01477,2020,Volkswagen,Golf,LA7W,Reflex Silver Metallic,metallic,94.4,82.1,84.4,79.1,82.8,86.5,85.8,78.0,87.9,80.2,76.3,89.0,101.6,85.2,76.3,101.6,25.3,thin_caution
V01478,2021,Volkswagen,Golf,LA7W,Reflex Silver Metallic,metallic,92.8,85.3,97.6,82.9,87.3,93.1,90.9,95.3,94.2,79.4,98.0,86.1,105.9,91.4,79.4,105.9,26.5,factory_normal
V01479,2021,Volkswagen,Golf,LC9X,Deep Black Pearl,pearl,98.5,109.7,103.7,104.7,102.2,103.3,107.6,107.1,107.4,102.4,102.5,96.0,109.2,104.2,96.0,109.7,13.7,factory_normal
V01480,2021,Volkswagen,Golf,LC9A,Pure White,solid,92.6,198.5,101.1,237.0,96.6,94.5,91.9,101.0,98.1,104.0,93.9,110.1,112.6,117.8,91.9,237.0,145.1,respray_suspected
V01481,2022,Volkswagen,Golf,LC9A,Pure White,solid,89.0,203.2,86.9,93.0,86.3,89.2,94.2,91.9,80.6,81.5,76.9,105.9,85.2,97.2,76.9,203.2,126.3,respray_suspected
V01482,2022,Volkswagen,Golf,LC9A,Pure White,solid,88.7,87.1,90.1,86.1,87.2,93.4,95.8,90.1,94.4,79.5,88.1,114.7,98.4,91.8,79.5,114.7,35.2,thin_caution
V01483,2023,Volkswagen,Golf,LA7W,Reflex Silver Metallic,metallic,99.1,95.7,104.4,103.1,96.5,106.8,94.7,92.7,98.5,92.2,98.0,94.4,81.9,96.8,81.9,106.8,24.9,factory_normal
V01484,2023,Volkswagen,Golf,LC9A,Pure White,solid,87.6,81.4,85.7,81.8,89.3,77.6,84.8,81.1,86.9,83.8,74.6,98.8,75.2,83.7,74.6,98.8,24.2,thin_caution
V01485,2024,Volkswagen,Golf,LC9X,Deep Black Pearl,pearl,106.0,102.3,103.2,97.6,99.3,103.0,100.8,100.8,101.9,108.1,106.7,104.0,111.9,103.5,97.6,111.9,14.3,factory_normal
V01486,2024,Volkswagen,Golf,LC9X,Deep Black Pearl,pearl,104.8,117.3,106.3,107.0,106.0,107.1,99.7,107.6,110.2,107.6,107.8,95.7,113.7,107.0,95.7,117.3,21.6,factory_normal
V01487,2024,Volkswagen,Golf,LA7W,Reflex Silver Metallic,metallic,99.4,103.9,102.8,106.6,100.7,106.1,106.7,101.7,102.3,100.8,99.5,112.5,105.1,103.7,99.4,112.5,13.1,factory_normal
V01488,2025,Volkswagen,Golf,LC9A,Pure White,solid,102.4,96.5,101.5,90.0,95.7,94.3,99.7,95.4,94.2,94.5,91.0,102.6,109.0,97.4,90.0,109.0,19.0,factory_normal
V01489,2025,Volkswagen,Golf,LA7W,Reflex Silver Metallic,metallic,99.0,85.7,91.5,102.0,95.4,96.4,95.6,87.8,96.6,93.8,89.7,92.2,110.0,95.1,85.7,110.0,24.3,factory_normal
V01490,2026,Volkswagen,Golf,LC9X,Deep Black Pearl,pearl,82.3,86.5,86.3,84.7,85.0,85.4,85.6,86.3,89.4,84.5,82.9,95.0,111.1,88.1,82.3,111.1,28.8,thin_caution
V01491,2026,Volkswagen,Golf,LA7W,Reflex Silver Metallic,metallic,100.6,98.3,95.6,94.5,91.7,91.5,100.3,84.4,283.2,100.7,94.7,118.9,101.6,112.0,84.4,283.2,198.8,respray_suspected
V01492,2015,Volkswagen,Jetta,LA7W,Reflex Silver Metallic,metallic,94.8,96.4,88.1,96.1,92.0,101.4,93.0,98.5,99.1,95.5,92.2,95.4,91.7,94.9,88.1,101.4,13.3,factory_normal
V01493,2015,Volkswagen,Jetta,LC9A,Pure White,solid,104.8,109.4,110.2,94.5,274.7,104.3,104.0,108.1,113.1,102.7,102.9,207.6,127.1,128.0,94.5,274.7,180.2,respray_suspected
V01494,2016,Volkswagen,Jetta,LA7W,Reflex Silver Metallic,metallic,98.9,100.2,99.7,98.6,99.2,97.9,98.5,101.0,97.6,101.1,95.0,101.6,101.1,99.3,95.0,101.6,6.6,factory_normal
V01495,2016,Volkswagen,Jetta,LA7W,Reflex Silver Metallic,metallic,96.1,106.8,97.0,101.6,98.5,100.9,94.5,105.7,101.4,98.2,104.3,115.1,98.7,101.4,94.5,115.1,20.6,factory_normal
V01496,2016,Volkswagen,Jetta,LC9X,Deep Black Pearl,pearl,96.1,103.0,106.0,95.7,107.8,92.9,107.3,106.1,108.7,104.7,101.9,108.1,110.6,103.8,92.9,110.6,17.7,factory_normal
V01497,2017,Volkswagen,Jetta,LC9X,Deep Black Pearl,pearl,112.7,103.5,112.1,106.2,107.1,113.6,102.7,107.1,108.7,114.9,109.5,118.6,126.8,111.0,102.7,126.8,24.1,factory_normal
V01498,2017,Volkswagen,Jetta,LA7W,Reflex Silver Metallic,metallic,95.1,104.8,101.3,91.1,88.5,107.7,99.0,98.3,100.0,97.8,97.5,100.3,105.9,99.0,88.5,107.7,19.2,factory_normal
V01499,2018,Volkswagen,Jetta,LC9X,Deep Black Pearl,pearl,127.0,122.6,114.0,124.4,112.7,122.9,117.8,111.6,115.2,116.4,122.6,141.4,120.7,120.7,111.6,141.4,29.8,factory_normal
V01500,2018,Volkswagen,Jetta,LC9A,Pure White,solid,160.1,85.6,88.3,80.0,70.9,84.3,78.7,73.7,82.1,78.2,81.5,68.9,84.2,85.9,68.9,160.1,91.2,respray_suspected
V01501,2018,Volkswagen,Jetta,LA7W,Reflex Silver Metallic,metallic,96.1,91.7,87.1,95.5,90.5,97.1,89.5,93.9,94.7,90.3,95.6,89.0,104.5,93.5,87.1,104.5,17.4,factory_normal
V01502,2019,Volkswagen,Jetta,LA7W,Reflex Silver Metallic,metallic,82.0,83.5,85.8,84.0,81.1,88.9,94.6,82.1,89.3,81.6,83.7,85.6,85.8,85.2,81.1,94.6,13.5,thin_caution
V01503,2019,Volkswagen,Jetta,LC9X,Deep Black Pearl,pearl,98.0,99.0,86.4,86.7,99.2,89.3,93.5,82.1,89.8,93.8,100.5,112.1,96.9,94.4,82.1,112.1,30.0,factory_normal
V01504,2019,Volkswagen,Jetta,LC9X,Deep Black Pearl,pearl,99.5,94.3,101.5,113.1,93.5,107.9,94.4,98.2,104.9,102.4,105.7,119.9,110.8,103.5,93.5,119.9,26.4,factory_normal
V01505,2020,Volkswagen,Jetta,LA7W,Reflex Silver Metallic,metallic,103.4,99.5,97.0,97.1,97.1,108.8,101.1,99.7,101.2,103.7,104.6,107.9,106.1,102.1,97.0,108.8,11.8,factory_normal
V01506,2020,Volkswagen,Jetta,LA7W,Reflex Silver Metallic,metallic,87.5,95.1,92.9,90.4,94.9,89.6,94.7,216.7,96.1,91.7,87.5,93.4,175.6,108.2,87.5,216.7,129.2,respray_suspected
V01507,2020,Volkswagen,Jetta,LC9X,Deep Black Pearl,pearl,112.0,102.7,108.6,106.0,102.4,106.9,116.1,100.3,100.2,112.8,101.4,116.2,100.0,106.6,100.0,116.2,16.2,factory_normal
V01508,2021,Volkswagen,Jetta,LC9A,Pure White,solid,101.1,93.9,98.6,100.8,96.4,98.2,93.1,86.2,97.9,88.5,96.8,207.3,93.7,104.0,86.2,207.3,121.1,respray_suspected
V01509,2021,Volkswagen,Jetta,LA7W,Reflex Silver Metallic,metallic,92.9,87.7,92.9,90.9,87.3,82.3,85.4,98.5,89.2,91.7,97.3,82.8,80.4,89.2,80.4,98.5,18.1,factory_normal
V01510,2021,Volkswagen,Jetta,LC9X,Deep Black Pearl,pearl,98.2,115.7,103.4,104.0,97.0,97.5,102.3,99.8,100.5,99.9,92.8,117.6,127.9,104.4,92.8,127.9,35.1,factory_normal
V01511,2022,Volkswagen,Jetta,LA7W,Reflex Silver Metallic,metallic,84.2,91.7,83.6,83.8,80.7,85.3,96.2,95.1,86.5,88.6,91.7,69.9,83.8,86.2,69.9,96.2,26.3,thin_caution
V01512,2022,Volkswagen,Jetta,LC9A,Pure White,solid,82.1,82.6,72.5,85.9,81.2,86.0,86.6,82.8,92.4,75.2,83.4,180.5,94.7,91.2,72.5,180.5,108.0,respray_suspected
V01513,2023,Volkswagen,Jetta,LC9X,Deep Black Pearl,pearl,92.9,98.2,111.6,102.5,100.9,102.3,100.2,99.3,105.0,100.8,113.1,116.1,104.7,103.7,92.9,116.1,23.2,factory_normal
V01514,2023,Volkswagen,Jetta,LA7W,Reflex Silver Metallic,metallic,95.8,89.9,92.1,94.0,100.3,93.7,96.1,87.5,93.3,99.2,91.6,103.0,102.4,95.3,87.5,103.0,15.5,factory_normal
V01515,2023,Volkswagen,Jetta,LC9X,Deep Black Pearl,pearl,105.3,97.9,104.3,102.6,97.2,94.6,104.7,89.5,88.5,107.8,95.9,98.1,110.8,99.8,88.5,110.8,22.3,factory_normal
V01516,2024,Volkswagen,Jetta,LA7W,Reflex Silver Metallic,metallic,94.1,80.9,94.2,89.1,89.3,85.9,88.1,94.5,90.6,94.9,92.2,90.1,109.0,91.8,80.9,109.0,28.1,factory_normal
V01517,2024,Volkswagen,Jetta,LA7W,Reflex Silver Metallic,metallic,74.1,73.1,77.4,71.1,85.8,85.7,84.6,86.3,83.8,68.4,80.9,76.6,79.8,79.0,68.4,86.3,17.9,thin_caution
V01518,2025,Volkswagen,Jetta,LC9A,Pure White,solid,83.5,83.8,81.0,80.6,243.3,88.1,85.3,85.1,198.7,78.7,81.3,81.0,91.0,104.7,78.7,243.3,164.6,respray_suspected
V01519,2025,Volkswagen,Jetta,LC9A,Pure White,solid,97.5,86.3,92.5,88.7,93.0,90.6,82.5,95.8,92.0,92.5,91.3,110.7,101.2,93.4,82.5,110.7,28.2,factory_normal
V01520,2025,Volkswagen,Jetta,LC9A,Pure White,solid,82.3,82.1,83.2,86.3,77.3,83.8,83.0,81.2,91.6,75.5,83.1,70.8,88.2,82.2,70.8,91.6,20.8,thin_caution
V01521,2026,Volkswagen,Jetta,LC9X,Deep Black Pearl,pearl,109.9,120.8,103.8,112.9,112.8,111.9,114.5,110.1,113.8,110.2,109.0,109.6,124.0,112.6,103.8,124.0,20.2,factory_normal
V01522,2026,Volkswagen,Jetta,LC9X,Deep Black Pearl,pearl,104.1,92.0,97.4,102.2,100.6,99.7,104.7,95.7,98.5,106.5,92.2,112.9,100.8,100.6,92.0,112.9,20.9,factory_normal
V01523,2026,Volkswagen,Jetta,LC9X,Deep Black Pearl,pearl,83.9,92.1,88.0,200.9,88.1,85.3,86.8,89.6,79.3,188.1,76.2,90.4,97.2,103.5,76.2,200.9,124.7,respray_suspected
V01524,2015,Volkswagen,Passat,LC9A,Pure White,solid,125.7,123.0,121.0,124.4,121.9,127.9,120.6,127.7,124.8,130.7,121.5,138.6,132.9,126.2,120.6,138.6,18.0,factory_normal
V01525,2015,Volkswagen,Passat,LA7W,Reflex Silver Metallic,metallic,123.8,131.4,128.2,129.3,271.0,116.3,135.4,142.1,222.9,129.1,130.5,140.8,129.3,148.5,116.3,271.0,154.7,respray_suspected
V01526,2015,Volkswagen,Passat,LC9X,Deep Black Pearl,pearl,139.9,137.8,133.3,149.0,141.8,143.9,149.7,144.7,143.4,130.9,147.8,157.8,142.6,143.3,130.9,157.8,26.9,factory_normal
V01527,2016,Volkswagen,Passat,LC9X,Deep Black Pearl,pearl,153.9,145.7,144.7,149.4,162.1,147.8,149.5,155.9,153.9,158.4,148.4,155.8,153.2,152.2,144.7,162.1,17.4,respray_suspected
V01528,2016,Volkswagen,Passat,LC9X,Deep Black Pearl,pearl,131.0,130.6,300.6,132.4,139.3,142.7,132.4,141.7,136.4,123.1,135.4,125.0,271.1,157.1,123.1,300.6,177.5,repair_or_filler
V01529,2017,Volkswagen,Passat,LC9X,Deep Black Pearl,pearl,152.2,144.5,146.2,140.0,129.8,143.6,142.9,145.5,143.1,139.9,139.9,153.4,145.9,143.6,129.8,153.4,23.6,factory_normal
V01530,2017,Volkswagen,Passat,LC9X,Deep Black Pearl,pearl,128.9,131.4,137.5,141.7,132.0,135.6,129.8,126.3,130.6,132.2,131.9,131.9,145.8,133.5,126.3,145.8,19.5,factory_normal
V01531,2017,Volkswagen,Passat,LA7W,Reflex Silver Metallic,metallic,142.5,140.8,142.5,138.0,131.5,132.4,135.5,133.0,134.0,136.7,137.5,133.9,141.8,136.9,131.5,142.5,11.0,factory_normal
V01532,2018,Volkswagen,Passat,LC9X,Deep Black Pearl,pearl,140.5,131.5,140.1,308.3,138.5,129.7,139.2,139.2,144.6,138.9,298.7,143.6,162.9,165.8,129.7,308.3,178.6,repair_or_filler
V01533,2018,Volkswagen,Passat,LC9A,Pure White,solid,141.5,138.2,135.6,126.8,134.8,136.1,142.2,129.5,130.2,137.3,137.1,146.6,141.9,136.8,126.8,146.6,19.8,factory_normal
V01534,2018,Volkswagen,Passat,LC9X,Deep Black Pearl,pearl,127.2,140.1,134.4,134.2,139.5,127.9,134.7,133.1,137.1,134.6,138.1,120.5,151.4,134.8,120.5,151.4,30.9,factory_normal
V01535,2019,Volkswagen,Passat,LC9X,Deep Black Pearl,pearl,133.7,143.5,136.4,143.4,148.5,131.2,139.7,135.3,138.8,125.7,139.8,149.2,146.8,139.4,125.7,149.2,23.5,factory_normal
V01536,2019,Volkswagen,Passat,LC9A,Pure White,solid,117.3,121.6,122.2,123.0,125.4,125.7,129.8,134.2,119.6,186.7,126.7,113.6,133.8,129.2,113.6,186.7,73.1,respray_suspected
V01537,2019,Volkswagen,Passat,LC9A,Pure White,solid,132.8,143.4,144.1,134.8,131.9,136.8,140.5,142.2,135.1,129.2,140.9,138.1,135.2,137.3,129.2,144.1,14.9,factory_normal
V01538,2020,Volkswagen,Passat,LC9X,Deep Black Pearl,pearl,138.7,225.4,130.1,131.4,144.0,134.0,209.6,132.5,134.1,134.6,132.4,144.2,136.9,148.3,130.1,225.4,95.3,respray_suspected
V01539,2020,Volkswagen,Passat,LC9A,Pure White,solid,122.6,127.7,124.9,128.6,125.2,110.0,130.6,117.7,131.4,124.7,120.2,135.1,115.6,124.2,110.0,135.1,25.1,factory_normal
V01540,2020,Volkswagen,Passat,LC9X,Deep Black Pearl,pearl,146.3,138.0,149.4,150.3,146.8,147.0,141.8,130.0,148.0,140.5,154.3,136.7,150.7,144.6,130.0,154.3,24.3,factory_normal
V01541,2021,Volkswagen,Passat,LC9X,Deep Black Pearl,pearl,148.2,138.3,142.9,142.3,138.5,142.7,134.4,144.1,147.2,138.0,145.6,154.6,146.0,143.3,134.4,154.6,20.2,factory_normal
V01542,2021,Volkswagen,Passat,LC9A,Pure White,solid,110.4,121.5,117.3,273.1,121.6,128.7,123.1,117.7,118.3,122.1,123.1,144.8,108.6,133.1,108.6,273.1,164.5,respray_suspected
V01543,2022,Volkswagen,Passat,LC9X,Deep Black Pearl,pearl,149.2,153.2,157.5,147.6,147.7,157.3,151.7,150.8,156.0,146.7,151.4,165.7,155.1,153.1,146.7,165.7,19.0,respray_suspected
V01544,2022,Volkswagen,Passat,LC9A,Pure White,solid,127.1,129.4,127.6,133.5,123.6,129.3,126.0,127.3,126.0,130.2,121.7,145.1,139.5,129.7,121.7,145.1,23.4,factory_normal
V01545,2022,Volkswagen,Passat,LC9A,Pure White,solid,135.0,145.4,143.2,134.2,135.0,133.3,135.0,137.4,137.0,133.6,138.0,146.6,145.4,138.4,133.3,146.6,13.3,factory_normal
V01546,2023,Volkswagen,Passat,LC9A,Pure White,solid,130.0,133.7,118.1,133.7,120.7,129.8,125.9,122.5,120.8,120.5,119.4,126.6,157.9,127.7,118.1,157.9,39.8,factory_normal
V01547,2023,Volkswagen,Passat,LC9A,Pure White,solid,119.0,122.4,130.6,118.8,122.4,127.4,120.0,125.0,121.6,121.4,121.8,116.7,129.6,122.8,116.7,130.6,13.9,factory_normal
V01548,2023,Volkswagen,Passat,LC9A,Pure White,solid,117.2,122.6,114.8,121.7,119.9,128.2,115.2,114.9,115.3,117.5,118.5,132.1,131.8,120.7,114.8,132.1,17.3,factory_normal
V01549,2024,Volkswagen,Passat,LC9X,Deep Black Pearl,pearl,131.7,131.3,138.6,135.4,135.0,143.9,131.4,138.7,144.3,132.8,146.2,148.5,119.8,136.7,119.8,148.5,28.7,factory_normal
V01550,2024,Volkswagen,Passat,LC9A,Pure White,solid,117.9,111.5,122.2,116.0,114.4,129.5,124.4,126.3,127.5,112.4,127.9,118.2,138.5,122.1,111.5,138.5,27.0,factory_normal
V01551,2024,Volkswagen,Passat,LC9X,Deep Black Pearl,pearl,138.7,141.1,140.3,143.2,141.7,146.6,141.0,143.8,150.5,144.8,156.1,162.6,159.8,146.9,138.7,162.6,23.9,respray_suspected
V01552,2025,Volkswagen,Passat,LA7W,Reflex Silver Metallic,metallic,127.1,119.6,121.1,121.4,134.1,128.4,132.1,125.9,128.7,123.0,117.5,120.2,138.4,126.0,117.5,138.4,20.9,factory_normal
V01553,2025,Volkswagen,Passat,LC9A,Pure White,solid,131.3,133.9,124.6,131.5,128.3,126.2,128.7,123.9,127.0,128.5,119.9,160.8,147.9,131.7,119.9,160.8,40.9,respray_suspected
V01554,2025,Volkswagen,Passat,LC9A,Pure White,solid,126.2,122.0,133.1,127.4,133.6,131.8,125.1,128.2,123.2,128.8,127.7,137.9,147.0,130.2,122.0,147.0,25.0,factory_normal
V01555,2026,Volkswagen,Passat,LC9A,Pure White,solid,122.0,123.4,128.7,132.1,130.0,126.1,133.0,129.0,135.9,130.0,127.4,143.2,136.5,130.6,122.0,143.2,21.2,factory_normal
V01556,2026,Volkswagen,Passat,LC9A,Pure White,solid,135.8,129.0,117.1,132.2,122.8,135.9,134.4,119.4,253.1,129.0,132.0,294.1,152.6,152.9,117.1,294.1,177.0,respray_suspected
V01557,2026,Volkswagen,Passat,LA7W,Reflex Silver Metallic,metallic,129.2,126.3,130.8,140.3,133.3,129.4,124.0,117.6,129.5,126.1,239.4,127.8,141.1,138.1,117.6,239.4,121.8,respray_suspected
V01558,2015,Volkswagen,Tiguan,LC9A,Pure White,solid,76.7,80.0,81.5,79.9,83.6,78.4,89.9,74.7,67.3,66.5,67.9,91.8,59.0,76.7,59.0,91.8,32.8,thin_caution
V01559,2015,Volkswagen,Tiguan,LC9X,Deep Black Pearl,pearl,108.5,103.8,95.8,97.8,109.7,110.5,100.6,107.0,106.4,101.0,107.8,104.7,107.9,104.7,95.8,110.5,14.7,factory_normal
V01560,2015,Volkswagen,Tiguan,LA7W,Reflex Silver Metallic,metallic,77.4,74.9,80.7,80.9,77.8,87.4,82.4,84.7,75.0,80.2,89.6,102.5,95.4,83.8,74.9,102.5,27.6,thin_caution
V01561,2016,Volkswagen,Tiguan,LC9A,Pure White,solid,86.7,90.0,78.9,77.9,89.7,80.3,81.0,80.5,78.6,76.5,82.1,77.4,88.4,82.2,76.5,90.0,13.5,thin_caution
V01562,2016,Volkswagen,Tiguan,LA7W,Reflex Silver Metallic,metallic,83.8,81.9,89.3,79.2,74.3,84.7,82.1,80.8,81.0,81.5,83.1,78.3,94.1,82.6,74.3,94.1,19.8,thin_caution
V01563,2016,Volkswagen,Tiguan,LC9A,Pure White,solid,81.7,59.9,74.8,75.5,56.2,73.5,70.1,70.0,70.6,72.6,68.7,203.8,74.9,80.9,56.2,203.8,147.6,respray_suspected
V01564,2017,Volkswagen,Tiguan,LC9A,Pure White,solid,81.1,84.3,88.3,68.9,77.1,75.4,80.9,73.7,240.1,76.3,75.0,77.0,85.1,91.0,68.9,240.1,171.2,respray_suspected
V01565,2017,Volkswagen,Tiguan,LC9X,Deep Black Pearl,pearl,96.7,90.4,99.3,90.2,88.6,97.4,86.8,89.6,85.4,85.6,94.5,100.0,102.8,92.9,85.4,102.8,17.4,factory_normal
V01566,2018,Volkswagen,Tiguan,LA7W,Reflex Silver Metallic,metallic,67.2,75.9,77.1,78.7,80.2,74.7,79.8,70.8,82.3,78.6,76.1,95.3,82.0,78.4,67.2,95.3,28.1,thin_caution
V01567,2018,Volkswagen,Tiguan,LA7W,Reflex Silver Metallic,metallic,74.8,76.9,68.0,65.5,75.9,67.1,78.8,79.6,69.7,84.1,71.2,88.4,83.5,75.7,65.5,88.4,22.9,thin_caution
V01568,2018,Volkswagen,Tiguan,LC9A,Pure White,solid,84.1,238.5,80.6,86.5,85.7,82.9,86.8,82.0,85.5,86.0,90.6,77.6,87.9,96.5,77.6,238.5,160.9,respray_suspected
V01569,2019,Volkswagen,Tiguan,LC9A,Pure White,solid,83.2,77.1,83.7,76.7,75.4,76.2,76.3,88.5,84.6,83.3,70.1,97.2,80.4,81.0,70.1,97.2,27.1,thin_caution
V01570,2019,Volkswagen,Tiguan,LA7W,Reflex Silver Metallic,metallic,70.9,71.4,73.8,77.3,79.1,78.3,72.2,61.5,66.0,69.1,74.7,86.3,79.6,73.9,61.5,86.3,24.8,thin_caution
V01571,2019,Volkswagen,Tiguan,LC9X,Deep Black Pearl,pearl,89.1,77.8,88.0,75.3,89.3,103.5,96.3,91.9,101.3,84.9,92.2,107.8,97.2,91.9,75.3,107.8,32.5,thin_caution
V01572,2020,Volkswagen,Tiguan,LC9X,Deep Black Pearl,pearl,87.7,93.3,90.7,92.0,85.5,91.1,89.5,84.1,99.0,92.1,92.6,97.0,108.6,92.6,84.1,108.6,24.5,factory_normal
V01573,2020,Volkswagen,Tiguan,LC9X,Deep Black Pearl,pearl,101.0,89.7,98.9,97.0,89.9,109.6,94.5,101.1,94.8,97.0,99.5,128.3,174.4,105.8,89.7,174.4,84.7,respray_suspected
V01574,2020,Volkswagen,Tiguan,LC9A,Pure White,solid,73.3,65.6,63.5,76.4,62.5,62.5,71.5,76.6,74.7,64.9,74.4,60.9,83.9,70.1,60.9,83.9,23.0,thin_caution
V01575,2021,Volkswagen,Tiguan,LA7W,Reflex Silver Metallic,metallic,75.9,84.6,88.6,263.2,92.1,78.8,86.3,84.7,80.6,84.2,82.1,212.2,92.8,108.2,75.9,263.2,187.3,respray_suspected
V01576,2021,Volkswagen,Tiguan,LA7W,Reflex Silver Metallic,metallic,68.7,64.1,79.0,82.3,74.4,75.7,68.7,73.2,79.7,74.2,65.4,99.1,81.5,75.8,64.1,99.1,35.0,thin_caution
V01577,2022,Volkswagen,Tiguan,LC9A,Pure White,solid,82.3,75.0,84.7,87.0,85.2,85.7,79.6,79.2,89.9,86.8,81.6,98.5,87.2,84.8,75.0,98.5,23.5,thin_caution
V01578,2022,Volkswagen,Tiguan,LC9A,Pure White,solid,87.1,77.3,76.0,85.5,71.2,74.4,72.7,74.7,86.7,65.4,81.6,76.0,72.6,77.0,65.4,87.1,21.7,thin_caution
V01579,2023,Volkswagen,Tiguan,LC9A,Pure White,solid,84.0,95.1,74.2,82.2,81.5,73.1,80.9,85.8,85.6,84.3,78.0,81.5,74.2,81.6,73.1,95.1,22.0,thin_caution
V01580,2023,Volkswagen,Tiguan,LA7W,Reflex Silver Metallic,metallic,65.0,77.6,77.0,70.3,74.2,65.5,75.1,75.5,69.3,74.0,73.3,83.8,91.5,74.8,65.0,91.5,26.5,thin_caution
V01581,2023,Volkswagen,Tiguan,LC9X,Deep Black Pearl,pearl,93.9,91.0,90.0,92.8,84.6,87.9,96.8,103.6,100.3,90.2,99.5,113.4,108.9,96.4,84.6,113.4,28.8,factory_normal
V01582,2024,Volkswagen,Tiguan,LC9A,Pure White,solid,72.8,71.3,78.9,76.8,79.3,72.7,73.0,74.3,74.5,73.2,81.6,87.1,71.9,76.0,71.3,87.1,15.8,thin_caution
V01583,2024,Volkswagen,Tiguan,LC9X,Deep Black Pearl,pearl,95.9,103.9,104.8,105.0,111.1,95.6,96.8,102.0,102.8,103.0,96.7,114.4,126.0,104.5,95.6,126.0,30.4,factory_normal
V01584,2025,Volkswagen,Tiguan,LC9X,Deep Black Pearl,pearl,93.7,97.0,98.6,91.7,88.5,91.1,84.8,89.9,94.6,97.7,102.7,101.6,111.2,95.6,84.8,111.2,26.4,factory_normal
V01585,2025,Volkswagen,Tiguan,LC9A,Pure White,solid,76.3,83.3,95.1,90.8,83.6,69.1,88.1,86.6,83.9,88.7,86.1,100.5,89.1,86.2,69.1,100.5,31.4,thin_caution
V01586,2026,Volkswagen,Tiguan,LC9A,Pure White,solid,66.4,66.2,67.2,74.0,59.9,58.0,71.5,69.4,78.0,68.9,63.0,83.8,102.3,71.4,58.0,102.3,44.3,thin_caution
V01587,2026,Volkswagen,Tiguan,LC9X,Deep Black Pearl,pearl,78.7,81.3,82.8,85.7,144.5,94.4,86.8,82.4,83.6,252.6,84.1,81.4,111.1,103.8,78.7,252.6,173.9,respray_suspected
V01588,2026,Volkswagen,Tiguan,LA7W,Reflex Silver Metallic,metallic,73.7,160.7,76.3,86.3,82.3,88.2,167.0,84.2,90.5,81.0,77.1,79.7,75.4,94.0,73.7,167.0,93.3,respray_suspected
V01589,2015,Volkswagen,Atlas,LC9A,Pure White,solid,121.7,114.4,123.1,122.6,114.8,120.6,114.5,125.7,121.2,124.9,129.6,127.7,128.6,122.3,114.4,129.6,15.2,factory_normal
V01590,2015,Volkswagen,Atlas,LC9X,Deep Black Pearl,pearl,131.0,131.6,133.5,124.1,127.3,129.3,131.2,132.9,131.8,130.1,125.2,145.8,121.8,130.4,121.8,145.8,24.0,factory_normal
V01591,2015,Volkswagen,Atlas,LC9X,Deep Black Pearl,pearl,120.0,116.2,117.8,122.2,120.7,116.7,112.5,118.2,124.2,110.6,126.4,118.1,119.3,118.7,110.6,126.4,15.8,factory_normal
V01592,2016,Volkswagen,Atlas,LC9X,Deep Black Pearl,pearl,127.2,128.9,122.8,131.3,118.9,124.4,128.4,125.4,127.5,119.0,125.2,120.3,117.6,124.4,117.6,131.3,13.7,factory_normal
V01593,2016,Volkswagen,Atlas,LC9A,Pure White,solid,94.7,101.4,102.6,96.8,101.2,107.2,90.3,90.0,107.2,94.2,112.7,107.6,94.4,100.0,90.0,112.7,22.7,factory_normal
V01594,2017,Volkswagen,Atlas,LC9A,Pure White,solid,109.4,100.2,107.2,110.0,108.8,109.4,108.7,99.1,104.4,99.1,110.3,116.2,123.9,108.2,99.1,123.9,24.8,factory_normal
V01595,2017,Volkswagen,Atlas,LC9A,Pure White,solid,115.2,115.5,106.1,112.6,113.0,106.5,108.6,110.9,121.1,116.7,111.6,128.6,106.5,113.3,106.1,128.6,22.5,factory_normal
V01596,2017,Volkswagen,Atlas,LC9A,Pure White,solid,121.0,114.9,122.0,121.8,135.9,122.1,122.0,127.5,118.8,120.8,121.7,297.5,138.1,137.2,114.9,297.5,182.6,respray_suspected
V01597,2018,Volkswagen,Atlas,LC9X,Deep Black Pearl,pearl,117.0,121.1,118.8,128.1,118.2,116.4,129.1,115.9,123.2,116.4,122.6,140.0,145.4,124.0,115.9,145.4,29.5,factory_normal
V01598,2018,Volkswagen,Atlas,LA7W,Reflex Silver Metallic,metallic,114.6,113.2,113.9,105.6,107.5,99.5,101.1,172.4,101.9,199.4,100.2,109.8,129.9,120.7,99.5,199.4,99.9,respray_suspected
V01599,2019,Volkswagen,Atlas,LA7W,Reflex Silver Metallic,metallic,108.3,106.6,95.9,106.4,99.0,97.3,103.6,109.6,106.9,107.6,107.8,116.4,116.8,106.3,95.9,116.8,20.9,factory_normal
V01600,2019,Volkswagen,Atlas,LC9X,Deep Black Pearl,pearl,118.7,117.8,115.6,129.0,121.9,112.8,121.9,123.7,125.2,115.9,111.7,142.0,133.3,122.3,111.7,142.0,30.3,factory_normal
V01601,2020,Volkswagen,Atlas,LC9A,Pure White,solid,107.0,110.7,107.3,123.2,116.6,109.7,110.0,117.6,107.2,109.4,108.3,106.0,115.5,111.4,106.0,123.2,17.2,factory_normal
V01602,2020,Volkswagen,Atlas,LC9A,Pure White,solid,99.5,100.2,102.2,108.9,107.7,104.6,108.3,106.6,105.8,102.0,110.4,115.3,112.0,106.4,99.5,115.3,15.8,factory_normal
V01603,2020,Volkswagen,Atlas,LC9X,Deep Black Pearl,pearl,108.1,116.2,135.6,113.8,122.1,126.5,121.8,122.1,117.6,119.1,119.1,133.5,146.7,123.2,108.1,146.7,38.6,factory_normal
V01604,2021,Volkswagen,Atlas,LA7W,Reflex Silver Metallic,metallic,97.2,95.5,104.1,107.0,107.5,103.0,109.5,265.6,100.9,102.1,103.3,120.6,239.1,127.3,95.5,265.6,170.1,respray_suspected
V01605,2021,Volkswagen,Atlas,LC9A,Pure White,solid,118.8,119.6,120.8,110.7,115.4,123.2,119.2,122.4,123.4,112.6,115.5,135.7,130.7,120.6,110.7,135.7,25.0,factory_normal
V01606,2021,Volkswagen,Atlas,LA7W,Reflex Silver Metallic,metallic,118.5,117.4,108.3,109.2,112.3,113.9,113.4,109.6,115.4,103.6,109.5,125.5,123.6,113.9,103.6,125.5,21.9,factory_normal
V01607,2022,Volkswagen,Atlas,LA7W,Reflex Silver Metallic,metallic,118.1,96.5,109.4,98.6,96.4,100.0,90.3,102.3,104.4,99.8,102.6,107.7,128.5,104.2,90.3,128.5,38.2,factory_normal
V01608,2022,Volkswagen,Atlas,LC9X,Deep Black Pearl,pearl,127.4,125.0,116.3,133.7,121.6,126.7,137.5,193.0,120.2,126.2,111.8,124.1,140.3,131.1,111.8,193.0,81.2,respray_suspected
V01609,2022,Volkswagen,Atlas,LA7W,Reflex Silver Metallic,metallic,104.3,106.3,102.1,97.8,106.1,104.3,107.5,96.6,109.8,104.6,100.3,106.5,113.1,104.6,96.6,113.1,16.5,factory_normal
V01610,2023,Volkswagen,Atlas,LA7W,Reflex Silver Metallic,metallic,114.6,117.7,120.8,119.3,121.6,116.4,116.9,116.7,118.4,116.8,119.5,115.8,138.8,119.5,114.6,138.8,24.2,factory_normal
V01611,2023,Volkswagen,Atlas,LC9X,Deep Black Pearl,pearl,118.6,128.6,119.4,124.5,123.4,118.8,128.9,126.5,124.0,126.2,118.8,112.3,138.9,123.8,112.3,138.9,26.6,factory_normal
V01612,2024,Volkswagen,Atlas,LA7W,Reflex Silver Metallic,metallic,121.7,110.9,120.3,116.5,120.2,125.8,122.5,117.0,110.3,112.5,114.6,139.8,137.8,120.8,110.3,139.8,29.5,factory_normal
V01613,2024,Volkswagen,Atlas,LA7W,Reflex Silver Metallic,metallic,105.3,103.2,96.3,106.0,117.1,105.3,108.2,107.6,110.7,101.7,101.3,121.1,128.8,108.7,96.3,128.8,32.5,factory_normal
V01614,2024,Volkswagen,Atlas,LC9A,Pure White,solid,94.6,107.6,104.3,100.1,96.0,90.3,94.5,97.0,91.8,102.1,90.4,110.5,108.1,99.0,90.3,110.5,20.2,factory_normal
V01615,2025,Volkswagen,Atlas,LC9A,Pure White,solid,110.2,105.6,106.6,118.7,105.5,109.2,112.6,120.2,101.5,113.2,113.3,117.5,114.7,111.4,101.5,120.2,18.7,factory_normal
V01616,2025,Volkswagen,Atlas,LA7W,Reflex Silver Metallic,metallic,122.1,109.8,116.8,115.4,116.3,121.3,113.5,108.9,115.4,109.9,125.0,114.7,116.9,115.8,108.9,125.0,16.1,factory_normal
V01617,2025,Volkswagen,Atlas,LC9A,Pure White,solid,118.5,111.3,110.0,114.5,106.7,112.3,105.3,105.7,118.8,94.3,111.9,114.5,107.5,110.1,94.3,118.8,24.5,factory_normal
V01618,2026,Volkswagen,Atlas,LC9X,Deep Black Pearl,pearl,133.8,117.6,130.7,120.4,120.1,127.1,126.1,127.6,125.4,136.5,120.9,146.5,133.6,128.2,117.6,146.5,28.9,factory_normal
V01619,2026,Volkswagen,Atlas,LC9X,Deep Black Pearl,pearl,108.8,119.4,112.1,113.5,115.8,118.8,108.8,111.5,107.4,98.2,123.2,118.3,123.5,113.8,98.2,123.5,25.3,factory_normal
V01620,2015,Audi,A3,LY9T,Mythos Black Metallic,metallic,104.5,106.9,110.1,100.3,107.4,110.3,118.4,101.1,103.0,114.2,97.4,135.5,101.4,108.5,97.4,135.5,38.1,factory_normal
V01621,2015,Audi,A3,LY9C,Ibis White,solid,109.2,113.1,114.2,115.3,118.3,114.4,120.1,115.8,111.3,116.5,112.0,136.3,101.2,115.2,101.2,136.3,35.1,factory_normal
V01622,2016,Audi,A3,LY9T,Mythos Black Metallic,metallic,111.9,103.8,111.1,117.1,106.7,112.7,121.2,98.8,107.6,118.3,107.9,99.4,118.9,110.4,98.8,121.2,22.4,factory_normal
V01623,2016,Audi,A3,LY9C,Ibis White,solid,121.8,113.6,108.9,120.1,126.4,121.0,121.6,127.9,116.2,117.9,123.7,131.2,114.7,120.4,108.9,131.2,22.3,factory_normal
V01624,2016,Audi,A3,LY9T,Mythos Black Metallic,metallic,109.4,103.3,105.0,108.9,109.1,103.8,104.9,112.5,105.4,107.7,107.1,94.1,135.9,108.2,94.1,135.9,41.8,factory_normal
V01625,2017,Audi,A3,LZ7S,Daytona Gray Pearl,pearl,104.8,105.6,107.3,113.9,108.7,112.8,98.4,105.2,110.9,104.6,114.1,114.7,100.9,107.8,98.4,114.7,16.3,factory_normal
V01626,2017,Audi,A3,LY9C,Ibis White,solid,109.4,110.5,107.3,103.3,111.1,104.6,114.2,112.4,105.2,107.8,118.0,127.3,108.0,110.7,103.3,127.3,24.0,factory_normal
V01627,2017,Audi,A3,LY9T,Mythos Black Metallic,metallic,122.1,116.0,119.4,115.3,115.8,118.4,119.4,118.0,119.6,112.0,109.7,113.1,119.9,116.8,109.7,122.1,12.4,factory_normal
V01628,2018,Audi,A3,LY9T,Mythos Black Metallic,metallic,109.1,110.2,103.8,115.9,106.2,106.8,111.8,108.2,113.4,114.6,275.2,101.9,123.9,123.2,101.9,275.2,173.3,respray_suspected
V01629,2018,Audi,A3,LY9T,Mythos Black Metallic,metallic,105.3,103.9,106.0,113.8,98.4,108.0,103.3,100.3,95.0,100.7,100.7,110.4,134.8,106.2,95.0,134.8,39.8,factory_normal
V01630,2019,Audi,A3,LY9T,Mythos Black Metallic,metallic,113.3,111.4,116.5,115.6,113.1,116.3,114.6,109.8,118.0,110.7,110.0,150.6,127.2,117.5,109.8,150.6,40.8,factory_normal
V01631,2019,Audi,A3,LY9C,Ibis White,solid,114.2,121.9,118.8,112.3,120.3,108.8,123.5,123.4,125.3,110.4,120.1,148.4,112.7,120.0,108.8,148.4,39.6,factory_normal
V01632,2019,Audi,A3,LY9T,Mythos Black Metallic,metallic,114.6,117.2,121.6,121.1,116.6,110.8,109.2,112.3,114.2,113.0,131.1,110.5,118.1,116.2,109.2,131.1,21.9,factory_normal
V01633,2020,Audi,A3,LY9C,Ibis White,solid,108.3,112.7,118.9,117.1,112.3,112.3,115.3,109.5,106.1,116.6,117.3,114.7,114.9,113.5,106.1,118.9,12.8,factory_normal
V01634,2020,Audi,A3,LZ7S,Daytona Gray Pearl,pearl,109.3,111.0,102.5,109.6,114.8,105.6,99.5,112.4,116.5,112.6,106.5,112.4,117.7,110.0,99.5,117.7,18.2,factory_normal
V01635,2021,Audi,A3,LZ7S,Daytona Gray Pearl,pearl,121.9,113.2,115.4,121.8,118.8,113.7,115.7,112.8,118.9,116.5,123.3,105.4,108.6,115.8,105.4,123.3,17.9,factory_normal
V01636,2021,Audi,A3,LZ7S,Daytona Gray Pearl,pearl,120.6,118.0,116.5,107.7,113.6,122.0,118.2,113.6,116.4,113.3,106.9,121.3,118.0,115.9,106.9,122.0,15.1,factory_normal
V01637,2021,Audi,A3,LY9C,Ibis White,solid,109.0,109.8,107.7,105.2,108.4,108.8,113.7,109.1,105.4,112.9,108.7,108.0,118.1,109.6,105.2,118.1,12.9,factory_normal
V01638,2022,Audi,A3,LY9T,Mythos Black Metallic,metallic,104.0,100.4,98.6,102.6,101.0,100.3,105.5,99.6,101.7,109.1,107.2,113.0,96.7,103.1,96.7,113.0,16.3,factory_normal
V01639,2022,Audi,A3,LZ7S,Daytona Gray Pearl,pearl,125.0,120.2,116.6,114.4,117.4,120.8,119.1,123.5,119.2,113.6,119.7,120.9,130.0,120.0,113.6,130.0,16.4,factory_normal
V01640,2022,Audi,A3,LY9T,Mythos Black Metallic,metallic,117.8,112.7,99.9,103.6,109.3,102.7,108.2,113.4,112.1,103.5,112.7,115.7,100.1,108.6,99.9,117.8,17.9,factory_normal
V01641,2023,Audi,A3,LY9T,Mythos Black Metallic,metallic,86.8,105.0,96.9,101.8,93.3,102.4,105.3,100.6,103.9,101.5,104.8,100.6,101.8,100.4,86.8,105.3,18.5,factory_normal
V01642,2023,Audi,A3,LY9C,Ibis White,solid,113.5,298.6,117.9,110.8,114.9,118.6,120.3,122.4,112.7,119.9,114.7,127.6,126.1,132.2,110.8,298.6,187.8,respray_suspected
V01643,2023,Audi,A3,LZ7S,Daytona Gray Pearl,pearl,110.4,117.8,113.5,112.7,109.1,115.0,111.3,117.7,111.4,112.6,115.8,122.5,94.4,112.6,94.4,122.5,28.1,factory_normal
V01644,2024,Audi,A3,LY9T,Mythos Black Metallic,metallic,100.8,107.8,94.4,110.0,100.3,110.6,101.1,100.6,104.6,101.8,108.3,115.1,126.7,106.3,94.4,126.7,32.3,factory_normal
V01645,2024,Audi,A3,LY9C,Ibis White,solid,104.4,100.4,96.4,105.8,107.0,105.8,111.0,108.2,113.8,107.7,100.1,105.3,116.5,106.3,96.4,116.5,20.1,factory_normal
V01646,2025,Audi,A3,LY9C,Ibis White,solid,110.0,104.0,112.9,112.1,106.5,102.0,105.9,114.6,105.6,113.3,114.4,138.8,114.2,111.9,102.0,138.8,36.8,factory_normal
V01647,2025,Audi,A3,LY9T,Mythos Black Metallic,metallic,116.6,104.4,113.4,97.2,102.1,102.2,109.2,110.2,98.7,119.5,120.9,117.1,111.2,109.4,97.2,120.9,23.7,factory_normal
V01648,2025,Audi,A3,LZ7S,Daytona Gray Pearl,pearl,115.4,126.6,116.0,120.8,119.7,115.5,115.6,123.5,115.1,121.1,115.6,116.5,126.9,119.1,115.1,126.9,11.8,factory_normal
V01649,2026,Audi,A3,LZ7S,Daytona Gray Pearl,pearl,127.1,122.1,110.2,125.9,117.2,112.3,118.3,112.3,254.2,112.6,114.7,111.3,144.5,129.4,110.2,254.2,144.0,respray_suspected
V01650,2026,Audi,A3,LY9T,Mythos Black Metallic,metallic,98.3,104.2,98.3,97.6,102.3,100.5,99.5,89.9,95.8,100.6,103.6,98.3,109.1,99.8,89.9,109.1,19.2,factory_normal
V01651,2015,Audi,A4,LZ7S,Daytona Gray Pearl,pearl,114.0,114.6,117.3,112.9,118.2,111.0,276.3,116.0,116.8,115.7,117.9,131.4,124.4,129.7,111.0,276.3,165.3,respray_suspected
V01652,2015,Audi,A4,LY9C,Ibis White,solid,126.4,125.2,125.1,128.6,132.5,127.4,135.4,130.0,117.4,130.9,125.3,156.4,142.1,131.0,117.4,156.4,39.0,factory_normal
V01653,2016,Audi,A4,LZ7S,Daytona Gray Pearl,pearl,137.5,140.1,126.6,136.6,134.0,133.1,138.3,130.6,130.2,133.9,130.8,152.2,160.1,137.2,126.6,160.1,33.5,respray_suspected
V01654,2016,Audi,A4,LY9C,Ibis White,solid,221.1,99.1,103.0,102.2,100.3,109.2,106.3,109.3,186.2,103.9,102.4,87.1,132.5,120.2,87.1,221.1,134.0,respray_suspected
V01655,2017,Audi,A4,LY9T,Mythos Black Metallic,metallic,137.7,121.9,130.9,127.0,125.6,124.2,118.7,119.1,120.8,129.5,115.3,123.2,125.5,124.6,115.3,137.7,22.4,factory_normal
V01656,2017,Audi,A4,LY9C,Ibis White,solid,103.9,107.1,104.9,102.0,116.4,99.1,113.5,107.4,106.6,103.4,104.7,116.6,106.5,107.1,99.1,116.6,17.5,factory_normal
V01657,2018,Audi,A4,LY9T,Mythos Black Metallic,metallic,119.9,244.2,116.7,128.7,116.6,114.6,116.6,124.5,127.9,121.8,215.3,124.3,115.2,137.4,114.6,244.2,129.6,respray_suspected
V01658,2018,Audi,A4,LY9C,Ibis White,solid,113.9,107.3,114.2,109.6,106.8,112.5,102.4,117.4,116.2,104.3,109.2,110.3,114.9,110.7,102.4,117.4,15.0,factory_normal
V01659,2019,Audi,A4,LY9T,Mythos Black Metallic,metallic,117.8,118.0,117.8,266.1,117.2,125.6,128.5,294.5,121.5,127.7,113.1,103.8,105.6,142.9,103.8,294.5,190.7,respray_suspected
V01660,2019,Audi,A4,LY9T,Mythos Black Metallic,metallic,109.8,115.3,113.5,114.0,119.3,109.1,114.6,118.2,110.7,119.8,109.2,122.9,111.5,114.5,109.1,122.9,13.8,factory_normal
V01661,2019,Audi,A4,LZ7S,Daytona Gray Pearl,pearl,129.6,121.4,125.8,121.7,128.8,130.7,114.9,127.5,125.4,130.1,122.7,157.3,130.2,128.2,114.9,157.3,42.4,factory_normal
V01662,2020,Audi,A4,LZ7S,Daytona Gray Pearl,pearl,122.7,127.2,118.4,125.6,117.5,125.2,121.7,113.1,119.8,124.3,121.0,123.2,132.9,122.5,113.1,132.9,19.8,factory_normal
V01663,2020,Audi,A4,LY9C,Ibis White,solid,100.9,97.8,98.1,111.8,114.9,101.2,102.5,93.5,100.0,105.8,275.1,114.8,127.8,118.8,93.5,275.1,181.6,respray_suspected
V01664,2020,Audi,A4,LY9C,Ibis White,solid,100.0,105.9,102.3,95.9,104.9,96.1,108.2,100.3,90.7,95.9,104.4,140.8,96.4,103.2,90.7,140.8,50.1,factory_normal
V01665,2021,Audi,A4,LZ7S,Daytona Gray Pearl,pearl,138.0,135.1,132.8,135.9,130.1,141.6,134.3,136.5,127.1,133.4,127.6,155.6,138.9,135.9,127.1,155.6,28.5,factory_normal
V01666,2021,Audi,A4,LZ7S,Daytona Gray Pearl,pearl,127.0,127.0,129.4,128.4,128.3,138.2,129.8,127.2,137.0,123.7,129.1,125.8,127.9,129.1,123.7,138.2,14.5,factory_normal
V01667,2022,Audi,A4,LZ7S,Daytona Gray Pearl,pearl,119.4,121.0,127.0,125.5,122.2,128.6,120.7,120.9,121.5,120.6,127.8,106.0,133.2,122.6,106.0,133.2,27.2,factory_normal
V01668,2022,Audi,A4,LY9C,Ibis White,solid,105.5,95.9,112.2,111.8,102.0,112.9,103.2,106.5,102.3,101.1,98.5,118.5,125.7,107.4,95.9,125.7,29.8,factory_normal
V01669,2023,Audi,A4,LY9C,Ibis White,solid,106.3,104.3,100.8,98.9,113.6,100.5,107.9,112.5,106.1,102.2,107.0,115.5,115.8,107.0,98.9,115.8,16.9,factory_normal
V01670,2023,Audi,A4,LZ7S,Daytona Gray Pearl,pearl,138.4,127.9,133.2,136.0,137.4,137.3,126.8,133.5,131.0,135.1,136.1,159.7,152.4,137.3,126.8,159.7,32.9,factory_normal
V01671,2024,Audi,A4,LY9T,Mythos Black Metallic,metallic,100.5,220.9,104.7,97.7,103.9,107.3,197.2,111.2,112.5,112.4,103.6,124.8,115.5,124.0,97.7,220.9,123.2,respray_suspected
V01672,2024,Audi,A4,LZ7S,Daytona Gray Pearl,pearl,112.9,114.5,112.2,110.2,115.9,117.4,113.6,112.9,115.2,112.1,117.3,123.6,121.6,115.3,110.2,123.6,13.4,factory_normal
V01673,2024,Audi,A4,LY9C,Ibis White,solid,115.8,116.1,114.7,111.1,118.5,115.7,125.2,111.4,113.6,115.2,105.8,120.2,114.4,115.2,105.8,125.2,19.4,factory_normal
V01674,2025,Audi,A4,LY9T,Mythos Black Metallic,metallic,108.4,94.6,106.5,98.0,109.0,112.1,112.6,107.4,105.8,98.9,109.5,100.9,107.2,105.5,94.6,112.6,18.0,factory_normal
V01675,2025,Audi,A4,LZ7S,Daytona Gray Pearl,pearl,120.2,128.6,130.0,125.8,123.4,126.0,124.0,127.4,119.2,130.8,124.9,128.8,122.2,125.5,119.2,130.8,11.6,factory_normal
V01676,2026,Audi,A4,LY9C,Ibis White,solid,108.3,108.4,103.5,242.2,246.3,105.2,104.5,103.9,102.0,109.0,107.2,126.4,127.6,130.3,102.0,246.3,144.3,respray_suspected
V01677,2026,Audi,A4,LY9C,Ibis White,solid,127.4,120.4,125.4,123.1,135.0,119.7,132.6,126.9,125.6,125.2,119.5,119.9,127.5,125.2,119.5,135.0,15.5,factory_normal
V01678,2026,Audi,A4,LY9T,Mythos Black Metallic,metallic,94.9,88.6,96.5,101.5,95.0,103.0,97.2,253.0,90.7,89.7,92.2,105.0,99.4,108.2,88.6,253.0,164.4,respray_suspected
V01679,2015,Audi,A6,LZ7S,Daytona Gray Pearl,pearl,106.9,103.5,104.5,108.5,108.4,108.9,104.4,102.0,118.6,110.5,112.5,130.8,119.0,110.7,102.0,130.8,28.8,factory_normal
V01680,2015,Audi,A6,LY9T,Mythos Black Metallic,metallic,91.8,99.6,101.4,95.0,96.5,105.2,101.7,99.3,96.9,100.4,116.3,118.9,107.5,102.3,91.8,118.9,27.1,factory_normal
V01681,2016,Audi,A6,LY9T,Mythos Black Metallic,metallic,105.3,105.5,111.1,109.0,111.6,114.5,106.1,110.5,102.6,112.3,114.5,87.0,111.3,107.8,87.0,114.5,27.5,factory_normal
V01682,2016,Audi,A6,LZ7S,Daytona Gray Pearl,pearl,125.6,121.7,127.5,120.6,119.7,117.4,113.2,121.4,122.2,121.1,117.2,132.1,232.9,130.2,113.2,232.9,119.7,respray_suspected
V01683,2016,Audi,A6,LY9T,Mythos Black Metallic,metallic,104.3,108.7,111.4,108.8,104.7,114.6,109.4,108.5,105.1,116.1,113.9,108.8,133.5,111.4,104.3,133.5,29.2,factory_normal
V01684,2017,Audi,A6,LY9T,Mythos Black Metallic,metallic,108.4,100.5,104.1,108.5,103.8,107.5,110.8,104.5,101.1,109.1,115.7,118.5,105.6,107.5,100.5,118.5,18.0,factory_normal
V01685,2017,Audi,A6,LY9T,Mythos Black Metallic,metallic,108.9,102.2,108.2,102.1,100.7,101.8,111.6,110.6,106.9,114.4,102.4,127.2,115.1,108.6,100.7,127.2,26.5,factory_normal
V01686,2017,Audi,A6,LY9C,Ibis White,solid,110.7,106.5,112.2,100.6,119.2,107.6,104.6,105.6,104.9,100.2,102.6,121.1,116.2,108.6,100.2,121.1,20.9,factory_normal
V01687,2018,Audi,A6,LZ7S,Daytona Gray Pearl,pearl,114.2,110.7,107.9,120.1,118.9,117.3,106.6,111.8,189.6,112.3,103.0,109.3,246.4,128.3,103.0,246.4,143.4,respray_suspected
V01688,2018,Audi,A6,LY9T,Mythos Black Metallic,metallic,97.3,94.7,99.2,93.1,98.1,98.6,97.3,104.6,97.7,95.8,109.4,129.3,113.0,102.2,93.1,129.3,36.2,factory_normal
V01689,2018,Audi,A6,LZ7S,Daytona Gray Pearl,pearl,121.0,116.5,108.7,123.3,119.8,123.7,120.7,124.4,122.1,119.3,118.6,109.3,113.0,118.5,108.7,124.4,15.7,factory_normal
V01690,2019,Audi,A6,LZ7S,Daytona Gray Pearl,pearl,97.8,104.3,110.5,108.6,103.7,110.5,99.2,104.5,111.9,120.2,102.9,111.7,117.9,108.0,97.8,120.2,22.4,factory_normal
V01691,2019,Audi,A6,LZ7S,Daytona Gray Pearl,pearl,120.9,122.4,116.2,107.9,111.5,113.7,111.7,118.9,116.3,114.3,113.0,121.5,107.1,115.0,107.1,122.4,15.3,factory_normal
V01692,2020,Audi,A6,LY9C,Ibis White,solid,97.7,104.9,106.1,104.2,93.2,102.2,102.6,95.6,103.6,97.0,93.5,113.6,101.5,101.2,93.2,113.6,20.4,factory_normal
V01693,2020,Audi,A6,LY9C,Ibis White,solid,92.8,89.0,89.6,101.3,89.6,101.8,89.6,97.7,93.6,100.6,94.2,108.2,108.2,96.6,89.0,108.2,19.2,factory_normal
V01694,2020,Audi,A6,LY9T,Mythos Black Metallic,metallic,103.1,102.5,92.8,104.3,97.1,103.3,100.3,100.7,102.8,96.9,103.2,131.1,123.9,104.8,92.8,131.1,38.3,factory_normal
V01695,2021,Audi,A6,LY9T,Mythos Black Metallic,metallic,104.4,102.5,97.3,103.1,111.0,103.3,100.0,102.7,99.8,101.3,97.5,113.2,92.3,102.2,92.3,113.2,20.9,factory_normal
V01696,2021,Audi,A6,LZ7S,Daytona Gray Pearl,pearl,125.1,112.6,110.0,113.7,114.4,109.5,114.3,105.7,116.0,109.0,268.9,115.2,102.2,124.4,102.2,268.9,166.7,respray_suspected
V01697,2021,Audi,A6,LY9T,Mythos Black Metallic,metallic,99.3,103.3,96.6,107.7,115.1,98.8,103.9,101.0,91.0,93.9,112.7,120.5,131.3,105.8,91.0,131.3,40.3,factory_normal
V01698,2022,Audi,A6,LY9C,Ibis White,solid,97.7,99.4,93.2,107.1,209.0,99.3,269.5,96.9,103.7,100.0,104.8,93.9,103.4,121.4,93.2,269.5,176.3,respray_suspected
V01699,2022,Audi,A6,LZ7S,Daytona Gray Pearl,pearl,121.3,113.8,114.0,111.3,105.8,273.4,108.7,111.8,118.4,108.9,114.5,133.3,243.3,136.8,105.8,273.4,167.6,respray_suspected
V01700,2023,Audi,A6,LZ7S,Daytona Gray Pearl,pearl,102.5,112.7,109.2,113.7,108.0,101.9,106.6,102.2,99.9,99.0,111.9,113.3,108.0,106.8,99.0,113.7,14.7,factory_normal
V01701,2023,Audi,A6,LY9C,Ibis White,solid,99.9,106.7,100.8,111.8,98.3,88.8,98.3,105.5,104.3,106.2,106.7,122.0,106.3,104.3,88.8,122.0,33.2,factory_normal
V01702,2023,Audi,A6,LY9C,Ibis White,solid,275.9,110.5,110.0,99.5,102.0,104.6,104.8,110.9,111.7,99.0,267.4,123.9,107.0,132.9,99.0,275.9,176.9,respray_suspected
V01703,2024,Audi,A6,LY9T,Mythos Black Metallic,metallic,110.9,110.1,106.3,100.3,111.6,110.0,110.2,105.7,112.0,104.0,100.5,116.8,130.1,109.9,100.3,130.1,29.8,factory_normal
V01704,2024,Audi,A6,LZ7S,Daytona Gray Pearl,pearl,97.9,98.7,102.3,95.5,101.2,101.3,96.8,100.9,98.3,103.3,110.7,126.0,102.5,102.7,95.5,126.0,30.5,factory_normal
V01705,2024,Audi,A6,LZ7S,Daytona Gray Pearl,pearl,102.3,108.8,107.6,103.6,115.8,106.7,116.4,106.2,109.1,106.0,106.6,117.9,117.5,109.6,102.3,117.9,15.6,factory_normal
V01706,2025,Audi,A6,LZ7S,Daytona Gray Pearl,pearl,110.8,114.3,115.1,116.8,105.5,108.0,118.8,118.3,110.9,115.2,120.2,112.5,126.4,114.8,105.5,126.4,20.9,factory_normal
V01707,2025,Audi,A6,LY9C,Ibis White,solid,97.1,89.6,82.9,91.9,92.7,93.5,102.0,101.7,96.7,95.4,96.6,109.9,111.7,97.1,82.9,111.7,28.8,factory_normal
V01708,2025,Audi,A6,LZ7S,Daytona Gray Pearl,pearl,96.4,95.9,101.2,100.7,101.7,98.1,101.5,110.4,101.8,97.2,97.7,120.7,120.8,103.4,95.9,120.8,24.9,factory_normal
V01709,2026,Audi,A6,LZ7S,Daytona Gray Pearl,pearl,108.5,100.1,104.0,103.5,109.2,101.7,100.5,102.9,101.7,106.5,105.5,108.9,131.6,106.5,100.1,131.6,31.5,factory_normal
V01710,2026,Audi,A6,LY9T,Mythos Black Metallic,metallic,98.9,98.5,90.7,99.7,98.0,92.0,88.1,93.8,93.2,90.7,91.3,106.8,112.8,96.5,88.1,112.8,24.7,factory_normal
V01711,2015,Audi,Q5,LZ7S,Daytona Gray Pearl,pearl,139.6,122.4,131.3,139.3,132.2,129.8,133.0,136.2,129.2,132.7,130.3,141.6,143.7,133.9,122.4,143.7,21.3,factory_normal
V01712,2015,Audi,Q5,LY9T,Mythos Black Metallic,metallic,118.3,122.9,132.5,128.9,129.4,115.6,132.3,125.0,124.1,122.9,125.2,137.4,138.4,127.1,115.6,138.4,22.8,factory_normal
V01713,2016,Audi,Q5,LY9T,Mythos Black Metallic,metallic,130.1,122.4,123.0,118.4,130.2,121.0,119.1,124.2,119.3,121.2,114.0,127.1,137.1,123.6,114.0,137.1,23.1,factory_normal
V01714,2016,Audi,Q5,LY9T,Mythos Black Metallic,metallic,123.3,125.5,119.3,118.3,125.4,114.4,115.4,113.7,116.0,126.2,126.8,127.4,136.1,122.1,113.7,136.1,22.4,factory_normal
V01715,2017,Audi,Q5,LZ7S,Daytona Gray Pearl,pearl,151.6,152.4,148.7,145.5,152.0,148.8,146.8,148.2,153.3,141.1,144.9,147.7,157.8,149.1,141.1,157.8,16.7,factory_normal
V01716,2017,Audi,Q5,LY9C,Ibis White,solid,143.3,137.6,138.3,136.2,133.6,140.0,142.7,128.3,132.8,143.2,144.8,151.5,141.6,139.5,128.3,151.5,23.2,factory_normal
V01717,2017,Audi,Q5,LZ7S,Daytona Gray Pearl,pearl,149.6,143.7,152.8,144.9,150.1,148.6,146.7,144.5,154.6,152.4,141.1,169.3,147.5,149.7,141.1,169.3,28.2,respray_suspected
V01718,2018,Audi,Q5,LY9T,Mythos Black Metallic,metallic,110.6,114.5,115.5,111.2,109.1,108.1,112.4,119.6,113.8,113.0,123.0,135.1,136.6,117.1,108.1,136.6,28.5,factory_normal
V01719,2018,Audi,Q5,LY9C,Ibis White,solid,120.2,124.1,112.3,113.7,126.4,125.6,114.9,113.7,124.3,117.8,119.4,146.8,113.2,121.0,112.3,146.8,34.5,factory_normal
V01720,2018,Audi,Q5,LY9T,Mythos Black Metallic,metallic,154.1,142.7,146.9,134.8,148.9,132.6,141.9,140.6,134.4,141.9,123.7,136.3,133.5,139.4,123.7,154.1,30.4,factory_normal
V01721,2019,Audi,Q5,LZ7S,Daytona Gray Pearl,pearl,151.7,146.3,165.5,157.7,142.1,158.6,168.7,156.7,157.8,158.0,164.9,173.2,147.8,157.6,142.1,173.2,31.1,respray_suspected
V01722,2019,Audi,Q5,LY9C,Ibis White,solid,135.7,134.8,139.3,140.8,132.4,144.3,132.4,140.1,135.3,135.9,135.1,161.7,135.3,138.7,132.4,161.7,29.3,respray_suspected
V01723,2020,Audi,Q5,LZ7S,Daytona Gray Pearl,pearl,135.6,130.8,132.0,127.0,127.7,125.4,130.7,132.3,131.3,131.1,130.3,144.8,153.7,133.3,125.4,153.7,28.3,factory_normal
V01724,2020,Audi,Q5,LY9C,Ibis White,solid,132.8,134.9,131.4,134.3,133.6,144.8,138.2,144.5,135.9,136.7,136.0,145.2,137.1,137.3,131.4,145.2,13.8,factory_normal
V01725,2020,Audi,Q5,LY9T,Mythos Black Metallic,metallic,145.9,142.8,148.4,145.7,140.5,145.3,148.1,315.0,143.5,141.4,257.3,144.3,166.7,168.1,140.5,315.0,174.5,repair_or_filler
V01726,2021,Audi,Q5,LY9T,Mythos Black Metallic,metallic,115.6,123.7,125.3,122.3,125.4,118.1,127.3,123.8,121.4,109.9,126.5,110.0,122.7,120.9,109.9,127.3,17.4,factory_normal
V01727,2021,Audi,Q5,LZ7S,Daytona Gray Pearl,pearl,144.6,144.9,144.3,152.0,146.2,137.3,150.4,148.7,143.4,142.7,150.9,151.4,148.6,146.6,137.3,152.0,14.7,factory_normal
V01728,2022,Audi,Q5,LY9C,Ibis White,solid,116.6,110.8,112.2,123.9,115.0,123.6,127.5,117.2,116.0,124.4,121.9,128.4,114.9,119.4,110.8,128.4,17.6,factory_normal
V01729,2022,Audi,Q5,LY9T,Mythos Black Metallic,metallic,137.5,134.0,129.9,128.8,128.6,135.7,129.3,120.8,128.6,120.1,126.9,132.9,133.3,129.7,120.1,137.5,17.4,factory_normal
V01730,2022,Audi,Q5,LY9T,Mythos Black Metallic,metallic,132.2,131.9,137.3,141.5,141.5,137.0,131.8,140.0,138.2,133.9,131.2,138.5,152.3,137.5,131.2,152.3,21.1,factory_normal
V01731,2023,Audi,Q5,LZ7S,Daytona Gray Pearl,pearl,145.4,135.3,145.8,136.1,148.1,143.2,141.1,147.9,143.8,138.9,148.2,135.5,160.0,143.8,135.3,160.0,24.7,respray_suspected
V01732,2023,Audi,Q5,LY9C,Ibis White,solid,133.2,146.6,153.7,144.5,142.8,140.8,134.0,149.3,136.2,133.2,146.5,145.8,153.9,143.1,133.2,153.9,20.7,factory_normal
V01733,2023,Audi,Q5,LY9T,Mythos Black Metallic,metallic,127.2,133.4,126.2,130.7,138.9,131.0,130.7,135.5,125.3,133.2,137.4,137.9,143.4,133.1,125.3,143.4,18.1,factory_normal
V01734,2024,Audi,Q5,LY9C,Ibis White,solid,140.7,140.7,135.1,139.1,149.1,144.2,141.5,132.1,145.8,143.8,147.5,132.2,132.4,140.3,132.1,149.1,17.0,factory_normal
V01735,2024,Audi,Q5,LZ7S,Daytona Gray Pearl,pearl,126.5,143.2,131.7,125.6,127.8,131.5,139.5,136.9,137.1,131.1,138.8,135.2,138.3,134.1,125.6,143.2,17.6,factory_normal
V01736,2025,Audi,Q5,LY9C,Ibis White,solid,121.3,115.7,121.2,120.1,115.0,124.3,124.3,123.4,131.0,115.8,126.8,120.0,127.4,122.0,115.0,131.0,16.0,factory_normal
V01737,2025,Audi,Q5,LY9T,Mythos Black Metallic,metallic,125.2,123.5,131.6,132.9,124.4,133.6,128.7,121.1,131.1,126.5,124.9,130.9,142.8,129.0,121.1,142.8,21.7,factory_normal
V01738,2026,Audi,Q5,LY9C,Ibis White,solid,124.6,119.8,133.8,125.0,126.1,130.3,127.5,120.0,122.2,129.7,125.5,117.0,128.9,125.4,117.0,133.8,16.8,factory_normal
V01739,2026,Audi,Q5,LY9C,Ibis White,solid,128.4,133.0,135.4,134.9,132.4,130.7,132.2,134.3,260.5,142.0,135.5,155.8,151.2,146.6,128.4,260.5,132.1,respray_suspected
V01740,2015,Audi,Q7,LY9T,Mythos Black Metallic,metallic,131.8,122.6,128.8,134.4,124.9,117.9,123.7,130.2,127.2,119.7,125.0,131.2,120.5,126.0,117.9,134.4,16.5,factory_normal
V01741,2015,Audi,Q7,LY9T,Mythos Black Metallic,metallic,138.1,124.5,128.8,137.3,132.4,124.7,133.8,119.1,129.1,134.4,124.8,168.5,147.3,134.1,119.1,168.5,49.4,respray_suspected
V01742,2015,Audi,Q7,LY9T,Mythos Black Metallic,metallic,125.9,131.6,134.0,136.8,128.8,131.4,136.2,126.1,133.2,138.4,131.8,146.6,140.2,133.9,125.9,146.6,20.7,factory_normal
V01743,2016,Audi,Q7,LY9C,Ibis White,solid,114.7,125.8,106.3,121.9,127.6,119.7,122.4,121.1,133.1,124.0,126.8,120.9,121.0,121.9,106.3,133.1,26.8,factory_normal
V01744,2016,Audi,Q7,LZ7S,Daytona Gray Pearl,pearl,131.9,128.5,131.2,124.4,130.0,140.3,132.6,131.1,132.4,134.4,134.9,148.9,143.6,134.2,124.4,148.9,24.5,factory_normal
V01745,2016,Audi,Q7,LZ7S,Daytona Gray Pearl,pearl,137.9,136.8,130.7,132.6,134.9,148.3,140.7,145.1,141.1,139.0,147.7,141.0,147.3,140.2,130.7,148.3,17.6,factory_normal
V01746,2017,Audi,Q7,LY9C,Ibis White,solid,115.0,120.0,117.0,116.2,119.1,115.2,113.5,113.6,117.7,117.6,122.6,125.1,139.9,119.4,113.5,139.9,26.4,factory_normal
V01747,2017,Audi,Q7,LZ7S,Daytona Gray Pearl,pearl,113.1,127.1,133.6,125.9,105.5,135.0,134.8,124.0,130.1,134.9,124.5,132.0,141.6,127.9,105.5,141.6,36.1,factory_normal
V01748,2018,Audi,Q7,LY9T,Mythos Black Metallic,metallic,121.3,116.3,123.4,121.8,115.4,132.6,122.2,130.3,121.8,127.1,127.3,134.7,160.3,127.3,115.4,160.3,44.9,respray_suspected
V01749,2018,Audi,Q7,LY9T,Mythos Black Metallic,metallic,143.0,137.9,152.2,148.0,142.9,138.2,138.9,141.8,141.5,142.1,142.8,152.1,139.3,143.1,137.9,152.2,14.3,factory_normal
V01750,2018,Audi,Q7,LY9T,Mythos Black Metallic,metallic,128.9,125.4,119.5,119.4,123.1,125.2,126.0,123.9,115.3,122.1,123.4,116.8,138.3,123.6,115.3,138.3,23.0,factory_normal
V01751,2019,Audi,Q7,LY9T,Mythos Black Metallic,metallic,126.8,120.4,116.4,123.3,117.9,119.7,112.2,112.4,110.0,122.0,110.4,134.0,106.3,117.8,106.3,134.0,27.7,factory_normal
V01752,2019,Audi,Q7,LZ7S,Daytona Gray Pearl,pearl,143.5,129.8,136.6,135.3,142.1,138.3,132.0,147.8,140.4,132.4,142.5,150.2,143.7,139.6,129.8,150.2,20.4,factory_normal
V01753,2019,Audi,Q7,LZ7S,Daytona Gray Pearl,pearl,132.7,125.6,135.8,128.5,132.7,130.2,132.2,134.5,128.9,135.1,128.5,117.8,129.6,130.2,117.8,135.8,18.0,factory_normal
V01754,2020,Audi,Q7,LZ7S,Daytona Gray Pearl,pearl,148.3,158.5,140.7,147.5,149.0,145.5,146.2,148.8,157.6,141.9,147.9,174.0,169.8,152.0,140.7,174.0,33.3,respray_suspected
V01755,2020,Audi,Q7,LY9C,Ibis White,solid,119.0,117.0,122.7,124.7,122.5,113.1,123.5,134.7,120.5,115.6,127.4,118.5,120.3,121.5,113.1,134.7,21.6,factory_normal
V01756,2020,Audi,Q7,LZ7S,Daytona Gray Pearl,pearl,151.4,151.9,143.9,153.1,143.2,150.6,145.8,143.4,146.9,150.2,153.0,134.2,161.3,148.4,134.2,161.3,27.1,respray_suspected
V01757,2021,Audi,Q7,LY9T,Mythos Black Metallic,metallic,116.7,127.7,126.9,125.8,131.3,125.4,123.5,131.9,125.0,121.9,115.2,136.3,115.5,124.9,115.2,136.3,21.1,factory_normal
V01758,2021,Audi,Q7,LY9T,Mythos Black Metallic,metallic,122.0,179.7,115.6,122.1,123.9,118.2,229.9,119.5,111.2,123.4,118.3,101.1,136.5,132.4,101.1,229.9,128.8,respray_suspected
V01759,2021,Audi,Q7,LY9C,Ibis White,solid,135.9,130.5,132.4,140.2,122.3,131.3,128.5,134.1,129.8,128.0,126.6,109.5,136.5,129.7,109.5,140.2,30.7,factory_normal
V01760,2022,Audi,Q7,LY9C,Ibis White,solid,121.3,120.4,120.7,114.6,118.9,116.2,114.2,122.0,109.9,115.3,110.2,118.1,118.9,117.0,109.9,122.0,12.1,factory_normal
V01761,2022,Audi,Q7,LY9T,Mythos Black Metallic,metallic,138.2,124.8,138.0,136.6,143.7,129.9,143.8,135.0,136.5,138.9,146.1,154.7,160.8,140.5,124.8,160.8,36.0,respray_suspected
V01762,2022,Audi,Q7,LZ7S,Daytona Gray Pearl,pearl,159.7,161.6,166.8,162.1,160.2,159.2,159.1,151.9,157.6,154.3,151.9,155.2,173.5,159.5,151.9,173.5,21.6,respray_suspected
V01763,2023,Audi,Q7,LY9T,Mythos Black Metallic,metallic,134.5,134.6,132.4,133.3,123.6,132.7,129.8,130.9,131.4,125.0,133.2,157.4,114.1,131.8,114.1,157.4,43.3,factory_normal
V01764,2023,Audi,Q7,LZ7S,Daytona Gray Pearl,pearl,134.5,132.2,132.4,132.3,127.7,130.4,133.3,133.6,139.6,139.6,136.2,115.9,141.0,133.0,115.9,141.0,25.1,factory_normal
V01765,2024,Audi,Q7,LY9T,Mythos Black Metallic,metallic,148.7,137.2,141.3,135.3,137.7,133.9,140.2,143.3,138.9,147.5,140.2,169.5,137.4,142.4,133.9,169.5,35.6,respray_suspected
V01766,2024,Audi,Q7,LZ7S,Daytona Gray Pearl,pearl,136.9,142.6,149.0,142.4,139.2,136.8,136.5,138.5,138.6,144.5,133.9,137.3,149.4,140.4,133.9,149.4,15.5,factory_normal
V01767,2024,Audi,Q7,LY9T,Mythos Black Metallic,metallic,136.0,140.2,143.1,134.8,137.3,142.3,130.7,138.1,143.9,135.1,142.6,181.8,158.6,143.4,130.7,181.8,51.1,respray_suspected
V01768,2025,Audi,Q7,LY9T,Mythos Black Metallic,metallic,139.5,139.0,149.0,146.2,138.6,141.4,143.0,146.5,144.6,134.4,146.0,138.4,153.0,143.0,134.4,153.0,18.6,factory_normal
V01769,2025,Audi,Q7,LY9T,Mythos Black Metallic,metallic,144.2,143.9,137.8,136.2,145.4,142.4,144.0,145.0,137.4,135.5,139.9,143.1,140.3,141.2,135.5,145.4,9.9,factory_normal
V01770,2025,Audi,Q7,LY9C,Ibis White,solid,145.5,140.9,140.4,141.7,140.1,141.2,136.5,140.0,132.9,144.7,140.3,143.5,120.2,139.1,120.2,145.5,25.3,factory_normal
V01771,2026,Audi,Q7,LY9T,Mythos Black Metallic,metallic,113.8,99.5,103.4,113.8,112.2,107.9,110.7,109.1,106.2,105.9,103.7,99.9,114.7,107.8,99.5,114.7,15.2,factory_normal
V01772,2026,Audi,Q7,LZ7S,Daytona Gray Pearl,pearl,128.1,137.2,138.6,119.1,134.7,121.7,124.1,125.0,123.1,135.3,137.7,123.7,136.2,129.6,119.1,138.6,19.5,factory_normal
V01773,2026,Audi,Q7,LY9T,Mythos Black Metallic,metallic,117.0,121.0,122.5,122.6,116.3,125.4,115.1,118.4,115.9,112.4,122.5,133.6,126.6,120.7,112.4,133.6,21.2,factory_normal
V01774,2015,BMW,3 Series,475,Black Sapphire Metallic,metallic,100.1,104.8,110.4,106.7,107.3,116.7,108.5,102.3,105.6,98.8,103.2,112.5,100.0,105.9,98.8,116.7,17.9,factory_normal
V01775,2015,BMW,3 Series,300,Alpine White,solid,112.2,108.4,279.8,114.9,109.5,277.8,108.8,113.4,113.5,116.5,110.0,125.7,114.8,138.9,108.4,279.8,171.4,respray_suspected
V01776,2016,BMW,3 Series,300,Alpine White,solid,96.2,97.7,93.5,101.5,95.7,93.5,94.1,93.2,102.3,103.3,96.1,117.5,122.7,100.6,93.2,122.7,29.5,factory_normal
V01777,2016,BMW,3 Series,A96,Mineral White Metallic,metallic,119.3,122.4,113.5,112.2,116.5,115.5,111.1,108.6,108.3,119.5,109.8,123.2,117.5,115.2,108.3,123.2,14.9,factory_normal
V01778,2016,BMW,3 Series,475,Black Sapphire Metallic,metallic,112.5,104.5,106.0,102.1,110.0,107.7,110.9,113.5,99.0,113.4,99.3,103.2,109.5,107.0,99.0,113.5,14.5,factory_normal
V01779,2017,BMW,3 Series,475,Black Sapphire Metallic,metallic,117.1,111.6,115.9,124.2,118.7,118.8,121.1,114.7,111.0,111.7,114.8,131.8,117.9,117.6,111.0,131.8,20.8,factory_normal
V01780,2017,BMW,3 Series,300,Alpine White,solid,120.4,132.8,118.2,126.5,122.8,128.5,128.7,124.7,125.7,117.3,116.9,138.4,144.6,126.6,116.9,144.6,27.7,factory_normal
V01781,2017,BMW,3 Series,300,Alpine White,solid,104.4,207.6,102.2,102.4,102.7,105.0,90.2,104.8,100.7,105.7,99.5,100.0,111.5,110.5,90.2,207.6,117.4,respray_suspected
V01782,2018,BMW,3 Series,A96,Mineral White Metallic,metallic,105.5,102.2,107.7,100.7,108.9,99.5,113.2,105.2,103.6,105.3,106.1,108.4,104.2,105.4,99.5,113.2,13.7,factory_normal
V01783,2018,BMW,3 Series,475,Black Sapphire Metallic,metallic,117.4,107.0,110.2,113.9,120.0,104.9,112.0,117.4,104.7,116.3,101.9,123.7,131.1,113.9,101.9,131.1,29.2,factory_normal
V01784,2018,BMW,3 Series,A96,Mineral White Metallic,metallic,124.3,124.6,109.0,116.6,119.2,123.8,119.9,114.3,113.9,119.9,112.5,148.7,126.2,121.0,109.0,148.7,39.7,factory_normal
V01785,2019,BMW,3 Series,A96,Mineral White Metallic,metallic,106.4,106.8,109.9,108.9,103.5,120.7,121.3,112.5,110.4,108.2,104.3,129.3,138.9,113.9,103.5,138.9,35.4,factory_normal
V01786,2019,BMW,3 Series,300,Alpine White,solid,113.5,116.4,109.7,122.8,117.4,108.3,114.8,120.7,118.0,111.7,117.9,112.9,115.9,115.4,108.3,122.8,14.5,factory_normal
V01787,2019,BMW,3 Series,A96,Mineral White Metallic,metallic,132.5,132.9,125.5,128.6,135.0,119.9,127.4,130.5,130.6,125.4,117.9,134.1,138.9,129.2,117.9,138.9,21.0,factory_normal
V01788,2020,BMW,3 Series,300,Alpine White,solid,118.3,111.9,118.7,122.0,119.0,113.7,114.0,110.4,111.4,106.7,118.8,125.5,132.3,117.1,106.7,132.3,25.6,factory_normal
V01789,2020,BMW,3 Series,300,Alpine White,solid,121.6,125.5,119.3,121.3,121.3,126.0,118.4,125.5,127.2,125.3,130.6,141.9,138.1,126.3,118.4,141.9,23.5,factory_normal
V01790,2021,BMW,3 Series,475,Black Sapphire Metallic,metallic,108.4,98.4,111.0,101.4,103.2,103.1,106.9,94.9,102.1,107.6,106.1,97.7,114.1,104.2,94.9,114.1,19.2,factory_normal
V01791,2021,BMW,3 Series,300,Alpine White,solid,116.4,118.5,130.1,113.0,128.8,119.4,117.7,117.2,122.6,117.7,118.5,123.6,119.6,120.2,113.0,130.1,17.1,factory_normal
V01792,2021,BMW,3 Series,475,Black Sapphire Metallic,metallic,98.5,88.6,97.9,94.4,93.1,95.8,93.6,88.5,92.1,102.7,97.2,115.8,116.4,98.0,88.5,116.4,27.9,factory_normal
V01793,2022,BMW,3 Series,A96,Mineral White Metallic,metallic,114.1,115.1,113.8,119.1,110.7,119.1,111.7,117.1,122.7,125.2,109.2,140.9,123.3,118.6,109.2,140.9,31.7,factory_normal
V01794,2022,BMW,3 Series,A96,Mineral White Metallic,metallic,129.8,122.3,123.2,117.8,117.6,123.1,119.0,126.9,114.8,114.2,120.8,137.2,117.4,121.9,114.2,137.2,23.0,factory_normal
V01795,2023,BMW,3 Series,475,Black Sapphire Metallic,metallic,115.9,105.5,113.1,116.7,110.4,116.0,114.1,112.1,108.9,112.7,115.3,108.9,125.2,113.4,105.5,125.2,19.7,factory_normal
V01796,2023,BMW,3 Series,475,Black Sapphire Metallic,metallic,189.7,116.3,123.6,124.0,128.7,122.6,123.1,124.7,129.7,127.8,132.5,135.9,142.9,132.4,116.3,189.7,73.4,respray_suspected
V01797,2023,BMW,3 Series,300,Alpine White,solid,112.3,111.2,109.9,108.8,105.3,114.2,112.6,113.0,111.7,113.8,109.0,120.8,126.1,113.0,105.3,126.1,20.8,factory_normal
V01798,2024,BMW,3 Series,300,Alpine White,solid,115.8,109.7,101.3,111.6,110.4,104.5,110.1,107.6,106.8,108.2,112.6,131.5,127.9,112.2,101.3,131.5,30.2,factory_normal
V01799,2024,BMW,3 Series,A96,Mineral White Metallic,metallic,97.5,110.9,103.6,110.4,107.7,100.9,100.0,98.7,95.8,88.8,99.5,108.6,117.3,103.1,88.8,117.3,28.5,factory_normal
V01800,2024,BMW,3 Series,475,Black Sapphire Metallic,metallic,107.9,104.0,100.5,113.2,109.7,100.8,106.0,108.0,117.7,115.1,108.9,117.2,97.0,108.2,97.0,117.7,20.7,factory_normal
V01801,2025,BMW,3 Series,A96,Mineral White Metallic,metallic,113.0,125.6,124.9,115.7,122.5,122.2,124.3,118.9,116.5,115.9,121.8,123.2,111.3,119.7,111.3,125.6,14.3,factory_normal
V01802,2025,BMW,3 Series,475,Black Sapphire Metallic,metallic,107.9,104.9,110.8,96.1,103.7,111.5,103.8,97.0,101.2,108.8,109.0,117.6,129.2,107.8,96.1,129.2,33.1,factory_normal
V01803,2025,BMW,3 Series,475,Black Sapphire Metallic,metallic,113.2,101.5,110.7,100.5,106.1,102.3,101.8,100.2,98.7,107.0,103.9,121.5,117.3,106.5,98.7,121.5,22.8,factory_normal
V01804,2026,BMW,3 Series,300,Alpine White,solid,109.0,115.0,109.2,111.1,101.7,100.2,111.1,111.2,106.2,110.8,110.3,138.6,106.7,110.9,100.2,138.6,38.4,factory_normal
V01805,2026,BMW,3 Series,300,Alpine White,solid,111.1,102.7,100.6,103.5,100.1,108.6,116.5,110.5,110.0,109.5,105.6,93.3,127.3,107.6,93.3,127.3,34.0,factory_normal
V01806,2015,BMW,5 Series,A96,Mineral White Metallic,metallic,152.2,155.9,157.2,156.9,160.3,158.9,164.8,156.2,153.7,154.8,157.7,173.9,155.2,158.3,152.2,173.9,21.7,respray_suspected
V01807,2015,BMW,5 Series,475,Black Sapphire Metallic,metallic,147.1,145.3,153.5,146.3,234.4,144.8,152.0,145.1,160.8,145.4,154.8,163.4,152.1,157.3,144.8,234.4,89.6,respray_suspected
V01808,2015,BMW,5 Series,475,Black Sapphire Metallic,metallic,139.8,146.5,143.7,286.5,143.2,148.4,145.5,141.5,225.7,148.6,143.3,156.3,154.3,163.3,139.8,286.5,146.7,respray_suspected
V01809,2016,BMW,5 Series,300,Alpine White,solid,159.0,157.3,153.8,159.1,152.6,162.4,149.8,164.0,157.1,154.5,158.7,139.1,176.0,157.2,139.1,176.0,36.9,respray_suspected
V01810,2016,BMW,5 Series,A96,Mineral White Metallic,metallic,159.8,144.3,154.3,151.4,156.8,161.1,150.4,158.6,158.7,145.9,155.7,176.5,170.1,157.2,144.3,176.5,32.2,respray_suspected
V01811,2017,BMW,5 Series,A96,Mineral White Metallic,metallic,144.0,141.1,137.6,144.1,148.6,146.3,146.7,151.2,151.6,145.9,146.5,121.6,160.6,145.1,121.6,160.6,39.0,respray_suspected
V01812,2017,BMW,5 Series,300,Alpine White,solid,136.2,288.7,133.4,140.4,130.6,135.4,137.1,134.5,140.5,138.1,137.4,142.5,143.3,149.1,130.6,288.7,158.1,respray_suspected
V01813,2018,BMW,5 Series,475,Black Sapphire Metallic,metallic,160.9,167.0,165.3,152.9,159.2,163.9,155.6,162.9,169.6,164.3,157.5,152.0,155.9,160.5,152.0,169.6,17.6,respray_suspected
V01814,2018,BMW,5 Series,475,Black Sapphire Metallic,metallic,146.5,148.0,155.1,152.0,159.1,156.5,150.5,153.4,145.3,150.2,147.7,156.6,159.9,152.4,145.3,159.9,14.6,factory_normal
V01815,2019,BMW,5 Series,A96,Mineral White Metallic,metallic,147.1,158.6,149.0,151.0,148.3,153.3,142.7,142.3,143.3,138.7,140.6,171.8,155.7,149.4,138.7,171.8,33.1,respray_suspected
V01816,2019,BMW,5 Series,A96,Mineral White Metallic,metallic,157.8,159.3,164.1,160.8,154.5,158.0,152.2,156.2,167.1,152.4,285.0,178.1,166.9,170.2,152.2,285.0,132.8,respray_suspected
V01817,2020,BMW,5 Series,475,Black Sapphire Metallic,metallic,123.1,133.7,136.3,131.6,135.5,124.1,130.0,129.0,129.0,134.0,118.5,125.9,147.6,130.6,118.5,147.6,29.1,factory_normal
V01818,2020,BMW,5 Series,300,Alpine White,solid,148.9,141.0,151.4,146.4,138.7,144.0,144.1,147.5,137.8,149.0,140.0,143.9,166.6,146.1,137.8,166.6,28.8,respray_suspected
V01819,2021,BMW,5 Series,475,Black Sapphire Metallic,metallic,168.3,159.6,165.1,165.0,164.8,158.5,165.0,163.5,160.0,154.1,161.7,180.9,157.3,163.4,154.1,180.9,26.8,respray_suspected
V01820,2021,BMW,5 Series,475,Black Sapphire Metallic,metallic,129.9,132.9,124.9,138.9,129.2,146.9,132.2,221.6,131.2,128.9,136.0,135.7,232.5,147.8,124.9,232.5,107.6,respray_suspected
V01821,2022,BMW,5 Series,300,Alpine White,solid,153.9,152.5,162.2,150.7,151.7,162.4,155.8,151.5,150.1,151.8,152.7,162.8,176.2,156.5,150.1,176.2,26.1,respray_suspected
V01822,2022,BMW,5 Series,A96,Mineral White Metallic,metallic,137.0,134.5,140.0,141.5,137.6,136.2,144.9,137.0,137.7,145.1,138.3,145.8,159.2,141.1,134.5,159.2,24.7,factory_normal
V01823,2022,BMW,5 Series,A96,Mineral White Metallic,metallic,163.7,155.9,168.5,155.0,160.5,163.5,160.4,164.9,166.1,153.2,157.2,173.8,159.7,161.7,153.2,173.8,20.6,respray_suspected
V01824,2023,BMW,5 Series,A96,Mineral White Metallic,metallic,148.5,130.5,135.6,134.9,142.6,149.3,134.3,140.8,148.0,136.0,152.4,148.5,128.0,140.7,128.0,152.4,24.4,factory_normal
V01825,2023,BMW,5 Series,A96,Mineral White Metallic,metallic,149.6,146.4,147.1,147.3,151.2,145.7,145.2,143.6,154.5,156.3,152.0,158.9,157.1,150.4,143.6,158.9,15.3,factory_normal
V01826,2024,BMW,5 Series,A96,Mineral White Metallic,metallic,132.8,138.8,142.4,134.9,139.4,137.8,135.7,135.1,138.2,121.9,136.0,134.6,136.0,135.7,121.9,142.4,20.5,factory_normal
V01827,2024,BMW,5 Series,A96,Mineral White Metallic,metallic,132.6,148.0,135.7,138.7,143.3,139.3,140.2,131.0,134.7,141.9,141.6,154.7,145.3,140.5,131.0,154.7,23.7,factory_normal
V01828,2024,BMW,5 Series,475,Black Sapphire Metallic,metallic,149.1,155.1,154.8,159.7,148.2,152.7,145.8,157.6,151.7,243.1,147.4,156.7,138.8,158.5,138.8,243.1,104.3,respray_suspected
V01829,2025,BMW,5 Series,300,Alpine White,solid,149.9,169.1,159.9,154.5,164.1,164.9,164.8,163.4,168.8,160.7,164.1,196.5,171.1,165.5,149.9,196.5,46.6,respray_suspected
V01830,2025,BMW,5 Series,475,Black Sapphire Metallic,metallic,148.9,142.7,144.7,134.4,144.1,132.3,137.1,151.1,144.3,134.2,139.9,153.0,137.5,141.9,132.3,153.0,20.7,factory_normal
V01831,2026,BMW,5 Series,A96,Mineral White Metallic,metallic,129.1,134.9,135.9,135.0,137.0,139.7,126.2,136.2,142.2,144.1,140.7,148.6,135.7,137.3,126.2,148.6,22.4,factory_normal
V01832,2026,BMW,5 Series,475,Black Sapphire Metallic,metallic,158.3,160.2,152.4,149.5,146.2,151.2,146.7,150.7,160.3,156.7,152.1,161.4,159.1,154.2,146.2,161.4,15.2,respray_suspected
V01833,2015,BMW,X3,A96,Mineral White Metallic,metallic,89.0,88.3,81.4,89.1,89.0,89.9,88.6,84.0,96.9,88.5,95.4,106.8,88.7,90.4,81.4,106.8,25.4,thin_caution
V01834,2015,BMW,X3,300,Alpine White,solid,242.4,258.3,88.5,103.5,89.1,97.7,92.1,98.2,97.5,96.1,101.1,116.3,108.0,122.2,88.5,258.3,169.8,respray_suspected
V01835,2016,BMW,X3,A96,Mineral White Metallic,metallic,89.0,90.9,98.0,100.3,95.4,92.7,96.4,90.8,102.5,87.3,95.3,102.0,101.7,95.6,87.3,102.5,15.2,factory_normal
V01836,2016,BMW,X3,475,Black Sapphire Metallic,metallic,97.1,99.6,101.0,98.8,100.3,99.9,100.6,93.3,94.4,93.8,106.7,109.0,99.3,99.5,93.3,109.0,15.7,factory_normal
V01837,2017,BMW,X3,300,Alpine White,solid,88.9,99.5,92.9,98.8,87.4,84.1,94.3,91.4,83.5,94.1,103.0,94.0,74.3,91.2,74.3,103.0,28.7,factory_normal
V01838,2017,BMW,X3,475,Black Sapphire Metallic,metallic,87.8,87.6,90.7,92.4,92.2,90.1,85.7,90.7,91.1,106.9,88.4,79.2,98.9,90.9,79.2,106.9,27.7,factory_normal
V01839,2018,BMW,X3,A96,Mineral White Metallic,metallic,81.1,86.1,99.8,95.5,95.7,87.7,92.4,86.0,89.7,96.2,96.0,81.5,77.1,89.6,77.1,99.8,22.7,factory_normal
V01840,2018,BMW,X3,475,Black Sapphire Metallic,metallic,96.2,100.0,102.4,93.8,97.6,84.8,227.6,106.3,97.6,101.8,273.1,99.1,105.2,122.0,84.8,273.1,188.3,respray_suspected
V01841,2019,BMW,X3,475,Black Sapphire Metallic,metallic,82.0,86.9,87.1,95.3,94.5,83.5,95.3,98.5,93.4,95.7,111.4,99.5,87.1,93.1,82.0,111.4,29.4,factory_normal
V01842,2019,BMW,X3,475,Black Sapphire Metallic,metallic,101.6,87.2,102.0,89.8,86.1,91.6,101.3,93.8,101.2,97.4,94.8,92.7,104.3,95.7,86.1,104.3,18.2,factory_normal
V01843,2019,BMW,X3,300,Alpine White,solid,95.3,100.0,105.0,97.1,97.9,97.5,96.6,93.2,90.7,91.5,89.2,96.8,87.1,95.2,87.1,105.0,17.9,factory_normal
V01844,2020,BMW,X3,300,Alpine White,solid,93.3,95.1,98.3,101.2,100.5,104.4,91.4,96.9,94.4,106.1,90.1,83.1,124.9,98.4,83.1,124.9,41.8,factory_normal
V01845,2020,BMW,X3,300,Alpine White,solid,88.7,92.6,89.7,90.2,97.3,89.5,92.4,90.0,97.4,92.8,99.2,95.8,93.5,93.0,88.7,99.2,10.5,factory_normal
V01846,2021,BMW,X3,300,Alpine White,solid,89.4,84.5,89.2,102.2,92.7,86.8,96.2,89.5,94.0,85.4,88.3,110.8,108.7,93.7,84.5,110.8,26.3,factory_normal
V01847,2021,BMW,X3,475,Black Sapphire Metallic,metallic,85.8,90.4,95.8,89.3,96.4,83.0,87.7,85.9,81.1,101.7,90.6,122.6,107.8,93.7,81.1,122.6,41.5,thin_caution
V01848,2021,BMW,X3,300,Alpine White,solid,86.6,90.0,86.6,82.3,260.3,92.9,82.6,92.7,94.1,88.4,85.8,89.9,263.9,115.1,82.3,263.9,181.6,respray_suspected
V01849,2022,BMW,X3,475,Black Sapphire Metallic,metallic,94.9,97.5,85.9,92.3,88.1,89.1,91.2,97.8,98.4,89.4,92.2,108.3,80.4,92.7,80.4,108.3,27.9,factory_normal
V01850,2022,BMW,X3,475,Black Sapphire Metallic,metallic,91.7,82.5,95.9,92.6,96.6,81.8,86.8,84.5,84.7,84.9,81.5,103.5,65.0,87.1,65.0,103.5,38.5,thin_caution
V01851,2023,BMW,X3,300,Alpine White,solid,86.3,95.2,98.8,88.7,82.2,81.9,79.2,89.0,89.0,84.4,95.6,101.6,102.5,90.3,79.2,102.5,23.3,thin_caution
V01852,2023,BMW,X3,300,Alpine White,solid,101.6,100.8,90.9,98.1,95.8,94.2,103.0,96.4,97.2,101.4,90.7,103.3,92.5,97.4,90.7,103.3,12.6,factory_normal
V01853,2024,BMW,X3,300,Alpine White,solid,95.1,91.0,96.2,90.8,92.7,92.2,96.6,93.7,88.2,102.3,98.8,109.5,98.4,95.8,88.2,109.5,21.3,factory_normal
V01854,2024,BMW,X3,475,Black Sapphire Metallic,metallic,95.0,89.1,96.6,94.1,92.1,93.9,98.7,95.5,92.1,92.1,93.5,74.8,117.2,94.2,74.8,117.2,42.4,factory_normal
V01855,2025,BMW,X3,A96,Mineral White Metallic,metallic,89.0,88.7,80.6,83.4,91.5,87.1,90.6,90.3,82.3,83.3,84.2,98.8,103.8,88.7,80.6,103.8,23.2,thin_caution
V01856,2025,BMW,X3,300,Alpine White,solid,86.0,98.8,92.2,86.9,85.7,102.1,94.3,92.2,91.7,89.9,95.6,109.2,108.4,94.8,85.7,109.2,23.5,factory_normal
V01857,2025,BMW,X3,A96,Mineral White Metallic,metallic,92.0,79.2,89.0,96.6,92.8,84.5,80.0,95.1,89.6,91.5,84.9,90.2,97.1,89.4,79.2,97.1,17.9,thin_caution
V01858,2026,BMW,X3,475,Black Sapphire Metallic,metallic,92.2,83.6,91.6,94.3,89.8,82.9,227.1,95.5,90.1,83.3,93.9,79.1,84.3,99.1,79.1,227.1,148.0,respray_suspected
V01859,2026,BMW,X3,475,Black Sapphire Metallic,metallic,92.4,87.5,87.5,97.6,93.8,92.8,100.6,88.9,94.7,87.7,90.3,118.4,91.7,94.1,87.5,118.4,30.9,factory_normal
V01860,2015,BMW,X5,A96,Mineral White Metallic,metallic,117.1,131.2,116.8,121.9,117.1,118.8,128.6,127.1,121.9,131.0,121.1,136.4,137.0,125.1,116.8,137.0,20.2,factory_normal
V01861,2015,BMW,X5,300,Alpine White,solid,142.5,166.1,157.9,155.4,154.6,151.8,152.0,155.2,159.5,156.5,156.1,162.5,165.1,156.6,142.5,166.1,23.6,respray_suspected
V01862,2015,BMW,X5,300,Alpine White,solid,130.3,145.1,133.7,133.7,132.1,130.7,134.6,128.5,140.8,135.2,125.5,137.8,144.2,134.8,125.5,145.1,19.6,factory_normal
V01863,2016,BMW,X5,475,Black Sapphire Metallic,metallic,145.5,155.8,158.5,159.8,149.3,154.5,150.8,154.3,153.3,148.3,158.1,150.8,139.4,152.2,139.4,159.8,20.4,factory_normal
V01864,2016,BMW,X5,A96,Mineral White Metallic,metallic,144.8,146.5,141.3,151.1,139.9,140.1,131.1,151.1,148.6,149.6,135.2,152.5,138.1,143.8,131.1,152.5,21.4,factory_normal
V01865,2017,BMW,X5,475,Black Sapphire Metallic,metallic,231.7,139.4,151.2,134.6,156.0,144.2,145.4,146.5,158.2,150.3,146.6,153.9,164.0,155.5,134.6,231.7,97.1,respray_suspected
V01866,2017,BMW,X5,300,Alpine White,solid,129.0,141.3,134.7,138.0,135.2,138.1,137.7,128.3,127.9,135.3,128.1,154.4,150.4,136.8,127.9,154.4,26.5,factory_normal
V01867,2018,BMW,X5,A96,Mineral White Metallic,metallic,149.3,145.6,143.7,140.8,142.6,141.8,149.8,150.1,143.4,141.4,148.1,142.1,170.9,146.9,140.8,170.9,30.1,respray_suspected
V01868,2018,BMW,X5,300,Alpine White,solid,153.3,155.4,155.1,155.9,150.8,160.1,152.3,150.1,161.4,156.0,161.6,167.5,178.4,158.3,150.1,178.4,28.3,respray_suspected
V01869,2018,BMW,X5,300,Alpine White,solid,143.5,154.8,151.3,147.0,158.7,155.5,157.7,148.4,156.8,166.1,158.7,150.1,158.2,154.4,143.5,166.1,22.6,respray_suspected
V01870,2019,BMW,X5,300,Alpine White,solid,142.3,141.3,142.4,144.9,131.6,139.6,141.6,142.2,136.7,138.3,142.2,149.9,152.7,142.0,131.6,152.7,21.1,factory_normal
V01871,2019,BMW,X5,A96,Mineral White Metallic,metallic,160.5,157.0,161.5,153.8,154.9,155.0,161.2,164.0,166.1,153.5,158.8,188.0,162.9,161.3,153.5,188.0,34.5,respray_suspected
V01872,2020,BMW,X5,475,Black Sapphire Metallic,metallic,137.7,136.5,146.9,138.0,134.9,137.9,139.1,127.4,132.4,130.8,136.9,154.5,136.4,137.6,127.4,154.5,27.1,factory_normal
V01873,2020,BMW,X5,A96,Mineral White Metallic,metallic,151.9,144.7,142.3,141.3,142.6,147.9,160.6,149.6,144.3,146.4,145.4,149.2,146.9,147.2,141.3,160.6,19.3,respray_suspected
V01874,2021,BMW,X5,A96,Mineral White Metallic,metallic,111.0,226.6,118.5,106.9,261.3,123.2,134.7,115.6,127.8,115.2,125.0,129.2,120.1,139.6,106.9,261.3,154.4,respray_suspected
V01875,2021,BMW,X5,300,Alpine White,solid,127.5,135.3,134.4,132.3,125.2,122.9,127.4,136.7,133.8,129.3,134.5,155.6,262.6,142.9,122.9,262.6,139.7,respray_suspected
V01876,2022,BMW,X5,300,Alpine White,solid,161.2,149.9,152.1,160.9,151.2,156.1,153.0,157.6,147.9,148.2,149.8,166.4,162.9,155.2,147.9,166.4,18.5,respray_suspected
V01877,2022,BMW,X5,A96,Mineral White Metallic,metallic,123.8,132.1,124.3,135.2,130.8,127.7,122.8,129.2,129.4,132.6,129.9,137.3,134.9,130.0,122.8,137.3,14.5,factory_normal
V01878,2023,BMW,X5,475,Black Sapphire Metallic,metallic,125.1,130.4,125.9,122.0,126.9,126.7,134.4,127.4,124.7,127.3,129.9,119.4,129.0,126.9,119.4,134.4,15.0,factory_normal
V01879,2023,BMW,X5,300,Alpine White,solid,137.1,134.9,128.2,134.9,136.2,125.6,125.0,139.8,138.6,133.8,138.5,149.1,164.5,137.4,125.0,164.5,39.5,respray_suspected
V01880,2023,BMW,X5,A96,Mineral White Metallic,metallic,137.1,150.4,153.9,133.9,138.3,146.9,147.9,140.9,136.6,149.2,150.4,141.1,164.9,145.5,133.9,164.9,31.0,respray_suspected
V01881,2024,BMW,X5,475,Black Sapphire Metallic,metallic,110.9,129.1,244.7,117.9,124.5,121.5,117.1,194.7,118.1,123.6,117.1,94.9,142.0,135.1,94.9,244.7,149.8,respray_suspected
V01882,2024,BMW,X5,300,Alpine White,solid,106.4,122.3,124.3,114.9,117.8,126.6,112.0,121.3,124.2,120.5,117.3,144.4,114.6,120.5,106.4,144.4,38.0,factory_normal
V01883,2024,BMW,X5,300,Alpine White,solid,131.5,117.6,132.2,119.4,119.5,116.6,122.6,121.2,124.0,122.6,126.9,133.5,118.5,123.5,116.6,133.5,16.9,factory_normal
V01884,2025,BMW,X5,475,Black Sapphire Metallic,metallic,149.6,156.9,145.6,159.5,157.8,270.2,155.3,148.7,145.3,148.8,152.0,157.5,333.7,175.5,145.3,333.7,188.4,repair_or_filler
V01885,2025,BMW,X5,475,Black Sapphire Metallic,metallic,112.2,121.8,117.6,121.0,114.8,124.4,121.2,118.7,114.7,129.9,126.4,147.4,120.8,122.4,112.2,147.4,35.2,factory_normal
V01886,2026,BMW,X5,475,Black Sapphire Metallic,metallic,120.5,129.3,119.0,125.5,124.6,131.7,120.5,128.1,130.4,121.6,122.1,124.7,156.0,127.2,119.0,156.0,37.0,factory_normal
V01887,2026,BMW,X5,300,Alpine White,solid,153.5,152.6,155.5,161.0,160.3,149.7,150.6,151.4,161.5,158.8,143.6,171.0,153.4,155.6,143.6,171.0,27.4,respray_suspected
V01888,2026,BMW,X5,475,Black Sapphire Metallic,metallic,127.6,129.4,128.0,121.1,125.5,129.6,128.6,129.7,122.5,124.7,127.3,123.9,128.6,126.7,121.1,129.7,8.6,factory_normal
V01889,2015,BMW,X1,475,Black Sapphire Metallic,metallic,106.4,116.2,105.4,109.6,124.4,115.5,118.1,116.8,117.9,114.5,118.0,123.8,126.8,116.4,105.4,126.8,21.4,factory_normal
V01890,2015,BMW,X1,475,Black Sapphire Metallic,metallic,105.4,111.4,118.6,107.2,106.4,107.5,106.9,105.9,117.9,107.2,110.4,99.6,137.9,110.9,99.6,137.9,38.3,factory_normal
V01891,2015,BMW,X1,475,Black Sapphire Metallic,metallic,107.5,114.9,100.7,115.4,104.3,93.1,107.5,104.3,99.9,119.1,104.5,113.9,112.0,107.5,93.1,119.1,26.0,factory_normal
V01892,2016,BMW,X1,A96,Mineral White Metallic,metallic,112.9,112.4,117.7,105.8,119.2,116.7,115.4,109.7,114.3,109.2,115.9,109.1,122.3,113.9,105.8,122.3,16.5,factory_normal
V01893,2016,BMW,X1,300,Alpine White,solid,122.4,110.3,116.6,107.1,112.5,107.4,113.6,111.9,121.8,98.8,110.5,126.9,112.9,113.3,98.8,126.9,28.1,factory_normal
V01894,2017,BMW,X1,300,Alpine White,solid,106.8,107.8,105.3,117.1,109.8,115.4,111.1,104.0,108.4,108.4,107.0,126.8,111.9,110.8,104.0,126.8,22.8,factory_normal
V01895,2017,BMW,X1,300,Alpine White,solid,119.3,118.2,117.3,120.8,113.0,111.5,114.2,117.9,119.9,112.9,112.6,119.7,122.5,116.9,111.5,122.5,11.0,factory_normal
V01896,2017,BMW,X1,475,Black Sapphire Metallic,metallic,106.3,111.5,106.8,105.1,104.5,108.0,108.8,109.0,108.9,103.6,112.4,115.8,96.2,107.5,96.2,115.8,19.6,factory_normal
V01897,2018,BMW,X1,A96,Mineral White Metallic,metallic,107.5,107.2,113.1,117.0,121.1,110.9,112.5,106.1,109.3,98.0,100.7,135.3,118.4,112.1,98.0,135.3,37.3,factory_normal
V01898,2018,BMW,X1,300,Alpine White,solid,106.8,109.9,118.6,108.5,120.8,114.0,116.6,110.9,104.5,115.8,105.5,116.2,116.3,112.6,104.5,120.8,16.3,factory_normal
V01899,2019,BMW,X1,300,Alpine White,solid,113.3,161.9,104.0,116.1,271.0,106.5,109.0,109.3,123.0,105.0,106.2,117.0,120.0,127.9,104.0,271.0,167.0,respray_suspected
V01900,2019,BMW,X1,A96,Mineral White Metallic,metallic,105.7,110.8,110.9,104.1,95.9,107.2,108.1,113.2,96.3,109.9,105.8,123.0,124.1,108.8,95.9,124.1,28.2,factory_normal
V01901,2020,BMW,X1,A96,Mineral White Metallic,metallic,222.0,98.6,186.5,108.7,106.8,105.6,112.4,109.2,111.2,109.8,105.1,116.4,112.9,123.5,98.6,222.0,123.4,respray_suspected
V01902,2020,BMW,X1,475,Black Sapphire Metallic,metallic,111.3,115.0,100.9,106.6,110.6,111.7,105.3,104.4,108.1,111.8,111.6,112.0,127.8,110.5,100.9,127.8,26.9,factory_normal
V01903,2021,BMW,X1,475,Black Sapphire Metallic,metallic,101.5,100.5,104.5,103.2,111.0,105.5,104.2,98.3,101.7,106.6,96.7,99.9,114.1,103.7,96.7,114.1,17.4,factory_normal
V01904,2021,BMW,X1,A96,Mineral White Metallic,metallic,116.0,115.1,122.4,118.6,113.3,110.4,116.4,113.0,112.8,115.2,111.5,110.6,128.7,115.7,110.4,128.7,18.3,factory_normal
V01905,2021,BMW,X1,475,Black Sapphire Metallic,metallic,101.7,117.6,111.9,106.8,109.5,207.2,104.7,104.7,102.2,110.4,114.5,138.7,114.0,118.8,101.7,207.2,105.5,respray_suspected
V01906,2022,BMW,X1,475,Black Sapphire Metallic,metallic,109.2,114.2,115.4,105.9,108.5,117.8,105.8,108.0,118.4,107.6,112.4,100.2,95.5,109.1,95.5,118.4,22.9,factory_normal
V01907,2022,BMW,X1,300,Alpine White,solid,106.5,111.8,113.1,109.1,100.8,101.8,112.4,106.7,113.0,102.4,110.1,118.3,100.3,108.2,100.3,118.3,18.0,factory_normal
V01908,2023,BMW,X1,475,Black Sapphire Metallic,metallic,117.7,115.5,102.9,107.2,116.6,113.1,103.1,112.7,112.7,113.9,110.0,131.4,132.2,114.5,102.9,132.2,29.3,factory_normal
V01909,2023,BMW,X1,A96,Mineral White Metallic,metallic,107.8,112.9,114.1,106.7,105.1,111.7,112.7,105.7,111.3,119.6,99.7,119.9,124.1,111.6,99.7,124.1,24.4,factory_normal
V01910,2024,BMW,X1,300,Alpine White,solid,120.9,110.5,114.9,117.1,105.9,109.4,107.4,110.1,116.3,107.7,117.6,138.2,105.2,113.9,105.2,138.2,33.0,factory_normal
V01911,2024,BMW,X1,475,Black Sapphire Metallic,metallic,102.1,106.7,102.6,104.0,103.3,106.9,110.9,107.0,108.7,100.6,114.4,113.6,128.3,108.4,100.6,128.3,27.7,factory_normal
V01912,2025,BMW,X1,A96,Mineral White Metallic,metallic,104.6,97.9,109.6,98.8,106.0,104.6,96.0,108.9,105.5,114.3,114.3,118.6,101.6,106.2,96.0,118.6,22.6,factory_normal
V01913,2025,BMW,X1,A96,Mineral White Metallic,metallic,109.2,105.0,107.4,109.5,114.0,105.9,108.8,112.0,106.9,109.1,113.1,105.3,111.8,109.1,105.0,114.0,9.0,factory_normal
V01914,2025,BMW,X1,A96,Mineral White Metallic,metallic,109.8,108.0,109.7,113.5,109.7,117.3,114.8,113.4,108.8,120.4,113.8,121.2,119.5,113.8,108.0,121.2,13.2,factory_normal
V01915,2026,BMW,X1,475,Black Sapphire Metallic,metallic,111.2,100.4,105.3,114.6,108.4,106.9,95.0,111.5,106.8,107.7,101.7,118.3,122.6,108.5,95.0,122.6,27.6,factory_normal
V01916,2026,BMW,X1,300,Alpine White,solid,107.4,112.5,111.9,107.7,111.4,106.6,104.0,115.8,114.1,105.4,112.0,135.1,124.1,112.9,104.0,135.1,31.1,factory_normal
V01917,2015,Mercedes-Benz,C-Class,149,Polar White,solid,113.2,97.7,109.0,99.8,99.2,111.7,92.6,102.5,104.7,98.4,96.9,93.5,117.1,102.8,92.6,117.1,24.5,factory_normal
V01918,2015,Mercedes-Benz,C-Class,589,Jupiter Red,solid,127.2,137.9,129.4,131.7,133.5,129.7,135.8,126.7,133.3,138.1,139.0,143.7,113.6,132.3,113.6,143.7,30.1,factory_normal
V01919,2016,Mercedes-Benz,C-Class,149,Polar White,solid,133.4,124.9,128.8,123.3,133.4,128.9,132.1,128.0,119.1,125.5,125.3,128.6,116.7,126.8,116.7,133.4,16.7,factory_normal
V01920,2016,Mercedes-Benz,C-Class,040,Black,solid,132.0,142.4,132.8,126.4,136.1,141.5,141.5,131.6,133.4,133.8,137.8,145.9,117.3,134.8,117.3,145.9,28.6,factory_normal
V01921,2016,Mercedes-Benz,C-Class,040,Black,solid,120.6,126.5,119.7,124.8,128.9,129.9,135.0,126.3,128.4,128.6,122.6,123.9,143.1,127.6,119.7,143.1,23.4,factory_normal
V01922,2017,Mercedes-Benz,C-Class,775,Iridium Silver Metallic,metallic,133.3,129.9,124.2,129.6,118.2,114.6,123.0,128.4,124.1,124.4,121.0,121.1,145.1,125.9,114.6,145.1,30.5,factory_normal
V01923,2017,Mercedes-Benz,C-Class,589,Jupiter Red,solid,122.7,134.9,126.0,130.7,133.2,136.3,312.1,136.4,134.1,129.1,134.6,142.3,138.7,147.0,122.7,312.1,189.4,repair_or_filler
V01924,2017,Mercedes-Benz,C-Class,589,Jupiter Red,solid,111.1,108.4,112.5,99.1,104.4,101.1,98.3,104.7,98.2,113.4,101.3,109.3,121.9,106.4,98.2,121.9,23.7,factory_normal
V01925,2018,Mercedes-Benz,C-Class,775,Iridium Silver Metallic,metallic,128.3,131.0,123.5,130.0,119.0,124.9,125.2,126.4,136.7,120.6,128.8,118.8,133.3,126.7,118.8,136.7,17.9,factory_normal
V01926,2018,Mercedes-Benz,C-Class,040,Black,solid,131.9,139.1,137.7,124.3,136.9,134.3,132.8,131.8,126.8,132.2,126.2,144.4,141.8,133.9,124.3,144.4,20.1,factory_normal
V01927,2018,Mercedes-Benz,C-Class,040,Black,solid,108.7,106.2,221.3,102.0,104.2,101.0,115.9,115.8,108.3,110.1,106.2,118.7,131.8,119.2,101.0,221.3,120.3,respray_suspected
V01928,2019,Mercedes-Benz,C-Class,040,Black,solid,127.1,124.0,127.7,126.9,125.5,124.1,128.4,123.9,120.7,122.4,125.9,115.4,119.5,124.0,115.4,128.4,13.0,factory_normal
V01929,2019,Mercedes-Benz,C-Class,589,Jupiter Red,solid,97.5,98.8,93.5,100.9,91.7,104.8,98.4,103.8,98.4,94.3,97.3,127.2,92.5,99.9,91.7,127.2,35.5,factory_normal
V01930,2019,Mercedes-Benz,C-Class,589,Jupiter Red,solid,273.6,123.1,119.3,128.1,124.2,122.4,201.0,118.2,114.4,116.4,111.1,131.4,123.3,139.0,111.1,273.6,162.5,respray_suspected
V01931,2020,Mercedes-Benz,C-Class,040,Black,solid,120.4,121.4,118.5,130.9,122.9,130.4,118.0,132.3,120.6,122.2,125.8,318.1,126.4,139.1,118.0,318.1,200.1,repair_or_filler
V01932,2020,Mercedes-Benz,C-Class,149,Polar White,solid,108.1,104.9,95.8,105.5,104.3,114.3,110.9,106.0,95.2,101.2,104.6,102.8,119.5,105.6,95.2,119.5,24.3,factory_normal
V01933,2021,Mercedes-Benz,C-Class,589,Jupiter Red,solid,113.4,114.7,117.5,114.3,114.1,125.3,117.4,114.1,125.0,119.8,124.1,128.9,120.3,119.1,113.4,128.9,15.5,factory_normal
V01934,2021,Mercedes-Benz,C-Class,589,Jupiter Red,solid,104.3,100.2,100.2,100.7,113.0,98.0,92.2,106.9,103.0,103.6,105.0,126.4,102.7,104.3,92.2,126.4,34.2,factory_normal
V01935,2022,Mercedes-Benz,C-Class,775,Iridium Silver Metallic,metallic,134.2,113.9,132.2,118.0,142.2,136.2,138.2,138.4,125.9,130.6,125.7,135.8,138.1,131.5,113.9,142.2,28.3,factory_normal
V01936,2022,Mercedes-Benz,C-Class,589,Jupiter Red,solid,127.2,126.1,128.6,132.2,135.5,125.5,133.9,125.6,137.2,129.8,125.6,141.9,141.4,131.6,125.5,141.9,16.4,factory_normal
V01937,2022,Mercedes-Benz,C-Class,149,Polar White,solid,125.4,126.1,135.4,125.8,125.1,119.2,128.9,121.0,123.1,135.3,119.8,130.9,114.6,125.4,114.6,135.4,20.8,factory_normal
V01938,2023,Mercedes-Benz,C-Class,149,Polar White,solid,100.7,100.3,101.3,107.9,106.4,98.5,102.7,100.3,108.1,95.2,105.3,117.2,93.1,102.8,93.1,117.2,24.1,factory_normal
V01939,2023,Mercedes-Benz,C-Class,589,Jupiter Red,solid,93.0,102.3,95.0,98.3,89.6,97.1,105.2,102.1,106.7,86.1,86.3,125.0,114.8,100.1,86.1,125.0,38.9,factory_normal
V01940,2024,Mercedes-Benz,C-Class,775,Iridium Silver Metallic,metallic,133.4,131.7,132.9,131.7,130.8,130.5,128.9,131.3,133.8,129.7,129.8,139.5,161.8,134.3,128.9,161.8,32.9,respray_suspected
V01941,2024,Mercedes-Benz,C-Class,775,Iridium Silver Metallic,metallic,125.6,116.8,118.5,113.9,120.1,113.6,112.1,120.0,115.9,118.5,117.6,127.5,122.0,118.6,112.1,127.5,15.4,factory_normal
V01942,2025,Mercedes-Benz,C-Class,040,Black,solid,102.9,98.0,92.3,102.2,92.0,100.5,90.9,96.4,97.8,95.5,99.5,122.1,113.9,100.3,90.9,122.1,31.2,factory_normal
V01943,2025,Mercedes-Benz,C-Class,589,Jupiter Red,solid,129.8,126.8,129.3,137.0,133.0,136.0,125.6,123.1,133.1,119.8,130.8,118.5,150.9,130.3,118.5,150.9,32.4,factory_normal
V01944,2025,Mercedes-Benz,C-Class,149,Polar White,solid,111.1,111.4,114.5,120.5,115.5,107.6,107.4,117.2,114.6,120.3,118.6,131.0,109.6,115.3,107.4,131.0,23.6,factory_normal
V01945,2026,Mercedes-Benz,C-Class,775,Iridium Silver Metallic,metallic,119.2,127.6,130.6,127.6,123.6,115.0,121.1,134.5,125.7,130.4,124.4,139.4,140.7,127.7,115.0,140.7,25.7,factory_normal
V01946,2026,Mercedes-Benz,C-Class,589,Jupiter Red,solid,123.0,114.1,117.3,117.3,120.0,118.1,122.6,115.1,121.0,123.6,114.3,121.1,133.1,120.0,114.1,133.1,19.0,factory_normal
V01947,2015,Mercedes-Benz,E-Class,589,Jupiter Red,solid,115.9,113.3,121.5,128.3,125.7,124.9,125.3,121.2,131.0,126.8,126.0,119.1,118.8,122.9,113.3,131.0,17.7,factory_normal
V01948,2015,Mercedes-Benz,E-Class,149,Polar White,solid,121.4,121.1,121.6,117.6,124.7,129.2,122.6,117.1,121.0,121.8,121.6,132.3,117.7,122.3,117.1,132.3,15.2,factory_normal
V01949,2015,Mercedes-Benz,E-Class,040,Black,solid,127.5,124.2,123.4,136.8,124.6,133.3,118.9,118.4,115.4,117.4,118.0,129.9,124.1,124.0,115.4,136.8,21.4,factory_normal
V01950,2016,Mercedes-Benz,E-Class,589,Jupiter Red,solid,131.5,113.1,128.5,128.6,123.0,128.0,132.3,121.5,126.5,122.7,123.7,127.3,144.1,127.0,113.1,144.1,31.0,factory_normal
V01951,2016,Mercedes-Benz,E-Class,589,Jupiter Red,solid,111.7,234.6,105.0,108.4,113.0,108.5,100.7,112.0,118.2,109.2,99.0,206.8,121.1,126.8,99.0,234.6,135.6,respray_suspected
V01952,2017,Mercedes-Benz,E-Class,775,Iridium Silver Metallic,metallic,116.0,111.6,113.2,114.9,119.2,126.2,116.0,115.0,118.0,106.1,121.0,147.7,121.2,118.9,106.1,147.7,41.6,factory_normal
V01953,2017,Mercedes-Benz,E-Class,775,Iridium Silver Metallic,metallic,122.2,134.0,125.1,121.7,127.5,134.7,120.6,116.6,133.7,125.9,131.5,150.1,121.1,128.1,116.6,150.1,33.5,factory_normal
V01954,2018,Mercedes-Benz,E-Class,040,Black,solid,126.7,125.6,136.2,134.2,130.0,136.2,124.2,135.9,138.0,134.1,129.4,136.0,136.1,132.5,124.2,138.0,13.8,factory_normal
V01955,2018,Mercedes-Benz,E-Class,589,Jupiter Red,solid,125.0,129.9,130.3,122.0,137.4,128.6,128.9,134.7,133.7,120.0,139.3,151.1,125.2,131.2,120.0,151.1,31.1,factory_normal
V01956,2019,Mercedes-Benz,E-Class,149,Polar White,solid,111.0,120.4,291.9,129.0,117.1,117.0,117.8,122.7,123.5,124.0,180.4,129.3,121.8,138.9,111.0,291.9,180.9,respray_suspected
V01957,2019,Mercedes-Benz,E-Class,775,Iridium Silver Metallic,metallic,126.9,127.8,116.5,118.3,128.3,113.1,119.2,122.5,115.7,123.7,111.7,135.5,150.3,123.8,111.7,150.3,38.6,factory_normal
V01958,2020,Mercedes-Benz,E-Class,149,Polar White,solid,106.6,113.4,122.2,113.1,120.3,98.6,112.8,101.6,107.7,114.8,120.7,116.6,113.8,112.5,98.6,122.2,23.6,factory_normal
V01959,2020,Mercedes-Benz,E-Class,589,Jupiter Red,solid,115.7,125.1,125.1,121.8,116.8,118.7,122.8,109.2,115.7,120.5,111.1,135.0,122.2,120.0,109.2,135.0,25.8,factory_normal
V01960,2021,Mercedes-Benz,E-Class,775,Iridium Silver Metallic,metallic,131.6,138.7,126.8,136.0,137.3,131.3,130.0,134.8,128.9,123.7,139.3,131.0,145.3,133.4,123.7,145.3,21.6,factory_normal
V01961,2021,Mercedes-Benz,E-Class,589,Jupiter Red,solid,127.6,130.7,126.1,257.7,135.5,131.7,138.7,132.5,132.4,115.8,126.5,143.6,130.7,140.7,115.8,257.7,141.9,respray_suspected
V01962,2021,Mercedes-Benz,E-Class,149,Polar White,solid,132.6,127.1,130.0,124.3,121.7,130.2,133.8,133.4,124.2,127.3,126.1,146.1,160.1,132.1,121.7,160.1,38.4,respray_suspected
V01963,2022,Mercedes-Benz,E-Class,589,Jupiter Red,solid,116.3,104.5,105.3,111.7,120.9,106.8,111.9,107.8,115.0,113.6,111.9,105.1,122.5,111.8,104.5,122.5,18.0,factory_normal
V01964,2022,Mercedes-Benz,E-Class,040,Black,solid,133.6,121.2,128.4,133.9,112.2,118.6,121.8,126.1,131.7,135.6,124.0,150.4,124.0,127.8,112.2,150.4,38.2,factory_normal
V01965,2023,Mercedes-Benz,E-Class,589,Jupiter Red,solid,105.2,106.3,94.8,108.0,114.5,105.1,108.1,106.3,111.4,108.4,94.1,114.8,127.3,108.0,94.1,127.3,33.2,factory_normal
V01966,2023,Mercedes-Benz,E-Class,775,Iridium Silver Metallic,metallic,149.4,139.1,137.1,139.0,139.4,141.0,131.6,139.8,139.1,151.7,138.9,141.7,127.6,139.6,127.6,151.7,24.1,factory_normal
V01967,2023,Mercedes-Benz,E-Class,040,Black,solid,105.0,104.3,113.9,111.0,106.6,111.2,104.9,100.8,97.5,106.6,108.7,119.4,99.0,106.8,97.5,119.4,21.9,factory_normal
V01968,2024,Mercedes-Benz,E-Class,775,Iridium Silver Metallic,metallic,124.7,114.3,128.0,114.6,128.6,119.9,124.7,118.7,114.1,126.5,118.1,132.1,136.8,123.2,114.1,136.8,22.7,factory_normal
V01969,2024,Mercedes-Benz,E-Class,775,Iridium Silver Metallic,metallic,103.1,110.8,95.6,101.3,107.5,109.2,101.1,114.4,98.0,104.4,110.6,109.9,122.7,106.8,95.6,122.7,27.1,factory_normal
V01970,2025,Mercedes-Benz,E-Class,775,Iridium Silver Metallic,metallic,139.8,134.2,129.9,134.1,132.0,143.0,147.2,130.9,137.1,137.3,138.1,140.6,141.9,137.4,129.9,147.2,17.3,factory_normal
V01971,2025,Mercedes-Benz,E-Class,040,Black,solid,97.8,101.5,102.0,106.7,105.9,98.7,98.0,96.0,101.2,101.1,101.3,119.0,117.5,103.6,96.0,119.0,23.0,factory_normal
V01972,2026,Mercedes-Benz,E-Class,149,Polar White,solid,126.2,123.8,117.4,131.4,135.0,126.6,124.7,121.7,126.3,113.8,130.1,113.2,133.3,124.9,113.2,135.0,21.8,factory_normal
V01973,2026,Mercedes-Benz,E-Class,040,Black,solid,129.6,129.5,127.8,127.4,122.9,126.0,129.0,129.2,123.0,127.2,121.7,125.9,135.5,127.3,121.7,135.5,13.8,factory_normal
V01974,2015,Mercedes-Benz,GLC,775,Iridium Silver Metallic,metallic,111.3,101.3,99.8,103.6,104.6,217.5,96.8,105.5,104.4,103.6,222.5,116.8,95.6,121.8,95.6,222.5,126.9,respray_suspected
V01975,2015,Mercedes-Benz,GLC,040,Black,solid,113.9,130.0,121.6,124.5,120.5,123.2,123.1,120.4,114.3,117.7,123.3,132.4,121.8,122.1,113.9,132.4,18.5,factory_normal
V01976,2015,Mercedes-Benz,GLC,149,Polar White,solid,114.9,125.4,121.8,132.6,115.8,127.3,122.3,129.6,128.8,116.3,117.5,115.2,124.3,122.4,114.9,132.6,17.7,factory_normal
V01977,2016,Mercedes-Benz,GLC,775,Iridium Silver Metallic,metallic,128.7,118.8,128.1,129.2,129.3,124.0,128.3,125.2,115.7,115.4,131.5,135.3,153.0,127.9,115.4,153.0,37.6,factory_normal
V01978,2016,Mercedes-Benz,GLC,149,Polar White,solid,102.9,112.7,106.4,88.0,91.7,107.0,110.4,102.8,103.7,100.5,100.2,124.0,104.8,104.2,88.0,124.0,36.0,factory_normal
V01979,2016,Mercedes-Benz,GLC,589,Jupiter Red,solid,111.3,108.3,100.7,114.5,113.6,109.8,107.0,115.8,104.8,111.3,112.1,112.4,197.8,116.9,100.7,197.8,97.1,respray_suspected
V01980,2017,Mercedes-Benz,GLC,040,Black,solid,108.1,93.3,93.5,101.0,103.4,96.0,99.8,93.0,105.6,109.3,103.5,123.2,120.7,103.9,93.0,123.2,30.2,factory_normal
V01981,2017,Mercedes-Benz,GLC,149,Polar White,solid,117.1,126.4,120.2,126.3,124.2,124.3,126.9,125.1,122.5,133.5,124.7,127.7,132.5,125.5,117.1,133.5,16.4,factory_normal
V01982,2017,Mercedes-Benz,GLC,589,Jupiter Red,solid,106.4,114.7,113.2,96.5,209.1,106.0,108.8,110.8,110.1,106.7,116.5,110.1,118.6,117.5,96.5,209.1,112.6,respray_suspected
V01983,2018,Mercedes-Benz,GLC,149,Polar White,solid,129.0,134.2,133.3,133.6,131.6,124.9,133.0,127.9,135.1,133.3,131.9,123.2,154.2,132.7,123.2,154.2,31.0,factory_normal
V01984,2018,Mercedes-Benz,GLC,040,Black,solid,134.4,131.5,125.8,128.2,133.5,134.0,130.4,134.9,139.0,130.2,133.2,135.2,131.2,132.4,125.8,139.0,13.2,factory_normal
V01985,2019,Mercedes-Benz,GLC,040,Black,solid,129.6,130.3,121.5,114.8,116.1,125.3,125.2,120.1,126.0,130.3,125.8,130.7,124.7,124.6,114.8,130.7,15.9,factory_normal
V01986,2019,Mercedes-Benz,GLC,040,Black,solid,127.1,126.4,132.1,130.3,130.9,137.1,133.9,133.3,134.7,132.5,136.9,148.6,130.3,133.4,126.4,148.6,22.2,factory_normal
V01987,2020,Mercedes-Benz,GLC,589,Jupiter Red,solid,120.2,123.0,125.9,129.7,123.1,124.3,125.5,113.1,114.7,124.6,122.8,115.2,136.0,122.9,113.1,136.0,22.9,factory_normal
V01988,2020,Mercedes-Benz,GLC,589,Jupiter Red,solid,129.1,139.3,123.5,129.9,122.9,125.2,125.7,133.4,124.6,117.4,111.8,137.1,123.0,126.4,111.8,139.3,27.5,factory_normal
V01989,2021,Mercedes-Benz,GLC,589,Jupiter Red,solid,130.1,133.0,118.9,134.4,128.9,128.8,127.7,132.3,125.4,132.0,128.5,145.1,127.1,130.2,118.9,145.1,26.2,factory_normal
V01990,2021,Mercedes-Benz,GLC,149,Polar White,solid,119.4,121.3,108.5,119.7,122.5,119.6,116.9,121.1,112.7,114.6,114.0,124.0,135.6,119.2,108.5,135.6,27.1,factory_normal
V01991,2021,Mercedes-Benz,GLC,589,Jupiter Red,solid,101.4,95.3,96.3,94.2,105.8,102.7,96.1,99.0,95.6,91.2,105.9,215.9,111.9,108.6,91.2,215.9,124.7,respray_suspected
V01992,2022,Mercedes-Benz,GLC,149,Polar White,solid,100.4,111.8,101.4,108.7,111.6,100.9,109.4,105.8,98.1,101.3,89.0,107.0,109.6,104.2,89.0,111.8,22.8,factory_normal
V01993,2022,Mercedes-Benz,GLC,775,Iridium Silver Metallic,metallic,101.1,101.5,106.3,113.8,100.1,103.2,101.5,100.5,105.0,103.9,110.0,119.8,117.1,106.4,100.1,119.8,19.7,factory_normal
V01994,2022,Mercedes-Benz,GLC,775,Iridium Silver Metallic,metallic,118.2,117.4,117.4,116.5,118.5,120.1,116.0,111.3,119.4,114.3,118.7,123.2,124.8,118.1,111.3,124.8,13.5,factory_normal
V01995,2023,Mercedes-Benz,GLC,149,Polar White,solid,122.2,111.6,124.5,124.2,117.6,112.8,123.5,115.1,117.5,116.5,117.8,120.0,134.6,119.8,111.6,134.6,23.0,factory_normal
V01996,2023,Mercedes-Benz,GLC,149,Polar White,solid,119.6,124.3,114.1,122.4,121.9,114.7,118.9,128.3,124.6,116.6,120.0,126.8,122.6,121.1,114.1,128.3,14.2,factory_normal
V01997,2023,Mercedes-Benz,GLC,775,Iridium Silver Metallic,metallic,132.3,124.4,122.5,116.5,120.2,120.2,124.4,132.0,121.4,130.6,124.5,126.0,129.3,124.9,116.5,132.3,15.8,factory_normal
V01998,2024,Mercedes-Benz,GLC,040,Black,solid,122.9,127.1,124.7,293.1,124.2,123.6,282.8,133.9,128.4,128.0,131.4,147.9,133.5,154.0,122.9,293.1,170.2,respray_suspected
V01999,2024,Mercedes-Benz,GLC,149,Polar White,solid,122.1,122.9,119.6,122.0,121.9,110.8,127.3,119.9,113.5,114.1,121.8,117.8,122.9,119.7,110.8,127.3,16.5,factory_normal
V02000,2025,Mercedes-Benz,GLC,149,Polar White,solid,91.8,96.9,92.9,100.9,105.6,98.6,89.9,97.3,103.2,105.5,96.3,101.3,112.9,99.5,89.9,112.9,23.0,factory_normal
V02001,2025,Mercedes-Benz,GLC,149,Polar White,solid,130.1,129.0,125.5,124.3,119.7,126.2,130.1,131.3,128.5,128.2,120.1,115.1,125.5,125.7,115.1,131.3,16.2,factory_normal
V02002,2025,Mercedes-Benz,GLC,149,Polar White,solid,121.0,114.4,116.5,125.5,116.2,122.1,128.0,128.4,114.1,120.6,118.7,137.2,120.2,121.8,114.1,137.2,23.1,factory_normal
V02003,2026,Mercedes-Benz,GLC,040,Black,solid,114.4,106.2,110.5,114.1,269.5,107.3,105.3,102.6,105.2,106.9,118.3,116.4,106.5,121.8,102.6,269.5,166.9,respray_suspected
V02004,2026,Mercedes-Benz,GLC,040,Black,solid,101.2,99.3,103.1,98.5,97.3,99.8,89.7,97.3,239.8,84.2,88.8,121.5,97.3,109.1,84.2,239.8,155.6,respray_suspected
V02005,2026,Mercedes-Benz,GLC,149,Polar White,solid,100.6,108.0,102.4,113.3,102.3,98.3,94.4,105.5,115.5,108.3,104.3,95.0,105.0,104.1,94.4,115.5,21.1,factory_normal
V02006,2015,Mercedes-Benz,GLE,149,Polar White,solid,109.8,112.2,105.9,109.5,105.7,103.9,107.6,105.1,102.8,105.7,105.3,100.1,112.7,106.6,100.1,112.7,12.6,factory_normal
V02007,2015,Mercedes-Benz,GLE,040,Black,solid,85.8,86.1,82.2,87.8,90.4,96.9,101.2,92.2,94.2,94.8,92.7,109.9,75.6,91.5,75.6,109.9,34.3,factory_normal
V02008,2015,Mercedes-Benz,GLE,040,Black,solid,111.1,112.0,116.6,112.7,120.7,107.2,104.4,102.1,112.9,115.8,105.2,119.0,119.9,112.3,102.1,120.7,18.6,factory_normal
V02009,2016,Mercedes-Benz,GLE,589,Jupiter Red,solid,102.9,93.6,97.4,99.9,104.3,103.2,106.3,101.0,95.2,106.8,103.6,125.4,106.7,103.6,93.6,125.4,31.8,factory_normal
V02010,2016,Mercedes-Benz,GLE,589,Jupiter Red,solid,111.8,117.0,105.7,115.5,111.5,114.2,104.9,114.6,104.6,112.5,114.1,140.6,123.0,114.6,104.6,140.6,36.0,factory_normal
V02011,2016,Mercedes-Benz,GLE,589,Jupiter Red,solid,120.2,107.0,111.2,112.1,118.0,113.0,122.3,115.0,108.2,108.1,110.4,128.7,112.9,114.4,107.0,128.7,21.7,factory_normal
V02012,2017,Mercedes-Benz,GLE,589,Jupiter Red,solid,115.1,114.9,101.9,109.0,110.5,102.1,100.0,107.0,102.8,106.6,101.4,116.2,110.7,107.6,100.0,116.2,16.2,factory_normal
V02013,2017,Mercedes-Benz,GLE,589,Jupiter Red,solid,109.1,101.3,116.0,109.3,109.6,107.8,107.7,99.4,108.8,110.6,102.9,117.0,125.7,109.6,99.4,125.7,26.3,factory_normal
V02014,2017,Mercedes-Benz,GLE,149,Polar White,solid,98.2,106.5,103.8,94.6,92.0,94.0,92.7,94.5,111.8,99.3,104.6,82.7,100.4,98.1,82.7,111.8,29.1,factory_normal
V02015,2018,Mercedes-Benz,GLE,040,Black,solid,97.5,98.6,91.2,88.6,101.4,93.6,92.5,102.8,92.6,87.2,98.9,90.1,88.2,94.1,87.2,102.8,15.6,factory_normal
V02016,2018,Mercedes-Benz,GLE,589,Jupiter Red,solid,102.0,85.8,275.2,100.8,102.8,95.7,91.9,98.3,88.5,103.0,93.7,112.1,110.2,112.3,85.8,275.2,189.4,respray_suspected
V02017,2018,Mercedes-Benz,GLE,589,Jupiter Red,solid,100.6,97.6,95.4,96.2,96.3,95.7,95.0,96.1,102.3,89.9,86.3,99.3,112.1,97.1,86.3,112.1,25.8,factory_normal
V02018,2019,Mercedes-Benz,GLE,775,Iridium Silver Metallic,metallic,98.1,93.3,93.4,94.9,90.2,93.4,261.0,92.1,86.7,88.4,101.8,94.0,189.3,113.6,86.7,261.0,174.3,respray_suspected
V02019,2019,Mercedes-Benz,GLE,040,Black,solid,104.4,101.9,100.9,99.2,104.6,107.7,102.7,107.1,110.7,101.0,110.1,116.2,106.8,105.6,99.2,116.2,17.0,factory_normal
V02020,2020,Mercedes-Benz,GLE,775,Iridium Silver Metallic,metallic,106.9,119.2,119.2,107.9,110.1,123.3,117.6,112.7,111.9,113.7,117.4,99.9,124.9,114.2,99.9,124.9,25.0,factory_normal
V02021,2020,Mercedes-Benz,GLE,040,Black,solid,95.7,97.6,87.8,98.1,85.5,98.9,273.7,99.0,102.1,100.1,89.6,85.4,104.0,109.0,85.4,273.7,188.3,respray_suspected
V02022,2021,Mercedes-Benz,GLE,775,Iridium Silver Metallic,metallic,112.4,108.6,96.4,113.0,100.0,109.4,102.5,241.4,114.9,99.8,103.4,248.3,103.1,127.2,96.4,248.3,151.9,respray_suspected
V02023,2021,Mercedes-Benz,GLE,040,Black,solid,90.8,95.1,77.0,87.2,93.3,91.0,97.6,83.2,103.1,93.6,89.6,95.4,85.0,90.9,77.0,103.1,26.1,factory_normal
V02024,2022,Mercedes-Benz,GLE,775,Iridium Silver Metallic,metallic,91.4,96.4,91.6,101.3,95.5,97.1,104.4,96.8,92.0,94.9,93.4,105.8,113.4,98.0,91.4,113.4,22.0,factory_normal
V02025,2022,Mercedes-Benz,GLE,040,Black,solid,86.6,94.1,96.1,94.9,98.7,100.9,92.4,102.7,98.4,101.9,107.7,103.4,92.2,97.7,86.6,107.7,21.1,factory_normal
V02026,2023,Mercedes-Benz,GLE,589,Jupiter Red,solid,110.6,107.3,98.7,103.7,105.7,98.5,103.0,99.3,111.7,107.9,104.5,110.8,127.2,106.8,98.5,127.2,28.7,factory_normal
V02027,2023,Mercedes-Benz,GLE,040,Black,solid,95.3,90.5,96.7,97.0,79.3,91.5,98.5,93.3,101.7,95.6,97.7,102.7,95.9,95.1,79.3,102.7,23.4,factory_normal
V02028,2024,Mercedes-Benz,GLE,149,Polar White,solid,90.8,97.5,94.5,95.3,105.0,98.1,93.5,96.1,90.8,96.9,220.3,107.5,87.2,105.7,87.2,220.3,133.1,respray_suspected
V02029,2024,Mercedes-Benz,GLE,149,Polar White,solid,97.6,95.5,93.6,248.2,92.9,88.0,104.7,93.0,95.2,96.8,89.8,91.5,90.3,105.9,88.0,248.2,160.2,respray_suspected
V02030,2024,Mercedes-Benz,GLE,149,Polar White,solid,98.8,102.0,104.1,100.4,96.8,95.4,99.3,97.1,99.9,102.2,94.8,117.7,105.7,101.1,94.8,117.7,22.9,factory_normal
V02031,2025,Mercedes-Benz,GLE,775,Iridium Silver Metallic,metallic,95.1,99.1,93.5,98.6,101.1,100.9,99.9,107.5,104.2,101.7,101.6,106.5,111.1,101.6,93.5,111.1,17.6,factory_normal
V02032,2025,Mercedes-Benz,GLE,149,Polar White,solid,81.2,94.2,89.8,94.7,92.2,85.6,85.8,88.6,80.0,101.1,88.4,104.6,108.2,91.9,80.0,108.2,28.2,thin_caution
V02033,2026,Mercedes-Benz,GLE,149,Polar White,solid,85.8,98.7,90.0,95.7,95.1,91.5,90.9,96.4,89.4,88.1,98.8,99.7,109.5,94.6,85.8,109.5,23.7,factory_normal
V02034,2026,Mercedes-Benz,GLE,589,Jupiter Red,solid,96.3,89.2,80.4,92.2,82.1,90.0,91.7,101.2,87.0,89.8,86.7,102.4,75.4,89.6,75.4,102.4,27.0,thin_caution
V02035,2015,Mercedes-Benz,A-Class,149,Polar White,solid,97.9,91.3,104.7,101.4,102.9,98.2,97.5,105.1,106.1,101.8,101.5,113.0,116.7,102.9,91.3,116.7,25.4,factory_normal
V02036,2015,Mercedes-Benz,A-Class,589,Jupiter Red,solid,115.3,116.9,111.0,120.2,124.6,110.7,118.4,105.7,118.1,105.2,121.0,107.9,133.1,116.0,105.2,133.1,27.9,factory_normal
V02037,2016,Mercedes-Benz,A-Class,775,Iridium Silver Metallic,metallic,121.6,121.6,126.4,131.2,126.0,126.1,120.8,119.7,125.4,120.8,118.6,112.1,110.5,121.6,110.5,131.2,20.7,factory_normal
V02038,2016,Mercedes-Benz,A-Class,589,Jupiter Red,solid,102.4,108.5,108.4,109.1,101.3,111.2,102.0,105.1,109.5,103.6,119.3,97.7,128.8,108.2,97.7,128.8,31.1,factory_normal
V02039,2017,Mercedes-Benz,A-Class,775,Iridium Silver Metallic,metallic,130.3,124.9,117.3,124.6,131.2,120.9,126.4,120.2,124.2,135.0,125.3,130.6,147.6,127.6,117.3,147.6,30.3,factory_normal
V02040,2017,Mercedes-Benz,A-Class,040,Black,solid,127.9,124.5,111.7,294.4,113.9,114.3,125.0,117.5,116.6,116.7,111.1,125.2,118.7,132.1,111.1,294.4,183.3,respray_suspected
V02041,2017,Mercedes-Benz,A-Class,775,Iridium Silver Metallic,metallic,117.4,116.0,111.4,102.0,103.8,105.8,109.8,109.2,110.8,97.7,178.8,110.6,117.7,114.7,97.7,178.8,81.1,respray_suspected
V02042,2018,Mercedes-Benz,A-Class,149,Polar White,solid,111.8,111.0,119.3,107.9,111.3,106.5,113.4,108.7,109.5,109.7,110.4,128.3,139.5,114.4,106.5,139.5,33.0,factory_normal
V02043,2018,Mercedes-Benz,A-Class,149,Polar White,solid,102.3,104.3,105.2,101.9,101.3,100.0,101.0,105.7,206.2,178.4,108.6,109.4,112.6,118.2,100.0,206.2,106.2,respray_suspected
V02044,2019,Mercedes-Benz,A-Class,149,Polar White,solid,109.0,113.3,122.4,106.9,106.1,106.6,101.3,109.0,124.5,108.9,110.7,129.3,140.6,114.5,101.3,140.6,39.3,factory_normal
V02045,2019,Mercedes-Benz,A-Class,775,Iridium Silver Metallic,metallic,95.6,105.5,110.3,108.4,101.0,105.8,106.2,101.8,104.9,104.9,100.8,113.6,119.0,106.0,95.6,119.0,23.4,factory_normal
V02046,2019,Mercedes-Benz,A-Class,775,Iridium Silver Metallic,metallic,123.3,127.0,119.8,127.2,127.0,117.1,116.5,120.2,128.2,121.7,123.3,109.9,134.1,122.7,109.9,134.1,24.2,factory_normal
V02047,2020,Mercedes-Benz,A-Class,040,Black,solid,102.7,100.4,104.3,112.5,98.7,101.4,104.6,103.2,108.1,102.9,99.2,116.7,120.8,105.8,98.7,120.8,22.1,factory_normal
V02048,2020,Mercedes-Benz,A-Class,775,Iridium Silver Metallic,metallic,137.2,116.4,118.7,119.5,113.1,118.8,117.9,117.3,120.8,128.5,117.4,138.2,142.3,123.5,113.1,142.3,29.2,factory_normal
V02049,2021,Mercedes-Benz,A-Class,775,Iridium Silver Metallic,metallic,108.2,115.3,112.0,109.4,107.8,112.0,104.1,181.4,103.4,117.7,118.3,144.7,234.5,128.4,103.4,234.5,131.1,respray_suspected
V02050,2021,Mercedes-Benz,A-Class,040,Black,solid,103.0,106.7,108.4,104.6,103.2,106.0,112.5,105.9,95.5,103.2,104.3,106.6,121.9,106.3,95.5,121.9,26.4,factory_normal
V02051,2022,Mercedes-Benz,A-Class,149,Polar White,solid,116.9,108.4,126.4,272.1,118.7,271.9,116.4,119.1,118.5,118.9,119.8,105.5,118.8,140.9,105.5,272.1,166.6,respray_suspected
V02052,2022,Mercedes-Benz,A-Class,040,Black,solid,118.3,121.6,115.8,120.7,125.4,117.2,121.6,126.3,121.6,116.7,108.0,121.3,163.8,122.9,108.0,163.8,55.8,respray_suspected
V02053,2022,Mercedes-Benz,A-Class,589,Jupiter Red,solid,117.3,112.4,122.5,122.3,115.3,117.5,116.6,114.2,110.2,121.0,119.8,108.7,131.0,117.6,108.7,131.0,22.3,factory_normal
V02054,2023,Mercedes-Benz,A-Class,040,Black,solid,103.4,103.8,96.8,101.1,104.1,94.3,101.8,94.5,100.4,104.4,102.0,120.6,98.5,102.0,94.3,120.6,26.3,factory_normal
V02055,2023,Mercedes-Benz,A-Class,149,Polar White,solid,124.0,121.9,128.3,124.3,120.7,120.6,120.1,118.0,125.5,134.0,121.4,128.6,145.5,125.6,118.0,145.5,27.5,factory_normal
V02056,2024,Mercedes-Benz,A-Class,589,Jupiter Red,solid,109.7,105.1,105.6,99.5,107.3,106.8,110.2,115.7,100.0,114.3,119.2,125.5,123.4,110.9,99.5,125.5,26.0,factory_normal
V02057,2024,Mercedes-Benz,A-Class,589,Jupiter Red,solid,104.2,105.3,101.1,107.2,108.3,91.3,99.0,98.0,102.3,113.2,96.3,101.4,123.7,103.9,91.3,123.7,32.4,factory_normal
V02058,2025,Mercedes-Benz,A-Class,589,Jupiter Red,solid,96.7,97.7,104.4,95.8,101.7,95.2,103.0,101.7,91.6,95.8,95.6,109.9,107.0,99.7,91.6,109.9,18.3,factory_normal
V02059,2025,Mercedes-Benz,A-Class,775,Iridium Silver Metallic,metallic,130.0,129.3,116.5,123.8,111.1,119.0,116.9,122.5,124.2,124.4,120.7,143.8,132.7,124.2,111.1,143.8,32.7,factory_normal
V02060,2026,Mercedes-Benz,A-Class,775,Iridium Silver Metallic,metallic,115.3,114.5,111.7,104.4,109.7,109.0,111.6,111.4,109.1,109.8,109.6,114.2,104.2,110.3,104.2,115.3,11.1,factory_normal
V02061,2026,Mercedes-Benz,A-Class,149,Polar White,solid,121.3,117.0,122.2,117.9,124.8,120.1,119.4,109.5,115.6,120.9,113.6,246.2,137.9,129.7,109.5,246.2,136.7,respray_suspected
V02062,2015,Lexus,ES,1J7,Atomic Silver,metallic,151.2,142.9,144.1,138.0,146.8,144.6,139.8,146.3,140.9,151.4,146.0,152.3,155.2,146.1,138.0,155.2,17.2,factory_normal
V02063,2015,Lexus,ES,077,Starfire Pearl,pearl,158.0,153.8,152.6,162.8,157.6,160.6,161.2,165.2,164.3,155.3,156.3,139.3,165.6,157.9,139.3,165.6,26.3,respray_suspected
V02064,2015,Lexus,ES,223,Caviar,metallic,145.1,138.6,144.4,154.9,143.9,141.7,142.9,151.8,137.4,153.8,141.5,151.6,163.9,147.0,137.4,163.9,26.5,respray_suspected
V02065,2016,Lexus,ES,223,Caviar,metallic,134.0,142.4,139.7,132.3,144.2,140.7,145.6,140.4,136.5,130.2,139.6,122.6,145.1,137.9,122.6,145.6,23.0,factory_normal
V02066,2016,Lexus,ES,223,Caviar,metallic,153.0,149.3,137.5,147.3,141.6,133.6,145.6,138.7,137.2,137.6,142.4,154.8,141.7,143.1,133.6,154.8,21.2,factory_normal
V02067,2016,Lexus,ES,077,Starfire Pearl,pearl,161.6,165.7,145.8,164.0,276.4,163.9,246.2,159.3,165.8,166.3,164.7,164.3,166.7,177.7,145.8,276.4,130.6,respray_suspected
V02068,2017,Lexus,ES,1J7,Atomic Silver,metallic,141.4,148.1,139.0,137.6,135.2,140.5,144.0,149.0,138.7,144.3,138.9,158.6,123.3,141.4,123.3,158.6,35.3,factory_normal
V02069,2017,Lexus,ES,077,Starfire Pearl,pearl,154.1,155.5,154.0,156.8,252.0,156.6,152.4,157.1,147.4,157.1,150.3,163.2,151.2,162.1,147.4,252.0,104.6,respray_suspected
V02070,2017,Lexus,ES,223,Caviar,metallic,139.5,143.9,140.7,133.5,144.8,144.4,144.7,148.3,139.4,141.0,137.0,140.9,145.8,141.8,133.5,148.3,14.8,factory_normal
V02071,2018,Lexus,ES,1J7,Atomic Silver,metallic,133.8,137.0,139.9,142.9,146.1,145.0,140.1,138.9,139.6,140.5,135.0,142.1,161.5,141.7,133.8,161.5,27.7,respray_suspected
V02072,2018,Lexus,ES,1J7,Atomic Silver,metallic,138.1,152.3,142.0,147.2,135.0,144.0,148.6,143.2,148.9,144.6,148.9,152.1,127.3,144.0,127.3,152.3,25.0,factory_normal
V02073,2018,Lexus,ES,223,Caviar,metallic,146.9,145.8,143.8,141.8,138.6,142.6,141.1,131.5,147.8,140.0,135.3,147.5,143.0,142.0,131.5,147.8,16.3,factory_normal
V02074,2019,Lexus,ES,1J7,Atomic Silver,metallic,141.8,131.1,133.4,132.9,145.7,142.9,142.1,132.6,140.7,120.9,139.5,135.9,151.5,137.8,120.9,151.5,30.6,factory_normal
V02075,2019,Lexus,ES,223,Caviar,metallic,140.1,138.8,157.0,138.4,139.5,142.6,152.0,136.9,148.6,146.9,137.7,132.7,137.8,142.2,132.7,157.0,24.3,factory_normal
V02076,2020,Lexus,ES,077,Starfire Pearl,pearl,157.7,159.9,155.6,155.8,153.2,162.6,157.3,162.2,152.2,157.1,156.3,149.2,183.6,158.7,149.2,183.6,34.4,respray_suspected
V02077,2020,Lexus,ES,077,Starfire Pearl,pearl,154.2,218.8,160.7,153.8,155.5,151.6,146.3,152.0,149.3,144.1,159.9,149.7,167.0,158.7,144.1,218.8,74.7,respray_suspected
V02078,2020,Lexus,ES,223,Caviar,metallic,145.9,142.1,138.9,147.3,145.7,146.0,142.1,141.1,295.3,140.2,140.4,313.2,180.4,170.7,138.9,313.2,174.3,repair_or_filler
V02079,2021,Lexus,ES,077,Starfire Pearl,pearl,145.0,149.2,158.9,145.1,156.7,153.6,155.2,153.8,155.8,155.2,145.9,168.4,165.1,154.5,145.0,168.4,23.4,respray_suspected
V02080,2021,Lexus,ES,077,Starfire Pearl,pearl,155.4,161.7,153.0,158.0,158.1,145.4,155.3,148.0,154.8,156.8,152.4,151.4,188.7,156.8,145.4,188.7,43.3,respray_suspected
V02081,2021,Lexus,ES,223,Caviar,metallic,136.4,134.5,132.8,141.0,299.9,144.3,144.4,256.6,132.9,138.8,138.2,140.3,167.5,162.1,132.8,299.9,167.1,respray_suspected
V02082,2022,Lexus,ES,223,Caviar,metallic,143.0,138.8,140.4,144.2,133.8,138.9,135.7,141.5,144.9,140.6,136.1,151.3,149.3,141.4,133.8,151.3,17.5,factory_normal
V02083,2022,Lexus,ES,077,Starfire Pearl,pearl,145.0,156.9,240.9,147.8,156.2,150.5,150.0,147.8,153.6,154.4,153.8,153.5,153.7,158.8,145.0,240.9,95.9,respray_suspected
V02084,2023,Lexus,ES,1J7,Atomic Silver,metallic,136.1,133.7,129.8,135.0,138.7,139.3,144.1,146.0,138.4,139.3,136.0,146.3,147.0,139.2,129.8,147.0,17.2,factory_normal
V02085,2023,Lexus,ES,077,Starfire Pearl,pearl,155.1,149.2,151.9,155.1,151.0,148.6,157.0,148.7,152.1,145.9,159.2,152.5,152.2,152.2,145.9,159.2,13.3,factory_normal
V02086,2024,Lexus,ES,1J7,Atomic Silver,metallic,136.7,139.9,144.6,139.8,137.0,140.8,139.5,138.3,144.0,130.5,148.2,149.5,152.9,141.7,130.5,152.9,22.4,factory_normal
V02087,2024,Lexus,ES,223,Caviar,metallic,141.7,146.2,146.3,141.2,139.1,135.1,140.9,142.3,139.8,128.8,136.9,142.5,144.8,140.4,128.8,146.3,17.5,factory_normal
V02088,2025,Lexus,ES,1J7,Atomic Silver,metallic,132.7,140.0,138.4,137.6,141.1,139.6,142.6,129.9,136.9,133.2,143.5,145.6,144.6,138.9,129.9,145.6,15.7,factory_normal
V02089,2025,Lexus,ES,223,Caviar,metallic,142.0,136.8,143.0,132.7,137.1,132.0,140.9,135.9,131.5,140.5,141.0,160.3,132.0,138.9,131.5,160.3,28.8,respray_suspected
V02090,2026,Lexus,ES,1J7,Atomic Silver,metallic,131.5,140.9,141.8,143.7,141.5,142.8,140.1,147.1,138.1,136.4,147.2,145.6,139.2,141.2,131.5,147.2,15.7,factory_normal
V02091,2026,Lexus,ES,1J7,Atomic Silver,metallic,143.9,139.4,137.9,138.9,144.6,148.6,141.4,136.9,138.8,140.3,144.9,153.3,170.3,144.6,136.9,170.3,33.4,respray_suspected
V02092,2026,Lexus,ES,1J7,Atomic Silver,metallic,137.2,140.3,143.6,140.3,143.9,131.1,140.2,140.0,140.7,138.6,138.2,146.1,144.2,140.3,131.1,146.1,15.0,factory_normal
V02093,2015,Lexus,RX,077,Starfire Pearl,pearl,156.7,158.5,157.0,162.3,155.5,151.3,158.2,158.8,160.2,159.1,155.7,178.6,154.6,159.0,151.3,178.6,27.3,respray_suspected
V02094,2015,Lexus,RX,223,Caviar,metallic,143.4,143.3,140.1,133.7,143.8,143.8,142.4,140.0,136.1,139.2,133.6,157.6,163.5,143.1,133.6,163.5,29.9,respray_suspected
V02095,2016,Lexus,RX,223,Caviar,metallic,144.2,139.5,136.9,151.1,150.3,140.6,148.2,132.5,144.9,153.5,153.5,170.7,154.0,147.7,132.5,170.7,38.2,respray_suspected
V02096,2016,Lexus,RX,223,Caviar,metallic,149.4,144.6,144.2,147.1,147.3,137.5,144.7,140.7,142.6,149.6,143.7,150.1,161.3,146.4,137.5,161.3,23.8,respray_suspected
V02097,2017,Lexus,RX,1J7,Atomic Silver,metallic,138.9,274.5,257.4,134.8,143.3,150.0,136.0,142.0,152.6,145.8,147.7,151.2,150.7,163.5,134.8,274.5,139.7,respray_suspected
V02098,2017,Lexus,RX,1J7,Atomic Silver,metallic,145.8,138.6,144.2,137.0,145.6,136.0,145.2,146.6,135.3,146.4,148.3,165.1,151.6,145.1,135.3,165.1,29.8,respray_suspected
V02099,2017,Lexus,RX,1J7,Atomic Silver,metallic,144.9,149.3,147.6,144.6,139.1,147.7,145.3,139.9,152.1,146.4,142.4,147.7,141.5,145.3,139.1,152.1,13.0,factory_normal
V02100,2018,Lexus,RX,077,Starfire Pearl,pearl,158.3,145.5,154.5,160.1,151.8,152.1,152.7,145.9,151.1,152.1,154.0,181.9,175.2,156.6,145.5,181.9,36.4,respray_suspected
V02101,2018,Lexus,RX,1J7,Atomic Silver,metallic,151.6,140.5,148.4,148.2,143.9,135.9,137.0,150.7,139.0,147.9,143.6,159.5,168.2,147.3,135.9,168.2,32.3,respray_suspected
V02102,2019,Lexus,RX,223,Caviar,metallic,141.0,139.5,133.7,138.8,138.4,143.6,140.4,132.4,131.4,146.2,134.1,145.8,143.0,139.1,131.4,146.2,14.8,factory_normal
V02103,2019,Lexus,RX,223,Caviar,metallic,137.5,135.8,138.5,136.4,140.2,134.6,137.7,140.9,135.2,137.3,142.2,148.1,120.9,137.3,120.9,148.1,27.2,factory_normal
V02104,2019,Lexus,RX,1J7,Atomic Silver,metallic,148.5,132.1,145.6,138.8,137.9,140.1,139.4,133.2,141.2,142.1,195.2,168.4,148.1,147.0,132.1,195.2,63.1,respray_suspected
V02105,2020,Lexus,RX,223,Caviar,metallic,139.5,299.1,128.3,237.0,149.6,135.3,127.8,134.0,136.7,143.1,130.9,138.4,142.8,157.1,127.8,299.1,171.3,respray_suspected
V02106,2020,Lexus,RX,1J7,Atomic Silver,metallic,129.4,140.8,141.9,135.3,131.3,147.3,145.3,133.3,137.5,136.9,139.6,151.2,150.8,140.0,129.4,151.2,21.8,factory_normal
V02107,2021,Lexus,RX,1J7,Atomic Silver,metallic,144.8,141.3,143.7,140.1,134.9,140.6,146.0,130.6,149.7,134.7,145.1,145.4,153.6,142.3,130.6,153.6,23.0,factory_normal
V02108,2021,Lexus,RX,077,Starfire Pearl,pearl,148.9,156.8,148.5,150.2,153.4,146.6,148.6,151.0,150.8,149.8,148.3,151.5,160.3,151.1,146.6,160.3,13.7,respray_suspected
V02109,2022,Lexus,RX,223,Caviar,metallic,136.1,133.7,140.3,135.1,258.4,142.5,135.3,136.5,139.5,127.1,151.2,154.1,158.7,149.9,127.1,258.4,131.3,respray_suspected
V02110,2022,Lexus,RX,223,Caviar,metallic,135.0,145.6,142.2,140.0,136.5,150.4,137.5,129.5,141.7,128.0,145.7,141.1,133.5,139.0,128.0,150.4,22.4,factory_normal
V02111,2023,Lexus,RX,1J7,Atomic Silver,metallic,144.7,144.2,136.4,141.1,133.0,127.9,145.3,141.1,147.1,142.1,142.7,139.9,156.0,141.7,127.9,156.0,28.1,factory_normal
V02112,2023,Lexus,RX,223,Caviar,metallic,150.4,149.9,147.3,136.5,142.9,135.4,144.7,138.9,136.8,141.6,145.0,143.0,138.5,142.4,135.4,150.4,15.0,factory_normal
V02113,2023,Lexus,RX,077,Starfire Pearl,pearl,150.8,148.1,154.1,142.9,142.5,147.5,152.1,147.6,144.9,137.9,144.5,160.9,163.4,149.0,137.9,163.4,25.5,respray_suspected
V02114,2024,Lexus,RX,223,Caviar,metallic,137.1,138.8,136.5,137.4,133.0,137.6,135.6,138.5,137.3,140.7,140.1,145.7,159.1,139.8,133.0,159.1,26.1,factory_normal
V02115,2024,Lexus,RX,1J7,Atomic Silver,metallic,140.0,137.9,134.6,136.2,132.9,132.5,137.5,135.2,132.2,138.5,140.5,146.0,137.5,137.0,132.2,146.0,13.8,factory_normal
V02116,2024,Lexus,RX,1J7,Atomic Silver,metallic,146.1,132.3,133.1,137.2,141.8,132.8,144.9,139.8,147.1,139.2,141.1,147.8,128.9,139.4,128.9,147.8,18.9,factory_normal
V02117,2025,Lexus,RX,1J7,Atomic Silver,metallic,139.0,141.4,131.2,127.7,141.7,135.3,135.2,127.5,129.2,138.2,131.1,135.7,122.2,133.5,122.2,141.7,19.5,factory_normal
V02118,2025,Lexus,RX,077,Starfire Pearl,pearl,159.8,160.9,151.1,161.3,164.0,163.4,156.5,154.9,157.0,158.8,152.9,158.4,153.3,157.9,151.1,164.0,12.9,respray_suspected
V02119,2025,Lexus,RX,077,Starfire Pearl,pearl,154.4,157.2,150.0,145.1,146.9,149.7,155.7,143.8,149.5,148.7,152.1,170.7,164.4,152.9,143.8,170.7,26.9,respray_suspected
V02120,2026,Lexus,RX,223,Caviar,metallic,140.9,132.0,141.2,142.8,137.7,144.8,140.5,134.7,145.5,136.1,142.3,136.4,137.7,139.4,132.0,145.5,13.5,factory_normal
V02121,2026,Lexus,RX,077,Starfire Pearl,pearl,154.6,157.3,154.7,164.5,157.2,152.2,153.5,164.4,331.5,166.0,151.9,166.8,167.7,172.5,151.9,331.5,179.6,repair_or_filler
V02122,2015,Lexus,NX,1J7,Atomic Silver,metallic,142.8,139.1,147.3,134.8,132.3,144.1,140.9,135.5,146.4,138.1,151.1,152.3,159.9,143.4,132.3,159.9,27.6,factory_normal
V02123,2015,Lexus,NX,077,Starfire Pearl,pearl,146.9,154.5,156.4,149.9,151.5,144.0,157.4,147.5,154.8,153.3,153.7,149.9,163.7,152.6,144.0,163.7,19.7,respray_suspected
V02124,2015,Lexus,NX,223,Caviar,metallic,126.5,130.4,131.1,123.5,109.7,128.7,128.7,124.5,125.5,122.2,120.6,127.8,124.6,124.9,109.7,131.1,21.4,factory_normal
V02125,2016,Lexus,NX,1J7,Atomic Silver,metallic,138.5,137.2,136.9,145.1,149.2,135.7,137.8,138.4,143.5,136.2,144.5,142.8,142.7,140.7,135.7,149.2,13.5,factory_normal
V02126,2016,Lexus,NX,1J7,Atomic Silver,metallic,134.7,131.7,133.6,130.1,139.3,131.3,139.4,139.1,134.7,144.8,135.5,134.5,152.5,137.0,130.1,152.5,22.4,factory_normal
V02127,2017,Lexus,NX,223,Caviar,metallic,136.9,142.0,132.8,132.3,134.4,136.5,132.8,130.0,136.5,130.3,128.9,137.1,144.2,135.0,128.9,144.2,15.3,factory_normal
V02128,2017,Lexus,NX,077,Starfire Pearl,pearl,146.6,152.2,144.3,138.2,150.9,148.6,148.7,134.9,140.9,148.1,145.5,148.8,162.9,147.0,134.9,162.9,28.0,respray_suspected
V02129,2017,Lexus,NX,1J7,Atomic Silver,metallic,132.9,135.5,133.2,135.3,141.9,130.3,133.4,133.3,134.9,138.7,144.6,145.2,183.2,140.2,130.3,183.2,52.9,respray_suspected
V02130,2018,Lexus,NX,1J7,Atomic Silver,metallic,120.1,129.4,122.9,119.4,122.8,122.3,125.4,125.1,124.0,121.6,123.9,116.9,126.9,123.1,116.9,129.4,12.5,factory_normal
V02131,2018,Lexus,NX,1J7,Atomic Silver,metallic,124.4,278.9,119.7,126.2,117.0,129.0,128.6,125.0,119.6,125.0,120.3,128.0,260.3,146.3,117.0,278.9,161.9,respray_suspected
V02132,2019,Lexus,NX,1J7,Atomic Silver,metallic,134.0,124.5,139.5,122.1,122.9,133.5,119.1,127.5,129.3,141.6,130.0,131.8,141.2,130.5,119.1,141.6,22.5,factory_normal
V02133,2019,Lexus,NX,1J7,Atomic Silver,metallic,117.7,110.2,122.1,119.2,117.7,119.6,125.8,105.9,123.5,116.9,116.9,142.7,124.8,120.2,105.9,142.7,36.8,factory_normal
V02134,2020,Lexus,NX,223,Caviar,metallic,121.9,129.1,135.6,124.4,129.9,116.6,119.2,120.7,126.1,120.0,129.4,145.5,128.6,126.7,116.6,145.5,28.9,factory_normal
V02135,2020,Lexus,NX,223,Caviar,metallic,118.9,121.3,121.8,125.0,130.6,127.0,119.5,221.3,112.3,253.5,114.8,150.1,145.0,143.2,112.3,253.5,141.2,respray_suspected
V02136,2020,Lexus,NX,077,Starfire Pearl,pearl,122.6,130.8,127.5,130.8,133.1,134.4,134.5,137.2,135.3,138.4,124.9,118.6,120.5,129.9,118.6,138.4,19.8,factory_normal
V02137,2021,Lexus,NX,077,Starfire Pearl,pearl,132.6,126.3,134.8,128.5,134.5,123.0,132.7,130.1,128.6,133.6,132.1,142.1,129.4,131.4,123.0,142.1,19.1,factory_normal
V02138,2021,Lexus,NX,1J7,Atomic Silver,metallic,120.9,115.4,114.2,113.7,116.9,116.1,127.7,113.1,118.3,124.7,120.6,139.5,130.2,120.9,113.1,139.5,26.4,factory_normal
V02139,2021,Lexus,NX,223,Caviar,metallic,139.4,132.8,140.5,137.3,133.4,136.9,137.5,136.5,135.4,126.8,134.8,142.3,140.6,136.5,126.8,142.3,15.5,factory_normal
V02140,2022,Lexus,NX,1J7,Atomic Silver,metallic,116.4,111.9,114.3,115.3,115.6,120.5,121.0,118.7,112.9,115.3,120.4,127.9,121.0,117.8,111.9,127.9,16.0,factory_normal
V02141,2022,Lexus,NX,223,Caviar,metallic,124.1,124.2,134.6,126.8,132.5,132.4,230.0,128.5,125.7,125.4,120.1,134.1,125.4,135.7,120.1,230.0,109.9,respray_suspected
V02142,2023,Lexus,NX,077,Starfire Pearl,pearl,145.9,139.1,141.7,129.0,147.5,155.2,134.9,152.9,150.9,149.2,143.1,137.5,152.1,144.5,129.0,155.2,26.2,factory_normal
V02143,2023,Lexus,NX,077,Starfire Pearl,pearl,136.4,137.8,147.4,139.5,139.8,132.5,135.1,142.8,140.0,140.5,136.4,155.6,133.5,139.8,132.5,155.6,23.1,factory_normal
V02144,2023,Lexus,NX,077,Starfire Pearl,pearl,132.0,139.0,131.4,134.4,133.2,137.9,133.1,136.0,129.3,132.5,135.0,117.7,163.2,135.0,117.7,163.2,45.5,respray_suspected
V02145,2024,Lexus,NX,223,Caviar,metallic,127.2,129.2,129.3,122.6,131.0,121.7,132.8,123.8,128.7,126.2,130.1,135.9,144.9,129.5,121.7,144.9,23.2,factory_normal
V02146,2024,Lexus,NX,077,Starfire Pearl,pearl,132.4,130.8,134.5,133.5,131.0,132.1,132.6,128.9,127.8,128.0,126.0,133.9,149.2,132.4,126.0,149.2,23.2,factory_normal
V02147,2024,Lexus,NX,223,Caviar,metallic,119.7,129.6,118.9,118.2,116.2,115.9,125.2,128.5,117.7,115.0,117.7,111.3,126.9,120.1,111.3,129.6,18.3,factory_normal
V02148,2025,Lexus,NX,223,Caviar,metallic,113.3,122.2,120.8,119.2,108.0,116.3,120.5,116.6,123.0,121.3,122.5,123.3,137.4,120.3,108.0,137.4,29.4,factory_normal
V02149,2025,Lexus,NX,223,Caviar,metallic,127.4,138.9,140.8,138.8,146.6,136.3,127.0,133.2,125.3,134.5,136.7,164.6,160.1,139.2,125.3,164.6,39.3,respray_suspected
V02150,2025,Lexus,NX,1J7,Atomic Silver,metallic,117.4,124.4,124.4,121.6,125.5,122.7,135.3,118.4,130.9,122.7,124.0,141.3,108.1,124.4,108.1,141.3,33.2,factory_normal
V02151,2026,Lexus,NX,077,Starfire Pearl,pearl,139.3,137.9,142.8,147.7,133.0,137.3,137.1,149.1,139.3,136.3,132.6,156.6,142.5,140.9,132.6,156.6,24.0,factory_normal
V02152,2026,Lexus,NX,223,Caviar,metallic,118.6,112.3,110.4,220.6,111.4,120.8,118.9,116.3,117.8,114.4,115.2,268.5,123.8,136.1,110.4,268.5,158.1,respray_suspected
V02153,2015,Lexus,IS,1J7,Atomic Silver,metallic,125.4,134.2,129.9,127.7,129.6,140.0,127.5,135.6,125.7,125.9,139.0,114.6,136.6,130.1,114.6,140.0,25.4,factory_normal
V02154,2015,Lexus,IS,223,Caviar,metallic,141.3,139.5,137.0,140.4,136.7,129.1,140.1,146.7,142.2,139.3,131.2,153.8,145.3,140.2,129.1,153.8,24.7,factory_normal
V02155,2016,Lexus,IS,223,Caviar,metallic,130.6,126.4,128.9,128.3,131.0,122.8,122.5,122.9,127.4,127.7,119.9,137.8,126.6,127.1,119.9,137.8,17.9,factory_normal
V02156,2016,Lexus,IS,077,Starfire Pearl,pearl,136.2,128.2,127.4,139.7,135.5,131.8,140.4,124.9,139.3,137.3,133.2,144.2,152.2,136.2,124.9,152.2,27.3,factory_normal
V02157,2017,Lexus,IS,223,Caviar,metallic,132.9,147.2,142.7,234.4,142.4,137.5,141.1,299.0,143.2,141.2,140.4,143.7,146.5,160.9,132.9,299.0,166.1,respray_suspected
V02158,2017,Lexus,IS,077,Starfire Pearl,pearl,157.2,146.3,141.0,147.6,163.1,154.5,152.2,150.5,152.1,151.3,157.0,176.8,167.7,155.2,141.0,176.8,35.8,respray_suspected
V02159,2017,Lexus,IS,077,Starfire Pearl,pearl,146.9,152.7,154.8,147.3,147.3,160.0,151.0,154.4,150.2,145.2,148.2,143.9,145.4,149.8,143.9,160.0,16.1,respray_suspected
V02160,2018,Lexus,IS,077,Starfire Pearl,pearl,157.8,156.8,150.3,153.1,153.1,155.9,148.8,160.5,151.7,157.7,147.2,153.2,147.3,153.3,147.2,160.5,13.3,respray_suspected
V02161,2018,Lexus,IS,223,Caviar,metallic,129.8,123.0,121.0,138.6,131.5,130.6,123.7,130.6,128.7,128.5,134.1,136.8,141.4,130.6,121.0,141.4,20.4,factory_normal
V02162,2018,Lexus,IS,1J7,Atomic Silver,metallic,128.4,126.8,133.9,136.8,132.3,136.2,130.3,131.9,133.4,129.0,134.3,144.7,148.7,134.4,126.8,148.7,21.9,factory_normal
V02163,2019,Lexus,IS,223,Caviar,metallic,137.7,132.6,124.8,137.8,125.8,139.0,128.4,133.6,126.1,134.4,141.3,135.7,151.0,134.5,124.8,151.0,26.2,factory_normal
V02164,2019,Lexus,IS,223,Caviar,metallic,126.1,119.5,118.0,125.8,118.3,134.9,131.2,134.2,134.0,131.8,122.6,112.9,310.0,139.9,112.9,310.0,197.1,repair_or_filler
V02165,2020,Lexus,IS,223,Caviar,metallic,238.8,137.1,140.4,137.1,145.2,143.3,140.7,143.2,134.6,199.2,144.7,134.1,162.9,153.9,134.1,238.8,104.7,respray_suspected
V02166,2020,Lexus,IS,223,Caviar,metallic,140.7,147.5,136.8,142.3,146.0,131.4,143.1,144.5,133.3,148.1,142.5,154.4,162.1,144.1,131.4,162.1,30.7,respray_suspected
V02167,2020,Lexus,IS,077,Starfire Pearl,pearl,145.1,145.3,141.9,152.2,134.5,147.4,152.9,141.7,154.4,143.0,148.6,157.1,159.5,148.0,134.5,159.5,25.0,factory_normal
V02168,2021,Lexus,IS,077,Starfire Pearl,pearl,141.6,137.3,138.9,204.6,294.1,130.2,134.3,146.1,144.2,140.5,140.3,160.0,156.8,159.1,130.2,294.1,163.9,respray_suspected
V02169,2021,Lexus,IS,223,Caviar,metallic,140.8,137.6,136.7,136.3,136.2,134.6,216.7,300.1,135.4,134.7,136.9,153.1,143.9,157.2,134.6,300.1,165.5,repair_or_filler
V02170,2022,Lexus,IS,223,Caviar,metallic,139.6,136.8,127.2,140.4,139.3,129.5,138.7,127.1,138.8,136.0,135.2,150.1,122.9,135.5,122.9,150.1,27.2,factory_normal
V02171,2022,Lexus,IS,077,Starfire Pearl,pearl,145.7,153.6,152.2,141.8,146.7,139.5,145.7,145.0,141.7,148.7,140.8,146.6,155.5,146.4,139.5,155.5,16.0,factory_normal
V02172,2022,Lexus,IS,223,Caviar,metallic,135.8,131.0,132.9,127.3,124.0,131.2,125.3,129.8,124.4,123.2,132.5,114.4,145.6,129.0,114.4,145.6,31.2,factory_normal
V02173,2023,Lexus,IS,223,Caviar,metallic,129.6,134.5,125.2,136.8,305.6,133.9,130.1,131.3,135.9,135.9,128.1,136.0,155.8,147.6,125.2,305.6,180.4,repair_or_filler
V02174,2023,Lexus,IS,1J7,Atomic Silver,metallic,126.5,131.0,133.1,215.9,128.7,120.1,121.0,124.0,133.8,128.5,124.9,144.6,126.3,135.3,120.1,215.9,95.8,respray_suspected
V02175,2023,Lexus,IS,223,Caviar,metallic,141.3,141.6,138.5,138.7,144.7,140.8,142.0,139.3,133.4,139.6,128.5,136.7,145.1,139.2,128.5,145.1,16.6,factory_normal
V02176,2024,Lexus,IS,077,Starfire Pearl,pearl,147.8,145.8,147.5,211.4,150.9,147.4,234.9,150.3,149.4,147.7,152.6,141.1,173.4,161.6,141.1,234.9,93.8,respray_suspected
V02177,2024,Lexus,IS,077,Starfire Pearl,pearl,151.4,139.2,140.9,148.4,140.3,142.7,143.8,148.1,149.2,137.4,147.0,149.2,170.1,146.7,137.4,170.1,32.7,respray_suspected
V02178,2024,Lexus,IS,1J7,Atomic Silver,metallic,131.4,132.7,129.8,134.6,131.1,129.1,127.4,128.8,126.8,124.8,135.4,139.8,138.1,131.5,124.8,139.8,15.0,factory_normal
V02179,2025,Lexus,IS,1J7,Atomic Silver,metallic,129.0,127.3,139.1,137.0,139.1,132.8,133.1,144.4,139.3,140.8,140.1,152.4,123.2,136.7,123.2,152.4,29.2,factory_normal
V02180,2025,Lexus,IS,223,Caviar,metallic,138.1,136.2,133.5,132.7,134.0,134.9,134.2,137.2,139.3,129.1,140.2,154.7,148.4,137.9,129.1,154.7,25.6,factory_normal
V02181,2025,Lexus,IS,077,Starfire Pearl,pearl,157.4,159.8,145.2,148.6,152.8,150.0,149.4,149.4,146.6,159.2,157.5,193.0,162.8,156.3,145.2,193.0,47.8,respray_suspected
V02182,2026,Lexus,IS,1J7,Atomic Silver,metallic,133.5,134.8,125.2,127.6,127.1,136.9,127.3,124.2,119.7,116.3,119.9,132.0,119.0,126.4,116.3,136.9,20.6,factory_normal
V02183,2026,Lexus,IS,1J7,Atomic Silver,metallic,125.8,131.4,128.4,120.4,125.9,132.3,136.0,121.1,130.3,133.6,139.5,146.3,148.9,132.3,120.4,148.9,28.5,factory_normal
V02184,2026,Lexus,IS,223,Caviar,metallic,130.3,132.1,135.1,134.1,135.2,135.7,128.1,127.0,135.2,127.8,130.8,155.9,158.3,135.8,127.0,158.3,31.3,factory_normal
V02185,2015,Lexus,GX,077,Starfire Pearl,pearl,161.0,156.6,150.7,161.7,158.6,170.9,156.5,159.3,156.5,155.7,165.6,170.3,153.2,159.7,150.7,170.9,20.2,respray_suspected
V02186,2015,Lexus,GX,077,Starfire Pearl,pearl,144.0,144.9,309.0,142.2,145.9,146.1,139.6,146.2,134.1,292.0,148.4,141.4,163.5,169.0,134.1,309.0,174.9,repair_or_filler
V02187,2015,Lexus,GX,1J7,Atomic Silver,metallic,148.0,139.5,142.5,151.2,149.6,161.0,150.9,155.6,148.6,145.8,145.2,156.7,148.9,149.5,139.5,161.0,21.5,respray_suspected
V02188,2016,Lexus,GX,223,Caviar,metallic,120.3,122.0,135.3,136.1,129.3,132.7,135.2,135.7,127.7,132.6,123.6,143.4,135.6,131.5,120.3,143.4,23.1,factory_normal
V02189,2016,Lexus,GX,1J7,Atomic Silver,metallic,142.7,141.7,149.6,145.1,148.1,136.3,139.2,141.5,140.0,143.8,143.0,156.7,165.6,145.6,136.3,165.6,29.3,respray_suspected
V02190,2017,Lexus,GX,223,Caviar,metallic,211.1,137.7,141.2,131.0,132.9,136.7,137.4,125.5,239.3,132.8,132.5,138.6,149.5,149.7,125.5,239.3,113.8,respray_suspected
V02191,2017,Lexus,GX,1J7,Atomic Silver,metallic,131.7,136.5,131.0,138.5,129.7,119.8,127.5,129.7,130.3,133.6,129.0,148.4,143.9,133.0,119.8,148.4,28.6,factory_normal
V02192,2017,Lexus,GX,223,Caviar,metallic,138.8,146.3,140.9,136.1,144.3,140.9,140.1,145.4,134.9,144.2,142.3,143.2,151.9,142.3,134.9,151.9,17.0,factory_normal
V02193,2018,Lexus,GX,223,Caviar,metallic,147.0,151.3,135.4,149.3,144.5,141.9,142.4,147.3,134.3,147.3,144.4,160.9,126.4,144.0,126.4,160.9,34.5,respray_suspected
V02194,2018,Lexus,GX,223,Caviar,metallic,131.5,126.3,124.2,137.3,132.4,126.0,135.0,126.2,134.9,126.5,132.4,133.5,144.3,131.6,124.2,144.3,20.1,factory_normal
V02195,2018,Lexus,GX,077,Starfire Pearl,pearl,140.8,221.7,133.6,134.4,134.1,266.3,129.3,140.5,127.9,143.3,131.8,135.4,153.6,153.3,127.9,266.3,138.4,respray_suspected
V02196,2019,Lexus,GX,223,Caviar,metallic,131.6,127.1,126.7,130.4,129.5,123.4,129.6,129.1,132.5,127.9,122.3,136.9,143.3,130.0,122.3,143.3,21.0,factory_normal
V02197,2019,Lexus,GX,077,Starfire Pearl,pearl,156.6,164.2,163.2,151.3,150.4,147.8,154.8,152.3,151.8,158.5,153.0,164.5,175.5,157.2,147.8,175.5,27.7,respray_suspected
V02198,2020,Lexus,GX,1J7,Atomic Silver,metallic,130.8,134.4,122.4,132.8,133.6,124.9,133.5,126.7,128.2,128.3,135.3,129.2,145.1,131.2,122.4,145.1,22.7,factory_normal
V02199,2020,Lexus,GX,1J7,Atomic Silver,metallic,145.2,146.1,296.8,153.3,140.8,149.8,157.3,147.6,146.1,144.4,146.0,143.1,138.5,158.1,138.5,296.8,158.3,respray_suspected
V02200,2020,Lexus,GX,077,Starfire Pearl,pearl,144.4,134.7,147.3,139.4,133.7,137.0,146.8,149.7,142.4,138.8,148.8,303.6,131.7,153.7,131.7,303.6,171.9,repair_or_filler
V02201,2021,Lexus,GX,077,Starfire Pearl,pearl,157.5,149.2,159.3,155.8,161.7,146.4,149.8,155.6,152.5,143.1,236.3,159.7,278.9,169.7,143.1,278.9,135.8,respray_suspected
V02202,2021,Lexus,GX,1J7,Atomic Silver,metallic,127.4,130.1,125.9,129.4,132.9,124.4,129.1,126.9,126.5,130.5,135.7,138.6,152.0,131.5,124.4,152.0,27.6,factory_normal
V02203,2022,Lexus,GX,077,Starfire Pearl,pearl,148.3,150.8,146.7,145.6,137.7,139.9,144.5,137.5,147.6,136.9,143.7,151.5,145.0,144.3,136.9,151.5,14.6,factory_normal
V02204,2022,Lexus,GX,223,Caviar,metallic,140.5,137.1,146.0,131.6,145.9,150.4,141.3,142.0,141.4,144.7,143.5,148.9,331.1,157.3,131.6,331.1,199.5,repair_or_filler
V02205,2023,Lexus,GX,077,Starfire Pearl,pearl,144.9,143.8,157.6,153.9,155.1,147.1,148.6,147.7,152.2,151.8,159.1,144.1,170.6,152.0,143.8,170.6,26.8,respray_suspected
V02206,2023,Lexus,GX,077,Starfire Pearl,pearl,132.9,144.2,140.5,136.7,137.4,135.8,143.5,137.2,143.0,141.8,134.2,142.0,143.2,139.4,132.9,144.2,11.3,factory_normal
V02207,2023,Lexus,GX,1J7,Atomic Silver,metallic,123.8,128.8,131.5,121.7,135.7,125.4,139.6,134.9,131.0,132.1,122.6,125.0,142.7,130.4,121.7,142.7,21.0,factory_normal
V02208,2024,Lexus,GX,223,Caviar,metallic,128.5,136.0,132.9,134.2,132.5,131.2,141.3,136.6,130.5,136.6,135.4,139.5,138.3,134.9,128.5,141.3,12.8,factory_normal
V02209,2024,Lexus,GX,223,Caviar,metallic,145.3,148.4,136.7,139.3,151.4,137.0,138.1,145.1,129.2,127.6,133.2,163.6,122.2,139.8,122.2,163.6,41.4,respray_suspected
V02210,2024,Lexus,GX,077,Starfire Pearl,pearl,157.2,146.7,156.1,147.5,151.7,153.8,262.8,152.3,154.0,158.2,150.9,152.0,329.1,174.8,146.7,329.1,182.4,repair_or_filler
V02211,2025,Lexus,GX,1J7,Atomic Silver,metallic,120.4,121.3,132.9,120.6,128.0,130.8,126.9,116.3,119.5,125.6,124.0,132.5,149.9,126.8,116.3,149.9,33.6,factory_normal
V02212,2025,Lexus,GX,1J7,Atomic Silver,metallic,134.6,139.6,143.7,154.2,142.1,144.3,138.6,139.8,141.3,142.2,140.3,174.2,135.2,143.9,134.6,174.2,39.6,respray_suspected
V02213,2026,Lexus,GX,1J7,Atomic Silver,metallic,120.6,118.9,117.5,114.0,125.0,130.0,114.2,116.4,120.3,121.2,125.0,119.9,119.7,120.2,114.0,130.0,16.0,factory_normal
V02214,2026,Lexus,GX,1J7,Atomic Silver,metallic,126.1,131.9,125.9,130.9,119.1,130.9,123.1,127.0,118.2,130.1,124.5,148.8,147.6,129.5,118.2,148.8,30.6,factory_normal
V02215,2026,Lexus,GX,1J7,Atomic Silver,metallic,123.9,122.3,116.7,114.5,124.7,117.0,116.2,121.3,121.0,116.0,117.6,115.5,120.7,119.0,114.5,124.7,10.2,factory_normal
V02216,2015,Tesla,Model S,PMAU,Midnight Silver Metallic,metallic,107.1,117.3,111.4,112.7,103.5,110.5,114.5,109.6,117.4,107.3,107.9,102.5,129.8,111.7,102.5,129.8,27.3,factory_normal
V02217,2015,Tesla,Model S,PBSB,Deep Blue Metallic,metallic,88.6,97.8,87.9,87.0,86.7,95.6,93.2,89.3,89.3,88.3,93.2,106.3,95.5,92.2,86.7,106.3,19.6,factory_normal
V02218,2015,Tesla,Model S,PPMR,Red Multi-Coat,tri-coat,107.5,99.2,102.7,94.8,101.9,97.7,102.9,90.3,104.8,99.3,93.8,118.1,96.2,100.7,90.3,118.1,27.8,factory_normal
V02219,2016,Tesla,Model S,PBSB,Deep Blue Metallic,metallic,110.6,101.2,102.4,103.3,110.6,111.5,111.8,97.5,115.3,90.8,105.5,125.0,124.9,108.5,90.8,125.0,34.2,factory_normal
V02220,2016,Tesla,Model S,PPSW,Pearl White Multi-Coat,tri-coat,97.2,105.6,109.8,105.9,104.1,105.9,97.4,106.0,102.3,107.3,101.2,104.8,172.4,109.2,97.2,172.4,75.2,respray_suspected
V02221,2017,Tesla,Model S,PPSW,Pearl White Multi-Coat,tri-coat,128.9,126.9,138.1,130.6,128.7,129.9,132.5,129.1,124.9,132.8,131.0,140.4,142.5,132.0,124.9,142.5,17.6,factory_normal
V02222,2017,Tesla,Model S,PPSW,Pearl White Multi-Coat,tri-coat,95.4,100.6,90.9,98.9,90.2,92.8,95.6,101.4,83.5,101.0,91.0,80.0,128.4,96.1,80.0,128.4,48.4,factory_normal
V02223,2017,Tesla,Model S,PMAU,Midnight Silver Metallic,metallic,79.2,83.3,74.9,75.0,72.9,80.0,76.4,79.5,82.5,76.1,77.9,107.3,78.7,80.3,72.9,107.3,34.4,thin_caution
V02224,2018,Tesla,Model S,PPMR,Red Multi-Coat,tri-coat,109.1,105.7,116.3,110.0,109.8,101.7,101.4,105.4,114.6,101.6,107.2,113.1,101.0,107.5,101.0,116.3,15.3,factory_normal
V02225,2018,Tesla,Model S,PPSW,Pearl White Multi-Coat,tri-coat,83.2,95.5,80.5,89.2,84.2,85.7,93.7,87.3,91.2,77.3,82.9,103.2,103.1,89.0,77.3,103.2,25.9,thin_caution
V02226,2018,Tesla,Model S,PPMR,Red Multi-Coat,tri-coat,82.8,83.7,89.8,80.3,70.9,85.1,91.2,92.1,83.4,84.9,95.7,73.3,97.2,85.4,70.9,97.2,26.3,thin_caution
V02227,2019,Tesla,Model S,PPMR,Red Multi-Coat,tri-coat,102.8,100.9,109.3,104.0,105.9,105.8,101.8,106.4,98.3,105.1,99.7,127.6,128.9,107.4,98.3,128.9,30.6,factory_normal
V02228,2019,Tesla,Model S,PPSW,Pearl White Multi-Coat,tri-coat,109.7,109.1,96.0,121.2,109.1,109.7,106.0,112.7,109.4,92.3,103.8,123.2,115.7,109.1,92.3,123.2,30.9,factory_normal
V02229,2019,Tesla,Model S,PPSW,Pearl White Multi-Coat,tri-coat,84.2,84.1,90.1,78.2,92.0,94.2,86.3,95.0,95.4,80.7,84.7,87.6,97.0,88.4,78.2,97.0,18.8,thin_caution
V02230,2020,Tesla,Model S,PPMR,Red Multi-Coat,tri-coat,124.3,120.5,115.9,132.2,116.8,119.1,123.4,117.0,123.8,118.8,122.2,150.9,134.8,124.6,115.9,150.9,35.0,factory_normal
V02231,2020,Tesla,Model S,PPSW,Pearl White Multi-Coat,tri-coat,135.0,127.7,127.9,139.6,128.1,135.6,131.0,129.7,131.3,128.8,124.3,145.4,133.9,132.2,124.3,145.4,21.1,factory_normal
V02232,2021,Tesla,Model S,PPSW,Pearl White Multi-Coat,tri-coat,103.6,92.7,258.0,101.7,95.8,109.8,105.4,102.8,101.8,100.9,101.7,120.0,121.0,116.6,92.7,258.0,165.3,respray_suspected
V02233,2021,Tesla,Model S,PBSB,Deep Blue Metallic,metallic,76.1,74.9,70.9,70.2,88.1,72.7,77.1,71.2,69.4,63.3,73.1,98.2,87.4,76.4,63.3,98.2,34.9,thin_caution
V02234,2022,Tesla,Model S,PPSW,Pearl White Multi-Coat,tri-coat,116.0,125.0,118.3,115.1,116.7,123.6,107.9,113.0,110.3,117.2,119.6,107.2,130.4,116.9,107.2,130.4,23.2,factory_normal
V02235,2022,Tesla,Model S,PPMR,Red Multi-Coat,tri-coat,130.6,128.5,124.3,111.4,121.7,125.7,118.8,128.3,118.8,119.7,134.8,239.5,130.3,133.3,111.4,239.5,128.1,respray_suspected
V02236,2023,Tesla,Model S,PPMR,Red Multi-Coat,tri-coat,206.3,127.0,130.7,128.7,128.8,121.5,126.4,267.9,125.8,118.0,128.5,126.7,116.8,142.5,116.8,267.9,151.1,respray_suspected
V02237,2023,Tesla,Model S,PPMR,Red Multi-Coat,tri-coat,91.5,85.1,91.9,96.3,81.3,98.0,92.4,87.9,88.3,85.6,89.8,108.8,72.5,90.0,72.5,108.8,36.3,thin_caution
V02238,2023,Tesla,Model S,PPSW,Pearl White Multi-Coat,tri-coat,85.7,91.2,84.9,83.4,89.8,82.3,86.3,86.9,84.1,86.8,97.5,80.0,74.4,85.6,74.4,97.5,23.1,thin_caution
V02239,2024,Tesla,Model S,PPSW,Pearl White Multi-Coat,tri-coat,95.2,86.7,97.8,95.4,92.2,92.5,99.7,93.5,90.5,98.6,87.0,81.5,90.5,92.4,81.5,99.7,18.2,factory_normal
V02240,2024,Tesla,Model S,PPMR,Red Multi-Coat,tri-coat,101.6,108.3,100.0,97.2,107.0,95.6,104.6,109.5,98.9,95.5,108.2,115.2,113.0,104.2,95.5,115.2,19.7,factory_normal
V02241,2025,Tesla,Model S,PBSB,Deep Blue Metallic,metallic,105.8,111.2,104.5,112.5,111.2,103.8,101.9,101.3,99.3,113.9,102.6,115.8,110.0,107.2,99.3,115.8,16.5,factory_normal
V02242,2025,Tesla,Model S,PPSW,Pearl White Multi-Coat,tri-coat,121.4,124.4,120.3,130.2,114.4,123.8,114.0,115.4,126.8,122.8,114.6,120.7,100.3,119.2,100.3,130.2,29.9,factory_normal
V02243,2026,Tesla,Model S,PPSW,Pearl White Multi-Coat,tri-coat,121.6,114.9,116.4,120.6,111.7,121.2,121.1,125.7,119.3,119.3,109.8,126.4,126.6,119.6,109.8,126.6,16.8,factory_normal
V02244,2026,Tesla,Model S,PBSB,Deep Blue Metallic,metallic,96.7,89.0,99.6,94.7,98.6,94.8,95.9,90.0,106.3,101.5,97.1,97.0,107.1,97.6,89.0,107.1,18.1,factory_normal
V02245,2026,Tesla,Model S,PPSW,Pearl White Multi-Coat,tri-coat,114.0,114.3,117.5,120.2,115.0,116.4,116.3,110.8,114.3,108.4,115.6,146.3,134.4,118.7,108.4,146.3,37.9,factory_normal
V02246,2015,Tesla,Model 3,PPMR,Red Multi-Coat,tri-coat,117.0,118.8,111.3,113.2,117.3,107.2,128.7,121.5,223.6,121.8,118.0,136.5,144.8,129.2,107.2,223.6,116.4,respray_suspected
V02247,2015,Tesla,Model 3,PPMR,Red Multi-Coat,tri-coat,125.2,128.5,125.9,130.8,136.3,123.0,133.3,122.6,129.1,134.9,128.6,145.8,139.0,131.0,122.6,145.8,23.2,factory_normal
V02248,2015,Tesla,Model 3,PBSB,Deep Blue Metallic,metallic,95.6,92.5,96.8,92.4,96.7,105.8,106.5,94.6,96.8,100.0,93.9,95.2,122.5,99.2,92.4,122.5,30.1,factory_normal
V02249,2016,Tesla,Model 3,PPSW,Pearl White Multi-Coat,tri-coat,121.3,136.9,133.4,135.8,124.3,145.0,124.9,139.7,127.1,127.0,137.5,142.8,146.9,134.0,121.3,146.9,25.6,factory_normal
V02250,2016,Tesla,Model 3,PMAU,Midnight Silver Metallic,metallic,97.1,96.7,92.6,95.2,96.0,100.1,91.3,94.6,99.4,97.7,81.2,102.6,89.7,94.9,81.2,102.6,21.4,factory_normal
V02251,2017,Tesla,Model 3,PBSB,Deep Blue Metallic,metallic,117.7,121.7,281.6,118.3,111.9,128.0,108.7,118.8,109.6,118.6,117.4,223.7,122.9,138.4,108.7,281.6,172.9,respray_suspected
V02252,2017,Tesla,Model 3,PPSW,Pearl White Multi-Coat,tri-coat,105.2,112.3,110.7,99.5,114.6,102.7,107.0,114.6,105.0,112.6,104.3,123.8,137.0,111.5,99.5,137.0,37.5,factory_normal
V02253,2018,Tesla,Model 3,PBSB,Deep Blue Metallic,metallic,109.4,113.5,115.3,105.5,110.3,112.8,117.2,112.0,107.5,113.1,108.4,139.3,109.3,113.4,105.5,139.3,33.8,factory_normal
V02254,2018,Tesla,Model 3,PPMR,Red Multi-Coat,tri-coat,103.0,102.1,112.0,102.9,110.3,102.9,104.4,102.0,104.3,102.0,116.4,120.1,111.3,107.2,102.0,120.1,18.1,factory_normal
V02255,2019,Tesla,Model 3,PPSW,Pearl White Multi-Coat,tri-coat,108.2,114.6,114.2,110.1,107.3,114.3,112.7,109.1,105.3,121.8,117.8,113.7,120.5,113.0,105.3,121.8,16.5,factory_normal
V02256,2019,Tesla,Model 3,PMAU,Midnight Silver Metallic,metallic,98.9,100.3,97.0,98.7,96.2,95.0,93.0,84.9,89.3,96.2,84.4,117.4,103.5,96.5,84.4,117.4,33.0,factory_normal
V02257,2019,Tesla,Model 3,PPSW,Pearl White Multi-Coat,tri-coat,112.8,100.0,100.9,95.4,107.7,100.6,114.1,98.7,110.3,110.1,102.9,124.9,135.3,108.7,95.4,135.3,39.9,factory_normal
V02258,2020,Tesla,Model 3,PMAU,Midnight Silver Metallic,metallic,108.3,112.1,102.8,96.8,98.0,106.7,102.1,110.0,109.1,104.7,98.8,121.5,109.5,106.2,96.8,121.5,24.7,factory_normal
V02259,2020,Tesla,Model 3,PBSB,Deep Blue Metallic,metallic,114.9,186.2,111.9,113.1,111.1,121.4,116.1,108.9,114.3,122.2,123.5,116.6,202.9,127.9,108.9,202.9,94.0,respray_suspected
V02260,2020,Tesla,Model 3,PPMR,Red Multi-Coat,tri-coat,100.8,111.3,107.0,111.3,108.8,100.6,102.7,111.7,112.0,104.1,117.3,131.7,117.5,110.5,100.6,131.7,31.1,factory_normal
V02261,2021,Tesla,Model 3,PMAU,Midnight Silver Metallic,metallic,100.1,108.3,104.1,101.3,104.6,103.7,100.6,114.8,101.5,112.7,113.7,105.5,98.9,105.4,98.9,114.8,15.9,factory_normal
V02262,2021,Tesla,Model 3,PMAU,Midnight Silver Metallic,metallic,103.1,106.8,95.7,106.8,97.3,248.3,190.6,112.8,104.2,97.7,94.3,122.3,105.3,121.9,94.3,248.3,154.0,respray_suspected
V02263,2022,Tesla,Model 3,PMAU,Midnight Silver Metallic,metallic,121.6,110.1,118.0,111.2,122.3,120.8,187.0,114.9,114.9,122.5,118.0,128.8,123.6,124.1,110.1,187.0,76.9,respray_suspected
V02264,2022,Tesla,Model 3,PBSB,Deep Blue Metallic,metallic,88.8,86.2,99.0,100.5,94.5,90.3,82.6,98.4,89.2,95.9,91.2,101.6,95.0,93.3,82.6,101.6,19.0,factory_normal
V02265,2022,Tesla,Model 3,PPMR,Red Multi-Coat,tri-coat,115.1,106.3,109.3,116.6,104.3,116.6,108.9,115.9,115.8,116.8,109.5,117.0,124.4,113.6,104.3,124.4,20.1,factory_normal
V02266,2023,Tesla,Model 3,PMAU,Midnight Silver Metallic,metallic,107.5,106.9,100.2,102.1,110.3,100.5,118.9,98.7,106.8,116.4,110.1,104.8,97.5,106.2,97.5,118.9,21.4,factory_normal
V02267,2023,Tesla,Model 3,PBSB,Deep Blue Metallic,metallic,109.4,118.9,108.8,114.7,111.5,108.9,107.9,111.0,121.3,107.5,116.3,105.3,128.7,113.1,105.3,128.7,23.4,factory_normal
V02268,2024,Tesla,Model 3,PBSB,Deep Blue Metallic,metallic,97.2,88.8,93.8,94.3,88.3,97.9,97.4,90.3,95.5,98.1,93.3,114.2,120.7,97.7,88.3,120.7,32.4,factory_normal
V02269,2024,Tesla,Model 3,PBSB,Deep Blue Metallic,metallic,87.9,85.3,97.3,91.8,101.8,106.5,95.8,94.1,100.6,100.9,100.5,84.3,101.2,96.0,84.3,106.5,22.2,factory_normal
V02270,2025,Tesla,Model 3,PMAU,Midnight Silver Metallic,metallic,94.4,95.5,88.6,90.4,92.6,86.1,92.3,98.2,95.1,91.7,89.0,101.7,78.8,91.9,78.8,101.7,22.9,factory_normal
V02271,2025,Tesla,Model 3,PPSW,Pearl White Multi-Coat,tri-coat,107.8,109.0,106.8,103.6,98.2,97.8,108.8,103.6,90.7,97.8,93.0,106.5,112.3,102.8,90.7,112.3,21.6,factory_normal
V02272,2026,Tesla,Model 3,PPSW,Pearl White Multi-Coat,tri-coat,100.1,101.2,97.8,101.1,90.3,99.3,98.2,108.1,95.4,104.7,97.9,90.0,86.1,97.7,86.1,108.1,22.0,factory_normal
V02273,2026,Tesla,Model 3,PBSB,Deep Blue Metallic,metallic,94.5,86.5,95.1,78.2,76.7,75.6,94.3,89.0,90.7,85.5,83.0,96.9,105.7,88.6,75.6,105.7,30.1,thin_caution
V02274,2026,Tesla,Model 3,PPSW,Pearl White Multi-Coat,tri-coat,100.1,89.1,103.0,100.9,101.7,97.8,97.8,102.3,97.5,94.8,99.2,116.8,83.7,98.8,83.7,116.8,33.1,factory_normal
V02275,2015,Tesla,Model X,PPMR,Red Multi-Coat,tri-coat,98.9,96.2,99.2,97.1,104.6,91.8,96.8,97.2,109.6,103.5,102.3,121.7,101.3,101.6,91.8,121.7,29.9,factory_normal
V02276,2015,Tesla,Model X,PBSB,Deep Blue Metallic,metallic,105.2,109.0,103.3,102.8,105.2,112.1,105.2,111.4,103.2,100.6,101.2,115.2,107.7,106.3,100.6,115.2,14.6,factory_normal
V02277,2016,Tesla,Model X,PMAU,Midnight Silver Metallic,metallic,122.4,123.3,121.1,126.0,118.3,114.4,108.7,122.1,122.5,119.6,117.0,142.1,126.4,121.8,108.7,142.1,33.4,factory_normal
V02278,2016,Tesla,Model X,PPMR,Red Multi-Coat,tri-coat,115.2,103.5,105.6,104.1,101.6,97.0,109.8,103.1,108.6,114.9,107.2,101.9,94.1,105.1,94.1,115.2,21.1,factory_normal
V02279,2017,Tesla,Model X,PBSB,Deep Blue Metallic,metallic,97.0,94.2,93.5,101.1,102.7,103.5,102.0,97.7,84.2,97.1,102.8,91.3,89.3,96.6,84.2,103.5,19.3,factory_normal
V02280,2017,Tesla,Model X,PBSB,Deep Blue Metallic,metallic,107.0,105.7,105.7,113.4,109.2,115.4,99.5,112.6,109.1,109.1,113.0,106.9,121.7,109.9,99.5,121.7,22.2,factory_normal
V02281,2017,Tesla,Model X,PPSW,Pearl White Multi-Coat,tri-coat,110.9,118.1,118.9,121.8,210.8,121.8,124.5,122.6,121.2,120.9,118.1,125.0,107.7,126.3,107.7,210.8,103.1,respray_suspected
V02282,2018,Tesla,Model X,PMAU,Midnight Silver Metallic,metallic,108.7,110.9,99.9,107.6,110.6,103.2,108.5,107.7,110.7,101.9,109.0,142.3,111.9,110.2,99.9,142.3,42.4,factory_normal
V02283,2018,Tesla,Model X,PBSB,Deep Blue Metallic,metallic,111.9,108.1,111.0,115.6,117.8,112.8,120.7,121.5,113.2,114.6,103.6,116.6,137.9,115.8,103.6,137.9,34.3,factory_normal
V02284,2019,Tesla,Model X,PPMR,Red Multi-Coat,tri-coat,114.9,119.6,104.1,115.2,115.6,122.6,117.9,113.0,111.7,111.0,119.8,110.3,115.0,114.7,104.1,122.6,18.5,factory_normal
V02285,2019,Tesla,Model X,PBSB,Deep Blue Metallic,metallic,108.5,104.4,107.2,120.9,107.4,113.6,103.7,106.5,105.0,105.2,117.3,107.8,116.5,109.5,103.7,120.9,17.2,factory_normal
V02286,2019,Tesla,Model X,PPMR,Red Multi-Coat,tri-coat,124.6,128.4,123.3,132.0,121.7,121.2,129.5,137.6,138.9,135.3,124.8,165.5,132.9,132.0,121.2,165.5,44.3,respray_suspected
V02287,2020,Tesla,Model X,PPMR,Red Multi-Coat,tri-coat,114.6,135.1,123.2,121.4,119.3,118.5,123.3,124.8,116.8,122.6,116.9,142.1,140.9,124.6,114.6,142.1,27.5,factory_normal
V02288,2020,Tesla,Model X,PMAU,Midnight Silver Metallic,metallic,96.7,92.1,83.9,87.1,88.8,85.7,84.2,85.0,82.1,95.7,90.2,91.3,103.4,89.7,82.1,103.4,21.3,thin_caution
V02289,2020,Tesla,Model X,PMAU,Midnight Silver Metallic,metallic,91.3,89.0,85.7,98.6,90.0,87.2,88.4,89.7,179.3,88.2,78.1,99.0,82.6,95.9,78.1,179.3,101.2,respray_suspected
V02290,2021,Tesla,Model X,PBSB,Deep Blue Metallic,metallic,89.7,82.2,88.8,88.1,85.2,76.6,87.6,84.8,94.7,86.8,82.4,97.3,93.0,87.5,76.6,97.3,20.7,thin_caution
V02291,2021,Tesla,Model X,PBSB,Deep Blue Metallic,metallic,76.0,77.2,73.8,73.7,78.5,76.0,79.6,76.4,72.5,75.6,78.9,93.7,68.2,76.9,68.2,93.7,25.5,thin_caution
V02292,2022,Tesla,Model X,PMAU,Midnight Silver Metallic,metallic,113.6,114.1,113.9,108.1,113.4,117.0,112.8,108.0,117.4,115.8,109.9,113.2,135.0,114.8,108.0,135.0,27.0,factory_normal
V02293,2022,Tesla,Model X,PPMR,Red Multi-Coat,tri-coat,91.6,100.3,85.3,101.2,108.2,100.3,96.5,93.2,94.5,103.1,99.1,101.9,100.4,98.1,85.3,108.2,22.9,factory_normal
V02294,2023,Tesla,Model X,PBSB,Deep Blue Metallic,metallic,92.0,98.1,101.1,102.3,93.1,88.3,83.3,104.1,97.5,91.7,98.9,83.1,97.5,94.7,83.1,104.1,21.0,factory_normal
V02295,2023,Tesla,Model X,PBSB,Deep Blue Metallic,metallic,99.5,100.6,106.1,99.4,110.2,100.9,100.8,94.2,100.9,105.2,97.3,124.1,101.5,103.1,94.2,124.1,29.9,factory_normal
V02296,2023,Tesla,Model X,PPSW,Pearl White Multi-Coat,tri-coat,119.4,113.1,116.0,109.6,118.4,106.7,119.5,122.1,114.5,261.7,121.7,264.2,138.7,140.4,106.7,264.2,157.5,respray_suspected
V02297,2024,Tesla,Model X,PPMR,Red Multi-Coat,tri-coat,104.9,103.7,242.3,104.2,181.9,102.8,106.6,114.3,110.5,114.6,114.9,135.9,108.7,126.6,102.8,242.3,139.5,respray_suspected
V02298,2024,Tesla,Model X,PBSB,Deep Blue Metallic,metallic,97.1,95.6,95.7,92.6,109.2,102.8,107.0,99.8,97.0,99.8,83.6,119.5,101.8,100.1,83.6,119.5,35.9,factory_normal
V02299,2024,Tesla,Model X,PPSW,Pearl White Multi-Coat,tri-coat,99.4,90.7,98.0,97.7,99.5,104.7,97.1,104.8,103.5,105.1,97.9,137.6,123.3,104.6,90.7,137.6,46.9,factory_normal
V02300,2025,Tesla,Model X,PPMR,Red Multi-Coat,tri-coat,97.2,90.6,99.0,90.1,95.3,96.6,91.9,96.4,95.5,89.0,88.9,92.5,111.0,94.9,88.9,111.0,22.1,factory_normal
V02301,2025,Tesla,Model X,PMAU,Midnight Silver Metallic,metallic,246.1,117.5,109.0,107.2,109.0,109.4,173.7,96.7,104.9,110.1,108.5,124.0,118.1,125.7,96.7,246.1,149.4,respray_suspected
V02302,2026,Tesla,Model X,PPMR,Red Multi-Coat,tri-coat,119.6,193.1,120.9,121.5,119.7,119.8,120.9,123.1,124.2,127.5,123.4,138.6,122.9,128.9,119.6,193.1,73.5,respray_suspected
V02303,2026,Tesla,Model X,PBSB,Deep Blue Metallic,metallic,98.0,100.0,90.4,100.2,96.1,95.7,95.7,97.8,89.4,95.6,88.8,107.7,111.1,97.4,88.8,111.1,22.3,factory_normal
V02304,2026,Tesla,Model X,PPMR,Red Multi-Coat,tri-coat,92.2,94.7,102.5,105.2,93.7,91.9,92.1,95.6,95.0,98.3,104.0,92.0,98.2,96.6,91.9,105.2,13.3,factory_normal
V02305,2015,Tesla,Model Y,PPSW,Pearl White Multi-Coat,tri-coat,117.3,119.5,114.0,108.5,124.2,116.8,114.6,124.8,108.5,118.7,108.0,116.9,126.9,116.8,108.0,126.9,18.9,factory_normal
V02306,2015,Tesla,Model Y,PBSB,Deep Blue Metallic,metallic,93.9,94.1,95.7,98.4,105.7,94.2,98.5,93.3,92.7,104.5,93.9,100.8,92.6,96.8,92.6,105.7,13.1,factory_normal
V02307,2016,Tesla,Model Y,PBSB,Deep Blue Metallic,metallic,123.0,123.6,115.1,130.9,122.9,128.0,132.8,126.1,118.7,127.0,121.8,121.6,114.4,123.5,114.4,132.8,18.4,factory_normal
V02308,2016,Tesla,Model Y,PMAU,Midnight Silver Metallic,metallic,87.6,93.8,88.3,89.6,97.2,83.7,88.7,92.6,92.6,88.0,90.2,96.5,95.2,91.1,83.7,97.2,13.5,factory_normal
V02309,2017,Tesla,Model Y,PPMR,Red Multi-Coat,tri-coat,133.3,128.0,123.0,135.4,134.2,131.1,132.1,131.2,125.4,134.4,131.8,130.1,148.6,132.2,123.0,148.6,25.6,factory_normal
V02310,2017,Tesla,Model Y,PBSB,Deep Blue Metallic,metallic,115.8,106.8,110.3,116.7,110.8,112.5,105.9,105.5,104.5,112.2,108.0,119.5,129.9,112.2,104.5,129.9,25.4,factory_normal
V02311,2017,Tesla,Model Y,PPSW,Pearl White Multi-Coat,tri-coat,114.5,110.5,114.5,111.9,108.1,118.6,113.0,117.8,119.8,100.8,109.0,122.5,124.2,114.2,100.8,124.2,23.4,factory_normal
V02312,2018,Tesla,Model Y,PBSB,Deep Blue Metallic,metallic,90.5,98.3,89.6,96.9,97.7,91.5,89.0,100.6,102.5,106.4,98.5,112.7,90.2,97.3,89.0,112.7,23.7,factory_normal
V02313,2018,Tesla,Model Y,PMAU,Midnight Silver Metallic,metallic,111.7,112.5,111.7,115.7,116.8,115.5,109.1,108.3,118.7,124.7,118.9,115.0,129.3,116.0,108.3,129.3,21.0,factory_normal
V02314,2018,Tesla,Model Y,PMAU,Midnight Silver Metallic,metallic,98.1,96.7,98.8,104.0,100.6,100.1,97.7,103.0,102.4,101.5,94.6,236.8,113.9,111.4,94.6,236.8,142.2,respray_suspected
V02315,2019,Tesla,Model Y,PPSW,Pearl White Multi-Coat,tri-coat,118.2,124.0,131.1,107.4,111.9,119.0,121.9,117.4,126.5,118.9,113.1,120.6,90.2,116.9,90.2,131.1,40.9,factory_normal
V02316,2019,Tesla,Model Y,PPMR,Red Multi-Coat,tri-coat,102.2,93.7,104.6,91.7,98.3,112.7,98.0,96.7,104.8,105.4,114.0,111.4,116.2,103.8,91.7,116.2,24.5,factory_normal
V02317,2020,Tesla,Model Y,PPMR,Red Multi-Coat,tri-coat,102.7,102.8,101.4,103.7,107.2,96.2,102.7,102.8,97.5,98.4,114.0,121.4,85.3,102.8,85.3,121.4,36.1,factory_normal
V02318,2020,Tesla,Model Y,PPSW,Pearl White Multi-Coat,tri-coat,119.8,117.3,114.6,112.9,112.2,119.0,108.8,105.1,109.2,116.3,123.0,119.5,119.6,115.2,105.1,123.0,17.9,factory_normal
V02319,2021,Tesla,Model Y,PMAU,Midnight Silver Metallic,metallic,267.6,113.2,113.2,122.2,114.6,121.5,110.1,118.8,120.3,110.3,115.9,118.1,289.2,141.2,110.1,289.2,179.1,respray_suspected
V02320,2021,Tesla,Model Y,PPMR,Red Multi-Coat,tri-coat,125.1,115.0,123.8,126.3,122.2,125.2,125.7,117.8,121.3,128.4,108.5,151.6,142.0,125.6,108.5,151.6,43.1,factory_normal
V02321,2021,Tesla,Model Y,PBSB,Deep Blue Metallic,metallic,122.8,116.5,107.6,116.1,122.3,113.4,111.6,111.4,125.4,114.7,112.2,126.4,122.1,117.1,107.6,126.4,18.8,factory_normal
V02322,2022,Tesla,Model Y,PPSW,Pearl White Multi-Coat,tri-coat,105.3,121.5,120.4,111.8,117.3,114.2,117.0,106.1,114.7,122.9,111.6,128.6,111.4,115.6,105.3,128.6,23.3,factory_normal
V02323,2022,Tesla,Model Y,PBSB,Deep Blue Metallic,metallic,125.0,128.9,118.5,119.1,120.6,130.1,118.9,122.7,124.9,120.3,126.5,136.3,123.4,124.2,118.5,136.3,17.8,factory_normal
V02324,2023,Tesla,Model Y,PPMR,Red Multi-Coat,tri-coat,110.0,119.4,119.4,111.1,115.9,115.8,102.3,108.0,112.9,108.7,116.7,122.2,126.9,114.6,102.3,126.9,24.6,factory_normal
V02325,2023,Tesla,Model Y,PPMR,Red Multi-Coat,tri-coat,135.3,128.1,132.7,134.5,288.6,123.0,121.2,130.5,128.6,137.4,273.1,137.2,137.0,154.4,121.2,288.6,167.4,respray_suspected
V02326,2024,Tesla,Model Y,PMAU,Midnight Silver Metallic,metallic,89.2,95.2,94.2,92.6,78.5,94.6,94.0,96.5,100.0,93.8,97.0,117.6,111.0,96.5,78.5,117.6,39.1,factory_normal
V02327,2024,Tesla,Model Y,PMAU,Midnight Silver Metallic,metallic,94.2,97.2,85.0,84.9,82.4,92.1,87.9,97.8,86.8,92.3,93.9,97.9,107.2,92.3,82.4,107.2,24.8,factory_normal
V02328,2024,Tesla,Model Y,PBSB,Deep Blue Metallic,metallic,111.7,108.9,112.4,97.9,107.1,104.6,105.7,98.5,102.6,105.1,108.8,106.4,103.6,105.6,97.9,112.4,14.5,factory_normal
V02329,2025,Tesla,Model Y,PPSW,Pearl White Multi-Coat,tri-coat,139.9,133.6,138.0,131.6,131.8,133.5,128.8,131.3,129.5,133.0,134.5,156.6,148.9,136.2,128.8,156.6,27.8,factory_normal
V02330,2025,Tesla,Model Y,PPMR,Red Multi-Coat,tri-coat,101.9,102.3,92.0,100.9,99.2,105.4,98.3,93.8,104.7,108.0,110.0,95.0,118.8,102.3,92.0,118.8,26.8,factory_normal
V02331,2026,Tesla,Model Y,PMAU,Midnight Silver Metallic,metallic,90.7,87.9,91.9,83.6,81.9,82.7,89.5,77.1,76.4,84.3,88.1,105.2,93.0,87.1,76.4,105.2,28.8,thin_caution
V02332,2026,Tesla,Model Y,PPSW,Pearl White Multi-Coat,tri-coat,110.4,108.0,114.9,118.5,105.9,112.7,115.8,122.7,109.6,115.8,113.0,125.5,145.3,116.8,105.9,145.3,39.4,factory_normal
V02333,2026,Tesla,Model Y,PMAU,Midnight Silver Metallic,metallic,112.4,120.9,117.7,123.8,123.8,124.6,128.5,116.7,117.9,113.6,115.2,115.5,124.4,119.6,112.4,128.5,16.1,factory_normal
V02334,2015,Jeep,Wrangler,PX8,Black,solid,104.2,107.2,108.6,103.7,110.3,102.1,107.6,103.1,108.5,103.4,106.6,117.8,111.4,107.3,102.1,117.8,15.7,factory_normal
V02335,2015,Jeep,Wrangler,PW7,Bright White,solid,99.8,95.5,102.8,91.6,103.1,103.1,113.2,97.2,95.8,101.7,100.2,119.9,112.0,102.8,91.6,119.9,28.3,factory_normal
V02336,2016,Jeep,Wrangler,PAU,Granite Crystal Metallic,metallic,111.4,107.1,101.2,104.7,99.8,108.2,96.2,93.7,109.5,100.2,110.4,109.0,109.4,104.7,93.7,111.4,17.7,factory_normal
V02337,2016,Jeep,Wrangler,PW7,Bright White,solid,100.2,95.7,106.2,102.2,107.5,100.5,105.9,106.3,98.2,100.2,108.1,94.4,120.5,103.5,94.4,120.5,26.1,factory_normal
V02338,2017,Jeep,Wrangler,PX8,Black,solid,96.1,104.8,96.8,107.4,106.7,104.7,107.3,93.0,106.1,108.7,84.3,106.8,108.5,102.4,84.3,108.7,24.4,factory_normal
V02339,2017,Jeep,Wrangler,PX8,Black,solid,104.4,96.3,105.4,109.3,110.3,106.1,107.0,102.2,109.1,109.9,105.1,125.8,120.1,108.5,96.3,125.8,29.5,factory_normal
V02340,2018,Jeep,Wrangler,PW7,Bright White,solid,106.9,104.7,209.2,104.3,95.4,100.2,103.7,249.3,96.0,99.3,105.7,125.1,78.3,121.4,78.3,249.3,171.0,respray_suspected
V02341,2018,Jeep,Wrangler,PW7,Bright White,solid,101.7,104.0,104.8,110.7,109.7,105.4,110.5,99.7,113.6,108.7,102.5,128.9,129.3,110.0,99.7,129.3,29.6,factory_normal
V02342,2019,Jeep,Wrangler,PX8,Black,solid,103.0,99.1,99.2,101.1,109.7,101.2,107.2,98.6,101.6,97.3,100.1,107.3,119.6,103.5,97.3,119.6,22.3,factory_normal
V02343,2019,Jeep,Wrangler,PX8,Black,solid,102.7,106.4,104.0,107.5,105.6,102.8,106.3,115.0,105.4,108.0,106.3,124.7,105.8,107.7,102.7,124.7,22.0,factory_normal
V02344,2020,Jeep,Wrangler,PW7,Bright White,solid,100.4,100.5,105.0,92.0,95.0,103.0,90.2,103.8,101.6,96.5,95.4,98.8,102.6,98.8,90.2,105.0,14.8,factory_normal
V02345,2020,Jeep,Wrangler,PAU,Granite Crystal Metallic,metallic,104.1,99.8,106.1,96.2,104.0,99.6,89.3,110.8,94.6,101.1,97.5,88.6,93.5,98.9,88.6,110.8,22.2,factory_normal
V02346,2021,Jeep,Wrangler,PX8,Black,solid,103.4,104.5,105.9,97.6,106.6,99.3,105.5,105.5,95.3,99.7,100.4,104.0,111.6,103.0,95.3,111.6,16.3,factory_normal
V02347,2021,Jeep,Wrangler,PW7,Bright White,solid,106.9,104.1,97.1,101.4,106.1,97.5,106.5,102.6,109.0,111.3,97.6,125.4,100.9,105.1,97.1,125.4,28.3,factory_normal
V02348,2022,Jeep,Wrangler,PX8,Black,solid,92.0,103.6,104.5,105.4,98.7,101.4,106.9,107.0,106.5,109.2,99.2,114.0,119.4,105.2,92.0,119.4,27.4,factory_normal
V02349,2022,Jeep,Wrangler,PAU,Granite Crystal Metallic,metallic,100.0,105.3,99.8,100.0,102.3,106.9,111.9,99.9,100.0,113.5,117.8,119.9,111.6,106.8,99.8,119.9,20.1,factory_normal
V02350,2023,Jeep,Wrangler,PX8,Black,solid,98.5,90.8,91.1,89.6,95.4,90.0,91.5,92.2,92.5,92.3,92.9,95.5,91.9,92.6,89.6,98.5,8.9,factory_normal
V02351,2023,Jeep,Wrangler,PX8,Black,solid,264.5,89.5,92.3,88.7,91.8,190.6,97.1,98.9,87.7,85.9,97.6,95.2,79.0,112.2,79.0,264.5,185.5,respray_suspected
V02352,2023,Jeep,Wrangler,PAU,Granite Crystal Metallic,metallic,96.0,92.7,100.7,98.0,95.1,101.1,90.4,98.8,94.8,96.2,94.7,115.5,115.9,99.2,90.4,115.9,25.5,factory_normal
V02353,2024,Jeep,Wrangler,PX8,Black,solid,95.7,105.0,107.2,103.5,98.1,103.3,97.0,104.5,220.4,112.8,101.5,117.9,126.7,114.9,95.7,220.4,124.7,respray_suspected
V02354,2024,Jeep,Wrangler,PX8,Black,solid,96.2,102.4,107.0,103.5,100.8,101.1,99.5,108.3,100.7,106.7,106.3,104.9,120.3,104.4,96.2,120.3,24.1,factory_normal
V02355,2024,Jeep,Wrangler,PX8,Black,solid,101.7,111.2,103.4,102.5,113.3,99.1,102.1,107.8,102.0,102.8,103.5,109.9,89.7,103.8,89.7,113.3,23.6,factory_normal
V02356,2025,Jeep,Wrangler,PX8,Black,solid,107.2,103.3,100.9,99.2,93.3,97.5,101.4,102.0,89.4,96.6,96.9,91.4,90.6,97.7,89.4,107.2,17.8,factory_normal
V02357,2025,Jeep,Wrangler,PX8,Black,solid,97.9,96.8,94.8,88.9,93.0,94.8,94.4,93.8,99.5,93.4,95.2,91.2,117.2,96.2,88.9,117.2,28.3,factory_normal
V02358,2025,Jeep,Wrangler,PX8,Black,solid,103.8,96.5,100.5,110.1,111.3,87.8,87.6,109.1,96.9,98.4,103.9,113.6,82.2,100.1,82.2,113.6,31.4,factory_normal
V02359,2026,Jeep,Wrangler,PAU,Granite Crystal Metallic,metallic,93.5,99.0,97.1,91.8,100.2,96.2,97.2,90.3,91.1,98.8,95.4,113.6,114.1,98.3,90.3,114.1,23.8,factory_normal
V02360,2026,Jeep,Wrangler,PX8,Black,solid,97.4,104.1,106.0,105.6,93.2,90.9,95.2,100.3,98.3,97.8,104.3,96.2,115.4,100.4,90.9,115.4,24.5,factory_normal
V02361,2026,Jeep,Wrangler,PW7,Bright White,solid,95.0,90.4,89.2,100.3,92.6,102.1,89.7,92.3,92.7,96.5,85.7,99.7,94.3,93.9,85.7,102.1,16.4,factory_normal
V02362,2015,Jeep,Grand Cherokee,PW7,Bright White,solid,180.2,112.4,106.7,110.6,104.1,95.3,108.0,101.3,108.1,107.9,108.8,262.6,121.2,125.2,95.3,262.6,167.3,respray_suspected
V02363,2015,Jeep,Grand Cherokee,PAU,Granite Crystal Metallic,metallic,99.2,93.3,107.4,100.1,105.9,89.7,88.8,95.4,103.6,104.0,101.8,113.5,106.2,100.7,88.8,113.5,24.7,factory_normal
V02364,2016,Jeep,Grand Cherokee,PW7,Bright White,solid,107.6,119.0,104.6,111.9,105.5,111.2,113.4,105.6,111.4,111.7,105.6,117.2,103.6,109.9,103.6,119.0,15.4,factory_normal
V02365,2016,Jeep,Grand Cherokee,PAU,Granite Crystal Metallic,metallic,106.9,105.4,112.2,109.2,108.8,103.4,107.2,110.8,112.2,106.8,105.2,117.2,114.4,109.2,103.4,117.2,13.8,factory_normal
V02366,2017,Jeep,Grand Cherokee,PAU,Granite Crystal Metallic,metallic,90.3,118.0,104.5,110.4,109.2,111.2,103.8,107.1,106.0,116.6,105.9,115.1,88.5,106.7,88.5,118.0,29.5,factory_normal
V02367,2017,Jeep,Grand Cherokee,PX8,Black,solid,105.5,100.5,108.9,108.0,115.3,102.9,108.9,119.5,110.0,107.9,113.6,142.9,112.7,112.0,100.5,142.9,42.4,factory_normal
V02368,2018,Jeep,Grand Cherokee,PW7,Bright White,solid,101.5,98.6,96.5,97.1,98.5,88.9,100.9,108.3,95.2,92.1,105.5,98.1,117.7,99.9,88.9,117.7,28.8,factory_normal
V02369,2018,Jeep,Grand Cherokee,PW7,Bright White,solid,111.9,112.0,108.7,104.0,105.6,102.2,97.0,96.8,109.0,110.8,104.6,126.1,140.0,109.9,96.8,140.0,43.2,factory_normal
V02370,2019,Jeep,Grand Cherokee,PX8,Black,solid,106.7,98.8,108.6,98.3,100.3,202.5,101.6,102.2,109.3,107.5,101.7,209.5,112.7,120.0,98.3,209.5,111.2,respray_suspected
V02371,2019,Jeep,Grand Cherokee,PW7,Bright White,solid,99.9,108.8,103.7,97.8,99.6,105.2,105.1,110.0,99.2,98.5,93.6,96.7,111.5,102.3,93.6,111.5,17.9,factory_normal
V02372,2020,Jeep,Grand Cherokee,PX8,Black,solid,102.8,111.3,108.7,103.8,111.6,99.9,106.1,98.9,109.9,107.9,103.4,104.1,104.6,105.6,98.9,111.6,12.7,factory_normal
V02373,2020,Jeep,Grand Cherokee,PX8,Black,solid,114.2,112.4,109.6,107.7,104.6,112.1,108.2,111.8,109.0,109.2,113.4,115.8,132.6,112.4,104.6,132.6,28.0,factory_normal
V02374,2020,Jeep,Grand Cherokee,PX8,Black,solid,110.2,91.8,98.4,90.2,100.4,97.7,99.9,103.8,92.8,95.7,100.0,85.6,103.9,97.7,85.6,110.2,24.6,factory_normal
V02375,2021,Jeep,Grand Cherokee,PX8,Black,solid,115.9,110.0,102.9,112.8,108.0,108.8,104.2,105.0,115.0,108.1,109.8,140.7,125.0,112.8,102.9,140.7,37.8,factory_normal
V02376,2021,Jeep,Grand Cherokee,PX8,Black,solid,90.9,97.4,100.2,97.8,96.2,102.1,100.1,97.3,96.8,98.8,96.4,110.4,99.9,98.8,90.9,110.4,19.5,factory_normal
V02377,2022,Jeep,Grand Cherokee,PX8,Black,solid,101.4,103.3,102.0,107.9,100.9,106.1,110.6,95.1,97.1,94.4,98.5,108.9,108.2,102.6,94.4,110.6,16.2,factory_normal
V02378,2022,Jeep,Grand Cherokee,PAU,Granite Crystal Metallic,metallic,95.3,102.0,107.5,102.9,102.3,94.2,95.4,92.1,107.9,101.0,102.5,116.4,107.0,102.0,92.1,116.4,24.3,factory_normal
V02379,2022,Jeep,Grand Cherokee,PX8,Black,solid,94.9,98.4,174.5,95.7,99.9,98.5,100.3,276.8,95.9,105.7,93.9,118.9,105.2,119.9,93.9,276.8,182.9,respray_suspected
V02380,2023,Jeep,Grand Cherokee,PX8,Black,solid,96.5,101.4,94.3,99.1,103.4,101.1,95.3,97.8,97.5,102.1,93.8,110.7,125.9,101.5,93.8,125.9,32.1,factory_normal
V02381,2023,Jeep,Grand Cherokee,PX8,Black,solid,103.6,109.4,96.2,104.3,91.1,96.5,100.5,100.6,107.2,101.2,108.7,83.7,104.7,100.6,83.7,109.4,25.7,factory_normal
V02382,2023,Jeep,Grand Cherokee,PX8,Black,solid,92.7,92.9,91.5,93.7,88.7,97.1,83.5,86.8,94.6,98.2,94.5,100.4,118.9,94.9,83.5,118.9,35.4,factory_normal
V02383,2024,Jeep,Grand Cherokee,PAU,Granite Crystal Metallic,metallic,110.5,98.8,107.9,102.1,106.1,107.5,99.5,97.4,116.0,112.3,111.4,111.6,113.3,107.3,97.4,116.0,18.6,factory_normal
V02384,2024,Jeep,Grand Cherokee,PW7,Bright White,solid,108.6,104.9,103.6,113.6,104.5,102.3,106.4,103.5,97.1,99.3,92.6,73.6,111.9,101.7,73.6,113.6,40.0,factory_normal
V02385,2024,Jeep,Grand Cherokee,PX8,Black,solid,99.1,88.6,91.7,92.0,98.0,90.5,92.6,89.5,98.7,95.2,87.3,94.8,101.8,93.8,87.3,101.8,14.5,factory_normal
V02386,2025,Jeep,Grand Cherokee,PX8,Black,solid,94.3,100.3,105.4,102.3,102.1,97.6,93.7,90.5,95.3,94.9,105.5,119.7,99.0,100.0,90.5,119.7,29.2,factory_normal
V02387,2025,Jeep,Grand Cherokee,PW7,Bright White,solid,95.9,106.0,110.1,100.0,104.6,107.9,98.9,97.8,95.4,102.7,97.7,119.8,132.4,105.3,95.4,132.4,37.0,factory_normal
V02388,2025,Jeep,Grand Cherokee,PX8,Black,solid,106.1,95.4,107.4,100.8,110.0,109.8,101.9,110.7,100.0,101.3,96.1,118.8,106.5,105.0,95.4,118.8,23.4,factory_normal
V02389,2026,Jeep,Grand Cherokee,PAU,Granite Crystal Metallic,metallic,92.4,93.1,103.1,260.4,95.8,91.1,96.9,100.9,93.7,89.1,184.6,93.8,106.1,115.5,89.1,260.4,171.3,respray_suspected
V02390,2026,Jeep,Grand Cherokee,PW7,Bright White,solid,102.9,100.3,93.8,95.9,84.8,94.6,99.7,90.8,91.9,91.4,95.6,101.7,263.4,108.2,84.8,263.4,178.6,respray_suspected
V02391,2015,Jeep,Cherokee,PX8,Black,solid,98.2,105.0,97.4,97.9,98.3,99.6,97.0,106.7,100.8,99.6,101.2,112.3,115.9,102.3,97.0,115.9,18.9,factory_normal
V02392,2015,Jeep,Cherokee,PAU,Granite Crystal Metallic,metallic,105.1,107.8,105.6,93.8,99.9,106.6,103.6,105.7,103.3,111.1,108.0,110.7,126.6,106.8,93.8,126.6,32.8,factory_normal
V02393,2016,Jeep,Cherokee,PW7,Bright White,solid,100.4,94.8,96.0,103.3,110.4,96.5,93.0,88.4,96.1,101.0,92.4,113.9,103.5,99.2,88.4,113.9,25.5,factory_normal
V02394,2016,Jeep,Cherokee,PX8,Black,solid,101.3,105.1,105.3,109.0,110.2,109.6,110.9,111.7,105.2,105.3,103.3,117.0,110.4,108.0,101.3,117.0,15.7,factory_normal
V02395,2016,Jeep,Cherokee,PW7,Bright White,solid,99.8,107.8,96.1,100.0,106.3,92.8,94.3,105.1,94.0,101.7,95.1,101.9,117.0,100.9,92.8,117.0,24.2,factory_normal
V02396,2017,Jeep,Cherokee,PW7,Bright White,solid,103.4,112.8,108.9,110.3,109.6,103.4,99.2,108.3,100.4,111.5,103.2,114.5,110.3,107.4,99.2,114.5,15.3,factory_normal
V02397,2017,Jeep,Cherokee,PX8,Black,solid,99.0,108.3,98.5,107.4,107.8,111.4,108.4,101.2,104.6,110.1,110.2,104.3,121.8,107.2,98.5,121.8,23.3,factory_normal
V02398,2018,Jeep,Cherokee,PW7,Bright White,solid,106.1,101.0,99.8,98.2,97.0,92.7,93.5,91.3,97.4,93.9,90.4,126.0,120.9,100.6,90.4,126.0,35.6,factory_normal
V02399,2018,Jeep,Cherokee,PX8,Black,solid,249.0,102.8,95.5,90.5,108.4,108.5,109.6,110.4,109.2,105.7,105.1,108.7,134.3,118.3,90.5,249.0,158.5,respray_suspected
V02400,2018,Jeep,Cherokee,PAU,Granite Crystal Metallic,metallic,109.7,99.5,101.5,108.4,106.0,102.7,112.3,103.9,103.6,103.6,100.3,124.3,119.9,107.4,99.5,124.3,24.8,factory_normal
V02401,2019,Jeep,Cherokee,PAU,Granite Crystal Metallic,metallic,106.9,103.5,100.1,96.8,101.3,104.0,116.9,105.6,103.8,94.4,97.0,119.3,126.4,105.8,94.4,126.4,32.0,factory_normal
V02402,2019,Jeep,Cherokee,PW7,Bright White,solid,92.1,90.2,86.9,87.7,96.4,90.2,97.5,93.0,91.8,94.6,94.8,103.7,95.6,93.4,86.9,103.7,16.8,factory_normal
V02403,2020,Jeep,Cherokee,PAU,Granite Crystal Metallic,metallic,87.2,91.4,96.4,90.4,92.3,88.8,99.1,93.6,95.2,89.1,93.6,104.0,105.1,94.3,87.2,105.1,17.9,factory_normal
V02404,2020,Jeep,Cherokee,PW7,Bright White,solid,104.0,95.2,93.0,93.3,88.8,95.4,89.0,90.5,92.0,105.1,102.9,108.1,106.3,97.2,88.8,108.1,19.3,factory_normal
V02405,2021,Jeep,Cherokee,PAU,Granite Crystal Metallic,metallic,107.2,100.7,105.0,95.3,103.8,96.6,97.1,101.2,112.2,102.5,106.8,102.5,90.0,101.6,90.0,112.2,22.2,factory_normal
V02406,2021,Jeep,Cherokee,PW7,Bright White,solid,101.4,103.2,110.8,99.1,102.2,103.4,104.6,99.6,107.4,97.7,101.1,96.8,103.2,102.3,96.8,110.8,14.0,factory_normal
V02407,2021,Jeep,Cherokee,PW7,Bright White,solid,106.1,114.9,99.1,105.2,105.1,108.9,99.4,98.9,102.1,99.1,102.3,108.3,116.0,105.0,98.9,116.0,17.1,factory_normal
V02408,2022,Jeep,Cherokee,PAU,Granite Crystal Metallic,metallic,87.0,89.4,102.4,91.2,94.3,100.3,90.5,84.5,90.5,99.0,99.9,87.4,96.5,93.3,84.5,102.4,17.9,factory_normal
V02409,2022,Jeep,Cherokee,PW7,Bright White,solid,104.6,89.5,99.9,94.5,102.7,110.0,100.1,87.0,96.2,95.6,99.9,100.9,89.2,97.7,87.0,110.0,23.0,factory_normal
V02410,2022,Jeep,Cherokee,PAU,Granite Crystal Metallic,metallic,103.3,107.2,105.1,101.3,105.9,100.6,109.4,97.5,95.7,104.7,100.9,122.6,121.7,105.8,95.7,122.6,26.9,factory_normal
V02411,2023,Jeep,Cherokee,PAU,Granite Crystal Metallic,metallic,99.0,105.9,107.2,167.9,112.6,102.3,110.0,102.6,95.9,100.3,107.5,123.2,110.0,111.1,95.9,167.9,72.0,respray_suspected
V02412,2023,Jeep,Cherokee,PW7,Bright White,solid,97.0,95.4,99.2,96.2,103.0,102.1,260.1,105.2,97.6,89.9,91.3,95.9,111.9,111.1,89.9,260.1,170.2,respray_suspected
V02413,2023,Jeep,Cherokee,PW7,Bright White,solid,112.3,96.8,110.1,103.7,106.4,107.1,102.6,101.4,115.1,108.7,107.8,121.4,95.8,106.9,95.8,121.4,25.6,factory_normal
V02414,2024,Jeep,Cherokee,PAU,Granite Crystal Metallic,metallic,90.7,99.1,96.3,93.1,87.6,98.6,101.4,96.2,98.8,94.8,101.6,110.0,122.3,99.3,87.6,122.3,34.7,factory_normal
V02415,2024,Jeep,Cherokee,PX8,Black,solid,103.8,99.0,96.7,98.7,95.1,100.6,97.2,97.9,107.7,85.3,95.6,127.5,120.6,102.0,85.3,127.5,42.2,factory_normal
V02416,2024,Jeep,Cherokee,PX8,Black,solid,101.2,97.9,95.2,102.7,103.2,100.1,94.6,100.7,96.8,97.0,100.9,105.2,99.0,99.6,94.6,105.2,10.6,factory_normal
V02417,2025,Jeep,Cherokee,PAU,Granite Crystal Metallic,metallic,93.3,90.0,91.8,99.7,90.4,98.4,89.6,93.7,85.6,94.3,96.8,88.6,91.4,92.6,85.6,99.7,14.1,factory_normal
V02418,2025,Jeep,Cherokee,PAU,Granite Crystal Metallic,metallic,93.6,83.7,95.6,88.1,92.5,92.6,90.4,98.0,95.4,94.2,100.6,97.8,91.0,93.3,83.7,100.6,16.9,factory_normal
V02419,2025,Jeep,Cherokee,PW7,Bright White,solid,104.0,94.1,103.7,97.5,100.6,101.5,107.7,102.2,106.1,99.4,102.3,100.9,126.3,103.6,94.1,126.3,32.2,factory_normal
V02420,2026,Jeep,Cherokee,PAU,Granite Crystal Metallic,metallic,101.4,101.4,99.7,97.9,101.6,97.8,107.0,100.1,99.5,91.0,97.9,100.3,98.5,99.5,91.0,107.0,16.0,factory_normal
V02421,2026,Jeep,Cherokee,PX8,Black,solid,101.2,104.5,104.3,98.6,91.3,102.1,99.6,102.3,102.6,98.2,92.1,100.3,79.8,98.2,79.8,104.5,24.7,factory_normal
V02422,2015,Jeep,Compass,PW7,Bright White,solid,93.7,107.6,101.3,98.8,102.3,109.3,102.0,109.0,105.7,102.0,106.6,115.8,96.7,103.9,93.7,115.8,22.1,factory_normal
V02423,2015,Jeep,Compass,PAU,Granite Crystal Metallic,metallic,91.3,96.1,93.0,99.0,91.9,95.6,100.1,91.2,90.2,90.5,86.9,103.7,104.6,94.9,86.9,104.6,17.7,factory_normal
V02424,2015,Jeep,Compass,PX8,Black,solid,106.9,99.4,90.2,94.1,95.4,99.2,95.9,94.4,97.3,93.0,100.1,105.7,127.6,99.9,90.2,127.6,37.4,factory_normal
V02425,2016,Jeep,Compass,PW7,Bright White,solid,93.0,103.6,87.6,99.5,99.4,98.6,97.0,100.8,104.0,96.1,98.4,102.3,91.7,97.8,87.6,104.0,16.4,factory_normal
V02426,2016,Jeep,Compass,PX8,Black,solid,101.4,98.2,96.0,94.8,98.3,101.5,103.1,99.3,98.8,166.2,95.8,102.6,131.5,106.7,94.8,166.2,71.4,respray_suspected
V02427,2017,Jeep,Compass,PAU,Granite Crystal Metallic,metallic,99.7,105.4,97.7,97.7,105.1,92.8,94.0,99.9,99.8,104.4,93.7,101.7,97.7,99.2,92.8,105.4,12.6,factory_normal
V02428,2017,Jeep,Compass,PX8,Black,solid,102.4,112.0,109.1,87.5,102.6,106.7,99.6,100.3,106.3,101.0,101.3,104.7,118.1,104.0,87.5,118.1,30.6,factory_normal
V02429,2018,Jeep,Compass,PAU,Granite Crystal Metallic,metallic,106.8,98.8,100.8,107.1,114.5,93.5,110.3,105.0,102.3,93.7,96.4,118.8,99.2,103.6,93.5,118.8,25.3,factory_normal
V02430,2018,Jeep,Compass,PX8,Black,solid,102.7,107.8,105.0,232.4,104.2,105.2,107.3,112.9,276.2,102.0,107.4,122.7,114.1,130.8,102.0,276.2,174.2,respray_suspected
V02431,2019,Jeep,Compass,PX8,Black,solid,104.8,96.6,101.4,98.6,96.3,88.0,94.7,100.0,93.3,93.6,88.9,104.9,113.0,98.0,88.0,113.0,25.0,factory_normal
V02432,2019,Jeep,Compass,PAU,Granite Crystal Metallic,metallic,102.9,98.5,101.4,110.0,100.5,104.0,98.2,100.6,89.3,100.4,103.8,106.1,104.5,101.6,89.3,110.0,20.7,factory_normal
V02433,2019,Jeep,Compass,PW7,Bright White,solid,88.5,98.3,98.4,91.0,102.0,106.0,95.7,226.1,100.0,108.3,96.0,117.6,280.6,123.7,88.5,280.6,192.1,respray_suspected
V02434,2020,Jeep,Compass,PW7,Bright White,solid,104.7,102.2,104.9,102.7,95.8,94.8,100.2,98.7,104.7,97.9,91.8,104.1,125.2,102.1,91.8,125.2,33.4,factory_normal
V02435,2020,Jeep,Compass,PX8,Black,solid,107.8,98.0,101.7,98.3,91.3,101.2,89.0,109.0,111.1,106.0,95.6,103.2,105.7,101.4,89.0,111.1,22.1,factory_normal
V02436,2021,Jeep,Compass,PW7,Bright White,solid,103.5,96.4,93.0,94.7,92.6,97.0,94.2,91.5,97.0,92.5,95.3,109.3,107.6,97.3,91.5,109.3,17.8,factory_normal
V02437,2021,Jeep,Compass,PX8,Black,solid,97.3,98.4,104.0,106.4,97.8,95.8,93.3,102.2,103.1,96.9,105.5,108.6,107.9,101.3,93.3,108.6,15.3,factory_normal
V02438,2022,Jeep,Compass,PX8,Black,solid,95.0,98.8,81.7,100.6,84.1,95.8,94.6,86.5,94.9,92.2,92.3,84.0,100.3,92.4,81.7,100.6,18.9,factory_normal
V02439,2022,Jeep,Compass,PW7,Bright White,solid,88.9,94.4,89.9,96.3,97.9,88.1,94.9,91.7,98.7,85.0,100.1,80.3,104.7,93.1,80.3,104.7,24.4,factory_normal
V02440,2023,Jeep,Compass,PAU,Granite Crystal Metallic,metallic,95.0,94.2,105.7,101.2,103.1,99.6,97.9,103.9,95.3,106.4,103.5,112.2,119.4,102.9,94.2,119.4,25.2,factory_normal
V02441,2023,Jeep,Compass,PW7,Bright White,solid,103.0,100.9,94.3,106.1,109.4,103.0,106.4,99.4,93.9,110.7,101.1,112.3,118.4,104.5,93.9,118.4,24.5,factory_normal
V02442,2023,Jeep,Compass,PX8,Black,solid,87.1,97.7,93.2,89.2,94.7,92.4,94.9,97.7,95.7,93.1,92.9,107.0,109.4,95.8,87.1,109.4,22.3,factory_normal
V02443,2024,Jeep,Compass,PAU,Granite Crystal Metallic,metallic,97.8,91.9,87.9,92.7,93.3,93.0,103.6,92.3,84.3,96.5,86.7,108.8,104.3,94.9,84.3,108.8,24.5,factory_normal
V02444,2024,Jeep,Compass,PW7,Bright White,solid,98.2,95.3,89.1,95.2,98.5,95.3,93.0,88.7,104.1,94.6,94.6,126.5,90.6,97.2,88.7,126.5,37.8,factory_normal
V02445,2025,Jeep,Compass,PX8,Black,solid,98.6,94.9,104.9,101.8,94.1,92.3,106.3,95.1,96.1,103.3,102.1,117.4,107.4,101.1,92.3,117.4,25.1,factory_normal
V02446,2025,Jeep,Compass,PX8,Black,solid,97.1,97.8,94.7,90.8,101.3,97.6,93.0,96.8,87.2,95.6,101.1,103.0,100.6,96.7,87.2,103.0,15.8,factory_normal
V02447,2026,Jeep,Compass,PW7,Bright White,solid,92.1,92.4,96.1,94.0,92.8,86.1,95.7,84.2,89.4,92.7,87.7,95.3,108.6,92.9,84.2,108.6,24.4,factory_normal
V02448,2026,Jeep,Compass,PAU,Granite Crystal Metallic,metallic,109.2,102.4,110.2,91.9,93.1,94.5,92.3,92.6,107.2,100.8,103.5,119.7,123.8,103.2,91.9,123.8,31.9,factory_normal
V02449,2026,Jeep,Compass,PX8,Black,solid,99.2,92.1,90.1,96.2,94.6,277.3,95.6,90.1,96.6,93.7,101.6,206.1,126.6,120.0,90.1,277.3,187.2,respray_suspected
V02450,2015,Volvo,XC60,707,Crystal White Pearl,pearl,147.0,142.0,142.7,150.4,140.8,138.7,139.7,137.8,146.9,152.1,153.4,148.2,148.7,145.3,137.8,153.4,15.6,factory_normal
V02451,2015,Volvo,XC60,707,Crystal White Pearl,pearl,145.5,137.7,145.9,150.6,149.8,151.4,149.7,136.6,140.9,154.9,151.7,171.3,153.7,149.2,136.6,171.3,34.7,respray_suspected
V02452,2015,Volvo,XC60,711,Bright Silver Metallic,metallic,121.4,119.1,122.2,130.4,128.9,127.2,127.5,128.4,136.5,126.2,123.1,138.5,134.4,128.0,119.1,138.5,19.4,factory_normal
V02453,2016,Volvo,XC60,707,Crystal White Pearl,pearl,120.3,126.2,120.0,120.0,120.6,130.9,130.8,131.3,128.6,128.1,124.2,113.5,145.0,126.1,113.5,145.0,31.5,factory_normal
V02454,2016,Volvo,XC60,711,Bright Silver Metallic,metallic,129.1,138.1,132.8,130.4,130.1,133.3,124.8,136.7,119.5,125.8,129.4,108.4,137.2,128.9,108.4,138.1,29.7,factory_normal
V02455,2016,Volvo,XC60,717,Onyx Black Metallic,metallic,134.7,125.2,128.5,119.4,121.3,133.0,142.3,133.3,128.6,136.1,134.5,148.1,131.5,132.0,119.4,148.1,28.7,factory_normal
V02456,2017,Volvo,XC60,717,Onyx Black Metallic,metallic,113.6,112.0,107.9,115.1,112.0,107.7,113.2,109.4,114.3,118.3,103.6,134.0,138.5,115.4,103.6,138.5,34.9,factory_normal
V02457,2017,Volvo,XC60,707,Crystal White Pearl,pearl,137.0,131.9,129.1,133.2,122.2,131.5,130.0,128.1,122.2,129.9,139.9,135.9,140.2,131.6,122.2,140.2,18.0,factory_normal
V02458,2017,Volvo,XC60,717,Onyx Black Metallic,metallic,114.7,114.7,122.6,123.4,108.1,110.4,114.5,104.5,113.1,113.5,121.0,104.6,118.4,114.1,104.5,123.4,18.9,factory_normal
V02459,2018,Volvo,XC60,711,Bright Silver Metallic,metallic,126.8,118.2,119.3,112.5,126.6,113.6,128.6,120.4,129.9,124.7,113.0,136.2,125.7,122.7,112.5,136.2,23.7,factory_normal
V02460,2018,Volvo,XC60,717,Onyx Black Metallic,metallic,102.4,101.8,109.2,104.7,104.2,116.1,106.4,103.5,107.6,109.9,109.8,134.6,107.8,109.1,101.8,134.6,32.8,factory_normal
V02461,2019,Volvo,XC60,711,Bright Silver Metallic,metallic,107.8,104.3,112.2,106.4,102.4,282.8,108.2,95.4,117.5,113.7,258.1,102.1,95.7,131.3,95.4,282.8,187.4,respray_suspected
V02462,2019,Volvo,XC60,707,Crystal White Pearl,pearl,144.3,145.3,142.8,139.8,147.3,140.1,145.8,137.2,139.9,141.5,150.0,164.0,171.0,146.8,137.2,171.0,33.8,respray_suspected
V02463,2020,Volvo,XC60,707,Crystal White Pearl,pearl,128.8,127.1,131.1,127.7,125.1,124.3,128.1,135.3,133.9,133.0,134.0,130.6,145.8,131.1,124.3,145.8,21.5,factory_normal
V02464,2020,Volvo,XC60,707,Crystal White Pearl,pearl,145.2,136.7,140.9,133.2,136.0,132.1,133.4,125.5,142.4,142.4,138.1,155.6,158.4,140.0,125.5,158.4,32.9,factory_normal
V02465,2020,Volvo,XC60,707,Crystal White Pearl,pearl,141.2,146.7,142.9,145.5,143.8,145.4,138.9,140.3,140.3,141.1,147.5,159.2,176.8,146.9,138.9,176.8,37.9,respray_suspected
V02466,2021,Volvo,XC60,707,Crystal White Pearl,pearl,134.1,125.7,130.2,127.8,122.6,121.7,122.8,127.1,131.1,126.5,137.4,136.3,139.0,129.4,121.7,139.0,17.3,factory_normal
V02467,2021,Volvo,XC60,707,Crystal White Pearl,pearl,128.8,128.4,134.3,124.0,122.3,122.7,125.5,134.5,130.8,132.9,132.3,136.7,141.4,130.4,122.3,141.4,19.1,factory_normal
V02468,2021,Volvo,XC60,711,Bright Silver Metallic,metallic,125.5,126.6,130.6,118.4,121.6,127.4,123.9,128.2,115.9,126.7,123.5,118.7,130.9,124.5,115.9,130.9,15.0,factory_normal
V02469,2022,Volvo,XC60,717,Onyx Black Metallic,metallic,110.9,102.2,277.8,105.0,100.6,106.1,112.7,116.7,191.3,119.6,109.9,113.7,109.7,128.9,100.6,277.8,177.2,respray_suspected
V02470,2022,Volvo,XC60,717,Onyx Black Metallic,metallic,130.0,131.3,131.0,133.0,123.3,127.4,129.9,139.2,122.0,129.2,121.1,145.8,136.9,130.8,121.1,145.8,24.7,factory_normal
V02471,2022,Volvo,XC60,717,Onyx Black Metallic,metallic,120.6,108.4,108.9,115.6,115.9,118.5,110.1,114.5,112.3,117.3,112.8,135.1,138.2,117.6,108.4,138.2,29.8,factory_normal
V02472,2023,Volvo,XC60,707,Crystal White Pearl,pearl,127.3,131.9,133.9,129.6,213.8,126.8,127.9,121.2,137.1,206.1,133.2,130.3,160.8,144.6,121.2,213.8,92.6,respray_suspected
V02473,2023,Volvo,XC60,707,Crystal White Pearl,pearl,140.7,142.1,142.0,138.7,137.2,137.7,129.6,142.7,134.5,135.5,131.4,138.6,147.2,138.3,129.6,147.2,17.6,factory_normal
V02474,2023,Volvo,XC60,717,Onyx Black Metallic,metallic,121.8,128.8,121.1,128.1,119.0,127.8,127.9,131.6,128.6,131.1,131.0,135.9,141.3,128.8,119.0,141.3,22.3,factory_normal
V02475,2024,Volvo,XC60,711,Bright Silver Metallic,metallic,124.6,120.5,121.3,129.5,122.7,126.5,121.5,121.0,131.0,119.4,125.0,126.9,134.1,124.9,119.4,134.1,14.7,factory_normal
V02476,2024,Volvo,XC60,707,Crystal White Pearl,pearl,120.8,127.1,126.1,135.2,129.6,138.1,117.7,132.6,127.2,130.6,135.9,134.8,146.0,130.9,117.7,146.0,28.3,factory_normal
V02477,2024,Volvo,XC60,711,Bright Silver Metallic,metallic,112.0,111.4,105.8,109.6,107.2,106.0,112.8,110.0,113.5,119.1,110.0,133.4,119.3,113.1,105.8,133.4,27.6,factory_normal
V02478,2025,Volvo,XC60,707,Crystal White Pearl,pearl,126.3,129.4,132.2,125.0,127.5,126.0,120.8,126.9,122.4,120.0,244.0,135.2,259.3,145.8,120.0,259.3,139.3,respray_suspected
V02479,2025,Volvo,XC60,717,Onyx Black Metallic,metallic,116.7,116.0,111.8,117.6,120.7,108.7,115.9,109.4,105.2,114.1,115.8,130.3,110.3,114.8,105.2,130.3,25.1,factory_normal
V02480,2025,Volvo,XC60,717,Onyx Black Metallic,metallic,121.7,122.8,113.3,113.7,124.3,121.7,118.1,116.5,117.5,113.4,130.9,132.3,118.0,120.3,113.3,132.3,19.0,factory_normal
V02481,2026,Volvo,XC60,707,Crystal White Pearl,pearl,131.1,135.8,141.1,137.8,140.1,133.4,136.9,135.2,131.5,139.7,135.9,138.8,130.6,136.0,130.6,141.1,10.5,factory_normal
V02482,2026,Volvo,XC60,711,Bright Silver Metallic,metallic,112.7,113.5,117.3,118.6,124.6,122.4,116.4,111.8,117.1,115.5,124.0,137.8,133.8,120.4,111.8,137.8,26.0,factory_normal
V02483,2015,Volvo,XC90,707,Crystal White Pearl,pearl,141.3,137.9,138.6,149.7,137.9,147.0,138.1,135.3,138.7,147.3,151.6,156.0,155.6,144.2,135.3,156.0,20.7,factory_normal
V02484,2015,Volvo,XC90,711,Bright Silver Metallic,metallic,102.6,114.4,106.2,104.1,102.2,112.3,103.3,102.4,106.2,106.3,103.1,103.5,103.5,105.4,102.2,114.4,12.2,factory_normal
V02485,2015,Volvo,XC90,717,Onyx Black Metallic,metallic,125.4,125.7,131.2,125.1,136.8,125.3,133.5,122.6,119.6,126.9,128.2,136.6,133.7,128.5,119.6,136.8,17.2,factory_normal
V02486,2016,Volvo,XC90,707,Crystal White Pearl,pearl,129.8,138.3,133.6,136.6,136.4,139.3,145.1,142.8,139.4,144.2,131.2,157.7,145.1,140.0,129.8,157.7,27.9,factory_normal
V02487,2016,Volvo,XC90,717,Onyx Black Metallic,metallic,120.6,119.4,112.9,117.7,123.9,120.2,121.7,110.6,116.5,128.2,127.9,140.2,121.6,121.6,110.6,140.2,29.6,factory_normal
V02488,2016,Volvo,XC90,717,Onyx Black Metallic,metallic,114.3,122.5,123.8,118.4,117.6,127.5,120.1,119.6,119.4,121.2,114.8,135.9,140.2,122.7,114.3,140.2,25.9,factory_normal
V02489,2017,Volvo,XC90,717,Onyx Black Metallic,metallic,134.5,128.0,130.8,134.4,128.3,141.1,122.7,125.4,125.4,133.2,128.3,137.4,139.0,131.4,122.7,141.1,18.4,factory_normal
V02490,2017,Volvo,XC90,707,Crystal White Pearl,pearl,120.6,122.0,126.5,127.5,119.7,120.6,130.9,116.9,126.1,260.4,126.9,141.4,241.7,144.7,116.9,260.4,143.5,respray_suspected
V02491,2017,Volvo,XC90,711,Bright Silver Metallic,metallic,124.4,111.4,117.4,125.7,126.8,124.8,131.3,123.3,121.9,122.4,130.4,151.2,136.7,126.7,111.4,151.2,39.8,factory_normal
V02492,2018,Volvo,XC90,711,Bright Silver Metallic,metallic,117.1,117.8,116.3,115.5,112.6,116.6,122.9,120.5,113.0,125.1,115.7,124.5,120.3,118.3,112.6,125.1,12.5,factory_normal
V02493,2018,Volvo,XC90,711,Bright Silver Metallic,metallic,120.0,128.1,115.5,119.7,118.7,127.1,114.5,120.8,122.6,116.2,119.2,226.4,136.3,129.6,114.5,226.4,111.9,respray_suspected
V02494,2019,Volvo,XC90,717,Onyx Black Metallic,metallic,117.1,123.0,113.7,112.7,110.5,185.6,111.2,191.3,114.9,104.8,113.0,131.8,140.7,128.5,104.8,191.3,86.5,respray_suspected
V02495,2019,Volvo,XC90,707,Crystal White Pearl,pearl,123.7,128.6,121.8,124.9,126.1,114.8,118.5,120.7,114.8,119.0,127.0,133.8,127.3,123.2,114.8,133.8,19.0,factory_normal
V02496,2019,Volvo,XC90,711,Bright Silver Metallic,metallic,116.8,119.0,129.5,123.6,126.9,122.8,116.8,123.7,114.9,135.5,116.4,143.1,128.4,124.4,114.9,143.1,28.2,factory_normal
V02497,2020,Volvo,XC90,707,Crystal White Pearl,pearl,140.4,126.1,139.4,134.7,135.8,139.2,127.5,130.1,142.6,131.7,132.0,153.5,149.1,137.1,126.1,153.5,27.4,factory_normal
V02498,2020,Volvo,XC90,711,Bright Silver Metallic,metallic,106.1,112.0,107.3,106.0,97.8,103.6,106.4,106.2,106.9,113.0,96.5,120.9,114.6,107.5,96.5,120.9,24.4,factory_normal
V02499,2020,Volvo,XC90,717,Onyx Black Metallic,metallic,132.1,128.5,132.9,126.8,130.7,130.0,132.8,124.5,142.1,122.8,137.4,132.0,125.2,130.6,122.8,142.1,19.3,factory_normal
V02500,2021,Volvo,XC90,717,Onyx Black Metallic,metallic,133.2,117.5,132.6,134.4,131.8,133.7,135.0,133.4,129.3,123.3,126.8,147.3,135.6,131.8,117.5,147.3,29.8,factory_normal
V02501,2021,Volvo,XC90,711,Bright Silver Metallic,metallic,120.2,128.8,120.7,129.6,129.1,122.8,128.1,128.6,124.1,126.6,125.5,131.7,114.8,125.4,114.8,131.7,16.9,factory_normal
V02502,2022,Volvo,XC90,707,Crystal White Pearl,pearl,129.3,133.9,131.0,124.9,115.2,115.3,127.6,125.3,123.6,281.8,118.1,123.7,127.6,136.7,115.2,281.8,166.6,respray_suspected
V02503,2022,Volvo,XC90,711,Bright Silver Metallic,metallic,119.5,120.9,107.4,113.5,118.4,258.1,108.4,116.2,112.5,122.7,119.8,131.3,111.3,127.7,107.4,258.1,150.7,respray_suspected
V02504,2022,Volvo,XC90,717,Onyx Black Metallic,metallic,103.3,108.2,97.4,204.2,106.3,105.1,105.9,102.3,103.9,111.0,206.4,116.4,118.8,122.2,97.4,206.4,109.0,respray_suspected
V02505,2023,Volvo,XC90,707,Crystal White Pearl,pearl,139.1,141.1,144.9,146.3,143.7,136.8,140.4,144.0,136.1,141.6,140.6,170.5,173.2,146.0,136.1,173.2,37.1,respray_suspected
V02506,2023,Volvo,XC90,711,Bright Silver Metallic,metallic,111.3,110.5,106.7,100.7,114.9,122.3,108.2,117.1,110.8,114.8,113.0,133.5,138.9,115.6,100.7,138.9,38.2,factory_normal
V02507,2023,Volvo,XC90,707,Crystal White Pearl,pearl,124.8,114.6,124.3,119.9,125.1,120.4,118.8,119.6,111.0,121.7,119.8,133.6,136.0,122.3,111.0,136.0,25.0,factory_normal
V02508,2024,Volvo,XC90,717,Onyx Black Metallic,metallic,127.1,119.0,130.0,132.2,123.2,121.5,124.8,135.6,135.4,127.1,121.4,137.5,132.1,128.2,119.0,137.5,18.5,factory_normal
V02509,2024,Volvo,XC90,707,Crystal White Pearl,pearl,139.1,126.5,138.8,136.2,127.1,133.5,128.1,136.5,132.6,128.4,136.4,152.1,138.9,134.9,126.5,152.1,25.6,factory_normal
V02510,2025,Volvo,XC90,707,Crystal White Pearl,pearl,133.4,123.5,129.1,130.0,131.5,133.6,121.1,126.1,127.5,129.3,131.1,140.2,137.5,130.3,121.1,140.2,19.1,factory_normal
V02511,2025,Volvo,XC90,707,Crystal White Pearl,pearl,141.3,140.4,144.9,135.0,141.7,139.0,149.9,131.6,145.6,132.1,142.3,152.2,151.9,142.1,131.6,152.2,20.6,factory_normal
V02512,2025,Volvo,XC90,707,Crystal White Pearl,pearl,148.8,139.7,130.1,136.7,133.7,134.1,146.3,137.6,137.8,141.1,138.8,151.9,146.0,140.2,130.1,151.9,21.8,factory_normal
V02513,2026,Volvo,XC90,711,Bright Silver Metallic,metallic,118.6,113.8,115.5,120.6,109.8,112.0,112.1,123.4,114.4,114.6,108.5,126.8,107.7,115.2,107.7,126.8,19.1,factory_normal
V02514,2026,Volvo,XC90,717,Onyx Black Metallic,metallic,124.9,117.1,119.7,122.6,115.8,119.9,126.3,113.2,128.7,124.4,112.1,114.2,144.0,121.8,112.1,144.0,31.9,factory_normal
V02515,2015,Volvo,S60,711,Bright Silver Metallic,metallic,115.3,127.9,109.9,118.6,120.0,121.2,115.1,108.9,114.9,122.6,121.5,116.3,121.4,118.0,108.9,127.9,19.0,factory_normal
V02516,2015,Volvo,S60,707,Crystal White Pearl,pearl,130.3,127.3,135.0,125.6,123.4,128.3,122.8,116.4,130.0,122.8,123.4,134.2,128.8,126.8,116.4,135.0,18.6,factory_normal
V02517,2016,Volvo,S60,711,Bright Silver Metallic,metallic,127.7,127.2,121.1,118.4,118.0,124.5,116.5,121.5,126.1,124.5,122.9,132.7,130.7,124.0,116.5,132.7,16.2,factory_normal
V02518,2016,Volvo,S60,707,Crystal White Pearl,pearl,120.3,127.9,127.2,126.1,123.0,134.7,120.8,130.1,125.2,127.8,127.6,133.3,139.7,128.0,120.3,139.7,19.4,factory_normal
V02519,2016,Volvo,S60,717,Onyx Black Metallic,metallic,105.9,105.1,119.5,102.4,111.2,119.3,109.9,109.9,109.7,100.1,111.9,128.2,130.7,112.6,100.1,130.7,30.6,factory_normal
V02520,2017,Volvo,S60,711,Bright Silver Metallic,metallic,117.3,112.7,124.0,117.2,112.3,122.7,120.8,121.8,124.9,119.1,122.2,124.6,143.5,121.8,112.3,143.5,31.2,factory_normal
V02521,2017,Volvo,S60,717,Onyx Black Metallic,metallic,130.3,130.1,120.5,135.2,130.5,125.7,132.0,126.7,127.9,129.1,131.9,150.6,131.8,130.9,120.5,150.6,30.1,factory_normal
V02522,2017,Volvo,S60,717,Onyx Black Metallic,metallic,116.9,108.8,120.1,116.0,124.5,113.2,118.0,113.2,118.7,117.4,123.4,127.2,121.6,118.4,108.8,127.2,18.4,factory_normal
V02523,2018,Volvo,S60,717,Onyx Black Metallic,metallic,105.7,98.5,108.2,105.1,106.2,114.4,122.8,97.1,103.6,105.4,102.2,120.9,122.0,108.6,97.1,122.8,25.7,factory_normal
V02524,2018,Volvo,S60,707,Crystal White Pearl,pearl,138.7,142.5,145.2,139.8,141.4,141.9,142.4,133.9,141.1,142.1,133.9,168.5,153.6,143.5,133.9,168.5,34.6,respray_suspected
V02525,2019,Volvo,S60,711,Bright Silver Metallic,metallic,117.2,120.5,121.0,124.6,129.4,113.3,120.7,127.7,120.8,115.3,129.0,311.5,144.5,138.1,113.3,311.5,198.2,repair_or_filler
V02526,2019,Volvo,S60,707,Crystal White Pearl,pearl,118.4,116.3,118.8,117.6,124.6,114.6,118.9,122.1,123.4,109.0,124.6,112.8,130.5,119.4,109.0,130.5,21.5,factory_normal
V02527,2019,Volvo,S60,711,Bright Silver Metallic,metallic,105.2,112.3,112.2,113.2,120.0,104.9,112.2,109.9,117.4,121.1,121.5,144.9,122.2,116.7,104.9,144.9,40.0,factory_normal
V02528,2020,Volvo,S60,707,Crystal White Pearl,pearl,130.4,118.7,126.3,131.6,123.3,129.4,127.5,126.7,133.0,124.6,134.9,131.7,130.1,128.3,118.7,134.9,16.2,factory_normal
V02529,2020,Volvo,S60,707,Crystal White Pearl,pearl,123.6,132.9,125.2,117.8,129.8,128.5,116.2,132.6,124.5,125.6,122.5,144.9,140.3,128.0,116.2,144.9,28.7,factory_normal
V02530,2021,Volvo,S60,711,Bright Silver Metallic,metallic,107.4,114.9,112.4,106.9,110.2,118.3,113.5,112.7,117.3,111.1,104.3,115.9,114.8,112.3,104.3,118.3,14.0,factory_normal
V02531,2021,Volvo,S60,717,Onyx Black Metallic,metallic,98.9,97.6,94.7,105.1,102.5,101.1,104.6,104.1,91.2,100.5,92.4,111.6,99.9,100.3,91.2,111.6,20.4,factory_normal
V02532,2022,Volvo,S60,711,Bright Silver Metallic,metallic,115.7,121.9,121.3,123.5,129.9,115.0,124.3,120.6,125.1,123.0,120.3,137.1,128.6,123.6,115.0,137.1,22.1,factory_normal
V02533,2022,Volvo,S60,711,Bright Silver Metallic,metallic,123.5,122.3,115.4,120.0,125.9,125.9,121.6,200.9,130.3,121.9,129.4,109.6,138.8,129.7,109.6,200.9,91.3,respray_suspected
V02534,2023,Volvo,S60,717,Onyx Black Metallic,metallic,118.0,101.5,111.2,129.5,245.5,112.3,122.7,123.4,116.3,119.3,196.1,143.1,130.9,136.1,101.5,245.5,144.0,respray_suspected
V02535,2023,Volvo,S60,711,Bright Silver Metallic,metallic,112.7,102.7,103.8,117.7,111.5,105.2,109.9,108.5,117.3,115.4,105.7,119.8,114.2,111.1,102.7,119.8,17.1,factory_normal
V02536,2023,Volvo,S60,711,Bright Silver Metallic,metallic,105.8,107.1,105.8,110.1,108.1,110.7,113.0,113.1,120.5,105.0,113.8,117.8,106.6,110.6,105.0,120.5,15.5,factory_normal
V02537,2024,Volvo,S60,717,Onyx Black Metallic,metallic,132.9,122.8,121.2,290.1,118.9,118.5,123.2,125.8,120.7,120.1,127.6,138.3,123.3,137.2,118.5,290.1,171.6,respray_suspected
V02538,2024,Volvo,S60,717,Onyx Black Metallic,metallic,117.7,113.9,240.3,107.4,116.3,110.0,115.1,113.8,108.4,108.4,114.1,128.8,216.3,131.6,107.4,240.3,132.9,respray_suspected
V02539,2024,Volvo,S60,717,Onyx Black Metallic,metallic,125.6,126.4,123.1,121.6,115.3,113.0,121.9,127.2,114.3,124.4,124.6,151.6,138.1,125.2,113.0,151.6,38.6,factory_normal
V02540,2025,Volvo,S60,711,Bright Silver Metallic,metallic,127.0,122.9,123.2,116.1,120.3,124.6,113.1,125.4,125.0,119.1,124.3,127.3,129.8,122.9,113.1,129.8,16.7,factory_normal
V02541,2025,Volvo,S60,717,Onyx Black Metallic,metallic,107.5,120.4,118.5,110.2,120.3,119.4,115.1,99.2,115.9,114.8,121.3,132.8,134.6,117.7,99.2,134.6,35.4,factory_normal
V02542,2026,Volvo,S60,711,Bright Silver Metallic,metallic,122.1,112.1,115.1,114.7,121.7,114.1,125.0,122.3,125.7,119.3,122.9,123.5,131.2,120.7,112.1,131.2,19.1,factory_normal
V02543,2026,Volvo,S60,707,Crystal White Pearl,pearl,142.5,130.4,139.4,129.3,138.4,139.1,132.2,132.2,128.1,131.9,133.4,133.0,137.0,134.4,128.1,142.5,14.4,factory_normal
V02544,2026,Volvo,S60,717,Onyx Black Metallic,metallic,103.9,101.7,108.3,108.4,116.1,113.9,110.1,110.3,108.8,111.9,115.1,92.0,98.6,107.6,92.0,116.1,24.1,factory_normal
V02545,2015,Volvo,XC40,717,Onyx Black Metallic,metallic,114.1,119.3,106.4,116.6,112.4,108.5,114.6,110.1,111.4,123.1,114.6,136.9,130.1,116.8,106.4,136.9,30.5,factory_normal
V02546,2015,Volvo,XC40,717,Onyx Black Metallic,metallic,110.6,103.8,102.4,98.7,112.3,102.4,103.7,108.1,109.0,114.0,103.3,100.2,101.9,105.4,98.7,114.0,15.3,factory_normal
V02547,2015,Volvo,XC40,707,Crystal White Pearl,pearl,127.3,114.0,114.9,129.7,117.2,128.8,119.7,122.6,136.9,127.4,122.4,147.0,144.3,127.1,114.0,147.0,33.0,factory_normal
V02548,2016,Volvo,XC40,707,Crystal White Pearl,pearl,134.0,131.0,129.0,132.0,129.5,131.2,123.9,123.2,145.7,140.4,133.0,133.5,155.8,134.0,123.2,155.8,32.6,factory_normal
V02549,2016,Volvo,XC40,711,Bright Silver Metallic,metallic,131.5,127.2,139.0,116.3,130.6,123.5,128.2,119.1,129.2,127.2,119.9,148.7,134.6,128.8,116.3,148.7,32.4,factory_normal
V02550,2016,Volvo,XC40,711,Bright Silver Metallic,metallic,110.4,97.9,105.2,108.3,97.7,113.0,108.0,100.4,112.2,103.2,101.7,110.2,118.6,106.7,97.7,118.6,20.9,factory_normal
V02551,2017,Volvo,XC40,717,Onyx Black Metallic,metallic,126.7,125.5,118.8,121.1,118.6,124.5,130.5,123.5,131.5,115.6,124.5,135.6,123.9,124.6,115.6,135.6,20.0,factory_normal
V02552,2017,Volvo,XC40,717,Onyx Black Metallic,metallic,121.8,118.8,245.0,121.3,115.7,120.8,120.0,121.2,117.9,120.2,117.9,106.8,122.3,128.4,106.8,245.0,138.2,respray_suspected
V02553,2018,Volvo,XC40,707,Crystal White Pearl,pearl,130.1,126.1,135.5,117.1,136.1,135.2,130.1,123.2,124.4,129.6,119.9,125.7,154.8,129.8,117.1,154.8,37.7,factory_normal
V02554,2018,Volvo,XC40,717,Onyx Black Metallic,metallic,123.7,127.1,117.9,125.5,127.7,133.2,128.5,117.8,131.0,121.3,124.8,123.2,148.5,126.9,117.8,148.5,30.7,factory_normal
V02555,2018,Volvo,XC40,711,Bright Silver Metallic,metallic,112.6,110.4,119.1,110.4,115.9,114.0,106.4,111.6,108.9,109.5,113.2,115.4,129.2,113.6,106.4,129.2,22.8,factory_normal
V02556,2019,Volvo,XC40,707,Crystal White Pearl,pearl,129.5,129.6,128.4,120.3,131.4,127.6,126.9,254.3,134.3,125.5,125.7,280.4,148.7,151.0,120.3,280.4,160.1,respray_suspected
V02557,2019,Volvo,XC40,711,Bright Silver Metallic,metallic,116.3,118.5,112.3,118.7,119.9,114.0,108.9,106.7,108.8,109.0,111.7,134.6,122.0,115.5,106.7,134.6,27.9,factory_normal
V02558,2019,Volvo,XC40,707,Crystal White Pearl,pearl,117.5,125.3,125.1,124.5,125.2,129.9,129.1,120.9,117.6,120.7,121.3,140.4,119.1,124.4,117.5,140.4,22.9,factory_normal
V02559,2020,Volvo,XC40,707,Crystal White Pearl,pearl,128.5,135.8,135.1,137.7,131.7,133.4,127.9,135.2,126.3,133.8,138.4,146.5,133.2,134.1,126.3,146.5,20.2,factory_normal
V02560,2020,Volvo,XC40,711,Bright Silver Metallic,metallic,134.2,129.3,133.1,121.0,132.3,132.6,121.5,123.6,117.7,125.9,127.6,141.2,141.8,129.4,117.7,141.8,24.1,factory_normal
V02561,2020,Volvo,XC40,717,Onyx Black Metallic,metallic,104.6,112.4,107.7,106.0,254.8,108.1,110.0,113.8,115.7,219.8,110.8,110.7,102.0,129.0,102.0,254.8,152.8,respray_suspected
V02562,2021,Volvo,XC40,711,Bright Silver Metallic,metallic,97.6,102.6,100.5,112.4,102.9,107.7,94.2,109.5,98.5,103.5,102.7,115.2,112.9,104.6,94.2,115.2,21.0,factory_normal
V02563,2021,Volvo,XC40,707,Crystal White Pearl,pearl,118.1,122.1,123.8,119.8,131.9,119.3,120.8,123.5,125.9,117.4,115.4,127.5,126.1,122.4,115.4,131.9,16.5,factory_normal
V02564,2021,Volvo,XC40,707,Crystal White Pearl,pearl,125.7,129.8,125.6,129.6,128.9,123.5,122.3,126.1,124.0,122.7,118.6,142.9,143.7,128.0,118.6,143.7,25.1,factory_normal
V02565,2022,Volvo,XC40,711,Bright Silver Metallic,metallic,113.2,117.1,126.2,232.3,123.8,120.5,121.5,117.3,116.9,111.0,110.3,135.7,130.4,128.9,110.3,232.3,122.0,respray_suspected
V02566,2022,Volvo,XC40,717,Onyx Black Metallic,metallic,119.0,133.9,128.5,118.4,120.3,116.9,125.0,120.9,112.0,132.9,126.5,139.2,130.4,124.9,112.0,139.2,27.2,factory_normal
V02567,2023,Volvo,XC40,717,Onyx Black Metallic,metallic,126.4,128.3,128.9,124.4,124.3,121.9,123.5,125.4,126.7,122.1,121.0,131.9,127.8,125.6,121.0,131.9,10.9,factory_normal
V02568,2023,Volvo,XC40,717,Onyx Black Metallic,metallic,118.7,114.3,119.6,112.5,115.4,111.8,124.8,121.1,121.3,125.1,124.1,109.6,128.8,119.0,109.6,128.8,19.2,factory_normal
V02569,2023,Volvo,XC40,711,Bright Silver Metallic,metallic,120.1,115.6,120.4,123.2,121.7,128.5,122.1,122.0,128.5,127.7,125.4,134.4,138.6,125.2,115.6,138.6,23.0,factory_normal
V02570,2024,Volvo,XC40,707,Crystal White Pearl,pearl,133.4,133.1,134.3,125.8,128.4,132.5,129.4,136.4,125.9,140.3,125.2,145.4,131.8,132.5,125.2,145.4,20.2,factory_normal
V02571,2024,Volvo,XC40,707,Crystal White Pearl,pearl,107.0,180.7,115.5,117.9,112.2,109.1,111.1,107.2,114.8,110.0,111.2,133.4,145.4,121.2,107.0,180.7,73.7,respray_suspected
V02572,2025,Volvo,XC40,717,Onyx Black Metallic,metallic,117.3,113.2,124.7,110.0,115.8,121.7,113.1,114.7,127.0,108.5,115.7,129.0,114.7,117.3,108.5,129.0,20.5,factory_normal
V02573,2025,Volvo,XC40,707,Crystal White Pearl,pearl,122.3,118.8,129.5,110.1,116.3,127.1,117.9,130.6,124.2,129.4,125.1,116.0,116.0,121.8,110.1,130.6,20.5,factory_normal
V02574,2025,Volvo,XC40,707,Crystal White Pearl,pearl,129.7,133.1,139.8,137.8,129.4,142.6,126.6,131.6,124.3,136.7,145.8,140.2,145.3,135.6,124.3,145.8,21.5,factory_normal
V02575,2026,Volvo,XC40,707,Crystal White Pearl,pearl,131.7,134.4,132.3,141.8,133.2,127.1,132.8,138.3,141.4,134.3,137.6,150.1,129.6,135.7,127.1,150.1,23.0,factory_normal
V02576,2026,Volvo,XC40,717,Onyx Black Metallic,metallic,120.5,118.2,125.5,118.6,124.3,114.0,117.1,130.2,121.9,110.8,121.6,131.2,133.2,122.1,110.8,133.2,22.4,factory_normal
V02577,2026,Volvo,XC40,717,Onyx Black Metallic,metallic,103.8,111.7,111.4,100.8,104.1,111.7,109.3,101.4,109.4,103.9,104.1,117.5,120.3,108.4,100.8,120.3,19.5,factory_normal
V02578,2015,Porsche,911,M7V,GT Silver Metallic,metallic,122.1,117.4,121.7,111.9,119.5,119.5,117.4,117.6,115.8,111.3,128.8,123.8,138.8,120.4,111.3,138.8,27.5,factory_normal
V02579,2015,Porsche,911,M7V,GT Silver Metallic,metallic,134.8,128.6,125.8,128.7,135.9,146.5,126.2,129.9,136.8,127.7,137.1,154.0,123.0,133.5,123.0,154.0,31.0,factory_normal
V02580,2015,Porsche,911,0Q,White,solid,103.4,114.6,106.6,107.9,111.5,113.1,108.1,109.0,114.3,107.4,111.5,127.4,121.1,112.0,103.4,127.4,24.0,factory_normal
V02581,2016,Porsche,911,0Q,White,solid,131.0,274.0,112.3,129.3,114.3,121.7,126.3,130.6,129.5,264.1,120.3,126.8,113.9,145.7,112.3,274.0,161.7,respray_suspected
V02582,2016,Porsche,911,M5C,Black Metallic,metallic,96.6,109.4,107.3,105.2,96.5,110.5,110.5,103.2,113.5,106.0,111.4,117.9,110.8,107.6,96.5,117.9,21.4,factory_normal
V02583,2017,Porsche,911,M5C,Black Metallic,metallic,94.9,91.4,106.9,108.6,102.4,101.1,95.0,103.1,98.0,103.6,96.9,130.1,105.0,102.8,91.4,130.1,38.7,factory_normal
V02584,2017,Porsche,911,M5C,Black Metallic,metallic,123.4,132.0,131.9,132.5,128.6,135.9,132.6,129.9,132.1,129.0,131.9,125.3,125.0,130.0,123.4,135.9,12.5,factory_normal
V02585,2017,Porsche,911,M7V,GT Silver Metallic,metallic,113.2,116.8,115.3,106.5,118.4,121.2,121.3,118.5,119.6,114.2,112.4,118.6,118.8,116.5,106.5,121.3,14.8,factory_normal
V02586,2018,Porsche,911,0Q,White,solid,110.7,113.0,106.5,120.5,119.7,120.0,114.4,110.6,113.2,119.2,118.8,150.0,101.5,116.8,101.5,150.0,48.5,factory_normal
V02587,2018,Porsche,911,0Q,White,solid,116.1,109.9,117.8,105.3,114.8,113.1,107.3,113.9,118.6,110.9,107.7,136.3,123.8,115.0,105.3,136.3,31.0,factory_normal
V02588,2018,Porsche,911,0Q,White,solid,96.1,101.8,102.6,104.5,103.2,107.5,262.8,114.3,106.4,107.2,116.4,119.9,263.2,131.2,96.1,263.2,167.1,respray_suspected
V02589,2019,Porsche,911,0Q,White,solid,120.2,135.7,126.3,132.1,130.9,128.7,134.9,123.9,130.5,140.3,132.5,139.2,129.4,131.1,120.2,140.3,20.1,factory_normal
V02590,2019,Porsche,911,M5C,Black Metallic,metallic,127.0,122.7,125.2,128.4,126.1,130.6,134.5,128.4,124.6,122.2,135.9,135.9,134.6,128.9,122.2,135.9,13.7,factory_normal
V02591,2019,Porsche,911,M7V,GT Silver Metallic,metallic,115.5,114.3,112.5,115.6,112.1,123.8,118.4,118.7,113.8,120.7,115.0,115.7,116.2,116.3,112.1,123.8,11.7,factory_normal
V02592,2020,Porsche,911,M7V,GT Silver Metallic,metallic,116.9,109.3,118.2,116.8,116.3,118.3,104.5,105.8,105.9,122.2,110.7,110.8,130.7,114.3,104.5,130.7,26.2,factory_normal
V02593,2020,Porsche,911,M5C,Black Metallic,metallic,100.4,108.5,99.6,104.3,103.4,103.1,110.4,108.2,97.6,107.9,111.0,103.6,126.1,106.5,97.6,126.1,28.5,factory_normal
V02594,2021,Porsche,911,0Q,White,solid,99.7,99.5,92.1,99.3,99.7,96.4,94.8,100.3,99.5,90.5,101.4,100.6,114.8,99.1,90.5,114.8,24.3,factory_normal
V02595,2021,Porsche,911,M7V,GT Silver Metallic,metallic,125.5,122.1,129.1,128.2,128.5,120.4,131.0,128.0,134.6,119.1,124.9,127.4,135.4,127.2,119.1,135.4,16.3,factory_normal
V02596,2021,Porsche,911,M5C,Black Metallic,metallic,126.4,125.2,125.4,125.3,128.1,124.4,125.5,119.4,128.4,130.6,126.1,127.1,129.2,126.2,119.4,130.6,11.2,factory_normal
V02597,2022,Porsche,911,M5C,Black Metallic,metallic,129.5,125.0,134.4,132.0,120.6,138.3,135.7,133.8,133.3,126.8,135.1,138.4,166.5,134.6,120.6,166.5,45.9,respray_suspected
V02598,2022,Porsche,911,M5C,Black Metallic,metallic,120.7,125.5,130.4,134.5,123.8,128.2,125.9,128.8,124.8,133.6,125.4,137.3,136.1,128.8,120.7,137.3,16.6,factory_normal
V02599,2022,Porsche,911,0Q,White,solid,105.8,102.1,101.7,97.2,104.2,102.8,105.3,103.9,99.9,101.2,96.8,108.4,137.1,105.1,96.8,137.1,40.3,factory_normal
V02600,2023,Porsche,911,M5C,Black Metallic,metallic,123.6,119.7,124.5,122.7,125.5,126.2,119.6,134.5,121.0,126.4,129.7,131.9,103.8,123.8,103.8,134.5,30.7,factory_normal
V02601,2023,Porsche,911,M5C,Black Metallic,metallic,110.7,108.9,113.3,99.9,103.5,103.7,106.5,101.6,93.0,105.5,111.8,92.4,103.8,104.2,92.4,113.3,20.9,factory_normal
V02602,2023,Porsche,911,0Q,White,solid,97.2,103.4,99.3,104.7,104.3,107.9,105.6,105.9,92.6,99.2,114.3,131.8,113.4,106.1,92.6,131.8,39.2,factory_normal
V02603,2024,Porsche,911,M7V,GT Silver Metallic,metallic,128.0,111.7,119.9,108.2,125.0,120.7,121.6,112.7,113.3,120.8,118.3,121.3,111.7,117.9,108.2,128.0,19.8,factory_normal
V02604,2024,Porsche,911,0Q,White,solid,89.8,103.3,100.2,103.6,99.8,88.9,103.7,105.8,94.1,93.2,106.8,106.6,103.1,99.9,88.9,106.8,17.9,factory_normal
V02605,2025,Porsche,911,M7V,GT Silver Metallic,metallic,122.8,130.7,259.3,121.9,128.9,134.4,131.8,123.3,131.7,134.6,126.4,139.6,146.1,140.9,121.9,259.3,137.4,respray_suspected
V02606,2025,Porsche,911,M5C,Black Metallic,metallic,116.7,120.2,126.4,122.0,119.1,119.5,128.5,125.6,123.9,119.5,112.3,147.4,127.4,123.7,112.3,147.4,35.1,factory_normal
V02607,2025,Porsche,911,M5C,Black Metallic,metallic,108.8,103.1,102.2,105.2,108.5,121.1,108.0,109.2,100.9,108.2,110.9,137.5,121.6,111.2,100.9,137.5,36.6,factory_normal
V02608,2026,Porsche,911,0Q,White,solid,111.3,115.0,121.3,123.5,115.3,110.6,126.8,211.4,124.8,129.7,117.3,110.3,112.6,125.4,110.3,211.4,101.1,respray_suspected
V02609,2026,Porsche,911,0Q,White,solid,88.5,95.7,89.3,89.6,87.2,97.8,91.3,95.4,99.0,95.9,94.2,99.9,77.5,92.4,77.5,99.9,22.4,factory_normal
V02610,2026,Porsche,911,0Q,White,solid,115.0,111.0,110.5,113.9,99.9,106.9,106.7,108.5,113.0,107.2,102.0,125.6,126.5,111.3,99.9,126.5,26.6,factory_normal
V02611,2015,Porsche,Cayenne,0Q,White,solid,129.8,128.3,120.7,135.8,126.9,125.6,130.3,128.4,132.4,123.1,114.9,145.5,128.2,128.5,114.9,145.5,30.6,factory_normal
V02612,2015,Porsche,Cayenne,0Q,White,solid,128.6,131.9,131.4,122.4,120.5,120.8,127.0,117.2,133.3,130.6,130.6,134.2,146.1,128.8,117.2,146.1,28.9,factory_normal
V02613,2016,Porsche,Cayenne,0Q,White,solid,115.0,130.6,125.9,120.7,125.2,123.8,129.7,130.7,122.9,123.0,133.5,120.7,143.3,126.5,115.0,143.3,28.3,factory_normal
V02614,2016,Porsche,Cayenne,M5C,Black Metallic,metallic,122.1,136.1,129.2,131.0,121.7,143.0,136.9,132.1,139.0,136.6,134.6,148.6,139.7,134.7,121.7,148.6,26.9,factory_normal
V02615,2017,Porsche,Cayenne,M5C,Black Metallic,metallic,127.5,131.0,129.0,124.3,127.8,126.5,132.7,122.2,129.5,127.9,125.8,153.7,144.6,131.0,122.2,153.7,31.5,factory_normal
V02616,2017,Porsche,Cayenne,0Q,White,solid,140.2,131.3,138.2,135.3,132.7,133.8,136.7,138.4,136.7,134.4,128.9,137.7,142.1,135.9,128.9,142.1,13.2,factory_normal
V02617,2017,Porsche,Cayenne,M5C,Black Metallic,metallic,104.2,107.3,102.3,118.4,111.4,106.4,110.1,113.5,120.1,114.4,103.9,104.3,110.3,109.7,102.3,120.1,17.8,factory_normal
V02618,2018,Porsche,Cayenne,M5C,Black Metallic,metallic,126.9,124.0,130.0,129.2,128.7,141.2,142.3,130.9,121.6,125.3,135.1,146.4,144.9,132.8,121.6,146.4,24.8,factory_normal
V02619,2018,Porsche,Cayenne,M5C,Black Metallic,metallic,98.8,108.3,105.8,98.7,95.7,114.9,94.7,106.1,100.4,100.4,103.6,135.4,101.9,105.0,94.7,135.4,40.7,factory_normal
V02620,2019,Porsche,Cayenne,M7V,GT Silver Metallic,metallic,122.6,125.1,130.8,127.2,119.0,119.8,118.1,115.2,118.4,116.7,116.4,137.7,137.5,123.4,115.2,137.7,22.5,factory_normal
V02621,2019,Porsche,Cayenne,M7V,GT Silver Metallic,metallic,133.8,123.4,131.0,129.7,135.8,130.8,125.3,137.3,128.9,134.3,134.4,129.3,141.4,132.0,123.4,141.4,18.0,factory_normal
V02622,2020,Porsche,Cayenne,0Q,White,solid,115.6,112.2,108.9,124.3,119.8,112.4,112.6,123.6,118.4,115.6,118.9,135.4,120.6,118.3,108.9,135.4,26.5,factory_normal
V02623,2020,Porsche,Cayenne,M5C,Black Metallic,metallic,115.6,128.3,122.5,127.5,127.1,117.9,126.9,123.3,120.5,128.2,123.8,140.7,126.1,125.3,115.6,140.7,25.1,factory_normal
V02624,2020,Porsche,Cayenne,M5C,Black Metallic,metallic,117.2,123.2,116.0,111.3,114.9,113.2,105.9,112.7,123.4,109.8,119.4,118.3,111.6,115.1,105.9,123.4,17.5,factory_normal
V02625,2021,Porsche,Cayenne,M5C,Black Metallic,metallic,139.2,123.7,131.4,123.5,129.2,138.7,135.9,132.9,122.1,126.8,125.6,153.6,137.0,132.3,122.1,153.6,31.5,factory_normal
V02626,2021,Porsche,Cayenne,0Q,White,solid,126.9,129.8,127.9,123.6,130.9,123.1,128.3,122.5,117.8,132.9,131.9,139.2,112.4,126.7,112.4,139.2,26.8,factory_normal
V02627,2021,Porsche,Cayenne,M5C,Black Metallic,metallic,100.4,103.2,112.0,110.3,108.7,109.7,110.7,106.5,103.7,105.1,107.2,125.9,115.8,109.2,100.4,125.9,25.5,factory_normal
V02628,2022,Porsche,Cayenne,M7V,GT Silver Metallic,metallic,103.3,106.9,112.4,107.7,104.6,103.8,105.5,105.5,118.2,117.5,119.2,103.5,114.1,109.4,103.3,119.2,15.9,factory_normal
V02629,2022,Porsche,Cayenne,M5C,Black Metallic,metallic,119.6,125.1,110.1,122.5,123.7,124.4,121.6,124.3,124.5,124.7,131.3,141.1,142.3,125.8,110.1,142.3,32.2,factory_normal
V02630,2022,Porsche,Cayenne,M5C,Black Metallic,metallic,110.7,111.1,101.6,103.9,112.0,106.6,98.5,105.2,108.3,107.1,104.9,117.2,115.1,107.9,98.5,117.2,18.7,factory_normal
V02631,2023,Porsche,Cayenne,M5C,Black Metallic,metallic,123.1,133.6,125.4,127.5,125.1,125.5,124.2,116.3,130.3,128.0,127.7,143.5,164.6,130.4,116.3,164.6,48.3,respray_suspected
V02632,2023,Porsche,Cayenne,M5C,Black Metallic,metallic,107.1,102.2,112.3,117.7,112.8,116.8,117.7,119.6,121.6,116.9,113.1,132.5,128.0,116.8,102.2,132.5,30.3,factory_normal
V02633,2023,Porsche,Cayenne,0Q,White,solid,102.7,110.0,112.1,112.3,116.4,111.9,107.9,108.4,112.9,115.1,115.8,125.5,121.7,113.3,102.7,125.5,22.8,factory_normal
V02634,2024,Porsche,Cayenne,M7V,GT Silver Metallic,metallic,131.7,129.6,135.1,134.7,136.6,138.8,131.6,132.9,132.2,130.2,134.9,127.6,129.6,132.7,127.6,138.8,11.2,factory_normal
V02635,2024,Porsche,Cayenne,M7V,GT Silver Metallic,metallic,109.0,110.5,124.6,109.9,119.0,130.5,122.5,119.3,114.8,127.0,115.9,130.8,99.3,117.9,99.3,130.8,31.5,factory_normal
V02636,2024,Porsche,Cayenne,M5C,Black Metallic,metallic,103.9,103.2,95.2,99.5,108.0,104.9,94.9,102.9,92.3,104.4,232.2,222.5,106.4,120.8,92.3,232.2,139.9,respray_suspected
V02637,2025,Porsche,Cayenne,M5C,Black Metallic,metallic,111.1,118.3,120.2,123.3,105.3,107.1,117.6,116.4,109.9,116.7,113.7,114.7,127.2,115.5,105.3,127.2,21.9,factory_normal
V02638,2025,Porsche,Cayenne,M5C,Black Metallic,metallic,117.9,124.3,119.0,119.2,114.0,111.5,119.4,112.9,119.6,117.0,107.0,117.9,132.6,117.9,107.0,132.6,25.6,factory_normal
V02639,2026,Porsche,Cayenne,M5C,Black Metallic,metallic,127.2,128.1,127.9,136.6,126.1,121.8,124.1,125.4,132.2,136.8,130.1,142.7,133.3,130.2,121.8,142.7,20.9,factory_normal
V02640,2026,Porsche,Cayenne,0Q,White,solid,131.6,137.6,130.5,134.6,131.3,130.3,132.5,122.2,133.7,134.1,126.1,139.7,148.6,133.3,122.2,148.6,26.4,factory_normal
V02641,2015,Porsche,Macan,M7V,GT Silver Metallic,metallic,117.5,109.7,113.3,120.8,115.7,112.1,117.2,113.7,109.8,109.8,111.0,107.6,114.9,113.3,107.6,120.8,13.2,factory_normal
V02642,2015,Porsche,Macan,0Q,White,solid,116.6,118.4,119.3,115.1,115.2,117.5,119.4,119.9,109.8,114.4,115.8,108.1,118.7,116.0,108.1,119.9,11.8,factory_normal
V02643,2015,Porsche,Macan,0Q,White,solid,99.8,100.8,102.8,101.8,105.0,104.1,96.2,105.8,103.4,109.5,105.4,102.8,115.6,104.1,96.2,115.6,19.4,factory_normal
V02644,2016,Porsche,Macan,M7V,GT Silver Metallic,metallic,105.0,104.9,117.4,101.5,114.1,109.6,102.2,104.9,99.2,104.8,114.2,179.2,112.6,113.0,99.2,179.2,80.0,respray_suspected
V02645,2016,Porsche,Macan,M5C,Black Metallic,metallic,126.0,129.2,131.3,121.4,131.5,133.0,125.4,131.1,124.1,131.0,129.1,137.2,138.7,129.9,121.4,138.7,17.3,factory_normal
V02646,2016,Porsche,Macan,0Q,White,solid,112.5,124.4,100.4,117.7,119.5,112.9,103.8,115.9,112.8,115.9,119.5,115.6,114.3,114.2,100.4,124.4,24.0,factory_normal
V02647,2017,Porsche,Macan,M7V,GT Silver Metallic,metallic,113.0,107.7,103.2,117.0,118.0,111.8,99.5,98.8,107.8,99.5,110.4,114.1,107.0,108.3,98.8,118.0,19.2,factory_normal
V02648,2017,Porsche,Macan,0Q,White,solid,111.5,98.1,108.6,105.3,110.4,109.7,116.4,101.1,104.4,114.2,105.1,118.4,129.5,110.2,98.1,129.5,31.4,factory_normal
V02649,2017,Porsche,Macan,M7V,GT Silver Metallic,metallic,113.7,125.2,117.4,121.9,128.5,128.7,132.7,126.1,125.0,119.3,119.8,109.7,125.4,122.6,109.7,132.7,23.0,factory_normal
V02650,2018,Porsche,Macan,0Q,White,solid,106.5,103.4,103.4,95.2,100.2,109.8,102.1,95.7,98.5,111.7,109.0,117.3,118.9,105.5,95.2,118.9,23.7,factory_normal
V02651,2018,Porsche,Macan,0Q,White,solid,114.3,106.4,290.6,115.4,105.1,106.3,103.2,238.1,113.8,104.6,108.0,106.6,123.1,133.5,103.2,290.6,187.4,respray_suspected
V02652,2019,Porsche,Macan,M7V,GT Silver Metallic,metallic,122.1,120.7,114.8,122.3,122.4,115.6,121.0,118.8,121.1,118.8,109.0,140.0,118.8,120.4,109.0,140.0,31.0,factory_normal
V02653,2019,Porsche,Macan,M7V,GT Silver Metallic,metallic,97.6,109.3,113.3,108.9,107.8,112.6,108.7,106.9,104.7,106.2,111.7,123.7,102.6,108.8,97.6,123.7,26.1,factory_normal
V02654,2020,Porsche,Macan,0Q,White,solid,116.8,117.3,112.5,122.8,116.0,112.5,116.6,112.7,118.8,112.5,116.2,129.0,122.5,117.4,112.5,129.0,16.5,factory_normal
V02655,2020,Porsche,Macan,M5C,Black Metallic,metallic,112.2,109.1,112.3,102.4,112.8,97.0,102.4,104.4,104.7,107.7,122.6,126.1,117.4,110.1,97.0,126.1,29.1,factory_normal
V02656,2020,Porsche,Macan,0Q,White,solid,105.7,108.2,104.5,97.2,100.1,104.7,108.4,102.1,103.0,108.1,100.2,95.4,108.7,103.6,95.4,108.7,13.3,factory_normal
V02657,2021,Porsche,Macan,M5C,Black Metallic,metallic,117.2,114.8,114.9,200.1,127.9,119.3,121.5,115.6,111.1,123.3,122.6,256.0,132.0,136.6,111.1,256.0,144.9,respray_suspected
V02658,2021,Porsche,Macan,M5C,Black Metallic,metallic,118.0,130.8,110.0,118.4,123.0,118.3,121.2,121.6,122.7,124.8,128.5,142.5,127.4,123.6,110.0,142.5,32.5,factory_normal
V02659,2022,Porsche,Macan,0Q,White,solid,113.7,105.6,110.9,110.1,118.2,113.7,113.9,102.9,103.2,108.5,111.5,114.9,133.7,112.4,102.9,133.7,30.8,factory_normal
V02660,2022,Porsche,Macan,M5C,Black Metallic,metallic,93.2,101.0,96.1,100.7,102.0,89.5,107.5,106.6,91.0,95.7,102.8,117.3,96.0,100.0,89.5,117.3,27.8,factory_normal
V02661,2022,Porsche,Macan,M5C,Black Metallic,metallic,112.6,120.8,120.7,122.9,112.2,126.3,115.4,115.7,117.0,122.7,181.6,229.2,130.8,132.9,112.2,229.2,117.0,respray_suspected
V02662,2023,Porsche,Macan,0Q,White,solid,124.8,121.8,113.2,122.5,125.8,126.7,115.8,119.7,119.3,121.1,127.4,118.3,137.2,122.6,113.2,137.2,24.0,factory_normal
V02663,2023,Porsche,Macan,M7V,GT Silver Metallic,metallic,113.6,113.7,117.6,119.0,110.9,115.4,116.3,120.7,115.3,105.4,115.5,114.3,115.2,114.8,105.4,120.7,15.3,factory_normal
V02664,2024,Porsche,Macan,M7V,GT Silver Metallic,metallic,117.4,125.1,124.3,112.3,119.9,121.8,119.4,117.8,115.8,113.7,111.4,129.5,117.0,118.9,111.4,129.5,18.1,factory_normal
V02665,2024,Porsche,Macan,M5C,Black Metallic,metallic,111.4,113.9,124.7,121.7,109.2,123.7,114.8,107.5,125.7,114.8,112.0,137.6,121.4,118.3,107.5,137.6,30.1,factory_normal
V02666,2025,Porsche,Macan,0Q,White,solid,99.6,97.0,101.8,108.5,100.3,108.3,99.4,103.1,103.0,97.4,110.3,115.5,120.0,104.9,97.0,120.0,23.0,factory_normal
V02667,2025,Porsche,Macan,0Q,White,solid,115.2,115.2,112.2,108.5,116.3,106.8,118.7,114.2,108.4,114.5,106.5,114.9,99.4,111.6,99.4,118.7,19.3,factory_normal
V02668,2026,Porsche,Macan,M5C,Black Metallic,metallic,119.0,123.7,123.3,119.4,115.1,116.1,115.6,119.4,116.1,113.4,121.3,133.2,103.4,118.4,103.4,133.2,29.8,factory_normal
V02669,2026,Porsche,Macan,0Q,White,solid,139.0,124.7,134.8,127.8,131.4,122.4,130.9,142.2,136.6,135.3,136.7,132.1,140.1,133.4,122.4,142.2,19.8,factory_normal
V02670,2015,Porsche,Taycan,M7V,GT Silver Metallic,metallic,114.3,120.6,106.2,108.3,106.5,118.3,106.6,108.1,102.6,108.1,111.5,128.2,129.4,113.0,102.6,129.4,26.8,factory_normal
V02671,2015,Porsche,Taycan,0Q,White,solid,127.9,138.9,127.3,132.8,131.8,133.1,126.2,143.9,137.6,134.8,133.9,135.6,164.8,136.0,126.2,164.8,38.6,respray_suspected
V02672,2016,Porsche,Taycan,M7V,GT Silver Metallic,metallic,110.3,108.5,118.1,116.8,118.3,111.5,111.1,112.8,101.5,114.0,107.7,135.7,119.9,114.3,101.5,135.7,34.2,factory_normal
V02673,2016,Porsche,Taycan,M5C,Black Metallic,metallic,102.7,103.9,100.4,98.9,104.9,101.1,100.6,104.1,101.6,98.5,95.6,105.5,110.2,102.2,95.6,110.2,14.6,factory_normal
V02674,2016,Porsche,Taycan,M7V,GT Silver Metallic,metallic,121.1,116.9,128.6,122.7,129.3,130.8,132.7,124.8,128.3,120.5,129.3,145.3,124.9,127.3,116.9,145.3,28.4,factory_normal
V02675,2017,Porsche,Taycan,M5C,Black Metallic,metallic,124.6,135.4,120.0,133.1,132.4,129.3,136.5,131.4,118.0,132.4,132.6,145.7,139.8,131.6,118.0,145.7,27.7,factory_normal
V02676,2017,Porsche,Taycan,0Q,White,solid,110.6,103.2,108.4,107.1,107.9,111.7,99.0,116.5,109.5,111.0,102.2,122.6,111.6,109.3,99.0,122.6,23.6,factory_normal
V02677,2018,Porsche,Taycan,M5C,Black Metallic,metallic,110.6,122.0,116.6,122.1,116.8,116.5,115.9,114.3,113.2,122.9,112.0,140.8,121.6,118.9,110.6,140.8,30.2,factory_normal
V02678,2018,Porsche,Taycan,M7V,GT Silver Metallic,metallic,103.3,97.3,104.0,95.7,97.1,99.5,110.4,95.1,109.0,87.1,103.6,101.1,108.3,100.9,87.1,110.4,23.3,factory_normal
V02679,2018,Porsche,Taycan,M5C,Black Metallic,metallic,102.0,114.4,106.2,115.4,105.2,106.1,104.8,104.5,104.1,107.5,106.9,112.8,106.2,107.4,102.0,115.4,13.4,factory_normal
V02680,2019,Porsche,Taycan,0Q,White,solid,125.0,128.5,125.1,135.1,132.2,122.1,130.0,135.2,128.2,120.2,131.2,131.9,126.7,128.6,120.2,135.2,15.0,factory_normal
V02681,2019,Porsche,Taycan,0Q,White,solid,111.5,103.4,109.3,113.2,106.4,107.0,108.2,106.9,103.2,111.2,110.9,124.4,118.7,110.3,103.2,124.4,21.2,factory_normal
V02682,2020,Porsche,Taycan,0Q,White,solid,115.6,122.2,121.5,130.3,118.0,121.5,123.5,133.3,115.7,116.8,117.3,113.6,121.8,120.9,113.6,133.3,19.7,factory_normal
V02683,2020,Porsche,Taycan,M5C,Black Metallic,metallic,126.3,126.9,118.3,130.8,119.2,125.3,118.0,120.4,125.9,124.4,129.2,125.8,120.1,123.9,118.0,130.8,12.8,factory_normal
V02684,2020,Porsche,Taycan,0Q,White,solid,129.8,128.0,131.1,124.3,134.8,129.0,128.9,133.4,122.1,134.0,131.6,142.8,159.2,133.0,122.1,159.2,37.1,factory_normal
V02685,2021,Porsche,Taycan,M5C,Black Metallic,metallic,116.7,122.8,119.0,121.5,122.1,116.5,107.8,111.6,124.3,113.3,121.9,141.8,121.6,120.1,107.8,141.8,34.0,factory_normal
V02686,2021,Porsche,Taycan,M7V,GT Silver Metallic,metallic,102.7,107.5,108.7,108.2,114.1,110.0,105.5,104.0,103.2,114.4,108.1,130.5,110.8,109.8,102.7,130.5,27.8,factory_normal
V02687,2022,Porsche,Taycan,0Q,White,solid,99.2,96.6,98.7,109.5,98.3,103.6,94.4,94.7,112.6,106.6,102.2,126.8,95.2,103.0,94.4,126.8,32.4,factory_normal
V02688,2022,Porsche,Taycan,M7V,GT Silver Metallic,metallic,110.8,112.3,112.6,111.2,109.1,110.8,125.8,116.7,105.0,120.6,119.8,126.2,143.2,117.2,105.0,143.2,38.2,factory_normal
V02689,2023,Porsche,Taycan,M7V,GT Silver Metallic,metallic,112.7,100.9,109.7,98.6,112.7,103.9,100.6,100.6,102.5,104.3,106.1,100.0,129.3,106.3,98.6,129.3,30.7,factory_normal
V02690,2023,Porsche,Taycan,M7V,GT Silver Metallic,metallic,100.1,107.3,105.6,100.0,107.8,102.6,103.8,109.6,97.6,110.5,102.0,147.0,138.9,110.2,97.6,147.0,49.4,factory_normal
V02691,2023,Porsche,Taycan,0Q,White,solid,108.3,92.6,107.1,102.8,105.3,104.6,102.6,99.0,106.3,108.6,103.3,132.1,96.5,105.3,92.6,132.1,39.5,factory_normal
V02692,2024,Porsche,Taycan,M5C,Black Metallic,metallic,138.7,128.7,125.5,119.3,127.2,123.4,124.8,124.6,137.4,129.1,126.9,136.7,118.4,127.7,118.4,138.7,20.3,factory_normal
V02693,2024,Porsche,Taycan,M7V,GT Silver Metallic,metallic,105.3,103.4,100.3,103.5,105.5,110.1,111.3,109.4,113.3,95.4,98.5,121.5,124.7,107.9,95.4,124.7,29.3,factory_normal
V02694,2024,Porsche,Taycan,0Q,White,solid,117.2,116.4,110.5,112.1,108.1,114.3,115.6,109.2,117.8,110.4,122.5,137.1,120.7,116.3,108.1,137.1,29.0,factory_normal
V02695,2025,Porsche,Taycan,M5C,Black Metallic,metallic,109.7,115.5,126.1,115.6,109.1,118.3,116.9,122.1,119.7,108.3,117.8,125.9,114.7,116.9,108.3,126.1,17.8,factory_normal
V02696,2025,Porsche,Taycan,M5C,Black Metallic,metallic,118.5,114.9,112.5,115.1,107.4,111.6,109.9,110.1,122.8,116.1,112.4,104.7,119.3,113.5,104.7,122.8,18.1,factory_normal
V02697,2026,Porsche,Taycan,M7V,GT Silver Metallic,metallic,127.6,121.8,121.4,120.1,132.2,121.2,125.6,128.5,122.3,120.8,135.8,163.7,144.0,129.6,120.1,163.7,43.6,respray_suspected
V02698,2026,Porsche,Taycan,M5C,Black Metallic,metallic,101.9,115.9,104.4,116.6,101.1,107.3,117.6,107.9,113.4,109.7,115.7,115.9,122.4,111.5,101.1,122.4,21.3,factory_normal
V02699,2015,Peugeot,308,KCA,Artense Gray Metallic,metallic,111.6,110.2,113.4,119.4,120.3,117.3,112.4,117.1,114.1,123.7,117.8,124.4,141.7,118.7,110.2,141.7,31.5,factory_normal
V02700,2015,Peugeot,308,KCA,Artense Gray Metallic,metallic,111.2,101.9,112.3,111.7,100.5,113.4,106.7,105.6,103.7,108.4,114.1,124.9,115.1,110.0,100.5,124.9,24.4,factory_normal
V02701,2015,Peugeot,308,EWP,Banquise White,solid,278.3,95.4,104.0,92.4,102.9,96.9,94.6,100.7,99.3,108.9,108.7,121.1,124.7,117.5,92.4,278.3,185.9,respray_suspected
V02702,2016,Peugeot,308,KCA,Artense Gray Metallic,metallic,110.6,110.0,106.6,105.5,108.0,101.9,105.5,102.0,108.5,101.6,98.5,98.6,136.5,107.2,98.5,136.5,38.0,factory_normal
V02703,2016,Peugeot,308,EWP,Banquise White,solid,105.6,102.8,97.3,107.9,105.5,104.2,103.4,98.3,97.8,103.9,105.9,119.2,93.2,103.5,93.2,119.2,26.0,factory_normal
V02704,2016,Peugeot,308,EWP,Banquise White,solid,103.7,98.3,99.5,98.7,99.7,113.9,112.1,106.3,91.6,109.9,98.8,99.3,117.1,103.8,91.6,117.1,25.5,factory_normal
V02705,2017,Peugeot,308,EWP,Banquise White,solid,104.2,108.9,108.0,106.2,104.3,108.5,107.1,108.4,105.3,116.3,106.3,102.3,136.4,109.4,102.3,136.4,34.1,factory_normal
V02706,2017,Peugeot,308,KCA,Artense Gray Metallic,metallic,109.6,118.4,117.4,108.1,116.6,117.7,110.3,111.8,112.3,113.1,116.2,127.7,118.5,115.2,108.1,127.7,19.6,factory_normal
V02707,2018,Peugeot,308,KCA,Artense Gray Metallic,metallic,227.1,112.9,104.8,254.7,103.4,109.5,109.3,103.8,114.1,111.1,106.7,119.7,117.0,130.3,103.4,254.7,151.3,respray_suspected
V02708,2018,Peugeot,308,KCA,Artense Gray Metallic,metallic,105.2,108.0,108.2,99.5,107.7,100.8,100.4,105.2,100.5,106.7,106.2,123.5,116.9,106.8,99.5,123.5,24.0,factory_normal
V02709,2018,Peugeot,308,EWP,Banquise White,solid,102.9,108.9,110.2,102.9,106.8,103.2,107.2,116.9,109.5,104.2,101.7,111.2,157.0,111.0,101.7,157.0,55.3,factory_normal
V02710,2019,Peugeot,308,EWP,Banquise White,solid,102.5,278.3,108.0,101.6,101.6,104.4,272.8,109.4,97.6,114.7,113.2,94.3,115.1,131.8,94.3,278.3,184.0,respray_suspected
V02711,2019,Peugeot,308,EWP,Banquise White,solid,101.9,100.0,104.4,111.4,106.3,98.2,109.4,108.8,97.2,100.5,108.5,117.7,123.3,106.7,97.2,123.3,26.1,factory_normal
V02712,2020,Peugeot,308,EWP,Banquise White,solid,111.3,111.0,105.6,102.1,109.0,112.9,105.1,111.4,111.1,107.5,105.8,116.0,110.8,109.2,102.1,116.0,13.9,factory_normal
V02713,2020,Peugeot,308,KCA,Artense Gray Metallic,metallic,103.5,110.0,102.9,113.0,101.4,111.4,111.7,100.1,111.9,101.7,102.3,116.3,130.4,109.0,100.1,130.4,30.3,factory_normal
V02714,2021,Peugeot,308,KCA,Artense Gray Metallic,metallic,94.7,105.1,98.7,98.9,95.5,107.1,103.5,101.9,93.3,98.9,98.5,131.6,130.0,104.4,93.3,131.6,38.3,factory_normal
V02715,2021,Peugeot,308,KCA,Artense Gray Metallic,metallic,112.6,103.4,115.1,115.1,105.3,116.2,110.6,102.0,111.1,115.8,109.0,114.2,105.8,110.5,102.0,116.2,14.2,factory_normal
V02716,2022,Peugeot,308,KCA,Artense Gray Metallic,metallic,106.6,103.3,97.2,93.8,101.5,101.6,106.5,104.0,104.1,109.9,105.7,112.9,129.2,105.9,93.8,129.2,35.4,factory_normal
V02717,2022,Peugeot,308,EWP,Banquise White,solid,117.8,109.8,108.1,114.3,117.8,120.1,111.3,119.8,110.3,110.7,114.5,147.2,120.3,117.1,108.1,147.2,39.1,factory_normal
V02718,2023,Peugeot,308,EWP,Banquise White,solid,104.1,105.7,108.3,97.9,106.2,110.4,110.9,90.6,110.4,102.6,101.2,119.9,114.0,106.3,90.6,119.9,29.3,factory_normal
V02719,2023,Peugeot,308,KCA,Artense Gray Metallic,metallic,103.3,96.1,104.1,112.7,101.3,102.8,104.2,104.0,104.4,107.2,108.0,127.2,112.4,106.7,96.1,127.2,31.1,factory_normal
V02720,2024,Peugeot,308,KCA,Artense Gray Metallic,metallic,101.8,90.8,91.6,98.3,91.1,93.2,99.2,97.1,102.2,98.3,89.5,103.9,105.7,97.1,89.5,105.7,16.2,factory_normal
V02721,2024,Peugeot,308,KCA,Artense Gray Metallic,metallic,102.6,106.9,103.4,100.4,103.7,103.5,105.4,100.4,103.0,105.7,96.7,111.2,106.5,103.8,96.7,111.2,14.5,factory_normal
V02722,2024,Peugeot,308,EWP,Banquise White,solid,105.6,97.7,101.4,100.9,101.6,104.3,104.9,104.5,102.4,105.2,109.5,107.5,125.5,105.5,97.7,125.5,27.8,factory_normal
V02723,2025,Peugeot,308,EWP,Banquise White,solid,93.0,103.0,103.1,108.7,105.8,103.9,104.6,98.7,100.4,104.6,107.6,118.1,100.5,104.0,93.0,118.1,25.1,factory_normal
V02724,2025,Peugeot,308,KCA,Artense Gray Metallic,metallic,102.8,103.4,101.8,109.3,91.3,96.3,102.9,107.2,91.6,111.7,99.6,132.5,102.2,104.0,91.3,132.5,41.2,factory_normal
V02725,2026,Peugeot,308,KCA,Artense Gray Metallic,metallic,105.1,100.6,94.8,99.4,92.1,98.4,109.4,102.5,97.8,96.0,97.4,97.7,111.2,100.2,92.1,111.2,19.1,factory_normal
V02726,2026,Peugeot,308,KCA,Artense Gray Metallic,metallic,113.2,104.4,95.7,110.5,104.4,98.0,108.8,105.1,107.3,97.9,102.4,116.4,114.4,106.0,95.7,116.4,20.7,factory_normal
V02727,2026,Peugeot,308,EWP,Banquise White,solid,94.4,93.9,93.3,95.4,103.0,93.9,105.4,94.7,93.5,95.4,91.8,108.2,77.6,95.4,77.6,108.2,30.6,factory_normal
V02728,2015,Peugeot,3008,EWP,Banquise White,solid,115.3,115.7,116.1,112.2,104.9,116.1,184.3,113.9,107.1,103.0,113.1,106.2,117.2,117.3,103.0,184.3,81.3,respray_suspected
V02729,2015,Peugeot,3008,KCA,Artense Gray Metallic,metallic,104.3,116.8,102.8,112.6,106.2,107.0,104.5,109.3,108.9,106.1,112.1,107.1,119.2,109.0,102.8,119.2,16.4,factory_normal
V02730,2016,Peugeot,3008,KCA,Artense Gray Metallic,metallic,108.5,103.9,111.8,108.7,110.3,108.7,98.2,103.6,105.6,103.4,103.6,127.7,109.5,108.0,98.2,127.7,29.5,factory_normal
V02731,2016,Peugeot,3008,EWP,Banquise White,solid,104.9,111.8,107.5,119.3,113.8,110.6,113.3,116.0,106.7,110.9,109.1,111.4,128.2,112.6,104.9,128.2,23.3,factory_normal
V02732,2017,Peugeot,3008,KCA,Artense Gray Metallic,metallic,106.6,102.5,98.9,101.6,110.7,107.3,89.9,100.5,104.6,103.6,108.5,105.3,122.4,104.8,89.9,122.4,32.5,factory_normal
V02733,2017,Peugeot,3008,EWP,Banquise White,solid,109.4,107.7,110.8,114.2,114.6,112.4,120.7,110.7,119.4,122.2,114.8,114.0,118.0,114.5,107.7,122.2,14.5,factory_normal
V02734,2017,Peugeot,3008,KCA,Artense Gray Metallic,metallic,106.6,191.3,108.4,103.3,109.7,103.4,108.6,118.8,117.2,102.5,103.6,109.0,106.2,114.5,102.5,191.3,88.8,respray_suspected
V02735,2018,Peugeot,3008,EWP,Banquise White,solid,122.4,107.2,115.2,114.9,121.3,125.6,125.3,119.0,118.4,118.6,118.1,105.0,118.1,117.6,105.0,125.6,20.6,factory_normal
V02736,2018,Peugeot,3008,EWP,Banquise White,solid,106.3,104.2,111.4,113.0,109.6,112.3,103.0,103.8,114.4,104.5,114.9,132.2,119.5,111.5,103.0,132.2,29.2,factory_normal
V02737,2018,Peugeot,3008,EWP,Banquise White,solid,102.7,102.4,91.9,99.7,99.8,98.8,95.4,99.6,108.8,101.2,93.5,105.0,116.3,101.2,91.9,116.3,24.4,factory_normal
V02738,2019,Peugeot,3008,KCA,Artense Gray Metallic,metallic,104.0,119.5,115.9,106.1,113.2,113.6,108.1,110.4,117.8,110.2,112.8,125.0,119.6,113.6,104.0,125.0,21.0,factory_normal
V02739,2019,Peugeot,3008,KCA,Artense Gray Metallic,metallic,109.8,103.9,98.7,107.5,111.5,105.4,111.0,109.9,104.9,109.5,102.9,117.8,118.9,108.6,98.7,118.9,20.2,factory_normal
V02740,2019,Peugeot,3008,KCA,Artense Gray Metallic,metallic,111.3,98.4,100.7,99.7,90.6,97.6,103.1,105.6,98.8,103.6,93.1,103.2,102.0,100.6,90.6,111.3,20.7,factory_normal
V02741,2020,Peugeot,3008,EWP,Banquise White,solid,110.5,102.6,110.9,99.2,104.1,110.8,96.3,98.4,105.1,110.8,109.8,117.2,117.7,107.2,96.3,117.7,21.4,factory_normal
V02742,2020,Peugeot,3008,EWP,Banquise White,solid,104.2,102.3,108.5,107.0,102.4,107.6,104.6,114.7,101.3,103.4,106.2,99.8,105.1,105.2,99.8,114.7,14.9,factory_normal
V02743,2021,Peugeot,3008,EWP,Banquise White,solid,107.5,117.8,109.6,114.0,112.5,119.5,120.3,117.5,112.7,113.4,113.4,105.6,112.5,113.6,105.6,120.3,14.7,factory_normal
V02744,2021,Peugeot,3008,KCA,Artense Gray Metallic,metallic,100.2,109.7,98.6,106.8,104.6,104.4,109.2,110.2,101.5,104.8,105.1,139.2,112.1,108.2,98.6,139.2,40.6,factory_normal
V02745,2021,Peugeot,3008,EWP,Banquise White,solid,102.7,102.8,97.7,101.3,102.4,100.2,99.7,100.0,117.5,107.1,97.3,114.6,132.4,105.8,97.3,132.4,35.1,factory_normal
V02746,2022,Peugeot,3008,EWP,Banquise White,solid,109.6,102.7,105.7,96.9,102.9,117.5,103.7,98.8,111.1,116.1,116.9,115.2,103.9,107.8,96.9,117.5,20.6,factory_normal
V02747,2022,Peugeot,3008,EWP,Banquise White,solid,110.6,113.9,119.0,110.2,117.0,109.3,111.8,111.3,110.1,113.6,113.0,108.7,110.8,112.3,108.7,119.0,10.3,factory_normal
V02748,2022,Peugeot,3008,EWP,Banquise White,solid,109.9,102.2,109.6,104.4,105.4,109.5,106.8,104.4,109.3,107.4,102.9,102.7,124.3,107.6,102.2,124.3,22.1,factory_normal
V02749,2023,Peugeot,3008,KCA,Artense Gray Metallic,metallic,96.7,99.6,110.2,209.5,93.9,211.5,98.3,94.5,99.7,96.6,105.3,122.8,105.1,118.7,93.9,211.5,117.6,respray_suspected
V02750,2023,Peugeot,3008,KCA,Artense Gray Metallic,metallic,96.0,102.6,97.7,100.9,101.4,96.9,100.1,96.9,102.3,99.8,111.2,92.0,102.1,100.0,92.0,111.2,19.2,factory_normal
V02751,2024,Peugeot,3008,KCA,Artense Gray Metallic,metallic,112.4,114.1,105.3,110.1,100.5,115.4,106.7,112.0,106.4,104.8,97.6,121.3,130.6,110.6,97.6,130.6,33.0,factory_normal
V02752,2024,Peugeot,3008,KCA,Artense Gray Metallic,metallic,113.3,104.2,104.3,110.2,110.0,106.5,110.0,110.5,107.1,108.4,109.1,100.4,113.3,108.3,100.4,113.3,12.9,factory_normal
V02753,2024,Peugeot,3008,KCA,Artense Gray Metallic,metallic,99.9,94.1,101.2,101.4,96.8,91.9,95.0,95.6,102.1,95.0,99.2,98.3,119.9,99.3,91.9,119.9,28.0,factory_normal
V02754,2025,Peugeot,3008,EWP,Banquise White,solid,109.3,91.5,104.1,94.0,97.7,92.3,106.7,107.0,106.0,117.5,100.3,110.5,101.2,102.9,91.5,117.5,26.0,factory_normal
V02755,2025,Peugeot,3008,KCA,Artense Gray Metallic,metallic,111.5,108.2,102.3,96.9,102.7,110.8,101.0,106.6,104.2,113.7,101.6,128.1,107.0,107.3,96.9,128.1,31.2,factory_normal
V02756,2026,Peugeot,3008,EWP,Banquise White,solid,106.0,110.4,108.9,107.2,110.0,101.8,104.8,97.5,102.2,104.1,98.6,115.5,134.2,107.8,97.5,134.2,36.7,factory_normal
V02757,2026,Peugeot,3008,EWP,Banquise White,solid,105.0,109.3,103.6,111.8,112.3,113.8,105.2,103.6,112.3,108.7,111.2,121.2,109.1,109.8,103.6,121.2,17.6,factory_normal
V02758,2026,Peugeot,3008,KCA,Artense Gray Metallic,metallic,100.5,104.8,102.8,106.8,99.1,87.6,98.0,91.2,97.3,98.4,96.9,119.8,106.7,100.8,87.6,119.8,32.2,factory_normal
V02759,2015,Peugeot,508,KCA,Artense Gray Metallic,metallic,104.5,102.1,102.7,97.8,89.5,99.1,103.7,95.2,97.2,107.1,104.3,112.6,90.7,100.5,89.5,112.6,23.1,factory_normal
V02760,2015,Peugeot,508,EWP,Banquise White,solid,116.8,107.8,115.3,116.8,110.4,115.3,106.2,110.5,109.9,119.9,111.8,135.7,124.2,115.4,106.2,135.7,29.5,factory_normal
V02761,2016,Peugeot,508,KCA,Artense Gray Metallic,metallic,105.1,99.4,112.5,110.2,113.2,116.1,106.0,119.1,113.9,107.3,115.3,106.9,148.6,113.4,99.4,148.6,49.2,factory_normal
V02762,2016,Peugeot,508,KCA,Artense Gray Metallic,metallic,113.9,118.4,120.8,118.0,108.7,114.8,115.4,119.0,117.1,108.8,107.2,135.2,101.9,115.3,101.9,135.2,33.3,factory_normal
V02763,2016,Peugeot,508,KCA,Artense Gray Metallic,metallic,114.0,101.7,109.3,105.4,112.7,109.4,110.4,107.5,114.2,103.8,111.5,97.2,125.5,109.4,97.2,125.5,28.3,factory_normal
V02764,2017,Peugeot,508,EWP,Banquise White,solid,98.2,106.2,96.4,98.0,103.6,95.5,108.7,104.1,100.0,96.3,108.2,108.6,115.5,103.0,95.5,115.5,20.0,factory_normal
V02765,2017,Peugeot,508,EWP,Banquise White,solid,100.7,100.2,112.2,99.3,103.7,101.5,95.0,98.5,110.2,104.8,105.5,95.2,110.1,102.8,95.0,112.2,17.2,factory_normal
V02766,2018,Peugeot,508,KCA,Artense Gray Metallic,metallic,117.6,114.5,104.2,114.4,98.2,112.5,110.5,106.7,116.9,111.1,111.7,102.7,119.0,110.8,98.2,119.0,20.8,factory_normal
V02767,2018,Peugeot,508,KCA,Artense Gray Metallic,metallic,117.0,106.1,112.7,110.7,114.0,105.2,111.7,113.8,102.5,104.0,98.7,97.3,100.1,107.2,97.3,117.0,19.7,factory_normal
V02768,2019,Peugeot,508,EWP,Banquise White,solid,107.3,109.2,118.4,115.9,113.7,113.9,112.2,123.3,116.7,114.9,117.1,119.9,128.5,116.2,107.3,128.5,21.2,factory_normal
V02769,2019,Peugeot,508,KCA,Artense Gray Metallic,metallic,120.7,111.2,112.3,111.9,103.8,104.7,117.0,114.3,115.1,104.3,113.6,113.6,121.5,112.6,103.8,121.5,17.7,factory_normal
V02770,2019,Peugeot,508,EWP,Banquise White,solid,91.4,97.0,94.0,94.4,102.2,97.5,85.8,100.0,102.1,112.9,98.8,104.8,131.6,101.0,85.8,131.6,45.8,factory_normal
V02771,2020,Peugeot,508,KCA,Artense Gray Metallic,metallic,114.5,176.4,103.2,97.7,101.1,87.9,113.3,98.9,105.2,106.8,108.3,118.0,193.3,117.3,87.9,193.3,105.4,respray_suspected
V02772,2020,Peugeot,508,KCA,Artense Gray Metallic,metallic,95.0,265.6,195.7,97.7,102.0,102.9,107.8,88.7,94.3,97.3,100.4,103.3,91.5,118.6,88.7,265.6,176.9,respray_suspected
V02773,2020,Peugeot,508,KCA,Artense Gray Metallic,metallic,94.2,96.9,104.6,104.2,96.2,93.7,95.0,107.0,106.3,93.9,98.3,95.2,108.7,99.6,93.7,108.7,15.0,factory_normal
V02774,2021,Peugeot,508,KCA,Artense Gray Metallic,metallic,112.4,113.9,207.2,101.9,110.9,104.1,114.1,112.4,108.4,110.7,103.7,102.2,109.2,116.2,101.9,207.2,105.3,respray_suspected
V02775,2021,Peugeot,508,KCA,Artense Gray Metallic,metallic,108.0,105.4,107.4,115.0,102.4,104.3,104.7,109.1,103.9,105.6,107.3,112.3,114.9,107.7,102.4,115.0,12.6,factory_normal
V02776,2021,Peugeot,508,KCA,Artense Gray Metallic,metallic,103.7,105.0,94.4,103.8,99.0,103.1,100.7,99.4,103.8,106.5,98.7,119.2,121.9,104.6,94.4,121.9,27.5,factory_normal
V02777,2022,Peugeot,508,KCA,Artense Gray Metallic,metallic,94.6,104.2,91.9,103.9,92.5,90.2,94.7,92.5,96.1,98.4,91.1,122.9,108.6,98.6,90.2,122.9,32.7,factory_normal
V02778,2022,Peugeot,508,KCA,Artense Gray Metallic,metallic,109.1,95.1,103.8,105.9,106.6,99.2,93.0,104.4,100.3,92.9,101.6,111.9,113.2,102.8,92.9,113.2,20.3,factory_normal
V02779,2023,Peugeot,508,EWP,Banquise White,solid,113.3,104.6,102.5,104.4,100.9,105.0,100.9,108.4,100.8,96.2,98.8,120.0,114.5,105.4,96.2,120.0,23.8,factory_normal
V02780,2023,Peugeot,508,KCA,Artense Gray Metallic,metallic,105.1,106.2,96.3,103.8,102.7,102.8,97.1,107.5,107.7,103.2,107.2,97.4,96.6,102.6,96.3,107.7,11.4,factory_normal
V02781,2024,Peugeot,508,KCA,Artense Gray Metallic,metallic,94.5,100.8,106.4,100.4,91.8,96.0,104.6,99.8,90.1,102.6,95.8,115.3,111.1,100.7,90.1,115.3,25.2,factory_normal
V02782,2024,Peugeot,508,EWP,Banquise White,solid,95.5,103.7,100.0,101.4,103.7,91.4,99.8,106.3,107.8,105.9,114.9,106.6,105.4,103.3,91.4,114.9,23.5,factory_normal
V02783,2025,Peugeot,508,KCA,Artense Gray Metallic,metallic,100.9,104.3,106.1,104.3,104.9,109.2,167.6,103.1,102.3,113.5,107.8,127.9,97.4,111.5,97.4,167.6,70.2,respray_suspected
V02784,2025,Peugeot,508,EWP,Banquise White,solid,92.3,99.2,99.3,91.8,102.3,87.8,97.5,93.0,95.7,98.3,94.7,126.2,111.5,99.2,87.8,126.2,38.4,factory_normal
V02785,2026,Peugeot,508,EWP,Banquise White,solid,103.3,91.7,93.6,92.2,102.6,94.4,100.7,98.6,96.0,98.1,100.3,108.2,125.3,100.4,91.7,125.3,33.6,factory_normal
V02786,2026,Peugeot,508,KCA,Artense Gray Metallic,metallic,103.5,246.7,104.6,93.8,95.3,99.5,97.7,102.0,97.4,90.4,94.9,112.5,117.3,112.0,90.4,246.7,156.3,respray_suspected
V02787,2015,Renault,Clio,369,Glacier White,solid,115.9,115.0,110.8,115.1,121.3,118.6,121.9,112.3,116.4,114.8,118.9,115.5,128.5,117.3,110.8,128.5,17.7,factory_normal
V02788,2015,Renault,Clio,KNG,Titanium Gray Metallic,metallic,109.3,112.2,111.4,102.7,108.6,109.6,114.4,103.1,108.4,109.0,107.3,106.8,97.6,107.7,97.6,114.4,16.8,factory_normal
V02789,2015,Renault,Clio,369,Glacier White,solid,109.3,113.7,115.0,114.9,112.1,117.2,114.5,116.0,115.0,114.2,118.9,134.3,106.2,115.5,106.2,134.3,28.1,factory_normal
V02790,2016,Renault,Clio,369,Glacier White,solid,112.0,93.1,102.1,109.8,111.4,97.8,101.8,110.4,103.0,106.1,105.4,121.1,114.4,106.8,93.1,121.1,28.0,factory_normal
V02791,2016,Renault,Clio,KNG,Titanium Gray Metallic,metallic,98.4,99.4,112.4,99.4,110.2,98.4,107.1,106.3,102.9,215.4,115.2,227.5,124.5,124.4,98.4,227.5,129.1,respray_suspected
V02792,2017,Renault,Clio,KNG,Titanium Gray Metallic,metallic,107.1,121.5,109.2,111.9,116.9,266.0,118.4,114.8,116.8,110.5,108.9,144.7,125.2,128.6,107.1,266.0,158.9,respray_suspected
V02793,2017,Renault,Clio,369,Glacier White,solid,107.7,112.7,101.3,93.9,104.5,107.0,107.7,106.1,100.6,106.8,117.3,108.6,115.7,106.9,93.9,117.3,23.4,factory_normal
V02794,2018,Renault,Clio,369,Glacier White,solid,105.9,100.8,112.5,104.8,104.1,101.0,106.5,104.9,100.4,102.2,88.9,104.3,124.0,104.6,88.9,124.0,35.1,factory_normal
V02795,2018,Renault,Clio,KNG,Titanium Gray Metallic,metallic,101.1,111.9,105.7,105.2,112.7,113.2,102.0,103.0,113.5,108.5,114.9,109.0,131.1,110.1,101.1,131.1,30.0,factory_normal
V02796,2018,Renault,Clio,369,Glacier White,solid,111.6,113.3,114.5,99.4,113.5,109.4,117.2,121.2,111.0,110.3,113.0,114.1,113.5,112.5,99.4,121.2,21.8,factory_normal
V02797,2019,Renault,Clio,369,Glacier White,solid,96.4,108.8,104.0,102.6,107.7,113.8,103.3,104.9,98.6,107.0,101.5,122.0,143.6,108.8,96.4,143.6,47.2,factory_normal
V02798,2019,Renault,Clio,KNG,Titanium Gray Metallic,metallic,114.9,111.3,102.8,113.4,119.9,102.3,111.4,105.4,117.3,114.7,111.9,119.2,101.7,111.2,101.7,119.9,18.2,factory_normal
V02799,2019,Renault,Clio,369,Glacier White,solid,99.3,99.3,98.3,105.8,100.0,105.5,101.3,98.3,95.3,96.0,87.8,115.8,104.0,100.5,87.8,115.8,28.0,factory_normal
V02800,2020,Renault,Clio,369,Glacier White,solid,104.3,101.2,103.1,97.0,103.7,166.2,110.8,100.3,100.2,96.7,96.9,108.0,134.9,109.5,96.7,166.2,69.5,respray_suspected
V02801,2020,Renault,Clio,369,Glacier White,solid,100.2,103.4,97.9,92.6,97.7,97.1,98.3,92.0,102.0,93.0,108.6,111.9,127.6,101.7,92.0,127.6,35.6,factory_normal
V02802,2020,Renault,Clio,KNG,Titanium Gray Metallic,metallic,113.1,110.4,107.7,111.7,103.4,101.5,248.3,105.5,110.2,107.1,119.6,91.3,131.3,120.1,91.3,248.3,157.0,respray_suspected
V02803,2021,Renault,Clio,369,Glacier White,solid,93.7,95.0,104.8,99.0,94.8,105.0,95.8,105.1,105.7,100.8,106.2,107.4,106.3,101.5,93.7,107.4,13.7,factory_normal
V02804,2021,Renault,Clio,369,Glacier White,solid,109.1,110.1,116.1,109.4,116.6,117.5,107.3,107.9,111.3,113.2,109.0,122.9,114.8,112.7,107.3,122.9,15.6,factory_normal
V02805,2021,Renault,Clio,369,Glacier White,solid,109.1,97.8,104.3,102.8,99.5,108.0,102.7,101.8,101.2,106.1,105.3,119.9,103.2,104.7,97.8,119.9,22.1,factory_normal
V02806,2022,Renault,Clio,369,Glacier White,solid,115.3,114.6,105.2,117.0,116.1,111.3,115.0,110.6,117.6,105.7,112.1,129.3,117.4,114.4,105.2,129.3,24.1,factory_normal
V02807,2022,Renault,Clio,KNG,Titanium Gray Metallic,metallic,105.5,106.4,105.7,111.4,110.5,104.0,107.0,110.7,110.8,114.2,110.0,133.1,121.0,111.6,104.0,133.1,29.1,factory_normal
V02808,2022,Renault,Clio,KNG,Titanium Gray Metallic,metallic,109.5,103.7,108.0,110.9,117.6,113.4,110.6,112.9,114.3,114.2,117.2,112.8,125.7,113.1,103.7,125.7,22.0,factory_normal
V02809,2023,Renault,Clio,369,Glacier White,solid,104.7,103.3,104.2,105.7,100.6,103.5,102.7,90.8,101.7,110.6,106.9,104.4,118.5,104.4,90.8,118.5,27.7,factory_normal
V02810,2023,Renault,Clio,KNG,Titanium Gray Metallic,metallic,102.7,93.6,101.4,97.0,108.5,94.4,103.8,106.9,106.2,97.0,95.5,118.2,106.6,102.4,93.6,118.2,24.6,factory_normal
V02811,2023,Renault,Clio,369,Glacier White,solid,93.9,94.8,84.4,93.3,97.8,92.5,94.2,100.5,92.3,99.9,100.5,97.5,116.9,96.8,84.4,116.9,32.5,factory_normal
V02812,2024,Renault,Clio,369,Glacier White,solid,109.5,107.6,106.0,107.3,105.2,106.3,109.3,108.6,107.9,99.8,99.7,103.5,91.1,104.8,91.1,109.5,18.4,factory_normal
V02813,2024,Renault,Clio,KNG,Titanium Gray Metallic,metallic,100.5,107.7,102.1,108.5,101.7,105.2,111.4,103.4,111.0,116.5,113.1,113.3,138.6,110.2,100.5,138.6,38.1,factory_normal
V02814,2025,Renault,Clio,369,Glacier White,solid,117.9,114.2,114.1,118.5,128.3,114.7,121.0,111.8,118.8,119.6,109.5,126.5,146.1,120.1,109.5,146.1,36.6,factory_normal
V02815,2025,Renault,Clio,KNG,Titanium Gray Metallic,metallic,106.1,100.9,97.1,98.5,103.3,96.8,98.3,108.7,98.8,103.4,104.7,97.6,116.0,102.3,96.8,116.0,19.2,factory_normal
V02816,2025,Renault,Clio,369,Glacier White,solid,107.7,101.6,94.1,96.6,104.2,90.8,103.5,247.9,106.6,93.5,105.9,119.8,103.9,113.5,90.8,247.9,157.1,respray_suspected
V02817,2026,Renault,Clio,KNG,Titanium Gray Metallic,metallic,101.8,100.9,96.5,93.5,104.4,105.3,94.8,102.5,100.4,98.9,102.4,110.1,102.5,101.1,93.5,110.1,16.6,factory_normal
V02818,2026,Renault,Clio,369,Glacier White,solid,103.0,93.9,105.9,109.9,103.9,107.6,105.1,107.6,96.4,109.2,101.4,122.2,105.5,105.5,93.9,122.2,28.3,factory_normal
V02819,2015,Renault,Megane,369,Glacier White,solid,120.9,120.1,123.4,115.9,112.3,117.2,114.1,120.2,111.9,117.8,252.0,132.3,131.8,130.0,111.9,252.0,140.1,respray_suspected
V02820,2015,Renault,Megane,369,Glacier White,solid,108.2,117.1,118.2,110.4,116.1,110.7,107.2,112.3,119.1,114.2,105.2,134.2,116.4,114.6,105.2,134.2,29.0,factory_normal
V02821,2015,Renault,Megane,369,Glacier White,solid,110.2,104.8,103.0,110.0,117.7,98.2,105.5,98.6,105.7,100.2,106.4,123.0,111.3,107.3,98.2,123.0,24.8,factory_normal
V02822,2016,Renault,Megane,369,Glacier White,solid,131.8,135.1,128.4,140.1,133.9,132.9,137.5,136.4,140.1,130.5,131.7,123.3,134.1,133.5,123.3,140.1,16.8,factory_normal
V02823,2016,Renault,Megane,369,Glacier White,solid,129.3,119.4,129.6,124.6,127.6,123.9,111.6,120.2,133.3,127.9,123.5,135.6,130.3,125.9,111.6,135.6,24.0,factory_normal
V02824,2017,Renault,Megane,KNG,Titanium Gray Metallic,metallic,275.8,99.0,103.9,95.9,105.4,116.8,106.2,102.5,98.4,94.2,94.1,99.3,113.7,115.8,94.1,275.8,181.7,respray_suspected
V02825,2017,Renault,Megane,KNG,Titanium Gray Metallic,metallic,101.2,102.8,106.5,100.4,97.9,100.6,104.4,99.1,107.7,104.2,97.6,116.3,103.5,103.2,97.6,116.3,18.7,factory_normal
V02826,2017,Renault,Megane,369,Glacier White,solid,128.4,128.8,119.2,127.3,123.4,125.9,127.3,137.0,124.6,122.8,133.4,143.2,142.0,129.5,119.2,143.2,24.0,factory_normal
V02827,2018,Renault,Megane,KNG,Titanium Gray Metallic,metallic,121.1,131.9,135.6,132.2,139.6,132.6,135.3,139.2,136.1,124.1,135.2,142.5,153.3,135.3,121.1,153.3,32.2,factory_normal
V02828,2018,Renault,Megane,369,Glacier White,solid,122.8,133.8,120.9,127.9,120.2,124.5,122.2,127.7,123.5,130.5,124.1,137.4,119.8,125.8,119.8,137.4,17.6,factory_normal
V02829,2019,Renault,Megane,KNG,Titanium Gray Metallic,metallic,122.3,119.7,120.7,119.0,116.7,112.5,115.5,117.0,117.8,109.8,126.1,145.8,132.6,121.2,109.8,145.8,36.0,factory_normal
V02830,2019,Renault,Megane,KNG,Titanium Gray Metallic,metallic,94.1,98.1,99.1,94.4,181.1,100.5,95.6,93.3,104.7,103.3,98.1,280.3,99.7,118.6,93.3,280.3,187.0,respray_suspected
V02831,2020,Renault,Megane,KNG,Titanium Gray Metallic,metallic,135.3,131.9,138.4,137.2,128.7,136.3,138.2,135.7,134.7,130.6,132.6,148.5,122.5,134.7,122.5,148.5,26.0,factory_normal
V02832,2020,Renault,Megane,KNG,Titanium Gray Metallic,metallic,145.2,142.1,147.4,142.1,143.7,136.2,222.1,136.3,136.4,135.2,207.6,145.2,144.3,152.6,135.2,222.1,86.9,respray_suspected
V02833,2021,Renault,Megane,369,Glacier White,solid,115.4,127.8,120.2,135.3,128.7,132.3,116.5,124.5,132.1,118.6,133.8,128.2,136.6,126.9,115.4,136.6,21.2,factory_normal
V02834,2021,Renault,Megane,KNG,Titanium Gray Metallic,metallic,143.8,123.8,134.3,138.1,125.7,134.0,132.7,131.9,129.3,145.7,134.7,132.0,120.2,132.8,120.2,145.7,25.5,factory_normal
V02835,2021,Renault,Megane,KNG,Titanium Gray Metallic,metallic,111.2,101.6,104.5,106.5,122.1,101.0,102.1,114.7,107.3,100.7,105.3,102.8,96.7,105.9,96.7,122.1,25.4,factory_normal
V02836,2022,Renault,Megane,369,Glacier White,solid,124.6,123.3,128.5,126.5,134.5,134.4,115.5,128.6,126.4,122.5,125.6,109.3,129.1,125.3,109.3,134.5,25.2,factory_normal
V02837,2022,Renault,Megane,369,Glacier White,solid,128.1,130.3,120.0,118.0,122.4,128.8,121.0,115.5,125.5,111.3,112.9,136.3,148.2,124.5,111.3,148.2,36.9,factory_normal
V02838,2023,Renault,Megane,369,Glacier White,solid,113.9,120.3,111.4,116.0,118.1,113.0,115.4,110.5,112.6,102.9,110.8,104.8,109.7,112.3,102.9,120.3,17.4,factory_normal
V02839,2023,Renault,Megane,369,Glacier White,solid,127.0,128.6,136.6,137.6,133.3,124.4,127.0,130.0,127.9,133.7,136.8,137.9,138.6,132.3,124.4,138.6,14.2,factory_normal
V02840,2024,Renault,Megane,KNG,Titanium Gray Metallic,metallic,113.7,108.2,128.6,117.4,115.4,109.6,103.5,115.3,119.6,114.1,115.3,121.8,122.1,115.7,103.5,128.6,25.1,factory_normal
V02841,2024,Renault,Megane,369,Glacier White,solid,124.6,129.5,121.9,120.9,118.3,125.9,132.2,129.7,119.9,130.5,127.6,141.6,154.8,129.0,118.3,154.8,36.5,factory_normal
V02842,2025,Renault,Megane,369,Glacier White,solid,114.2,115.2,105.6,111.0,117.8,112.8,111.4,114.8,112.5,114.9,119.1,134.8,120.7,115.8,105.6,134.8,29.2,factory_normal
V02843,2025,Renault,Megane,369,Glacier White,solid,117.6,116.6,122.1,116.8,112.6,118.1,118.3,112.2,105.7,111.9,116.7,106.6,134.2,116.1,105.7,134.2,28.5,factory_normal
V02844,2025,Renault,Megane,KNG,Titanium Gray Metallic,metallic,105.0,98.7,99.4,107.9,104.5,97.0,98.8,100.4,96.8,108.0,104.8,127.9,143.3,107.1,96.8,143.3,46.5,factory_normal
V02845,2026,Renault,Megane,KNG,Titanium Gray Metallic,metallic,130.8,128.3,127.0,129.5,131.6,125.6,124.2,128.3,128.5,133.6,135.2,149.9,121.3,130.3,121.3,149.9,28.6,factory_normal
V02846,2026,Renault,Megane,KNG,Titanium Gray Metallic,metallic,127.2,131.3,146.3,134.6,125.0,130.0,134.0,135.2,129.2,134.6,136.3,136.9,136.8,133.6,125.0,146.3,21.3,factory_normal
V02847,2015,Renault,Captur,KNG,Titanium Gray Metallic,metallic,113.0,114.7,111.7,117.1,114.9,119.6,118.1,114.2,121.5,116.4,112.5,111.7,131.1,116.7,111.7,131.1,19.4,factory_normal
V02848,2015,Renault,Captur,369,Glacier White,solid,111.3,118.6,109.4,115.7,123.7,126.8,127.9,114.5,122.0,118.1,118.3,144.2,137.3,122.1,109.4,144.2,34.8,factory_normal
V02849,2016,Renault,Captur,KNG,Titanium Gray Metallic,metallic,115.0,109.7,107.6,110.8,112.2,109.8,112.3,114.1,112.7,119.2,113.2,108.7,115.8,112.4,107.6,119.2,11.6,factory_normal
V02850,2016,Renault,Captur,369,Glacier White,solid,110.7,114.9,112.8,113.0,110.8,113.2,114.2,116.2,111.9,106.8,115.1,105.6,104.7,111.5,104.7,116.2,11.5,factory_normal
V02851,2016,Renault,Captur,369,Glacier White,solid,92.8,83.8,89.1,93.9,90.9,89.8,103.1,98.2,92.8,95.6,98.0,97.1,88.4,93.3,83.8,103.1,19.3,factory_normal
V02852,2017,Renault,Captur,KNG,Titanium Gray Metallic,metallic,113.6,110.7,104.8,125.6,105.9,108.9,111.5,121.7,120.1,112.6,113.5,134.5,125.0,116.0,104.8,134.5,29.7,factory_normal
V02853,2017,Renault,Captur,KNG,Titanium Gray Metallic,metallic,109.4,116.3,104.1,95.9,99.1,98.3,105.3,108.1,97.6,95.2,109.3,113.1,117.8,105.3,95.2,117.8,22.6,factory_normal
V02854,2017,Renault,Captur,369,Glacier White,solid,110.7,120.4,118.6,112.7,114.9,114.3,112.0,111.9,109.9,108.8,114.4,98.3,129.5,113.6,98.3,129.5,31.2,factory_normal
V02855,2018,Renault,Captur,369,Glacier White,solid,106.9,105.9,116.6,106.0,114.5,116.7,109.1,109.1,111.3,111.3,112.6,117.4,120.1,112.1,105.9,120.1,14.2,factory_normal
V02856,2018,Renault,Captur,369,Glacier White,solid,112.7,105.7,105.8,112.4,97.7,109.2,112.0,112.5,116.2,113.5,111.1,120.8,123.3,111.8,97.7,123.3,25.6,factory_normal
V02857,2018,Renault,Captur,369,Glacier White,solid,115.6,111.5,109.7,107.5,111.3,117.2,117.6,112.9,107.3,114.4,114.4,133.9,131.4,115.7,107.3,133.9,26.6,factory_normal
V02858,2019,Renault,Captur,369,Glacier White,solid,109.7,104.0,111.2,113.0,107.6,107.2,98.2,118.5,106.2,110.7,115.0,112.7,130.7,111.1,98.2,130.7,32.5,factory_normal
V02859,2019,Renault,Captur,369,Glacier White,solid,112.8,115.9,114.1,117.1,112.5,109.9,106.9,110.5,117.8,116.7,109.1,110.5,96.1,111.5,96.1,117.8,21.7,factory_normal
V02860,2019,Renault,Captur,369,Glacier White,solid,110.6,118.5,113.8,111.0,118.3,115.1,107.0,119.1,113.9,114.8,114.0,104.4,131.4,114.8,104.4,131.4,27.0,factory_normal
V02861,2020,Renault,Captur,369,Glacier White,solid,99.8,108.8,98.0,110.9,99.8,108.1,110.0,115.0,106.7,106.2,107.9,145.5,126.6,111.0,98.0,145.5,47.5,factory_normal
V02862,2020,Renault,Captur,KNG,Titanium Gray Metallic,metallic,118.6,114.5,113.8,113.7,104.7,112.9,112.5,118.2,118.8,104.4,109.5,126.0,129.4,115.2,104.4,129.4,25.0,factory_normal
V02863,2020,Renault,Captur,369,Glacier White,solid,99.5,99.0,98.7,102.8,90.6,91.3,95.4,100.0,100.5,93.1,96.7,113.0,106.5,99.0,90.6,113.0,22.4,factory_normal
V02864,2021,Renault,Captur,KNG,Titanium Gray Metallic,metallic,95.7,84.2,95.5,92.6,98.3,89.9,94.0,90.1,83.3,89.7,95.8,102.8,99.2,93.2,83.3,102.8,19.5,factory_normal
V02865,2021,Renault,Captur,KNG,Titanium Gray Metallic,metallic,108.6,112.5,122.9,112.3,116.5,101.5,112.7,107.1,119.3,114.9,116.9,118.4,108.6,113.2,101.5,122.9,21.4,factory_normal
V02866,2022,Renault,Captur,369,Glacier White,solid,86.0,93.3,101.5,101.3,91.0,95.2,105.4,100.0,101.5,101.8,104.5,109.0,121.6,100.9,86.0,121.6,35.6,factory_normal
V02867,2022,Renault,Captur,369,Glacier White,solid,94.8,108.0,99.7,97.0,100.6,90.6,100.2,101.2,97.0,86.9,98.2,102.3,132.3,100.7,86.9,132.3,45.4,factory_normal
V02868,2022,Renault,Captur,369,Glacier White,solid,101.2,100.1,107.7,95.8,92.1,99.5,99.2,90.9,105.6,109.0,99.8,106.1,109.3,101.3,90.9,109.3,18.4,factory_normal
V02869,2023,Renault,Captur,KNG,Titanium Gray Metallic,metallic,111.2,114.3,107.4,118.3,116.4,111.0,107.2,114.0,111.9,112.9,116.8,132.9,135.7,116.2,107.2,135.7,28.5,factory_normal
V02870,2023,Renault,Captur,KNG,Titanium Gray Metallic,metallic,120.7,108.4,107.0,110.4,117.9,105.9,114.5,109.6,289.9,106.6,121.4,133.1,136.6,129.4,105.9,289.9,184.0,respray_suspected
V02871,2023,Renault,Captur,KNG,Titanium Gray Metallic,metallic,97.2,247.6,97.0,217.9,111.3,96.8,94.2,108.6,98.7,93.4,104.9,100.7,102.9,120.9,93.4,247.6,154.2,respray_suspected
V02872,2024,Renault,Captur,369,Glacier White,solid,102.1,98.4,98.8,90.1,95.0,91.1,99.2,90.4,87.5,86.8,93.1,125.1,96.6,96.5,86.8,125.1,38.3,factory_normal
V02873,2024,Renault,Captur,369,Glacier White,solid,96.7,107.2,101.2,99.3,97.8,101.1,99.8,108.6,103.3,105.2,101.0,92.4,117.9,102.4,92.4,117.9,25.5,factory_normal
V02874,2025,Renault,Captur,KNG,Titanium Gray Metallic,metallic,109.4,100.8,92.1,177.7,90.9,101.8,89.5,95.8,94.0,91.6,95.9,97.7,109.2,103.6,89.5,177.7,88.2,respray_suspected
V02875,2025,Renault,Captur,369,Glacier White,solid,94.8,87.1,92.3,96.8,97.4,98.5,94.7,94.6,98.5,101.2,97.5,117.8,110.5,98.6,87.1,117.8,30.7,factory_normal
V02876,2026,Renault,Captur,KNG,Titanium Gray Metallic,metallic,92.9,90.3,83.2,85.4,93.3,87.4,95.9,92.4,93.0,102.8,90.9,95.7,97.3,92.3,83.2,102.8,19.6,factory_normal
V02877,2026,Renault,Captur,369,Glacier White,solid,101.2,107.1,109.9,110.0,116.2,103.9,106.4,101.0,109.6,108.3,108.6,143.6,100.3,109.7,100.3,143.6,43.3,factory_normal
V02878,2026,Renault,Captur,KNG,Titanium Gray Metallic,metallic,89.4,92.8,87.5,96.1,94.5,90.7,91.6,99.9,95.4,102.5,103.1,97.8,111.2,96.3,87.5,111.2,23.7,factory_normal
V02879,2015,Skoda,Octavia,0E0E,Candy White,solid,121.6,121.5,133.7,130.5,120.0,120.8,122.9,123.5,113.2,119.4,119.9,123.1,158.1,125.2,113.2,158.1,44.9,factory_normal
V02880,2015,Skoda,Octavia,2T2T,Brilliant Silver Metallic,metallic,127.3,121.6,121.4,114.7,114.9,131.6,119.5,120.2,125.5,202.6,124.9,144.8,140.0,131.5,114.7,202.6,87.9,respray_suspected
V02881,2016,Skoda,Octavia,2T2T,Brilliant Silver Metallic,metallic,127.8,114.2,122.8,116.3,120.6,125.0,109.4,112.7,122.9,115.7,119.3,124.8,136.1,120.6,109.4,136.1,26.7,factory_normal
V02882,2016,Skoda,Octavia,2T2T,Brilliant Silver Metallic,metallic,117.2,118.2,119.5,118.8,120.9,124.4,125.6,114.9,120.1,119.7,117.1,125.3,119.7,120.1,114.9,125.6,10.7,factory_normal
V02883,2016,Skoda,Octavia,2T2T,Brilliant Silver Metallic,metallic,119.9,119.5,118.4,114.8,123.0,112.0,113.7,122.1,117.0,126.8,121.7,140.7,136.0,122.0,112.0,140.7,28.7,factory_normal
V02884,2017,Skoda,Octavia,0E0E,Candy White,solid,125.2,125.9,117.6,126.7,119.6,127.1,117.8,203.1,114.3,133.5,116.8,124.4,136.3,129.9,114.3,203.1,88.8,respray_suspected
V02885,2017,Skoda,Octavia,0E0E,Candy White,solid,117.3,125.3,122.7,112.3,194.7,119.5,123.9,120.1,122.0,235.3,124.7,147.0,99.7,135.7,99.7,235.3,135.6,respray_suspected
V02886,2018,Skoda,Octavia,2T2T,Brilliant Silver Metallic,metallic,127.9,128.3,130.6,131.5,124.1,122.3,114.5,127.7,129.8,123.5,128.5,150.5,149.5,129.9,114.5,150.5,36.0,factory_normal
V02887,2018,Skoda,Octavia,2T2T,Brilliant Silver Metallic,metallic,119.8,120.3,124.6,118.5,122.8,118.1,131.4,117.2,114.2,121.7,114.0,126.4,127.7,121.3,114.0,131.4,17.4,factory_normal
V02888,2019,Skoda,Octavia,2T2T,Brilliant Silver Metallic,metallic,124.3,122.5,123.0,113.7,117.7,124.2,120.3,115.0,124.5,123.6,121.9,123.0,137.6,122.4,113.7,137.6,23.9,factory_normal
V02889,2019,Skoda,Octavia,2T2T,Brilliant Silver Metallic,metallic,125.4,121.0,124.6,115.1,119.5,117.8,115.0,128.4,119.7,124.3,116.2,129.7,144.8,123.2,115.0,144.8,29.8,factory_normal
V02890,2019,Skoda,Octavia,0E0E,Candy White,solid,123.3,123.8,120.8,116.6,114.2,115.1,115.1,123.5,126.3,111.9,116.5,134.4,127.5,120.7,111.9,134.4,22.5,factory_normal
V02891,2020,Skoda,Octavia,0E0E,Candy White,solid,113.1,119.4,121.2,116.2,234.1,121.8,124.5,117.6,116.1,118.6,120.9,127.8,218.0,136.1,113.1,234.1,121.0,respray_suspected
V02892,2020,Skoda,Octavia,2T2T,Brilliant Silver Metallic,metallic,115.4,114.6,123.2,114.0,120.5,124.3,116.9,118.4,120.1,125.3,117.0,132.9,119.7,120.2,114.0,132.9,18.9,factory_normal
V02893,2020,Skoda,Octavia,2T2T,Brilliant Silver Metallic,metallic,121.7,115.5,122.7,122.4,118.2,110.8,120.5,123.2,111.9,117.2,114.7,94.7,122.5,116.6,94.7,123.2,28.5,factory_normal
V02894,2021,Skoda,Octavia,0E0E,Candy White,solid,118.4,113.8,109.6,126.5,115.3,116.4,115.5,129.1,124.6,116.2,115.3,121.4,131.7,119.5,109.6,131.7,22.1,factory_normal
V02895,2021,Skoda,Octavia,0E0E,Candy White,solid,112.4,120.0,125.1,120.1,116.8,130.8,116.0,113.1,120.0,116.8,120.9,129.0,125.6,120.5,112.4,130.8,18.4,factory_normal
V02896,2022,Skoda,Octavia,2T2T,Brilliant Silver Metallic,metallic,123.8,124.3,112.0,115.2,124.6,115.0,120.1,118.3,120.6,114.6,121.5,138.0,131.1,121.5,112.0,138.0,26.0,factory_normal
V02897,2022,Skoda,Octavia,0E0E,Candy White,solid,118.9,118.6,117.3,122.5,122.4,112.6,126.6,121.6,117.4,121.8,111.3,127.6,121.1,120.0,111.3,127.6,16.3,factory_normal
V02898,2022,Skoda,Octavia,2T2T,Brilliant Silver Metallic,metallic,121.9,127.8,119.4,115.5,114.9,120.5,109.6,115.2,117.2,124.4,120.4,136.2,123.6,120.5,109.6,136.2,26.6,factory_normal
V02899,2023,Skoda,Octavia,2T2T,Brilliant Silver Metallic,metallic,118.8,122.8,114.3,114.3,113.3,119.1,120.8,117.0,122.6,111.6,123.5,126.5,145.5,120.8,111.6,145.5,33.9,factory_normal
V02900,2023,Skoda,Octavia,2T2T,Brilliant Silver Metallic,metallic,116.9,115.5,111.5,116.4,111.6,123.3,108.6,120.0,122.7,110.4,118.7,128.3,127.1,117.8,108.6,128.3,19.7,factory_normal
V02901,2024,Skoda,Octavia,0E0E,Candy White,solid,119.6,121.8,108.2,124.9,115.3,113.7,120.3,121.5,114.5,113.0,109.1,129.2,125.3,118.2,108.2,129.2,21.0,factory_normal
V02902,2024,Skoda,Octavia,0E0E,Candy White,solid,117.5,114.3,116.0,111.7,117.4,115.0,118.6,112.7,113.3,113.3,113.9,117.3,132.7,116.4,111.7,132.7,21.0,factory_normal
V02903,2025,Skoda,Octavia,2T2T,Brilliant Silver Metallic,metallic,113.0,119.2,125.5,111.3,108.9,116.0,113.8,117.8,114.7,115.2,120.4,112.0,118.4,115.9,108.9,125.5,16.6,factory_normal
V02904,2025,Skoda,Octavia,0E0E,Candy White,solid,117.1,123.5,116.3,111.5,113.8,116.9,112.9,111.0,131.3,120.4,118.4,107.5,106.5,115.9,106.5,131.3,24.8,factory_normal
V02905,2026,Skoda,Octavia,2T2T,Brilliant Silver Metallic,metallic,128.1,118.3,118.8,122.2,122.4,117.0,113.6,120.4,118.8,110.3,116.7,131.4,128.7,120.5,110.3,131.4,21.1,factory_normal
V02906,2026,Skoda,Octavia,0E0E,Candy White,solid,125.3,113.2,127.2,118.2,120.6,127.4,119.7,107.8,126.5,115.2,122.5,136.1,137.6,122.9,107.8,137.6,29.8,factory_normal
V02907,2026,Skoda,Octavia,2T2T,Brilliant Silver Metallic,metallic,121.3,127.0,124.7,125.4,117.6,114.2,122.5,120.1,115.0,124.6,122.3,136.3,121.5,122.5,114.2,136.3,22.1,factory_normal
V02908,2015,Skoda,Fabia,2T2T,Brilliant Silver Metallic,metallic,117.5,105.1,109.6,111.6,114.5,111.2,107.7,111.3,125.4,118.2,106.7,117.4,141.5,115.2,105.1,141.5,36.4,factory_normal
V02909,2015,Skoda,Fabia,0E0E,Candy White,solid,107.2,111.6,113.5,106.3,116.1,110.9,104.6,101.0,109.7,112.7,101.3,122.9,111.9,110.0,101.0,122.9,21.9,factory_normal
V02910,2016,Skoda,Fabia,0E0E,Candy White,solid,116.8,116.7,114.9,121.2,114.7,118.3,127.0,114.6,114.3,119.8,112.8,124.9,119.0,118.1,112.8,127.0,14.2,factory_normal
V02911,2016,Skoda,Fabia,0E0E,Candy White,solid,118.4,105.3,107.3,110.0,99.3,103.1,109.6,107.2,113.5,107.2,105.1,108.8,129.6,109.6,99.3,129.6,30.3,factory_normal
V02912,2016,Skoda,Fabia,2T2T,Brilliant Silver Metallic,metallic,85.5,97.2,105.2,106.2,109.3,110.5,97.1,95.8,110.8,102.9,106.0,109.0,115.8,103.9,85.5,115.8,30.3,factory_normal
V02913,2017,Skoda,Fabia,0E0E,Candy White,solid,109.2,104.8,109.6,121.6,108.0,119.0,124.1,107.3,114.5,124.8,113.0,107.7,113.4,113.6,104.8,124.8,20.0,factory_normal
V02914,2017,Skoda,Fabia,2T2T,Brilliant Silver Metallic,metallic,93.8,98.0,110.1,107.4,100.8,92.5,102.9,101.0,103.5,97.9,113.9,107.7,129.2,104.5,92.5,129.2,36.7,factory_normal
V02915,2017,Skoda,Fabia,0E0E,Candy White,solid,121.4,115.6,109.2,130.5,115.3,112.8,110.6,122.3,114.1,116.8,119.5,121.3,129.6,118.4,109.2,130.5,21.3,factory_normal
V02916,2018,Skoda,Fabia,2T2T,Brilliant Silver Metallic,metallic,114.9,112.2,112.3,124.2,109.3,110.9,110.1,108.1,107.0,117.6,119.7,121.3,136.0,115.7,107.0,136.0,29.0,factory_normal
V02917,2018,Skoda,Fabia,2T2T,Brilliant Silver Metallic,metallic,100.2,107.2,91.2,105.6,108.3,99.7,99.2,254.5,97.0,99.7,99.3,86.2,103.2,111.6,86.2,254.5,168.3,respray_suspected
V02918,2018,Skoda,Fabia,2T2T,Brilliant Silver Metallic,metallic,121.9,125.8,116.5,113.3,110.9,111.0,116.1,121.7,112.7,114.9,117.1,112.8,118.0,116.4,110.9,125.8,14.9,factory_normal
V02919,2019,Skoda,Fabia,2T2T,Brilliant Silver Metallic,metallic,118.8,123.4,120.2,119.9,288.4,116.0,107.0,114.7,111.8,121.9,114.8,137.5,147.0,134.0,107.0,288.4,181.4,respray_suspected
V02920,2019,Skoda,Fabia,2T2T,Brilliant Silver Metallic,metallic,196.8,116.3,112.4,275.0,107.6,111.9,116.1,119.6,114.3,114.3,112.1,115.0,107.3,132.2,107.3,275.0,167.7,respray_suspected
V02921,2019,Skoda,Fabia,2T2T,Brilliant Silver Metallic,metallic,109.4,113.2,103.6,114.7,108.1,106.8,102.8,112.6,109.1,103.7,105.0,116.8,104.2,108.5,102.8,116.8,14.0,factory_normal
V02922,2020,Skoda,Fabia,0E0E,Candy White,solid,114.6,113.3,97.1,108.4,112.6,99.1,106.3,106.8,108.4,98.7,104.9,114.1,123.2,108.3,97.1,123.2,26.1,factory_normal
V02923,2020,Skoda,Fabia,0E0E,Candy White,solid,106.2,95.2,103.3,102.6,105.1,94.0,101.1,99.9,106.2,107.5,102.1,106.0,123.6,104.1,94.0,123.6,29.6,factory_normal
V02924,2020,Skoda,Fabia,0E0E,Candy White,solid,105.7,105.6,108.2,102.6,99.6,110.0,104.8,101.9,107.3,114.0,104.2,101.0,116.7,106.3,99.6,116.7,17.1,factory_normal
V02925,2021,Skoda,Fabia,2T2T,Brilliant Silver Metallic,metallic,110.1,115.0,111.5,106.0,116.8,104.6,114.2,117.8,111.7,107.6,96.0,111.8,134.0,112.1,96.0,134.0,38.0,factory_normal
V02926,2021,Skoda,Fabia,2T2T,Brilliant Silver Metallic,metallic,110.4,99.1,109.4,102.4,108.8,101.4,102.3,107.8,107.0,101.6,101.1,113.7,112.5,106.0,99.1,113.7,14.6,factory_normal
V02927,2022,Skoda,Fabia,2T2T,Brilliant Silver Metallic,metallic,114.4,112.8,98.6,111.1,104.4,112.7,105.1,103.6,110.1,103.6,111.3,125.5,120.3,110.3,98.6,125.5,26.9,factory_normal
V02928,2022,Skoda,Fabia,2T2T,Brilliant Silver Metallic,metallic,100.2,107.6,102.7,102.4,106.6,102.7,103.4,101.2,102.5,102.3,108.4,116.6,92.2,103.8,92.2,116.6,24.4,factory_normal
V02929,2023,Skoda,Fabia,2T2T,Brilliant Silver Metallic,metallic,106.1,116.1,116.8,112.5,109.3,115.1,112.0,116.4,123.1,120.4,111.2,123.5,119.8,115.6,106.1,123.5,17.4,factory_normal
V02930,2023,Skoda,Fabia,2T2T,Brilliant Silver Metallic,metallic,108.0,112.4,108.6,109.9,109.1,109.1,108.3,115.5,107.0,110.5,110.4,115.1,120.1,111.1,107.0,120.1,13.1,factory_normal
V02931,2023,Skoda,Fabia,2T2T,Brilliant Silver Metallic,metallic,121.4,117.0,116.6,117.5,113.2,117.5,111.3,108.3,115.9,108.8,118.4,118.5,134.3,116.8,108.3,134.3,26.0,factory_normal
V02932,2024,Skoda,Fabia,0E0E,Candy White,solid,112.6,108.9,116.1,111.1,107.9,111.8,114.7,119.5,110.1,120.5,114.7,143.5,117.6,116.1,107.9,143.5,35.6,factory_normal
V02933,2024,Skoda,Fabia,2T2T,Brilliant Silver Metallic,metallic,112.7,114.9,107.6,121.0,119.2,113.0,189.8,121.2,105.2,116.7,120.1,132.3,144.6,124.5,105.2,189.8,84.6,respray_suspected
V02934,2024,Skoda,Fabia,2T2T,Brilliant Silver Metallic,metallic,93.0,95.3,108.8,100.2,99.0,92.7,92.3,104.9,95.9,107.1,101.5,112.5,132.5,102.7,92.3,132.5,40.2,factory_normal
V02935,2025,Skoda,Fabia,2T2T,Brilliant Silver Metallic,metallic,83.8,95.1,104.4,106.0,98.3,95.0,105.5,96.9,96.6,98.1,100.3,116.3,110.7,100.5,83.8,116.3,32.5,factory_normal
V02936,2025,Skoda,Fabia,2T2T,Brilliant Silver Metallic,metallic,102.6,100.2,105.7,90.3,97.4,108.3,94.7,102.6,89.6,99.0,104.7,110.2,106.6,100.9,89.6,110.2,20.6,factory_normal
V02937,2026,Skoda,Fabia,2T2T,Brilliant Silver Metallic,metallic,103.8,106.0,102.4,101.3,113.8,108.3,115.0,109.7,107.9,120.6,111.9,115.1,114.2,110.0,101.3,120.6,19.3,factory_normal
V02938,2026,Skoda,Fabia,2T2T,Brilliant Silver Metallic,metallic,106.1,110.0,117.7,113.3,103.2,112.4,117.4,120.9,100.4,108.7,111.8,111.6,120.5,111.8,100.4,120.9,20.5,factory_normal
V02939,2015,Skoda,Superb,2T2T,Brilliant Silver Metallic,metallic,115.2,111.8,107.3,113.6,112.6,109.1,100.4,121.7,116.4,113.0,116.9,116.2,129.1,114.1,100.4,129.1,28.7,factory_normal
V02940,2015,Skoda,Superb,0E0E,Candy White,solid,113.8,119.4,111.2,114.0,114.4,116.7,112.7,113.2,112.9,113.1,114.6,116.7,119.5,114.8,111.2,119.5,8.3,factory_normal
V02941,2015,Skoda,Superb,2T2T,Brilliant Silver Metallic,metallic,111.9,105.5,104.4,110.4,112.9,110.3,111.3,110.8,111.7,108.9,103.3,117.7,109.7,109.9,103.3,117.7,14.4,factory_normal
V02942,2016,Skoda,Superb,0E0E,Candy White,solid,106.6,115.1,110.6,111.8,112.1,114.4,103.7,106.8,115.1,118.8,113.6,134.1,124.3,114.4,103.7,134.1,30.4,factory_normal
V02943,2016,Skoda,Superb,2T2T,Brilliant Silver Metallic,metallic,100.9,102.7,105.6,96.3,108.1,108.8,115.7,101.6,117.5,107.1,111.1,120.5,123.8,109.2,96.3,123.8,27.5,factory_normal
V02944,2017,Skoda,Superb,2T2T,Brilliant Silver Metallic,metallic,115.0,116.0,115.3,108.3,128.7,120.1,116.3,110.4,105.1,111.0,109.2,120.3,123.5,115.3,105.1,128.7,23.6,factory_normal
V02945,2017,Skoda,Superb,2T2T,Brilliant Silver Metallic,metallic,116.2,114.0,113.0,108.6,110.4,105.8,113.0,107.0,112.4,114.7,114.8,113.7,105.7,111.5,105.7,116.2,10.5,factory_normal
V02946,2018,Skoda,Superb,0E0E,Candy White,solid,115.0,114.3,102.6,110.2,112.5,106.7,107.1,110.6,114.7,117.7,114.1,104.2,121.0,111.6,102.6,121.0,18.4,factory_normal
V02947,2018,Skoda,Superb,2T2T,Brilliant Silver Metallic,metallic,117.9,113.3,108.7,112.5,113.3,114.8,125.1,122.5,115.5,118.4,112.3,89.6,103.8,112.9,89.6,125.1,35.5,factory_normal
V02948,2019,Skoda,Superb,0E0E,Candy White,solid,105.4,101.8,108.1,108.7,109.8,107.1,104.3,103.7,104.7,116.1,94.5,123.9,109.9,107.5,94.5,123.9,29.4,factory_normal
V02949,2019,Skoda,Superb,2T2T,Brilliant Silver Metallic,metallic,104.8,96.5,107.1,107.5,103.1,103.7,94.5,90.2,92.1,104.9,102.4,100.4,108.2,101.2,90.2,108.2,18.0,factory_normal
V02950,2019,Skoda,Superb,2T2T,Brilliant Silver Metallic,metallic,110.3,110.3,121.2,115.8,116.9,113.8,120.6,114.8,112.8,110.8,119.8,120.9,97.7,114.3,97.7,121.2,23.5,factory_normal
V02951,2020,Skoda,Superb,2T2T,Brilliant Silver Metallic,metallic,127.1,116.0,110.7,116.4,120.7,121.1,115.7,109.9,122.5,118.7,114.9,145.1,145.6,121.9,109.9,145.6,35.7,factory_normal
V02952,2020,Skoda,Superb,2T2T,Brilliant Silver Metallic,metallic,112.8,112.9,108.0,211.4,110.7,254.0,106.6,109.8,109.3,118.0,112.3,127.4,122.0,131.9,106.6,254.0,147.4,respray_suspected
V02953,2021,Skoda,Superb,2T2T,Brilliant Silver Metallic,metallic,105.8,106.7,106.3,116.0,111.7,115.9,97.0,106.5,109.5,105.3,110.7,117.9,131.1,110.8,97.0,131.1,34.1,factory_normal
V02954,2021,Skoda,Superb,2T2T,Brilliant Silver Metallic,metallic,99.0,111.2,95.4,107.4,99.9,107.8,112.6,108.7,111.5,96.9,94.4,104.2,116.2,105.0,94.4,116.2,21.8,factory_normal
V02955,2021,Skoda,Superb,0E0E,Candy White,solid,106.6,96.7,98.9,105.1,104.7,102.4,98.6,95.8,101.1,106.4,103.7,108.4,121.0,103.8,95.8,121.0,25.2,factory_normal
V02956,2022,Skoda,Superb,2T2T,Brilliant Silver Metallic,metallic,111.7,113.9,116.9,117.8,112.7,117.3,113.0,112.7,115.2,124.1,115.9,153.1,131.8,119.7,111.7,153.1,41.4,factory_normal
V02957,2022,Skoda,Superb,0E0E,Candy White,solid,102.5,115.5,110.0,103.8,112.3,112.8,115.3,116.9,111.3,111.3,108.6,117.6,139.9,113.7,102.5,139.9,37.4,factory_normal
V02958,2023,Skoda,Superb,2T2T,Brilliant Silver Metallic,metallic,111.5,105.9,108.2,105.8,104.2,117.0,108.4,113.5,116.6,116.2,116.5,124.0,144.3,114.8,104.2,144.3,40.1,factory_normal
V02959,2023,Skoda,Superb,2T2T,Brilliant Silver Metallic,metallic,111.1,95.9,104.8,96.2,100.1,102.3,108.7,99.1,112.5,112.4,112.8,102.1,110.9,105.3,95.9,112.8,16.9,factory_normal
V02960,2023,Skoda,Superb,0E0E,Candy White,solid,107.9,101.3,98.8,103.2,107.6,112.6,111.8,101.4,96.5,106.2,106.1,114.2,117.7,106.6,96.5,117.7,21.2,factory_normal
V02961,2024,Skoda,Superb,0E0E,Candy White,solid,95.1,104.5,99.7,93.6,101.5,91.1,97.0,89.3,93.3,94.5,94.5,98.2,92.7,95.8,89.3,104.5,15.2,factory_normal
V02962,2024,Skoda,Superb,2T2T,Brilliant Silver Metallic,metallic,102.7,89.5,95.4,102.7,112.8,97.9,107.9,106.0,105.4,86.8,99.3,112.3,114.8,102.6,86.8,114.8,28.0,factory_normal
V02963,2024,Skoda,Superb,0E0E,Candy White,solid,104.5,116.3,108.7,103.4,109.1,105.8,108.9,104.8,115.5,109.8,107.3,99.1,121.6,108.8,99.1,121.6,22.5,factory_normal
V02964,2025,Skoda,Superb,0E0E,Candy White,solid,110.4,116.7,102.0,102.5,112.6,117.9,106.5,113.7,111.6,115.2,114.9,106.7,121.3,111.7,102.0,121.3,19.3,factory_normal
V02965,2025,Skoda,Superb,2T2T,Brilliant Silver Metallic,metallic,116.8,109.3,103.2,113.2,109.8,101.0,104.8,114.9,107.9,114.5,107.2,121.1,121.2,111.1,101.0,121.2,20.2,factory_normal
V02966,2026,Skoda,Superb,2T2T,Brilliant Silver Metallic,metallic,90.0,96.0,93.6,95.1,85.4,93.6,90.4,92.0,88.0,99.0,98.2,102.0,95.2,93.7,85.4,102.0,16.6,factory_normal
V02967,2026,Skoda,Superb,2T2T,Brilliant Silver Metallic,metallic,97.4,100.7,93.9,95.0,97.0,93.3,92.5,106.5,94.3,97.9,93.7,96.6,104.1,97.1,92.5,106.5,14.0,factory_normal
V02968,2026,Skoda,Superb,0E0E,Candy White,solid,97.3,92.8,101.7,97.6,95.7,98.6,102.1,94.2,102.9,100.9,101.0,112.3,93.7,99.3,92.8,112.3,19.5,factory_normal
V02969,2015,Skoda,Kodiaq,2T2T,Brilliant Silver Metallic,metallic,118.8,115.8,117.8,117.4,109.3,109.4,112.4,113.4,105.1,112.4,109.7,144.7,99.3,114.3,99.3,144.7,45.4,factory_normal
V02970,2015,Skoda,Kodiaq,2T2T,Brilliant Silver Metallic,metallic,134.4,118.4,122.1,117.9,113.5,107.7,113.1,114.6,118.5,121.8,120.3,143.3,153.3,123.0,107.7,153.3,45.6,factory_normal
V02971,2016,Skoda,Kodiaq,0E0E,Candy White,solid,125.4,125.2,118.6,121.0,126.0,125.2,280.9,116.1,120.5,122.0,122.4,122.0,116.4,134.0,116.1,280.9,164.8,respray_suspected
V02972,2016,Skoda,Kodiaq,2T2T,Brilliant Silver Metallic,metallic,118.6,117.1,105.0,114.9,118.7,116.8,109.9,107.1,121.4,119.6,115.2,127.1,138.5,117.7,105.0,138.5,33.5,factory_normal
V02973,2016,Skoda,Kodiaq,2T2T,Brilliant Silver Metallic,metallic,118.9,119.9,125.6,125.9,119.3,122.7,124.0,123.0,118.6,114.7,116.8,126.6,152.6,123.7,114.7,152.6,37.9,factory_normal
V02974,2017,Skoda,Kodiaq,0E0E,Candy White,solid,116.3,123.9,124.7,123.5,123.6,114.9,129.6,124.8,121.7,125.8,118.4,112.4,122.3,121.7,112.4,129.6,17.2,factory_normal
V02975,2017,Skoda,Kodiaq,2T2T,Brilliant Silver Metallic,metallic,111.2,121.4,111.8,111.9,118.5,114.1,120.9,111.1,115.1,108.1,114.5,132.1,100.6,114.7,100.6,132.1,31.5,factory_normal
V02976,2017,Skoda,Kodiaq,0E0E,Candy White,solid,112.3,111.2,112.1,111.8,109.0,110.5,112.7,119.3,111.3,107.2,111.2,127.2,121.4,113.6,107.2,127.2,20.0,factory_normal
V02977,2018,Skoda,Kodiaq,2T2T,Brilliant Silver Metallic,metallic,106.3,103.3,107.9,114.8,112.2,104.0,102.4,110.6,102.1,112.0,110.5,105.1,121.0,108.6,102.1,121.0,18.9,factory_normal
V02978,2018,Skoda,Kodiaq,2T2T,Brilliant Silver Metallic,metallic,127.1,128.4,118.8,127.1,107.4,295.1,111.9,118.5,132.6,111.4,224.6,117.0,121.1,141.6,107.4,295.1,187.7,respray_suspected
V02979,2018,Skoda,Kodiaq,2T2T,Brilliant Silver Metallic,metallic,121.8,114.8,122.2,112.9,118.2,109.8,112.2,109.3,115.7,109.9,110.0,99.4,108.0,112.6,99.4,122.2,22.8,factory_normal
V02980,2019,Skoda,Kodiaq,2T2T,Brilliant Silver Metallic,metallic,112.5,114.4,113.9,111.6,111.8,106.5,117.3,110.9,118.2,116.9,109.7,141.3,115.6,115.4,106.5,141.3,34.8,factory_normal
V02981,2019,Skoda,Kodiaq,2T2T,Brilliant Silver Metallic,metallic,114.7,121.5,97.9,122.6,120.9,115.0,110.3,116.1,119.5,107.7,122.0,129.6,126.7,117.3,97.9,129.6,31.7,factory_normal
V02982,2019,Skoda,Kodiaq,0E0E,Candy White,solid,106.0,100.3,116.6,113.9,106.3,108.5,110.8,118.7,113.2,115.4,101.5,118.8,126.3,112.0,100.3,126.3,26.0,factory_normal
V02983,2020,Skoda,Kodiaq,2T2T,Brilliant Silver Metallic,metallic,107.9,106.1,105.6,118.3,109.1,101.0,103.8,110.5,105.9,112.6,112.8,99.1,115.6,108.3,99.1,118.3,19.2,factory_normal
V02984,2020,Skoda,Kodiaq,2T2T,Brilliant Silver Metallic,metallic,121.8,114.3,116.3,119.8,120.1,125.2,116.2,120.2,112.6,116.7,121.2,117.7,140.9,120.2,112.6,140.9,28.3,factory_normal
V02985,2021,Skoda,Kodiaq,0E0E,Candy White,solid,106.0,106.1,116.5,115.1,114.6,110.8,179.7,288.3,106.8,104.9,111.1,137.6,118.3,132.0,104.9,288.3,183.4,respray_suspected
V02986,2021,Skoda,Kodiaq,2T2T,Brilliant Silver Metallic,metallic,104.7,116.7,114.8,116.4,112.3,115.9,109.0,111.5,287.0,221.5,115.2,114.3,149.6,137.6,104.7,287.0,182.3,respray_suspected
V02987,2022,Skoda,Kodiaq,0E0E,Candy White,solid,117.2,112.5,107.9,110.0,117.6,108.3,123.3,116.9,117.4,112.3,119.2,135.8,125.9,117.3,107.9,135.8,27.9,factory_normal
V02988,2022,Skoda,Kodiaq,0E0E,Candy White,solid,116.4,116.3,122.5,109.2,110.6,113.7,117.6,110.1,119.7,112.6,117.7,104.4,113.9,114.2,104.4,122.5,18.1,factory_normal
V02989,2022,Skoda,Kodiaq,0E0E,Candy White,solid,116.0,113.5,122.8,122.9,116.9,120.2,111.7,118.6,125.4,120.1,112.1,101.1,136.8,118.3,101.1,136.8,35.7,factory_normal
V02990,2023,Skoda,Kodiaq,0E0E,Candy White,solid,101.5,113.4,116.4,112.8,111.6,105.3,113.2,112.1,113.8,111.4,110.7,108.0,104.6,110.4,101.5,116.4,14.9,factory_normal
V02991,2023,Skoda,Kodiaq,0E0E,Candy White,solid,117.2,110.7,113.4,112.4,108.7,116.3,110.5,121.7,124.4,105.3,106.1,117.1,97.5,112.4,97.5,124.4,26.9,factory_normal
V02992,2023,Skoda,Kodiaq,0E0E,Candy White,solid,114.6,119.2,117.8,117.5,123.9,127.0,120.4,113.4,130.4,122.0,117.8,108.3,131.3,120.3,108.3,131.3,23.0,factory_normal
V02993,2024,Skoda,Kodiaq,2T2T,Brilliant Silver Metallic,metallic,113.7,115.3,103.8,113.4,170.3,118.4,114.3,110.7,115.8,113.9,106.4,111.2,108.2,116.6,103.8,170.3,66.5,respray_suspected
V02994,2024,Skoda,Kodiaq,2T2T,Brilliant Silver Metallic,metallic,113.5,100.1,102.6,111.6,112.7,111.6,106.0,103.9,114.4,105.7,99.8,114.6,120.6,109.0,99.8,120.6,20.8,factory_normal
V02995,2024,Skoda,Kodiaq,0E0E,Candy White,solid,108.2,118.9,106.7,104.7,102.8,111.8,116.0,107.5,109.1,111.5,108.5,121.6,111.5,110.7,102.8,121.6,18.8,factory_normal
V02996,2025,Skoda,Kodiaq,0E0E,Candy White,solid,113.0,109.2,115.3,108.7,103.7,109.3,111.3,117.6,104.4,114.0,114.0,128.3,109.9,112.2,103.7,128.3,24.6,factory_normal
V02997,2025,Skoda,Kodiaq,2T2T,Brilliant Silver Metallic,metallic,126.5,128.2,117.6,114.4,123.2,117.4,106.2,117.4,114.4,122.7,123.5,122.1,127.0,120.0,106.2,128.2,22.0,factory_normal
V02998,2025,Skoda,Kodiaq,0E0E,Candy White,solid,105.5,118.6,220.9,104.0,108.8,111.3,102.7,107.3,105.5,105.7,114.9,87.9,115.5,116.0,87.9,220.9,133.0,respray_suspected
V02999,2026,Skoda,Kodiaq,0E0E,Candy White,solid,117.6,131.6,114.0,117.0,118.6,116.1,106.1,120.6,119.9,121.9,116.2,121.9,100.4,117.1,100.4,131.6,31.2,factory_normal
V03000,2026,Skoda,Kodiaq,2T2T,Brilliant Silver Metallic,metallic,108.4,109.0,102.1,109.3,99.6,108.0,105.3,105.3,107.2,112.4,117.2,111.4,108.2,108.0,99.6,117.2,17.6,factory_normal
V03001,2015,Ferrari,488/F8,125274,Grigio Silverstone,metallic,183.6,190.2,190.9,183.7,183.8,189.8,187.4,189.4,190.0,191.8,187.0,197.1,201.1,189.7,183.6,201.1,17.5,factory_normal
V03002,2015,Ferrari,488/F8,322,Rosso Corsa,solid,177.9,179.1,166.6,178.9,173.8,177.8,173.7,175.6,167.6,174.4,162.0,162.6,190.4,173.9,162.0,190.4,28.4,factory_normal
V03003,2015,Ferrari,488/F8,322,Rosso Corsa,solid,194.5,193.7,191.2,190.7,194.1,185.3,190.7,187.5,192.6,196.2,200.5,196.4,206.8,193.9,185.3,206.8,21.5,factory_normal
V03004,2016,Ferrari,488/F8,125274,Grigio Silverstone,metallic,185.7,184.9,183.9,188.3,184.8,190.7,188.0,187.8,188.9,186.1,187.4,205.2,206.0,189.8,183.9,206.0,22.1,factory_normal
V03005,2016,Ferrari,488/F8,125274,Grigio Silverstone,metallic,160.9,170.9,157.4,168.7,167.2,170.5,161.8,168.8,167.5,163.3,162.8,183.2,173.8,167.4,157.4,183.2,25.8,factory_normal
V03006,2017,Ferrari,488/F8,322,Rosso Corsa,solid,168.0,158.0,166.5,165.1,261.0,262.1,170.6,165.0,162.6,157.9,155.2,175.2,178.4,180.4,155.2,262.1,106.9,respray_suspected
V03007,2017,Ferrari,488/F8,322,Rosso Corsa,solid,175.5,187.6,179.2,178.0,187.8,186.7,175.7,179.9,180.5,180.5,178.3,182.9,200.4,182.5,175.5,200.4,24.9,factory_normal
V03008,2017,Ferrari,488/F8,322,Rosso Corsa,solid,201.1,196.7,192.6,204.2,199.1,196.7,198.7,198.0,199.2,200.7,198.1,195.8,214.6,199.7,192.6,214.6,22.0,factory_normal
V03009,2018,Ferrari,488/F8,322,Rosso Corsa,solid,160.5,158.9,163.9,163.0,164.5,167.6,161.2,163.8,164.3,168.1,163.7,172.7,175.2,165.2,158.9,175.2,16.3,factory_normal
V03010,2018,Ferrari,488/F8,125274,Grigio Silverstone,metallic,156.3,167.5,160.5,156.0,155.8,154.7,161.5,154.4,163.4,164.2,154.4,166.3,137.4,157.9,137.4,167.5,30.1,factory_normal
V03011,2018,Ferrari,488/F8,125274,Grigio Silverstone,metallic,188.5,195.4,189.7,192.2,197.6,200.2,201.7,192.2,196.0,195.5,195.2,215.0,208.9,197.5,188.5,215.0,26.5,factory_normal
V03012,2019,Ferrari,488/F8,125274,Grigio Silverstone,metallic,163.5,159.7,164.5,160.0,161.0,162.3,167.6,158.8,160.4,162.8,160.6,173.1,174.8,163.8,158.8,174.8,16.0,factory_normal
V03013,2019,Ferrari,488/F8,322,Rosso Corsa,solid,154.3,141.1,149.4,158.8,149.5,141.3,155.2,155.6,153.8,156.0,151.8,171.2,165.7,154.1,141.1,171.2,30.1,factory_normal
V03014,2020,Ferrari,488/F8,125274,Grigio Silverstone,metallic,170.4,158.7,166.9,173.9,170.8,168.2,170.0,338.2,319.1,169.8,174.7,199.8,164.9,195.8,158.7,338.2,179.5,repair_or_filler
V03015,2020,Ferrari,488/F8,125274,Grigio Silverstone,metallic,189.6,196.3,193.8,188.5,188.1,185.1,193.5,197.3,188.4,185.8,189.6,191.9,186.0,190.3,185.1,197.3,12.2,factory_normal
V03016,2021,Ferrari,488/F8,125274,Grigio Silverstone,metallic,185.8,194.1,194.6,194.3,195.6,196.1,181.8,194.8,185.5,195.9,190.2,202.1,190.2,192.4,181.8,202.1,20.3,factory_normal
V03017,2021,Ferrari,488/F8,125274,Grigio Silverstone,metallic,147.1,153.1,158.2,162.0,157.4,153.0,157.9,154.2,152.7,153.7,155.2,164.5,157.8,155.9,147.1,164.5,17.4,factory_normal
V03018,2021,Ferrari,488/F8,322,Rosso Corsa,solid,150.7,146.4,150.8,157.6,155.5,147.7,151.0,151.2,158.3,154.1,147.3,159.3,168.5,153.7,146.4,168.5,22.1,factory_normal
V03019,2022,Ferrari,488/F8,322,Rosso Corsa,solid,158.4,148.3,155.7,147.3,159.6,154.3,151.1,147.9,151.1,167.8,158.7,159.0,176.4,156.6,147.3,176.4,29.1,factory_normal
V03020,2022,Ferrari,488/F8,125274,Grigio Silverstone,metallic,174.5,179.8,179.8,186.2,175.8,178.8,184.1,181.2,178.2,177.5,189.0,173.9,183.5,180.2,173.9,189.0,15.1,factory_normal
V03021,2022,Ferrari,488/F8,322,Rosso Corsa,solid,189.7,187.0,192.7,192.2,197.4,177.1,188.4,192.5,185.8,182.8,191.3,208.9,232.0,193.7,177.1,232.0,54.9,factory_normal
V03022,2023,Ferrari,488/F8,322,Rosso Corsa,solid,179.4,162.1,163.9,173.1,167.8,176.4,171.5,169.5,163.9,176.4,170.3,176.3,181.9,171.7,162.1,181.9,19.8,factory_normal
V03023,2023,Ferrari,488/F8,322,Rosso Corsa,solid,157.4,148.1,158.3,146.0,168.9,150.9,158.6,152.2,144.4,156.0,149.7,169.9,172.1,156.3,144.4,172.1,27.7,factory_normal
V03024,2023,Ferrari,488/F8,322,Rosso Corsa,solid,156.2,154.8,160.0,301.1,154.5,150.2,160.5,152.5,159.7,306.4,148.6,147.8,158.3,177.7,147.8,306.4,158.6,repair_or_filler
V03025,2024,Ferrari,488/F8,322,Rosso Corsa,solid,299.2,179.3,180.2,188.8,178.4,185.3,175.3,186.3,186.6,175.7,183.4,193.1,186.1,192.1,175.3,299.2,123.9,respray_suspected
V03026,2024,Ferrari,488/F8,322,Rosso Corsa,solid,166.0,167.1,166.4,181.1,177.7,165.3,165.8,168.6,171.0,162.9,170.6,161.6,176.3,169.3,161.6,181.1,19.5,factory_normal
V03027,2025,Ferrari,488/F8,125274,Grigio Silverstone,metallic,179.3,172.2,178.0,178.2,184.3,179.2,192.0,184.0,182.4,181.4,179.8,172.4,189.0,180.9,172.2,192.0,19.8,factory_normal
V03028,2025,Ferrari,488/F8,322,Rosso Corsa,solid,177.6,172.4,175.8,168.5,171.3,175.9,172.1,171.7,186.9,183.1,180.7,174.3,187.5,176.8,168.5,187.5,19.0,factory_normal
V03029,2026,Ferrari,488/F8,125274,Grigio Silverstone,metallic,186.4,187.3,190.8,192.3,184.7,180.2,188.9,189.0,194.2,192.3,186.3,210.7,217.1,192.3,180.2,217.1,36.9,factory_normal
V03030,2026,Ferrari,488/F8,322,Rosso Corsa,solid,156.2,158.6,159.7,163.9,159.4,153.0,151.7,154.4,164.1,152.9,167.3,144.2,152.2,156.7,144.2,167.3,23.1,factory_normal
V03031,2015,Ferrari,Roma,322,Rosso Corsa,solid,185.6,176.0,178.5,180.0,172.5,176.2,172.0,169.8,184.7,177.9,173.9,189.4,176.2,177.9,169.8,189.4,19.6,factory_normal
V03032,2015,Ferrari,Roma,125274,Grigio Silverstone,metallic,190.9,192.8,194.9,192.4,194.2,198.2,201.3,186.7,195.5,201.7,193.8,198.6,178.0,193.8,178.0,201.7,23.7,factory_normal
V03033,2015,Ferrari,Roma,125274,Grigio Silverstone,metallic,185.1,195.6,186.9,177.8,189.4,192.8,190.4,190.0,255.8,187.0,359.7,176.1,193.3,206.1,176.1,359.7,183.6,repair_or_filler
V03034,2016,Ferrari,Roma,125274,Grigio Silverstone,metallic,185.8,200.7,192.2,195.3,190.4,188.5,190.8,188.5,200.5,193.1,189.6,210.2,214.1,195.4,185.8,214.1,28.3,factory_normal
V03035,2016,Ferrari,Roma,322,Rosso Corsa,solid,193.2,198.7,195.4,197.2,194.6,197.4,192.6,195.7,368.3,194.8,199.9,206.0,195.5,209.9,192.6,368.3,175.7,repair_or_filler
V03036,2016,Ferrari,Roma,125274,Grigio Silverstone,metallic,175.4,185.8,175.9,176.2,179.9,184.5,176.5,179.9,183.2,174.9,180.3,177.4,198.7,180.7,174.9,198.7,23.8,factory_normal
V03037,2017,Ferrari,Roma,322,Rosso Corsa,solid,177.6,176.0,167.5,179.0,177.7,169.9,171.0,183.7,180.5,175.6,180.3,202.1,187.0,179.1,167.5,202.1,34.6,factory_normal
V03038,2017,Ferrari,Roma,322,Rosso Corsa,solid,148.2,161.8,156.3,147.4,142.4,149.1,152.5,152.7,160.5,147.9,149.2,175.0,155.6,153.7,142.4,175.0,32.6,factory_normal
V03039,2017,Ferrari,Roma,125274,Grigio Silverstone,metallic,164.0,166.8,173.9,166.5,162.3,171.4,162.4,161.5,167.6,166.5,175.0,179.3,155.8,167.2,155.8,179.3,23.5,factory_normal
V03040,2018,Ferrari,Roma,125274,Grigio Silverstone,metallic,175.9,183.1,173.4,177.4,175.9,175.5,178.8,182.8,174.5,176.3,180.2,187.6,180.7,178.6,173.4,187.6,14.2,factory_normal
V03041,2018,Ferrari,Roma,125274,Grigio Silverstone,metallic,160.9,154.5,146.9,155.8,161.9,157.8,152.5,152.8,156.9,150.2,160.3,146.4,174.6,156.3,146.4,174.6,28.2,factory_normal
V03042,2018,Ferrari,Roma,125274,Grigio Silverstone,metallic,144.3,152.8,154.8,153.5,147.6,142.8,152.8,160.7,153.7,154.6,147.6,170.3,154.8,153.1,142.8,170.3,27.5,factory_normal
V03043,2019,Ferrari,Roma,322,Rosso Corsa,solid,163.8,158.1,239.6,164.7,161.9,166.9,155.9,154.8,162.4,164.6,167.0,163.3,169.1,168.6,154.8,239.6,84.8,respray_suspected
V03044,2019,Ferrari,Roma,322,Rosso Corsa,solid,169.5,167.0,174.0,168.4,169.2,174.7,171.4,174.7,178.8,169.5,171.1,174.2,181.7,172.6,167.0,181.7,14.7,factory_normal
V03045,2020,Ferrari,Roma,125274,Grigio Silverstone,metallic,159.1,162.9,158.2,235.0,171.0,154.6,164.0,155.6,162.3,158.3,159.6,174.7,173.2,168.3,154.6,235.0,80.4,respray_suspected
V03046,2020,Ferrari,Roma,322,Rosso Corsa,solid,191.0,199.4,190.3,194.2,197.8,191.9,196.5,190.8,192.7,179.7,198.3,213.9,204.2,195.4,179.7,213.9,34.2,factory_normal
V03047,2020,Ferrari,Roma,322,Rosso Corsa,solid,183.5,177.9,186.9,193.4,181.0,193.2,189.0,193.8,184.2,186.5,183.1,181.4,197.4,187.0,177.9,197.4,19.5,factory_normal
V03048,2021,Ferrari,Roma,322,Rosso Corsa,solid,179.1,180.1,188.8,188.7,184.4,189.4,185.5,189.6,179.6,183.3,184.6,169.6,215.6,186.0,169.6,215.6,46.0,factory_normal
V03049,2021,Ferrari,Roma,322,Rosso Corsa,solid,153.2,150.4,148.6,150.7,160.3,149.6,150.9,157.5,153.6,147.3,150.7,149.4,160.1,152.5,147.3,160.3,13.0,factory_normal
V03050,2022,Ferrari,Roma,125274,Grigio Silverstone,metallic,166.0,162.6,170.1,164.9,161.0,162.8,172.7,164.5,161.0,153.9,153.8,174.0,161.7,163.8,153.8,174.0,20.2,factory_normal
V03051,2022,Ferrari,Roma,125274,Grigio Silverstone,metallic,188.2,180.6,176.3,181.3,189.6,172.0,180.0,191.7,188.7,187.6,175.9,195.7,171.7,183.0,171.7,195.7,24.0,factory_normal
V03052,2023,Ferrari,Roma,322,Rosso Corsa,solid,174.3,185.5,183.0,183.2,178.5,184.5,176.7,183.3,183.8,189.7,180.4,174.2,189.9,182.1,174.2,189.9,15.7,factory_normal
V03053,2023,Ferrari,Roma,322,Rosso Corsa,solid,187.9,194.0,191.0,182.7,189.9,189.0,199.1,193.1,193.0,185.2,191.4,188.2,188.4,190.2,182.7,199.1,16.4,factory_normal
V03054,2023,Ferrari,Roma,125274,Grigio Silverstone,metallic,176.6,169.1,167.7,172.7,163.2,168.2,164.2,171.7,170.1,160.8,160.2,188.9,174.1,169.8,160.2,188.9,28.7,factory_normal
V03055,2024,Ferrari,Roma,322,Rosso Corsa,solid,185.2,173.3,177.7,174.2,190.9,172.3,176.9,188.0,174.9,183.3,179.7,178.9,187.8,180.2,172.3,190.9,18.6,factory_normal
V03056,2024,Ferrari,Roma,125274,Grigio Silverstone,metallic,332.9,162.3,308.6,154.9,163.5,158.1,165.2,173.8,172.0,168.9,164.6,166.7,155.0,188.2,154.9,332.9,178.0,repair_or_filler
V03057,2024,Ferrari,Roma,322,Rosso Corsa,solid,153.2,155.6,145.1,155.7,152.4,147.8,156.6,156.7,152.9,147.3,154.3,155.4,160.4,153.3,145.1,160.4,15.3,factory_normal
V03058,2025,Ferrari,Roma,322,Rosso Corsa,solid,166.0,166.6,164.4,170.4,154.3,161.9,166.3,177.5,172.9,168.1,164.8,170.4,168.5,167.1,154.3,177.5,23.2,factory_normal
V03059,2025,Ferrari,Roma,322,Rosso Corsa,solid,188.6,190.2,195.3,194.4,188.2,192.5,195.3,181.8,189.3,190.5,182.1,184.4,210.3,191.0,181.8,210.3,28.5,factory_normal
V03060,2025,Ferrari,Roma,125274,Grigio Silverstone,metallic,161.0,167.1,165.3,167.3,161.7,169.7,171.0,174.1,160.9,172.4,167.1,181.6,156.6,167.4,156.6,181.6,25.0,factory_normal
V03061,2026,Ferrari,Roma,322,Rosso Corsa,solid,163.9,165.5,147.7,161.4,160.6,153.6,158.2,157.4,170.6,158.7,160.0,160.3,179.1,161.3,147.7,179.1,31.4,factory_normal
V03062,2026,Ferrari,Roma,125274,Grigio Silverstone,metallic,154.3,147.6,141.9,157.4,155.4,147.7,156.2,158.8,154.2,153.8,154.1,152.9,151.6,152.8,141.9,158.8,16.9,factory_normal
V03063,2015,Ferrari,SF90,125274,Grigio Silverstone,metallic,154.4,157.2,157.2,153.5,152.5,139.7,150.8,147.7,160.4,152.5,143.8,178.7,177.8,155.9,139.7,178.7,39.0,factory_normal
V03064,2015,Ferrari,SF90,322,Rosso Corsa,solid,174.7,173.5,178.4,178.0,177.3,179.4,169.2,175.0,173.8,166.2,183.4,186.9,191.5,177.5,166.2,191.5,25.3,factory_normal
V03065,2016,Ferrari,SF90,322,Rosso Corsa,solid,191.7,187.1,180.7,181.4,180.4,177.9,182.4,180.8,171.8,184.1,177.8,186.3,194.0,182.8,171.8,194.0,22.2,factory_normal
V03066,2016,Ferrari,SF90,322,Rosso Corsa,solid,182.5,190.7,184.6,185.3,176.4,184.8,186.7,188.0,175.3,185.2,187.0,199.2,177.7,184.9,175.3,199.2,23.9,factory_normal
V03067,2017,Ferrari,SF90,322,Rosso Corsa,solid,191.0,198.9,197.2,196.7,199.2,200.9,203.7,194.1,191.3,196.2,303.4,206.8,215.0,207.3,191.0,303.4,112.4,repair_or_filler
V03068,2017,Ferrari,SF90,322,Rosso Corsa,solid,163.4,149.5,155.0,160.1,154.2,154.3,152.0,153.3,156.4,160.9,152.7,168.8,138.6,155.3,138.6,168.8,30.2,factory_normal
V03069,2017,Ferrari,SF90,125274,Grigio Silverstone,metallic,198.4,200.9,186.4,201.3,192.8,183.2,189.2,196.7,196.9,190.8,188.8,191.8,196.0,193.3,183.2,201.3,18.1,factory_normal
V03070,2018,Ferrari,SF90,322,Rosso Corsa,solid,179.2,181.7,193.2,182.1,192.3,184.3,195.7,186.9,183.4,196.4,194.8,207.6,200.0,190.6,179.2,207.6,28.4,factory_normal
V03071,2018,Ferrari,SF90,125274,Grigio Silverstone,metallic,161.7,170.3,168.7,173.3,168.2,173.4,162.9,171.2,168.8,166.2,176.6,185.0,194.7,172.4,161.7,194.7,33.0,factory_normal
V03072,2018,Ferrari,SF90,125274,Grigio Silverstone,metallic,181.2,189.7,196.7,197.9,188.9,178.6,188.3,182.5,183.1,189.9,193.7,203.1,203.0,190.5,178.6,203.1,24.5,factory_normal
V03073,2019,Ferrari,SF90,125274,Grigio Silverstone,metallic,157.4,163.0,154.4,167.1,161.5,161.5,159.7,164.8,164.2,157.5,157.9,174.3,178.0,163.2,154.4,178.0,23.6,factory_normal
V03074,2019,Ferrari,SF90,322,Rosso Corsa,solid,153.0,147.3,151.1,158.6,152.8,146.3,148.2,161.9,144.2,145.4,157.8,185.7,144.5,153.6,144.2,185.7,41.5,factory_normal
V03075,2020,Ferrari,SF90,322,Rosso Corsa,solid,174.3,182.1,186.4,187.8,180.5,188.0,188.3,173.1,186.0,186.8,190.6,186.1,189.6,184.6,173.1,190.6,17.5,factory_normal
V03076,2020,Ferrari,SF90,322,Rosso Corsa,solid,158.7,157.6,164.1,162.4,152.6,168.7,160.9,165.1,162.0,156.5,159.4,158.0,173.2,161.5,152.6,173.2,20.6,factory_normal
V03077,2021,Ferrari,SF90,125274,Grigio Silverstone,metallic,160.6,156.0,154.7,163.3,158.7,152.6,155.6,154.7,159.0,164.6,151.8,169.1,174.5,159.6,151.8,174.5,22.7,factory_normal
V03078,2021,Ferrari,SF90,322,Rosso Corsa,solid,180.9,174.8,185.3,173.3,181.7,175.0,172.6,187.3,182.5,177.2,175.5,156.7,186.7,177.7,156.7,187.3,30.6,factory_normal
V03079,2022,Ferrari,SF90,322,Rosso Corsa,solid,149.7,142.4,148.1,150.6,137.8,143.7,155.4,147.9,153.5,148.8,155.2,145.5,145.5,148.0,137.8,155.4,17.6,factory_normal
V03080,2022,Ferrari,SF90,322,Rosso Corsa,solid,170.1,164.6,172.2,159.6,155.5,170.0,152.1,167.8,174.0,170.1,175.8,155.7,164.9,165.6,152.1,175.8,23.7,factory_normal
V03081,2022,Ferrari,SF90,322,Rosso Corsa,solid,178.7,178.0,178.1,175.6,172.8,175.1,170.6,176.0,182.8,186.8,177.7,176.4,197.8,179.0,170.6,197.8,27.2,factory_normal
V03082,2023,Ferrari,SF90,125274,Grigio Silverstone,metallic,176.4,169.7,176.3,165.3,178.0,169.1,166.3,180.4,172.2,176.7,167.8,192.0,182.3,174.8,165.3,192.0,26.7,factory_normal
V03083,2023,Ferrari,SF90,125274,Grigio Silverstone,metallic,177.7,193.6,193.6,188.1,191.2,186.1,192.7,191.7,187.7,191.5,191.8,203.0,197.9,191.3,177.7,203.0,25.3,factory_normal
V03084,2023,Ferrari,SF90,125274,Grigio Silverstone,metallic,170.2,157.8,168.3,164.2,164.0,160.6,162.1,161.0,157.8,162.0,160.9,160.3,171.3,163.1,157.8,171.3,13.5,factory_normal
V03085,2024,Ferrari,SF90,322,Rosso Corsa,solid,195.4,193.1,196.4,201.7,195.8,192.4,199.3,191.3,195.6,190.8,197.3,211.6,198.0,196.8,190.8,211.6,20.8,factory_normal
V03086,2024,Ferrari,SF90,322,Rosso Corsa,solid,149.6,155.7,162.1,151.1,157.6,162.9,147.5,156.0,150.1,157.3,159.0,161.7,162.2,156.4,147.5,162.9,15.4,factory_normal
V03087,2025,Ferrari,SF90,322,Rosso Corsa,solid,191.2,191.3,195.6,186.9,184.1,188.8,180.3,186.2,180.0,176.9,190.6,199.8,208.0,189.2,176.9,208.0,31.1,factory_normal
V03088,2025,Ferrari,SF90,125274,Grigio Silverstone,metallic,182.5,176.4,177.3,182.6,182.7,170.9,174.2,183.1,177.3,177.6,181.6,201.1,190.0,181.3,170.9,201.1,30.2,factory_normal
V03089,2026,Ferrari,SF90,125274,Grigio Silverstone,metallic,163.6,180.0,174.9,172.4,176.9,179.1,174.6,179.8,179.7,179.8,177.9,172.4,172.5,175.7,163.6,180.0,16.4,factory_normal
V03090,2026,Ferrari,SF90,125274,Grigio Silverstone,metallic,190.1,181.4,179.8,182.6,182.8,186.0,179.5,181.6,190.5,180.5,188.5,194.3,206.5,186.5,179.5,206.5,27.0,factory_normal
V03091,2026,Ferrari,SF90,322,Rosso Corsa,solid,173.9,167.6,174.8,165.1,180.0,171.9,174.2,180.0,181.4,165.4,168.2,189.6,159.9,173.2,159.9,189.6,29.7,factory_normal
V03092,2015,Lamborghini,Huracan,0100,Nero Noctis,solid,136.9,130.2,138.3,131.9,130.6,133.5,133.8,133.0,143.3,132.8,137.3,131.5,150.9,135.7,130.2,150.9,20.7,factory_normal
V03093,2015,Lamborghini,Huracan,0058,Bianco Monocerus,solid,134.5,132.5,133.7,130.4,127.0,133.0,134.1,134.7,134.0,128.3,134.6,152.2,145.5,135.0,127.0,152.2,25.2,factory_normal
V03094,2016,Lamborghini,Huracan,0058,Bianco Monocerus,solid,143.8,137.9,133.4,138.4,132.6,133.0,147.6,136.5,137.2,129.1,133.2,135.0,152.5,137.7,129.1,152.5,23.4,factory_normal
V03095,2016,Lamborghini,Huracan,0100,Nero Noctis,solid,138.8,138.4,146.3,140.2,138.8,140.7,145.0,132.3,136.0,139.9,135.5,132.5,136.3,138.5,132.3,146.3,14.0,factory_normal
V03096,2017,Lamborghini,Huracan,0100,Nero Noctis,solid,155.6,146.3,143.5,146.5,138.8,146.1,150.1,152.5,142.6,147.7,150.4,135.0,161.5,147.4,135.0,161.5,26.5,respray_suspected
V03097,2017,Lamborghini,Huracan,0100,Nero Noctis,solid,138.1,133.6,138.7,137.9,147.3,131.9,140.5,142.8,126.7,138.3,143.1,130.0,155.3,138.8,126.7,155.3,28.6,factory_normal
V03098,2017,Lamborghini,Huracan,0058,Bianco Monocerus,solid,154.3,139.8,143.1,140.2,146.3,136.8,136.4,145.0,131.6,143.2,139.6,156.6,156.3,143.8,131.6,156.6,25.0,factory_normal
V03099,2018,Lamborghini,Huracan,0058,Bianco Monocerus,solid,144.1,148.3,154.0,151.1,153.3,145.3,148.5,162.4,147.2,150.1,138.3,168.4,171.3,152.5,138.3,171.3,33.0,respray_suspected
V03100,2018,Lamborghini,Huracan,0100,Nero Noctis,solid,165.9,163.3,158.7,151.6,157.2,160.0,160.0,151.3,156.7,153.5,158.3,185.9,146.0,159.1,146.0,185.9,39.9,respray_suspected
V03101,2018,Lamborghini,Huracan,0058,Bianco Monocerus,solid,152.0,153.5,144.5,144.2,145.9,149.0,146.5,150.2,147.4,146.5,154.3,166.8,155.7,150.5,144.2,166.8,22.6,respray_suspected
V03102,2019,Lamborghini,Huracan,0058,Bianco Monocerus,solid,142.0,131.9,133.1,135.5,144.1,136.2,138.3,149.9,134.3,143.9,131.7,136.3,149.3,139.0,131.7,149.9,18.2,factory_normal
V03103,2019,Lamborghini,Huracan,0100,Nero Noctis,solid,148.4,165.0,151.8,157.2,149.4,156.2,151.3,166.9,150.7,153.7,154.1,156.3,158.7,155.4,148.4,166.9,18.5,respray_suspected
V03104,2019,Lamborghini,Huracan,0100,Nero Noctis,solid,146.8,153.7,154.9,154.4,153.4,153.1,153.1,155.1,157.6,153.5,150.8,174.5,184.5,157.3,146.8,184.5,37.7,respray_suspected
V03105,2020,Lamborghini,Huracan,0058,Bianco Monocerus,solid,167.2,163.8,163.9,159.7,167.4,164.2,173.3,160.9,158.4,163.2,165.5,169.5,157.3,164.2,157.3,173.3,16.0,respray_suspected
V03106,2020,Lamborghini,Huracan,0058,Bianco Monocerus,solid,148.2,160.3,147.8,153.3,154.6,149.8,150.5,145.5,145.6,159.5,154.4,155.7,183.1,154.5,145.5,183.1,37.6,respray_suspected
V03107,2021,Lamborghini,Huracan,0058,Bianco Monocerus,solid,142.2,143.4,148.1,148.7,151.4,134.5,137.0,140.9,133.8,144.4,142.7,145.8,157.9,143.9,133.8,157.9,24.1,factory_normal
V03108,2021,Lamborghini,Huracan,0058,Bianco Monocerus,solid,162.7,163.4,165.6,167.7,167.1,158.6,163.0,165.1,161.7,167.5,158.1,163.5,161.9,163.5,158.1,167.7,9.6,respray_suspected
V03109,2022,Lamborghini,Huracan,0058,Bianco Monocerus,solid,138.9,133.0,135.0,132.9,141.5,137.0,139.8,128.0,133.8,139.5,142.1,135.2,152.4,137.6,128.0,152.4,24.4,factory_normal
V03110,2022,Lamborghini,Huracan,0058,Bianco Monocerus,solid,160.4,158.8,169.9,171.7,161.1,337.2,165.0,164.0,161.3,161.1,238.8,164.6,184.5,184.5,158.8,337.2,178.4,repair_or_filler
V03111,2022,Lamborghini,Huracan,0100,Nero Noctis,solid,156.2,161.4,156.5,160.3,166.1,165.9,160.2,159.6,171.1,157.7,171.3,175.2,176.1,164.4,156.2,176.1,19.9,respray_suspected
V03112,2023,Lamborghini,Huracan,0100,Nero Noctis,solid,142.1,295.4,148.6,137.0,141.5,146.5,145.4,246.5,141.0,132.0,144.6,158.6,138.0,162.9,132.0,295.4,163.4,respray_suspected
V03113,2023,Lamborghini,Huracan,0100,Nero Noctis,solid,152.6,312.7,164.2,263.5,158.6,155.7,164.0,154.6,162.3,158.5,157.7,152.7,167.7,178.8,152.6,312.7,160.1,repair_or_filler
V03114,2023,Lamborghini,Huracan,0100,Nero Noctis,solid,165.7,167.0,172.3,165.4,175.9,168.1,163.8,166.3,170.1,159.4,167.6,180.6,186.0,169.9,159.4,186.0,26.6,respray_suspected
V03115,2024,Lamborghini,Huracan,0058,Bianco Monocerus,solid,149.1,143.9,149.9,142.0,143.6,145.7,141.2,269.7,147.1,147.5,148.3,141.8,169.2,156.8,141.2,269.7,128.5,respray_suspected
V03116,2024,Lamborghini,Huracan,0100,Nero Noctis,solid,151.8,140.2,148.8,146.2,146.3,147.4,147.5,146.9,150.8,148.5,147.7,167.3,125.9,147.3,125.9,167.3,41.4,respray_suspected
V03117,2024,Lamborghini,Huracan,0058,Bianco Monocerus,solid,163.3,161.3,168.1,165.6,159.2,155.4,165.6,166.5,169.0,168.0,162.9,190.0,166.8,166.3,155.4,190.0,34.6,respray_suspected
V03118,2025,Lamborghini,Huracan,0058,Bianco Monocerus,solid,146.4,144.1,155.4,147.3,149.1,154.3,152.3,144.1,144.4,154.6,147.8,164.5,162.9,151.3,144.1,164.5,20.4,respray_suspected
V03119,2025,Lamborghini,Huracan,0100,Nero Noctis,solid,127.5,143.7,132.5,129.3,122.0,129.9,129.6,121.2,124.5,135.2,132.2,129.0,153.1,131.5,121.2,153.1,31.9,factory_normal
V03120,2026,Lamborghini,Huracan,0058,Bianco Monocerus,solid,140.1,131.8,140.9,148.3,143.0,146.4,136.7,143.9,141.3,142.6,139.3,148.6,159.3,143.2,131.8,159.3,27.5,factory_normal
V03121,2026,Lamborghini,Huracan,0100,Nero Noctis,solid,123.6,132.3,136.9,126.6,132.7,131.6,130.0,131.6,127.1,130.6,132.3,135.6,147.3,132.2,123.6,147.3,23.7,factory_normal
V03122,2015,Lamborghini,Urus,0100,Nero Noctis,solid,157.1,157.6,149.8,161.4,160.0,162.4,160.5,163.6,151.2,153.3,150.7,156.9,165.8,157.7,149.8,165.8,16.0,respray_suspected
V03123,2015,Lamborghini,Urus,0058,Bianco Monocerus,solid,164.7,168.1,164.5,177.9,165.1,156.7,169.3,167.9,170.1,165.4,171.3,163.4,161.4,166.6,156.7,177.9,21.2,respray_suspected
V03124,2016,Lamborghini,Urus,0100,Nero Noctis,solid,156.8,150.0,146.1,155.9,155.9,154.5,161.3,150.3,149.4,156.4,150.7,156.5,157.3,153.9,146.1,161.3,15.2,respray_suspected
V03125,2016,Lamborghini,Urus,0058,Bianco Monocerus,solid,144.2,133.2,130.9,138.1,140.3,238.2,138.5,143.7,146.6,135.3,141.1,296.5,127.5,158.0,127.5,296.5,169.0,respray_suspected
V03126,2017,Lamborghini,Urus,0100,Nero Noctis,solid,133.4,142.3,282.0,137.9,132.7,127.8,132.9,125.4,132.9,138.3,135.1,146.2,126.1,145.6,125.4,282.0,156.6,respray_suspected
V03127,2017,Lamborghini,Urus,0100,Nero Noctis,solid,143.9,144.0,143.9,150.3,152.7,141.2,149.9,142.2,144.2,144.3,141.7,149.6,158.7,146.7,141.2,158.7,17.5,factory_normal
V03128,2018,Lamborghini,Urus,0058,Bianco Monocerus,solid,166.3,167.4,164.8,164.6,172.1,170.6,161.1,164.4,237.5,161.8,256.6,191.7,179.1,181.4,161.1,256.6,95.5,respray_suspected
V03129,2018,Lamborghini,Urus,0100,Nero Noctis,solid,148.8,146.9,153.2,156.1,140.2,159.5,139.3,147.8,160.6,152.5,149.7,165.0,170.4,153.1,139.3,170.4,31.1,respray_suspected
V03130,2019,Lamborghini,Urus,0100,Nero Noctis,solid,140.7,159.4,147.2,153.4,146.5,146.8,149.4,149.4,144.8,154.4,152.6,148.5,148.9,149.4,140.7,159.4,18.7,factory_normal
V03131,2019,Lamborghini,Urus,0100,Nero Noctis,solid,155.1,158.6,169.8,159.4,160.2,158.1,162.5,161.9,172.4,168.5,166.7,171.6,166.3,163.9,155.1,172.4,17.3,respray_suspected
V03132,2020,Lamborghini,Urus,0058,Bianco Monocerus,solid,137.3,137.9,138.4,135.6,139.1,150.6,141.2,131.5,147.0,139.1,134.4,125.5,137.5,138.1,125.5,150.6,25.1,factory_normal
V03133,2020,Lamborghini,Urus,0058,Bianco Monocerus,solid,142.4,140.9,151.9,156.9,153.9,150.3,148.9,140.1,145.0,141.4,145.2,146.9,135.1,146.1,135.1,156.9,21.8,factory_normal
V03134,2021,Lamborghini,Urus,0100,Nero Noctis,solid,137.8,148.5,147.4,148.8,157.2,148.3,153.9,137.2,161.1,146.2,158.8,177.9,133.5,150.5,133.5,177.9,44.4,respray_suspected
V03135,2021,Lamborghini,Urus,0058,Bianco Monocerus,solid,127.5,136.1,137.3,130.2,128.2,139.7,131.4,135.5,129.7,124.3,136.6,143.6,134.5,133.4,124.3,143.6,19.3,factory_normal
V03136,2021,Lamborghini,Urus,0058,Bianco Monocerus,solid,143.5,148.5,153.9,155.5,156.7,160.5,156.9,163.8,159.3,158.8,153.2,152.0,153.3,155.1,143.5,163.8,20.3,respray_suspected
V03137,2022,Lamborghini,Urus,0100,Nero Noctis,solid,155.7,145.9,155.4,147.0,163.7,152.7,144.5,139.9,149.2,145.2,149.1,168.3,161.3,152.1,139.9,168.3,28.4,respray_suspected
V03138,2022,Lamborghini,Urus,0058,Bianco Monocerus,solid,143.3,134.6,137.7,140.6,141.9,133.3,144.2,138.1,296.8,134.7,234.9,133.2,172.6,160.5,133.2,296.8,163.6,respray_suspected
V03139,2023,Lamborghini,Urus,0100,Nero Noctis,solid,147.7,154.1,150.7,157.7,156.5,147.6,149.9,146.4,147.1,149.8,153.0,135.2,127.4,147.9,127.4,157.7,30.3,factory_normal
V03140,2023,Lamborghini,Urus,0058,Bianco Monocerus,solid,131.4,130.2,130.6,134.0,134.7,134.8,143.4,128.5,131.0,123.6,138.7,146.8,133.5,133.9,123.6,146.8,23.2,factory_normal
V03141,2023,Lamborghini,Urus,0100,Nero Noctis,solid,141.8,138.7,145.6,133.3,137.5,147.7,147.2,136.7,139.5,152.0,148.5,141.8,160.8,143.9,133.3,160.8,27.5,respray_suspected
V03142,2024,Lamborghini,Urus,0100,Nero Noctis,solid,126.5,126.3,129.6,125.3,128.3,126.9,250.1,130.1,120.1,122.0,134.6,125.3,290.3,148.9,120.1,290.3,170.2,respray_suspected
V03143,2024,Lamborghini,Urus,0058,Bianco Monocerus,solid,147.8,145.4,135.8,147.0,147.7,149.7,148.4,140.5,147.0,152.4,146.1,157.5,146.8,147.1,135.8,157.5,21.7,factory_normal
V03144,2025,Lamborghini,Urus,0100,Nero Noctis,solid,140.8,131.4,140.1,131.2,135.7,131.2,128.4,124.9,129.1,136.1,132.6,148.0,143.3,134.8,124.9,148.0,23.1,factory_normal
V03145,2025,Lamborghini,Urus,0058,Bianco Monocerus,solid,150.5,159.9,157.6,152.8,156.8,157.3,157.8,162.0,159.5,162.6,161.9,152.8,168.4,158.5,150.5,168.4,17.9,respray_suspected
V03146,2026,Lamborghini,Urus,0100,Nero Noctis,solid,158.7,156.7,161.0,159.3,151.7,161.3,154.0,155.4,166.3,166.2,166.7,163.4,180.9,161.7,151.7,180.9,29.2,respray_suspected
V03147,2026,Lamborghini,Urus,0100,Nero Noctis,solid,141.8,144.1,140.4,136.8,138.4,136.0,138.8,147.6,137.5,139.0,146.1,152.8,145.1,141.9,136.0,152.8,16.8,factory_normal
