uid,strict_status,priority,make,model_as_supplied,asset_title,year_evidence,generation_evidence,visual_trim_evidence,body_style_evidence,faces,likes,metadata_score,duplicate_count,duplicate_rank,creator,licence_recorded,licence_status,commercial_gate,source_page,download_api_endpoint,source_origin,source_uid_valid,visual_qc,glass_qc,interior_qc,pbr_qc,scale_qc,live_link_check,final_publish,decision_reason
511412fd4a584f22836a6ea359c2f36b,PRIORITY B,Manual metadata/visual review,Audi,A5 Sportback,Audi A5 Sportback (A5II),,,,Hatchback/Car,950856,30,79,1,1,,,Pending live-page verification,NOT VERIFIED — do not publish commercially until the live licence is checked,https://sketchfab.com/models/511412fd4a584f22836a6ea359c2f36b,https://sketchfab.com/models/511412fd4a584f22836a6ea359c2f36b/download,Original V3,YES,Pending,Pending,Pending,Pending,Pending,Pending,HOLD,Real source-linked everyday-car candidate; licence and visual GLB checks are still required.
a5b6383c37fb47c6bc9e927b4eaef563,PRIORITY A,First QC queue,Audi,A7 Sportback,Audi A7 Sportback 2017,2017,,,Hatchback/Car,790841,20,86,1,1,,,Pending live-page verification,NOT VERIFIED — do not publish commercially until the live licence is checked,https://sketchfab.com/models/a5b6383c37fb47c6bc9e927b4eaef563,https://sketchfab.com/models/a5b6383c37fb47c6bc9e927b4eaef563/download,Original V3,YES,Pending,Pending,Pending,Pending,Pending,Pending,HOLD,Real source-linked everyday-car candidate; licence and visual GLB checks are still required.
e9dbd596fdd44e8cbf5c2ab02daf9fe2,PRIORITY B,Manual metadata/visual review,Audi,Audi A1,Audi A1,,,,Hatchback/Car,1086473,8,77,1,1,,,Pending live-page verification,NOT VERIFIED — do not publish commercially until the live licence is checked,https://sketchfab.com/3d-models/e9dbd596fdd44e8cbf5c2ab02daf9fe2,https://sketchfab.com/models/e9dbd596fdd44e8cbf5c2ab02daf9fe2/download,Original V3,YES,Pending,Pending,Pending,Pending,Pending,Pending,HOLD,Real source-linked everyday-car candidate; licence and visual GLB checks are still required.
36d164ee6086420494e20287f442971f,PRIORITY B,Manual metadata/visual review,Audi,Audi A1,Audi A1,,,,Hatchback/Car,1174964,2,74,1,1,,,Pending live-page verification,NOT VERIFIED — do not publish commercially until the live licence is checked,https://sketchfab.com/3d-models/36d164ee6086420494e20287f442971f,https://sketchfab.com/models/36d164ee6086420494e20287f442971f/download,Original V3,YES,Pending,Pending,Pending,Pending,Pending,Pending,HOLD,Real source-linked everyday-car candidate; licence and visual GLB checks are still required.
611c2474c9d54b8080730fb64bf9a5ef,PRIORITY A,First QC queue,Audi,Audi A1,Audi A1 S-Line 2019,2019,,,Hatchback/Car,1312255,7,84,1,1,,,Pending live-page verification,NOT VERIFIED — do not publish commercially until the live licence is checked,https://sketchfab.com/3d-models/611c2474c9d54b8080730fb64bf9a5ef,https://sketchfab.com/models/611c2474c9d54b8080730fb64bf9a5ef/download,Original V3,YES,Pending,Pending,Pending,Pending,Pending,Pending,HOLD,Real source-linked everyday-car candidate; licence and visual GLB checks are still required.
26dd247e80464353a3d4647c01838244,PRIORITY B,Manual metadata/visual review,Audi,Audi A3,Audi A3,,,,Hatchback/Car,274900,9,72,1,1,Nieve5677,CC BY,Web-verified CC BY,CC BY recorded at collection time — recheck live page and preserve attribution,https://sketchfab.com/3d-models/26dd247e80464353a3d4647c01838244,https://sketchfab.com/models/26dd247e80464353a3d4647c01838244/download,New scrape — 29 Jul 2026,YES,Pending,Pending,Pending,Pending,Pending,Pending,HOLD,Real source-linked everyday-car candidate; licence and visual GLB checks are still required.
a48a8c4ac4474c47b8ddf5bba754db40,PRIORITY A,First QC queue,Audi,Audi e-tron,Audi e-Tron GT - made with Blender,,,,Hatchback/Car,1258982,161,83,1,1,,,Pending live-page verification,NOT VERIFIED — do not publish commercially until the live licence is checked,https://sketchfab.com/3d-models/a48a8c4ac4474c47b8ddf5bba754db40,https://sketchfab.com/models/a48a8c4ac4474c47b8ddf5bba754db40/download,Original V3,YES,Pending,Pending,Pending,Pending,Pending,Pending,HOLD,Real source-linked everyday-car candidate; licence and visual GLB checks are still required.
d95e025603c9449997be95048d10af68,PRIORITY A,First QC queue,Audi,Audi Q3,2014 Audi Q3,2014,,,Hatchback/Car,540563,8,81,1,1,,,Pending live-page verification,NOT VERIFIED — do not publish commercially until the live licence is checked,https://sketchfab.com/models/d95e025603c9449997be95048d10af68,https://sketchfab.com/models/d95e025603c9449997be95048d10af68/download,Original V3,YES,Pending,Pending,Pending,Pending,Pending,Pending,HOLD,Real source-linked everyday-car candidate; licence and visual GLB checks are still required.
97dccbc18cfb4f1e973fc75e278c6f66,PRIORITY A,First QC queue,Audi,Audi Q3,2023 Audi Q3 40 TFSI,2023,,,Hatchback/Car,996011,67,88,1,1,,,Pending live-page verification,NOT VERIFIED — do not publish commercially until the live licence is checked,https://sketchfab.com/3d-models/97dccbc18cfb4f1e973fc75e278c6f66,https://sketchfab.com/models/97dccbc18cfb4f1e973fc75e278c6f66/download,Original V3,YES,Pending,Pending,Pending,Pending,Pending,Pending,HOLD,Real source-linked everyday-car candidate; licence and visual GLB checks are still required.
fb051ba83016478f9c107eb68789fd73,PRIORITY A,First QC queue,BMW,- BMW 5series E60,2007 - 2010 BMW 5series E60,2007–2010,E60,,Hatchback/Car,1374841,25,83,1,1,,,Pending live-page verification,NOT VERIFIED — do not publish commercially until the live licence is checked,https://sketchfab.com/models/fb051ba83016478f9c107eb68789fd73,https://sketchfab.com/models/fb051ba83016478f9c107eb68789fd73/download,Original V3,YES,Pending,Pending,Pending,Pending,Pending,Pending,HOLD,Real source-linked everyday-car candidate; licence and visual GLB checks are still required.
388d4f257a81451a9ad5677fbfa5ee73,PRIORITY A,First QC queue,BMW,3 Series,BMW 3 Series E46 Coupe And Touring,2023,E46,,Estate,2210868,21,86,1,1,,,Pending live-page verification,NOT VERIFIED — do not publish commercially until the live licence is checked,https://sketchfab.com/models/388d4f257a81451a9ad5677fbfa5ee73,https://sketchfab.com/models/388d4f257a81451a9ad5677fbfa5ee73/download,Original V3,YES,Pending,Pending,Pending,Pending,Pending,Pending,HOLD,Real source-linked everyday-car candidate; licence and visual GLB checks are still required.
34cbf0494ce64181aebc8383ecce40c5,PRIORITY A,First QC queue,BMW,3 Series,BMW 3 Series E36 Touring,2023,E36,,Estate,1102371,17,85,1,1,,,Pending live-page verification,NOT VERIFIED — do not publish commercially until the live licence is checked,https://sketchfab.com/models/34cbf0494ce64181aebc8383ecce40c5,https://sketchfab.com/models/34cbf0494ce64181aebc8383ecce40c5/download,Original V3,YES,Pending,Pending,Pending,Pending,Pending,Pending,HOLD,Real source-linked everyday-car candidate; licence and visual GLB checks are still required.
300efed740e54481b4ba9e2d140ef55c,PRIORITY A,First QC queue,BMW,3 Series,BMW 3 Series E46 Compact And Convertible,2023,E46,,Convertible,2014971,15,85,1,1,,,Pending live-page verification,NOT VERIFIED — do not publish commercially until the live licence is checked,https://sketchfab.com/models/300efed740e54481b4ba9e2d140ef55c,https://sketchfab.com/models/300efed740e54481b4ba9e2d140ef55c/download,Original V3,YES,Pending,Pending,Pending,Pending,Pending,Pending,HOLD,Real source-linked everyday-car candidate; licence and visual GLB checks are still required.
03f1b211cda24b53a6830a0f8360487f,PRIORITY A,First QC queue,BMW,3 Series,BMW 3 Series E36 Compact And Sedan,2023,E36,,Saloon,1953898,15,85,1,1,,,Pending live-page verification,NOT VERIFIED — do not publish commercially until the live licence is checked,https://sketchfab.com/models/03f1b211cda24b53a6830a0f8360487f,https://sketchfab.com/models/03f1b211cda24b53a6830a0f8360487f/download,Original V3,YES,Pending,Pending,Pending,Pending,Pending,Pending,HOLD,Real source-linked everyday-car candidate; licence and visual GLB checks are still required.
bd0925e21c934a9cbfdb30ccf5584e86,PRIORITY A,First QC queue,BMW,3 Series,BMW 3 Series E30 Sedan,2023,E30,,Saloon,1294013,15,85,1,1,,,Pending live-page verification,NOT VERIFIED — do not publish commercially until the live licence is checked,https://sketchfab.com/models/bd0925e21c934a9cbfdb30ccf5584e86,https://sketchfab.com/models/bd0925e21c934a9cbfdb30ccf5584e86/download,Original V3,YES,Pending,Pending,Pending,Pending,Pending,Pending,HOLD,Real source-linked everyday-car candidate; licence and visual GLB checks are still required.
e08d99be8bbc4465912c50e0f2b3d7bf,PRIORITY B,Manual metadata/visual review,BMW,3 Series,BMW 3 Series E30 Coupe And Convertible,2023,E30,,Convertible,2578874,20,77,1,1,,,Pending live-page verification,NOT VERIFIED — do not publish commercially until the live licence is checked,https://sketchfab.com/models/e08d99be8bbc4465912c50e0f2b3d7bf,https://sketchfab.com/models/e08d99be8bbc4465912c50e0f2b3d7bf/download,Original V3,YES,Pending,Pending,Pending,Pending,Pending,Pending,HOLD,Real source-linked everyday-car candidate; licence and visual GLB checks are still required.
2e32a3e273ab482b83970603539de06a,PRIORITY A,First QC queue,BMW,BMW 3 Series,BMW 3-Series E46 1998-2006,1998–2006,E46,,Hatchback/Car,831300,10,83,1,1,Merc_TV,CC BY,Web-verified CC BY,CC BY recorded at collection time — recheck live page and preserve attribution,https://sketchfab.com/3d-models/2e32a3e273ab482b83970603539de06a,https://sketchfab.com/models/2e32a3e273ab482b83970603539de06a/download,New scrape — 29 Jul 2026,YES,Pending,Pending,Pending,Pending,Pending,Pending,HOLD,Real source-linked everyday-car candidate; licence and visual GLB checks are still required.
0833aae2ce314e20b2249a3396f32d46,PRIORITY B,Manual metadata/visual review,BMW,BMW 520i,BMW 520i E39 Touring,,E39,,Estate,1092317,15,78,1,1,,,Pending live-page verification,NOT VERIFIED — do not publish commercially until the live licence is checked,https://sketchfab.com/3d-models/0833aae2ce314e20b2249a3396f32d46,https://sketchfab.com/models/0833aae2ce314e20b2249a3396f32d46/download,Original V3,YES,Pending,Pending,Pending,Pending,Pending,Pending,HOLD,Real source-linked everyday-car candidate; licence and visual GLB checks are still required.
4fe53c88cd9442b4ac0496b6926b0fe2,PRIORITY A,First QC queue,BMW,BMW X1,BMW X1,,,,Hatchback/Car,1481865,37,80,1,1,,,Pending live-page verification,NOT VERIFIED — do not publish commercially until the live licence is checked,https://sketchfab.com/3d-models/4fe53c88cd9442b4ac0496b6926b0fe2,https://sketchfab.com/models/4fe53c88cd9442b4ac0496b6926b0fe2/download,Original V3,YES,Pending,Pending,Pending,Pending,Pending,Pending,HOLD,Real source-linked everyday-car candidate; licence and visual GLB checks are still required.
3b22e6d5e0f1497da46bc59a3a8443c1,PRIORITY A,First QC queue,BMW,BMW X1,2023 BMW X1,2023,,,Hatchback/Car,1510366,15,85,1,1,,,Pending live-page verification,NOT VERIFIED — do not publish commercially until the live licence is checked,https://sketchfab.com/3d-models/3b22e6d5e0f1497da46bc59a3a8443c1,https://sketchfab.com/models/3b22e6d5e0f1497da46bc59a3a8443c1/download,Original V3,YES,Pending,Pending,Pending,Pending,Pending,Pending,HOLD,Real source-linked everyday-car candidate; licence and visual GLB checks are still required.
ca49e2fbfd364ed2b5098e30f67dc775,PRIORITY A,First QC queue,BMW,BMW X4,BMW X4,,,,Hatchback/Car,727980,40,80,1,1,,,Pending live-page verification,NOT VERIFIED — do not publish commercially until the live licence is checked,https://sketchfab.com/3d-models/ca49e2fbfd364ed2b5098e30f67dc775,https://sketchfab.com/models/ca49e2fbfd364ed2b5098e30f67dc775/download,Original V3,YES,Pending,Pending,Pending,Pending,Pending,Pending,HOLD,Real source-linked everyday-car candidate; licence and visual GLB checks are still required.
207fd872d28b4cafa7fefe061ae98e26,PRIORITY A,First QC queue,BMW,I5,2023 BMW I5 M60,2023,,,Hatchback/Car,1477883,33,87,1,1,,,Pending live-page verification,NOT VERIFIED — do not publish commercially until the live licence is checked,https://sketchfab.com/models/207fd872d28b4cafa7fefe061ae98e26,https://sketchfab.com/models/207fd872d28b4cafa7fefe061ae98e26/download,Original V3,YES,Pending,Pending,Pending,Pending,Pending,Pending,HOLD,Real source-linked everyday-car candidate; licence and visual GLB checks are still required.
b5274dc9e76a420488f4716e05daddbb,PRIORITY B,Manual metadata/visual review,BYD,Atto 3,Byd-atto-3,,,,Hatchback/Car,144377,2,57,1,1,,,Pending live-page verification,NOT VERIFIED — do not publish commercially until the live licence is checked,https://sketchfab.com/models/b5274dc9e76a420488f4716e05daddbb,https://sketchfab.com/models/b5274dc9e76a420488f4716e05daddbb/download,Original V3,YES,Pending,Pending,Pending,Pending,Pending,Pending,HOLD,Real source-linked everyday-car candidate; licence and visual GLB checks are still required.
f7ef899186d445d48e4781ddfc84fddc,PRIORITY B,Manual metadata/visual review,BYD,Atto 3,2024 BYD Atto 3,2024,,,Hatchback/Car,144377,94,72,1,1,,,Pending live-page verification,NOT VERIFIED — do not publish commercially until the live licence is checked,https://sketchfab.com/models/f7ef899186d445d48e4781ddfc84fddc,https://sketchfab.com/models/f7ef899186d445d48e4781ddfc84fddc/download,Original V3,YES,Pending,Pending,Pending,Pending,Pending,Pending,HOLD,Real source-linked everyday-car candidate; licence and visual GLB checks are still required.
73371c411f0a4d0cbaa9a2e61d605c6e,PRIORITY B,Manual metadata/visual review,BYD,Dolphin,BYD_Dolphin_EV,,,,Hatchback/Car,451255,3,65,2,1,,,Pending live-page verification,NOT VERIFIED — do not publish commercially until the live licence is checked,https://sketchfab.com/models/73371c411f0a4d0cbaa9a2e61d605c6e,https://sketchfab.com/models/73371c411f0a4d0cbaa9a2e61d605c6e/download,Original V3,YES,Pending,Pending,Pending,Pending,Pending,Pending,HOLD,Real source-linked everyday-car candidate; licence and visual GLB checks are still required.
26f256d635b94104adf9dcd6b414d097,PRIORITY B,Manual metadata/visual review,BYD,Dolphin,2021 BYD Dolphin EV,2021,,,Hatchback/Car,434098,98,79,1,1,,,Pending live-page verification,NOT VERIFIED — do not publish commercially until the live licence is checked,https://sketchfab.com/models/26f256d635b94104adf9dcd6b414d097,https://sketchfab.com/models/26f256d635b94104adf9dcd6b414d097/download,Original V3,YES,Pending,Pending,Pending,Pending,Pending,Pending,HOLD,Real source-linked everyday-car candidate; licence and visual GLB checks are still required.
8d30880667524cf3abb9e3e66c5299b5,PRIORITY B,Manual metadata/visual review,BYD,Dolphin,2024 BYD Dolphin Premium Long Range,2024,,Premium,Hatchback/Car,430898,17,75,1,1,,,Pending live-page verification,NOT VERIFIED — do not publish commercially until the live licence is checked,https://sketchfab.com/models/8d30880667524cf3abb9e3e66c5299b5,https://sketchfab.com/models/8d30880667524cf3abb9e3e66c5299b5/download,Original V3,YES,Pending,Pending,Pending,Pending,Pending,Pending,HOLD,Real source-linked everyday-car candidate; licence and visual GLB checks are still required.
c4a97baaadda487faa7ed90ecd1b057d,PRIORITY B,Manual metadata/visual review,BYD,Dolphin,2024 BYD Dolphin Mini,2024,,,Hatchback/Car,250722,15,75,1,1,,,Pending live-page verification,NOT VERIFIED — do not publish commercially until the live licence is checked,https://sketchfab.com/models/c4a97baaadda487faa7ed90ecd1b057d,https://sketchfab.com/models/c4a97baaadda487faa7ed90ecd1b057d/download,Original V3,YES,Pending,Pending,Pending,Pending,Pending,Pending,HOLD,Real source-linked everyday-car candidate; licence and visual GLB checks are still required.
e8f3cf54c0e545b1b290d7a55ca77fca,PRIORITY B,Manual metadata/visual review,BYD,Dolphin,2024 BYD Dolphin,2024,,,Hatchback/Car,112804,67,71,1,1,,,Pending live-page verification,NOT VERIFIED — do not publish commercially until the live licence is checked,https://sketchfab.com/models/e8f3cf54c0e545b1b290d7a55ca77fca,https://sketchfab.com/models/e8f3cf54c0e545b1b290d7a55ca77fca/download,Original V3,YES,Pending,Pending,Pending,Pending,Pending,Pending,HOLD,Real source-linked everyday-car candidate; licence and visual GLB checks are still required.
aa2681e5b992410fad9058343e6904ac,PRIORITY B,Manual metadata/visual review,BYD,Dolphin,BYD DOLPHIN 2025,2025,,,Hatchback/Car,446062,0,69,1,1,,,Pending live-page verification,NOT VERIFIED — do not publish commercially until the live licence is checked,https://sketchfab.com/models/aa2681e5b992410fad9058343e6904ac,https://sketchfab.com/models/aa2681e5b992410fad9058343e6904ac/download,Original V3,YES,Pending,Pending,Pending,Pending,Pending,Pending,HOLD,Real source-linked everyday-car candidate; licence and visual GLB checks are still required.
99454dd3bb5d425aaeff0af0c674c27a,PRIORITY B,Manual metadata/visual review,BYD,Dolphin,BYD Dolphin EV ULTRA 2026,2026,,,Hatchback/Car,434095,5,73,1,1,,,Pending live-page verification,NOT VERIFIED — do not publish commercially until the live licence is checked,https://sketchfab.com/models/99454dd3bb5d425aaeff0af0c674c27a,https://sketchfab.com/models/99454dd3bb5d425aaeff0af0c674c27a/download,Original V3,YES,Pending,Pending,Pending,Pending,Pending,Pending,HOLD,Real source-linked everyday-car candidate; licence and visual GLB checks are still required.
73672cccb6774ebcb63105e17b3eb2af,PRIORITY B,Manual metadata/visual review,BYD,Seal,BYD_Seal_EV,,,,Hatchback/Car,451737,3,65,2,1,,,Pending live-page verification,NOT VERIFIED — do not publish commercially until the live licence is checked,https://sketchfab.com/3d-models/73672cccb6774ebcb63105e17b3eb2af,https://sketchfab.com/models/73672cccb6774ebcb63105e17b3eb2af/download,Original V3,YES,Pending,Pending,Pending,Pending,Pending,Pending,HOLD,Real source-linked everyday-car candidate; licence and visual GLB checks are still required.
96ec5c34852f4c3090a755d4445f5e98,PRIORITY B,Manual metadata/visual review,BYD,Seal,2024 BYD Seal Performance AWD,2024,,,Hatchback/Car,382454,30,76,1,1,,,Pending live-page verification,NOT VERIFIED — do not publish commercially until the live licence is checked,https://sketchfab.com/3d-models/96ec5c34852f4c3090a755d4445f5e98,https://sketchfab.com/models/96ec5c34852f4c3090a755d4445f5e98/download,Original V3,YES,Pending,Pending,Pending,Pending,Pending,Pending,HOLD,Real source-linked everyday-car candidate; licence and visual GLB checks are still required.
5beac99c87fd496daac93229be7f2305,PRIORITY B,Manual metadata/visual review,BYD,Seal,2024 BYD Seal 06 GT,2024,,,Hatchback/Car,103635,95,72,1,1,,,Pending live-page verification,NOT VERIFIED — do not publish commercially until the live licence is checked,https://sketchfab.com/3d-models/5beac99c87fd496daac93229be7f2305,https://sketchfab.com/models/5beac99c87fd496daac93229be7f2305/download,Original V3,YES,Pending,Pending,Pending,Pending,Pending,Pending,HOLD,Real source-linked everyday-car candidate; licence and visual GLB checks are still required.
e3a2ef09dcc547ccafe1687328ec05f0,PRIORITY B,Manual metadata/visual review,BYD,Seal,2024 BYD Seal U DM-i,2024,,,Hatchback/Car,179892,73,71,1,1,,,Pending live-page verification,NOT VERIFIED — do not publish commercially until the live licence is checked,https://sketchfab.com/3d-models/e3a2ef09dcc547ccafe1687328ec05f0,https://sketchfab.com/models/e3a2ef09dcc547ccafe1687328ec05f0/download,Original V3,YES,Pending,Pending,Pending,Pending,Pending,Pending,HOLD,Real source-linked everyday-car candidate; licence and visual GLB checks are still required.
dda5d96fa79e42c290a279168126f247,PRIORITY B,Manual metadata/visual review,BYD,Seal,2024 BYD Seal U,2024,,,Hatchback/Car,178063,63,71,1,1,,,Pending live-page verification,NOT VERIFIED — do not publish commercially until the live licence is checked,https://sketchfab.com/3d-models/dda5d96fa79e42c290a279168126f247,https://sketchfab.com/models/dda5d96fa79e42c290a279168126f247/download,Original V3,YES,Pending,Pending,Pending,Pending,Pending,Pending,HOLD,Real source-linked everyday-car candidate; licence and visual GLB checks are still required.
5cb99da87d6e4df4909d7d9e684dc456,PRIORITY B,Manual metadata/visual review,BYD,Seal,2025 BYD Seal 6 DM-i Touring,2025,,,Estate,292128,77,78,1,1,,,Pending live-page verification,NOT VERIFIED — do not publish commercially until the live licence is checked,https://sketchfab.com/3d-models/5cb99da87d6e4df4909d7d9e684dc456,https://sketchfab.com/models/5cb99da87d6e4df4909d7d9e684dc456/download,Original V3,YES,Pending,Pending,Pending,Pending,Pending,Pending,HOLD,Real source-linked everyday-car candidate; licence and visual GLB checks are still required.
c3bdefa332384e95a9fd249d0abb25c3,PRIORITY B,Manual metadata/visual review,BYD,Seal,2025 BYD Seal 5 DM-i (Chazor King Destroyer 05),2025,,,Hatchback/Car,470927,74,78,1,1,,,Pending live-page verification,NOT VERIFIED — do not publish commercially until the live licence is checked,https://sketchfab.com/3d-models/c3bdefa332384e95a9fd249d0abb25c3,https://sketchfab.com/models/c3bdefa332384e95a9fd249d0abb25c3/download,Original V3,YES,Pending,Pending,Pending,Pending,Pending,Pending,HOLD,Real source-linked everyday-car candidate; licence and visual GLB checks are still required.
334053c217c749c2ab12f664050c9435,PRIORITY B,Manual metadata/visual review,Citroen,Citroen C1,Citroen C1,,,,Hatchback/Car,303584,19,69,1,1,,,Pending live-page verification,NOT VERIFIED — do not publish commercially until the live licence is checked,https://sketchfab.com/3d-models/334053c217c749c2ab12f664050c9435,https://sketchfab.com/models/334053c217c749c2ab12f664050c9435/download,Original V3,YES,Pending,Pending,Pending,Pending,Pending,Pending,HOLD,Real source-linked everyday-car candidate; licence and visual GLB checks are still required.
a759429b04544680beb8e93806cb82a5,PRIORITY B,Manual metadata/visual review,Citroen,Citroen C1,Citroen C1/Peugeot 107 2005-2014,2005–2014,,,Hatchback/Car,414640,7,71,1,1,,,Pending live-page verification,NOT VERIFIED — do not publish commercially until the live licence is checked,https://sketchfab.com/3d-models/a759429b04544680beb8e93806cb82a5,https://sketchfab.com/models/a759429b04544680beb8e93806cb82a5/download,Original V3,YES,Pending,Pending,Pending,Pending,Pending,Pending,HOLD,Real source-linked everyday-car candidate; licence and visual GLB checks are still required.
ff2e0bbab8e34bcf92a8f37e53d2df5e,PRIORITY B,Manual metadata/visual review,Citroen,Citroen C1,Citroen C1 2005-2014,2005–2014,,,Hatchback/Car,113304,6,63,1,1,,,Pending live-page verification,NOT VERIFIED — do not publish commercially until the live licence is checked,https://sketchfab.com/3d-models/ff2e0bbab8e34bcf92a8f37e53d2df5e,https://sketchfab.com/models/ff2e0bbab8e34bcf92a8f37e53d2df5e/download,Original V3,YES,Pending,Pending,Pending,Pending,Pending,Pending,HOLD,Real source-linked everyday-car candidate; licence and visual GLB checks are still required.
c6576be338114eb9a8caf225186c2505,PRIORITY B,Manual metadata/visual review,Citroen,Citroen C2,Citroen C2,,,,Hatchback/Car,1010599,12,78,1,1,,,Pending live-page verification,NOT VERIFIED — do not publish commercially until the live licence is checked,https://sketchfab.com/3d-models/c6576be338114eb9a8caf225186c2505,https://sketchfab.com/models/c6576be338114eb9a8caf225186c2505/download,Original V3,YES,Pending,Pending,Pending,Pending,Pending,Pending,HOLD,Real source-linked everyday-car candidate; licence and visual GLB checks are still required.
8c66549f99414b0eb2fb6f22f1bab2c2,PRIORITY B,Manual metadata/visual review,Citroen,Citroen C3,Citroën ë-C3,,,,Hatchback/Car,1338803,27,79,1,1,,,Pending live-page verification,NOT VERIFIED — do not publish commercially until the live licence is checked,https://sketchfab.com/3d-models/8c66549f99414b0eb2fb6f22f1bab2c2,https://sketchfab.com/models/8c66549f99414b0eb2fb6f22f1bab2c2/download,Original V3,YES,Pending,Pending,Pending,Pending,Pending,Pending,HOLD,Real source-linked everyday-car candidate; licence and visual GLB checks are still required.
45058edec718498b8cf2b041e254ea3b,PRIORITY B,Manual metadata/visual review,Citroen,Citroen C3,Citroën C3,,,,Hatchback/Car,975054,40,70,1,1,,,Pending live-page verification,NOT VERIFIED — do not publish commercially until the live licence is checked,https://sketchfab.com/3d-models/45058edec718498b8cf2b041e254ea3b,https://sketchfab.com/models/45058edec718498b8cf2b041e254ea3b/download,Original V3,YES,Pending,Pending,Pending,Pending,Pending,Pending,HOLD,Real source-linked everyday-car candidate; licence and visual GLB checks are still required.
56e34a00334c4b53b37b434993b4dae1,PRIORITY B,Manual metadata/visual review,Citroen,Citroen C3,Citroen C3,,,,Hatchback/Car,937222,9,67,1,1,,,Pending live-page verification,NOT VERIFIED — do not publish commercially until the live licence is checked,https://sketchfab.com/3d-models/56e34a00334c4b53b37b434993b4dae1,https://sketchfab.com/models/56e34a00334c4b53b37b434993b4dae1/download,Original V3,YES,Pending,Pending,Pending,Pending,Pending,Pending,HOLD,Real source-linked everyday-car candidate; licence and visual GLB checks are still required.
a3c6ca57f0294992be496d7c62e120fa,PRIORITY A,First QC queue,Citroen,Citroen C3,2025 Citroën C3,2025,,,Hatchback/Car,729398,18,85,1,1,,,Pending live-page verification,NOT VERIFIED — do not publish commercially until the live licence is checked,https://sketchfab.com/3d-models/a3c6ca57f0294992be496d7c62e120fa,https://sketchfab.com/models/a3c6ca57f0294992be496d7c62e120fa/download,Original V3,YES,Pending,Pending,Pending,Pending,Pending,Pending,HOLD,Real source-linked everyday-car candidate; licence and visual GLB checks are still required.
92bdc4235b414d34be2be249913ea625,PRIORITY B,Manual metadata/visual review,Citroen,Citroen C4,Citroen C4,,,,Hatchback/Car,1318386,19,79,1,1,,,Pending live-page verification,NOT VERIFIED — do not publish commercially until the live licence is checked,https://sketchfab.com/3d-models/92bdc4235b414d34be2be249913ea625,https://sketchfab.com/models/92bdc4235b414d34be2be249913ea625/download,Original V3,YES,Pending,Pending,Pending,Pending,Pending,Pending,HOLD,Real source-linked everyday-car candidate; licence and visual GLB checks are still required.
1d14eaf9cfcb4bed8fcb3b3ce32f9091,PRIORITY B,Manual metadata/visual review,Citroen,Citroen C4,Citroen C4 3D model,,,,Hatchback/Car,115390,20,62,1,1,,,Pending live-page verification,NOT VERIFIED — do not publish commercially until the live licence is checked,https://sketchfab.com/3d-models/1d14eaf9cfcb4bed8fcb3b3ce32f9091,https://sketchfab.com/models/1d14eaf9cfcb4bed8fcb3b3ce32f9091/download,Original V3,YES,Pending,Pending,Pending,Pending,Pending,Pending,HOLD,Real source-linked everyday-car candidate; licence and visual GLB checks are still required.
8543f1db3b16409aa024091d72228256,PRIORITY B,Manual metadata/visual review,Citroen,Citroen C5,Citroen C5,,,,Hatchback/Car,1434892,6,66,1,1,,,Pending live-page verification,NOT VERIFIED — do not publish commercially until the live licence is checked,https://sketchfab.com/3d-models/8543f1db3b16409aa024091d72228256,https://sketchfab.com/models/8543f1db3b16409aa024091d72228256/download,Original V3,YES,Pending,Pending,Pending,Pending,Pending,Pending,HOLD,Real source-linked everyday-car candidate; licence and visual GLB checks are still required.
110ee3ff6f3b487fba5b24e323bb53fd,PRIORITY B,Manual metadata/visual review,Citroen,Citroen C5,Citroen C5 Sedan And Estate,,,,Estate,2671574,17,59,1,1,,,Pending live-page verification,NOT VERIFIED — do not publish commercially until the live licence is checked,https://sketchfab.com/3d-models/110ee3ff6f3b487fba5b24e323bb53fd,https://sketchfab.com/models/110ee3ff6f3b487fba5b24e323bb53fd/download,Original V3,YES,Pending,Pending,Pending,Pending,Pending,Pending,HOLD,Real source-linked everyday-car candidate; licence and visual GLB checks are still required.
6fc5c3604806452489f7e6932d395818,PRIORITY B,Manual metadata/visual review,Citroen,Citroen DS3,Citroen DS3,,,,Hatchback/Car,826690,10,77,1,1,,,Pending live-page verification,NOT VERIFIED — do not publish commercially until the live licence is checked,https://sketchfab.com/3d-models/6fc5c3604806452489f7e6932d395818,https://sketchfab.com/models/6fc5c3604806452489f7e6932d395818/download,Original V3,YES,Pending,Pending,Pending,Pending,Pending,Pending,HOLD,Real source-linked everyday-car candidate; licence and visual GLB checks are still required.
5c8038736d7d4497bcfc51bec2fb488a,PRIORITY A,First QC queue,Citroen,Citroen DS3,Citroen DS3 Crossback 2018,2018,,,Hatchback/Car,1888361,10,84,1,1,,,Pending live-page verification,NOT VERIFIED — do not publish commercially until the live licence is checked,https://sketchfab.com/3d-models/5c8038736d7d4497bcfc51bec2fb488a,https://sketchfab.com/models/5c8038736d7d4497bcfc51bec2fb488a/download,Original V3,YES,Pending,Pending,Pending,Pending,Pending,Pending,HOLD,Real source-linked everyday-car candidate; licence and visual GLB checks are still required.
0761dead5baf4775ac929ec0bf4c8708,PRIORITY B,Manual metadata/visual review,Citroen,Citroën C3,2015 Citroën C3,2015,,,Hatchback/Car,403646,18,75,1,1,,,Pending live-page verification,NOT VERIFIED — do not publish commercially until the live licence is checked,https://sketchfab.com/models/0761dead5baf4775ac929ec0bf4c8708,https://sketchfab.com/models/0761dead5baf4775ac929ec0bf4c8708/download,Original V3,YES,Pending,Pending,Pending,Pending,Pending,Pending,HOLD,Real source-linked everyday-car candidate; licence and visual GLB checks are still required.
a20ec194df314b91b4527b2bde00fa86,PRIORITY B,Manual metadata/visual review,Citroen,Citroën C3 Picasso,2017 Citroën C3 Picasso,2017,,,Hatchback/Car,372332,13,75,1,1,,,Pending live-page verification,NOT VERIFIED — do not publish commercially until the live licence is checked,https://sketchfab.com/models/a20ec194df314b91b4527b2bde00fa86,https://sketchfab.com/models/a20ec194df314b91b4527b2bde00fa86/download,Original V3,YES,Pending,Pending,Pending,Pending,Pending,Pending,HOLD,Real source-linked everyday-car candidate; licence and visual GLB checks are still required.
90099f356e714c88b8eb70a5f16974c3,PRIORITY A,First QC queue,Citroen,Citroën C3 Proto4E,2025 Citroën C3 Proto4E,2025,,,Hatchback/Car,870539,12,85,1,1,,,Pending live-page verification,NOT VERIFIED — do not publish commercially until the live licence is checked,https://sketchfab.com/models/90099f356e714c88b8eb70a5f16974c3,https://sketchfab.com/models/90099f356e714c88b8eb70a5f16974c3/download,Original V3,YES,Pending,Pending,Pending,Pending,Pending,Pending,HOLD,Real source-linked everyday-car candidate; licence and visual GLB checks are still required.
e330880f272449709c36050a393e1574,PRIORITY B,Manual metadata/visual review,Citroen,Citroën C4 Lounge,2018 Citroën C4 Lounge,2018,,Lounge,Hatchback/Car,100285,13,68,1,1,,,Pending live-page verification,NOT VERIFIED — do not publish commercially until the live licence is checked,https://sketchfab.com/models/e330880f272449709c36050a393e1574,https://sketchfab.com/models/e330880f272449709c36050a393e1574/download,Original V3,YES,Pending,Pending,Pending,Pending,Pending,Pending,HOLD,Real source-linked everyday-car candidate; licence and visual GLB checks are still required.
d50146310c3b4a748e5935b793be0a6b,PRIORITY B,Manual metadata/visual review,Citroen,Citroën C5X,2022 Citroën C5X,2022,,,Hatchback/Car,318815,19,76,1,1,,,Pending live-page verification,NOT VERIFIED — do not publish commercially until the live licence is checked,https://sketchfab.com/models/d50146310c3b4a748e5935b793be0a6b,https://sketchfab.com/models/d50146310c3b4a748e5935b793be0a6b/download,Original V3,YES,Pending,Pending,Pending,Pending,Pending,Pending,HOLD,Real source-linked everyday-car candidate; licence and visual GLB checks are still required.
5dc2cd7baa314777a8ed6c5a0494f42c,PRIORITY B,Manual metadata/visual review,Citroen,Citroën Cactus,2015 Citroën Cactus,2015,,,Hatchback/Car,383295,17,75,1,1,,,Pending live-page verification,NOT VERIFIED — do not publish commercially until the live licence is checked,https://sketchfab.com/models/5dc2cd7baa314777a8ed6c5a0494f42c,https://sketchfab.com/models/5dc2cd7baa314777a8ed6c5a0494f42c/download,Original V3,YES,Pending,Pending,Pending,Pending,Pending,Pending,HOLD,Real source-linked everyday-car candidate; licence and visual GLB checks are still required.
155c2f86778440dca845cacacaf1b517,PRIORITY B,Manual metadata/visual review,Citroen,Citroën DS3,2010 Citroën DS3,2010,,,Hatchback/Car,187644,12,65,1,1,,,Pending live-page verification,NOT VERIFIED — do not publish commercially until the live licence is checked,https://sketchfab.com/models/155c2f86778440dca845cacacaf1b517,https://sketchfab.com/models/155c2f86778440dca845cacacaf1b517/download,Original V3,YES,Pending,Pending,Pending,Pending,Pending,Pending,HOLD,Real source-linked everyday-car candidate; licence and visual GLB checks are still required.
8cc7990f48ea4dd58122d748ebc601c3,PRIORITY B,Manual metadata/visual review,Citroen,Citroën ë-C3,2025 Citroën ë-C3,2025,,,Hatchback/Car,389938,11,74,1,1,,,Pending live-page verification,NOT VERIFIED — do not publish commercially until the live licence is checked,https://sketchfab.com/models/8cc7990f48ea4dd58122d748ebc601c3,https://sketchfab.com/models/8cc7990f48ea4dd58122d748ebc601c3/download,Original V3,YES,Pending,Pending,Pending,Pending,Pending,Pending,HOLD,Real source-linked everyday-car candidate; licence and visual GLB checks are still required.
a2f355b2536e4f7e8ab0bdd5c4c7d820,PRIORITY B,Manual metadata/visual review,Citroen,DS3 WRC,Citroen DS3 WRC 2015 | www.vecarz.com,2015,,,Hatchback/Car,264581,90,79,1,1,,,Pending live-page verification,NOT VERIFIED — do not publish commercially until the live licence is checked,https://sketchfab.com/models/a2f355b2536e4f7e8ab0bdd5c4c7d820,https://sketchfab.com/models/a2f355b2536e4f7e8ab0bdd5c4c7d820/download,Original V3,YES,Pending,Pending,Pending,Pending,Pending,Pending,HOLD,Real source-linked everyday-car candidate; licence and visual GLB checks are still required.
8c314a85594749a198d21d1ebff8e515,PRIORITY B,Manual metadata/visual review,Cupra,Ateca,2021 Cupra Ateca,2021,,,Hatchback/Car,465808,36,77,1,1,,,Pending live-page verification,NOT VERIFIED — do not publish commercially until the live licence is checked,https://sketchfab.com/models/8c314a85594749a198d21d1ebff8e515,https://sketchfab.com/models/8c314a85594749a198d21d1ebff8e515/download,Original V3,YES,Pending,Pending,Pending,Pending,Pending,Pending,HOLD,Real source-linked everyday-car candidate; licence and visual GLB checks are still required.
c41e05dde4244592898e62fae766e8a8,PRIORITY A,First QC queue,Cupra,Born,2022-2024 Cupra Born,2022–2024,,,Hatchback/Car,1437353,14,85,1,1,,,Pending live-page verification,NOT VERIFIED — do not publish commercially until the live licence is checked,https://sketchfab.com/models/c41e05dde4244592898e62fae766e8a8,https://sketchfab.com/models/c41e05dde4244592898e62fae766e8a8/download,Original V3,YES,Pending,Pending,Pending,Pending,Pending,Pending,HOLD,Real source-linked everyday-car candidate; licence and visual GLB checks are still required.
c3c7c51cf51a4d0ba9701c729721558d,PRIORITY A,First QC queue,Cupra,Formentor,Cupra Formentor,,,,Hatchback/Car,530370,60,81,1,1,,,Pending live-page verification,NOT VERIFIED — do not publish commercially until the live licence is checked,https://sketchfab.com/3d-models/c3c7c51cf51a4d0ba9701c729721558d,https://sketchfab.com/models/c3c7c51cf51a4d0ba9701c729721558d/download,Original V3,YES,Pending,Pending,Pending,Pending,Pending,Pending,HOLD,Real source-linked everyday-car candidate; licence and visual GLB checks are still required.
3674038309c84faa86c3be4642db2c27,PRIORITY A,First QC queue,Cupra,Formentor,Cupra Formentor 2021,2021,,,Hatchback/Car,1644165,143,90,1,1,,,Pending live-page verification,NOT VERIFIED — do not publish commercially until the live licence is checked,https://sketchfab.com/models/3674038309c84faa86c3be4642db2c27,https://sketchfab.com/models/3674038309c84faa86c3be4642db2c27/download,Original V3,YES,Pending,Pending,Pending,Pending,Pending,Pending,HOLD,Real source-linked everyday-car candidate; licence and visual GLB checks are still required.
6c8f7e348493435fbdedea909aa8b212,PRIORITY B,Manual metadata/visual review,Cupra,Formentor,2021 Cupra Formentor,2021,,,Hatchback/Car,419984,22,76,1,1,,,Pending live-page verification,NOT VERIFIED — do not publish commercially until the live licence is checked,https://sketchfab.com/models/6c8f7e348493435fbdedea909aa8b212,https://sketchfab.com/models/6c8f7e348493435fbdedea909aa8b212/download,Original V3,YES,Pending,Pending,Pending,Pending,Pending,Pending,HOLD,Real source-linked everyday-car candidate; licence and visual GLB checks are still required.
c34bbdbb1e4e4d30a4cb5dda559c9906,PRIORITY A,First QC queue,Cupra,Formentor,2022-2024 Cupra Formentor,2022–2024,,,Hatchback/Car,1240243,10,84,1,1,,,Pending live-page verification,NOT VERIFIED — do not publish commercially until the live licence is checked,https://sketchfab.com/models/c34bbdbb1e4e4d30a4cb5dda559c9906,https://sketchfab.com/models/c34bbdbb1e4e4d30a4cb5dda559c9906/download,Original V3,YES,Pending,Pending,Pending,Pending,Pending,Pending,HOLD,Real source-linked everyday-car candidate; licence and visual GLB checks are still required.
bea4b79b18e9430fbafae28ebf2f5a2e,PRIORITY A,First QC queue,Cupra,Formentor,2025 Cupra Formentor,2025,,,Hatchback/Car,2061411,18,85,1,1,,,Pending live-page verification,NOT VERIFIED — do not publish commercially until the live licence is checked,https://sketchfab.com/models/bea4b79b18e9430fbafae28ebf2f5a2e,https://sketchfab.com/models/bea4b79b18e9430fbafae28ebf2f5a2e/download,Original V3,YES,Pending,Pending,Pending,Pending,Pending,Pending,HOLD,Real source-linked everyday-car candidate; licence and visual GLB checks are still required.
9d5425eb7e954d38a27ff8a76cb182ad,PRIORITY A,First QC queue,Cupra,Formentor,Cupra Formentor 2025,2025,,,Hatchback/Car,1551494,5,83,1,1,,,Pending live-page verification,NOT VERIFIED — do not publish commercially until the live licence is checked,https://sketchfab.com/models/9d5425eb7e954d38a27ff8a76cb182ad,https://sketchfab.com/models/9d5425eb7e954d38a27ff8a76cb182ad/download,Original V3,YES,Pending,Pending,Pending,Pending,Pending,Pending,HOLD,Real source-linked everyday-car candidate; licence and visual GLB checks are still required.
4882f3eb50c44f209b04e61c33730652,PRIORITY B,Manual metadata/visual review,Cupra,Leon,Cupra Leon,,,,Hatchback/Car,335242,1,64,1,1,,,Pending live-page verification,NOT VERIFIED — do not publish commercially until the live licence is checked,https://sketchfab.com/models/4882f3eb50c44f209b04e61c33730652,https://sketchfab.com/models/4882f3eb50c44f209b04e61c33730652/download,Original V3,YES,Pending,Pending,Pending,Pending,Pending,Pending,HOLD,Real source-linked everyday-car candidate; licence and visual GLB checks are still required.
4826a3e352024ec5a323c83143a3c155,PRIORITY B,Manual metadata/visual review,Cupra,Leon,Cupra Leon,,,,Hatchback/Car,477328,0,62,1,1,,,Pending live-page verification,NOT VERIFIED — do not publish commercially until the live licence is checked,https://sketchfab.com/models/4826a3e352024ec5a323c83143a3c155,https://sketchfab.com/models/4826a3e352024ec5a323c83143a3c155/download,Original V3,YES,Pending,Pending,Pending,Pending,Pending,Pending,HOLD,Real source-linked everyday-car candidate; licence and visual GLB checks are still required.
b741074c1b3844e18faf103d5ce7e90d,PRIORITY B,Manual metadata/visual review,Cupra,Leon,Seat Leon MK1 Cupra 2003,2003,Mk1,,Hatchback/Car,116985,3,59,1,1,,,Pending live-page verification,NOT VERIFIED — do not publish commercially until the live licence is checked,https://sketchfab.com/models/b741074c1b3844e18faf103d5ce7e90d,https://sketchfab.com/models/b741074c1b3844e18faf103d5ce7e90d/download,Original V3,YES,Pending,Pending,Pending,Pending,Pending,Pending,HOLD,Real source-linked everyday-car candidate; licence and visual GLB checks are still required.
1019c61db32d42acad88342c2f495b37,PRIORITY B,Manual metadata/visual review,Cupra,Leon,2021 Cupra Leon Sportstourer,2021,,,Estate,451097,10,74,1,1,,,Pending live-page verification,NOT VERIFIED — do not publish commercially until the live licence is checked,https://sketchfab.com/models/1019c61db32d42acad88342c2f495b37,https://sketchfab.com/models/1019c61db32d42acad88342c2f495b37/download,Original V3,YES,Pending,Pending,Pending,Pending,Pending,Pending,HOLD,Real source-linked everyday-car candidate; licence and visual GLB checks are still required.
36867fe47085483a9437149a5f0d33cf,PRIORITY B,Manual metadata/visual review,Cupra,Leon,2021 Cupra Leon 5Door,2021,,,Hatchback/Car,470807,5,73,1,1,,,Pending live-page verification,NOT VERIFIED — do not publish commercially until the live licence is checked,https://sketchfab.com/models/36867fe47085483a9437149a5f0d33cf,https://sketchfab.com/models/36867fe47085483a9437149a5f0d33cf/download,Original V3,YES,Pending,Pending,Pending,Pending,Pending,Pending,HOLD,Real source-linked everyday-car candidate; licence and visual GLB checks are still required.
9c636133ff284b42adb6ded0700732f4,PRIORITY A,First QC queue,Cupra,Leon,2025 Cupra Leon,2025,,,Hatchback/Car,2309878,17,85,1,1,,,Pending live-page verification,NOT VERIFIED — do not publish commercially until the live licence is checked,https://sketchfab.com/models/9c636133ff284b42adb6ded0700732f4,https://sketchfab.com/models/9c636133ff284b42adb6ded0700732f4/download,Original V3,YES,Pending,Pending,Pending,Pending,Pending,Pending,HOLD,Real source-linked everyday-car candidate; licence and visual GLB checks are still required.
8c532258633a4236ac37eb8737205c65,PRIORITY A,First QC queue,Cupra,Leon,Cupra Leon 2025,2025,,,Hatchback/Car,1758778,10,84,1,1,,,Pending live-page verification,NOT VERIFIED — do not publish commercially until the live licence is checked,https://sketchfab.com/models/8c532258633a4236ac37eb8737205c65,https://sketchfab.com/models/8c532258633a4236ac37eb8737205c65/download,Original V3,YES,Pending,Pending,Pending,Pending,Pending,Pending,HOLD,Real source-linked everyday-car candidate; licence and visual GLB checks are still required.
81ec833ce95044a29bd10ead9cd3577f,PRIORITY A,First QC queue,Cupra,Leon,2025 Cupra Leon Sportstourer,2025,,,Estate,2199467,10,84,1,1,,,Pending live-page verification,NOT VERIFIED — do not publish commercially until the live licence is checked,https://sketchfab.com/models/81ec833ce95044a29bd10ead9cd3577f,https://sketchfab.com/models/81ec833ce95044a29bd10ead9cd3577f/download,Original V3,YES,Pending,Pending,Pending,Pending,Pending,Pending,HOLD,Real source-linked everyday-car candidate; licence and visual GLB checks are still required.
fb0da5d84eb747e5b3209980ca1d93bd,PRIORITY A,First QC queue,Cupra,Leon,Cupra Leon Sportstourer 2025,2025,,,Estate,1678494,8,84,1,1,,,Pending live-page verification,NOT VERIFIED — do not publish commercially until the live licence is checked,https://sketchfab.com/models/fb0da5d84eb747e5b3209980ca1d93bd,https://sketchfab.com/models/fb0da5d84eb747e5b3209980ca1d93bd/download,Original V3,YES,Pending,Pending,Pending,Pending,Pending,Pending,HOLD,Real source-linked everyday-car candidate; licence and visual GLB checks are still required.
aa4f618db07f46f785fc5e8892d345e7,PRIORITY B,Manual metadata/visual review,Cupra,Terramar,Cupra_Terramar_Hero_Purple_GLB,,,,Hatchback/Car,623759,17,78,2,1,,,Pending live-page verification,NOT VERIFIED — do not publish commercially until the live licence is checked,https://sketchfab.com/models/aa4f618db07f46f785fc5e8892d345e7,https://sketchfab.com/models/aa4f618db07f46f785fc5e8892d345e7/download,Original V3,YES,Pending,Pending,Pending,Pending,Pending,Pending,HOLD,Real source-linked everyday-car candidate; licence and visual GLB checks are still required.
c9545ce3e2be40f9bd5964800cc0e4bd,PRIORITY B,Manual metadata/visual review,Dacia,Dacia Duster,Dacia Duster Pickup,,,,Pickup,152341,11,60,1,1,,,Pending live-page verification,NOT VERIFIED — do not publish commercially until the live licence is checked,https://sketchfab.com/3d-models/c9545ce3e2be40f9bd5964800cc0e4bd,https://sketchfab.com/models/c9545ce3e2be40f9bd5964800cc0e4bd/download,Original V3,YES,Pending,Pending,Pending,Pending,Pending,Pending,HOLD,Real source-linked everyday-car candidate; licence and visual GLB checks are still required.
aa2e9feeda3a4aceb1405c41df5d4539,PRIORITY B,Manual metadata/visual review,Dacia,Dacia Duster,Dacia Duster MK1 2010-2017,2010–2017,Mk1,,Hatchback/Car,121372,5,63,1,1,,,Pending live-page verification,NOT VERIFIED — do not publish commercially until the live licence is checked,https://sketchfab.com/3d-models/aa2e9feeda3a4aceb1405c41df5d4539,https://sketchfab.com/models/aa2e9feeda3a4aceb1405c41df5d4539/download,Original V3,YES,Pending,Pending,Pending,Pending,Pending,Pending,HOLD,Real source-linked everyday-car candidate; licence and visual GLB checks are still required.
f1fc758c7616402b8598db9345da55d4,PRIORITY A,First QC queue,Dacia,Dacia Duster,Dacia Duster MK1 2010-2022,2010–2022,Mk1,,Hatchback/Car,1071012,5,80,1,1,,,Pending live-page verification,NOT VERIFIED — do not publish commercially until the live licence is checked,https://sketchfab.com/3d-models/f1fc758c7616402b8598db9345da55d4,https://sketchfab.com/models/f1fc758c7616402b8598db9345da55d4/download,Original V3,YES,Pending,Pending,Pending,Pending,Pending,Pending,HOLD,Real source-linked everyday-car candidate; licence and visual GLB checks are still required.
2949cd4dce264bb79b8180248b6754ec,PRIORITY B,Manual metadata/visual review,Dacia,Dacia Lodgy,Dacia Lodgy 2012-2022,2012–2022,,,Hatchback/Car,234629,5,70,1,1,,,Pending live-page verification,NOT VERIFIED — do not publish commercially until the live licence is checked,https://sketchfab.com/3d-models/2949cd4dce264bb79b8180248b6754ec,https://sketchfab.com/models/2949cd4dce264bb79b8180248b6754ec/download,Original V3,YES,Pending,Pending,Pending,Pending,Pending,Pending,HOLD,Real source-linked everyday-car candidate; licence and visual GLB checks are still required.
5741e328bdcf42e3ba0b9a02ddbdb49b,PRIORITY B,Manual metadata/visual review,Dacia,Dacia Lodgy,dacia lodgy 2024 moroccan,2024,,,Hatchback/Car,4202286,7,60,1,1,,,Pending live-page verification,NOT VERIFIED — do not publish commercially until the live licence is checked,https://sketchfab.com/3d-models/5741e328bdcf42e3ba0b9a02ddbdb49b,https://sketchfab.com/models/5741e328bdcf42e3ba0b9a02ddbdb49b/download,Original V3,YES,Pending,Pending,Pending,Pending,Pending,Pending,HOLD,Real source-linked everyday-car candidate; licence and visual GLB checks are still required.
c656b7e6945f4311ae7e1b19b8a1efc5,PRIORITY B,Manual metadata/visual review,Dacia,Dacia Logan,Dacia Logan,,,,Hatchback/Car,1426125,5,76,1,1,,,Pending live-page verification,NOT VERIFIED — do not publish commercially until the live licence is checked,https://sketchfab.com/3d-models/c656b7e6945f4311ae7e1b19b8a1efc5,https://sketchfab.com/models/c656b7e6945f4311ae7e1b19b8a1efc5/download,Original V3,YES,Pending,Pending,Pending,Pending,Pending,Pending,HOLD,Real source-linked everyday-car candidate; licence and visual GLB checks are still required.
d4362de23bde44acac1cc8fec52c1375,PRIORITY B,Manual metadata/visual review,Dacia,Dacia Logan,Dacia Logan Mcv,,,,Hatchback/Car,107737,9,60,1,1,,,Pending live-page verification,NOT VERIFIED — do not publish commercially until the live licence is checked,https://sketchfab.com/3d-models/d4362de23bde44acac1cc8fec52c1375,https://sketchfab.com/models/d4362de23bde44acac1cc8fec52c1375/download,Original V3,YES,Pending,Pending,Pending,Pending,Pending,Pending,HOLD,Real source-linked everyday-car candidate; licence and visual GLB checks are still required.
5870ef488734415bb74eb8f3232d42aa,PRIORITY A,First QC queue,Dacia,Dacia Logan,Dacia Logan MCV MK1 2006-2013,2006–2013,Mk1,,Hatchback/Car,1825194,8,81,1,1,,,Pending live-page verification,NOT VERIFIED — do not publish commercially until the live licence is checked,https://sketchfab.com/3d-models/5870ef488734415bb74eb8f3232d42aa,https://sketchfab.com/models/5870ef488734415bb74eb8f3232d42aa/download,Original V3,YES,Pending,Pending,Pending,Pending,Pending,Pending,HOLD,Real source-linked everyday-car candidate; licence and visual GLB checks are still required.
08bc95b090394ffb9d0d6fafb51022c4,PRIORITY A,First QC queue,Dacia,Dacia Logan,Dacia Logan 2012,2012,,,Hatchback/Car,1128448,10,81,1,1,,,Pending live-page verification,NOT VERIFIED — do not publish commercially until the live licence is checked,https://sketchfab.com/3d-models/08bc95b090394ffb9d0d6fafb51022c4,https://sketchfab.com/models/08bc95b090394ffb9d0d6fafb51022c4/download,Original V3,YES,Pending,Pending,Pending,Pending,Pending,Pending,HOLD,Real source-linked everyday-car candidate; licence and visual GLB checks are still required.
e26af730e8fd4f74b3bb282c10597728,PRIORITY A,First QC queue,Dacia,Dacia Logan,Dacia Logan MK3 2020,2020,Mk3,,Hatchback/Car,740400,2,81,1,1,,,Pending live-page verification,NOT VERIFIED — do not publish commercially until the live licence is checked,https://sketchfab.com/3d-models/e26af730e8fd4f74b3bb282c10597728,https://sketchfab.com/models/e26af730e8fd4f74b3bb282c10597728/download,Original V3,YES,Pending,Pending,Pending,Pending,Pending,Pending,HOLD,Real source-linked everyday-car candidate; licence and visual GLB checks are still required.
79c761d9b43e4fba935c0b33e63c3ceb,PRIORITY A,First QC queue,Dacia,Dacia Logan,dacia logan 2023,2023,,,Hatchback/Car,795847,15,85,1,1,,,Pending live-page verification,NOT VERIFIED — do not publish commercially until the live licence is checked,https://sketchfab.com/3d-models/79c761d9b43e4fba935c0b33e63c3ceb,https://sketchfab.com/models/79c761d9b43e4fba935c0b33e63c3ceb/download,Original V3,YES,Pending,Pending,Pending,Pending,Pending,Pending,HOLD,Real source-linked everyday-car candidate; licence and visual GLB checks are still required.
f315504fd63e48c7908a6d022fda2092,PRIORITY B,Manual metadata/visual review,Dacia,Dacia Sandero,Dacia- Bigster- Logger- Sandero,,,,Hatchback/Car,1499974,4,65,1,1,,,Pending live-page verification,NOT VERIFIED — do not publish commercially until the live licence is checked,https://sketchfab.com/3d-models/f315504fd63e48c7908a6d022fda2092,https://sketchfab.com/models/f315504fd63e48c7908a6d022fda2092/download,Original V3,YES,Pending,Pending,Pending,Pending,Pending,Pending,HOLD,Real source-linked everyday-car candidate; licence and visual GLB checks are still required.
0d740619a6d747feab2977fa32a3c9da,PRIORITY B,Manual metadata/visual review,Dacia,Dacia Sandero,Dacia Sandero MK1 2008-2014,2008–2014,Mk1,,Hatchback/Car,326715,6,70,1,1,,,Pending live-page verification,NOT VERIFIED — do not publish commercially until the live licence is checked,https://sketchfab.com/3d-models/0d740619a6d747feab2977fa32a3c9da,https://sketchfab.com/models/0d740619a6d747feab2977fa32a3c9da/download,Original V3,YES,Pending,Pending,Pending,Pending,Pending,Pending,HOLD,Real source-linked everyday-car candidate; licence and visual GLB checks are still required.
8ee1188f4d694d4c9b648c8dd5b471da,PRIORITY B,Manual metadata/visual review,Dacia,Dacia Sandero,Dacia Sandero 2018,2018,,,Hatchback/Car,114661,10,67,1,1,,,Pending live-page verification,NOT VERIFIED — do not publish commercially until the live licence is checked,https://sketchfab.com/3d-models/8ee1188f4d694d4c9b648c8dd5b471da,https://sketchfab.com/models/8ee1188f4d694d4c9b648c8dd5b471da/download,Original V3,YES,Pending,Pending,Pending,Pending,Pending,Pending,HOLD,Real source-linked everyday-car candidate; licence and visual GLB checks are still required.
b9b2f8e358654590b69bd2f95750c3b0,PRIORITY B,Manual metadata/visual review,Dacia,Duster,Duster,,,,Hatchback/Car,1826788,4,75,1,1,,,Pending live-page verification,NOT VERIFIED — do not publish commercially until the live licence is checked,https://sketchfab.com/3d-models/b9b2f8e358654590b69bd2f95750c3b0,https://sketchfab.com/models/b9b2f8e358654590b69bd2f95750c3b0/download,Original V3,YES,Pending,Pending,Pending,Pending,Pending,Pending,HOLD,Real source-linked everyday-car candidate; licence and visual GLB checks are still required.
73bcf5e52438437ca65ee1f6e7d24f3d,PRIORITY B,Manual metadata/visual review,Dacia,Duster,Duster- Sport- Prost,,,,Hatchback/Car,998536,3,75,1,1,,,Pending live-page verification,NOT VERIFIED — do not publish commercially until the live licence is checked,https://sketchfab.com/3d-models/73bcf5e52438437ca65ee1f6e7d24f3d,https://sketchfab.com/models/73bcf5e52438437ca65ee1f6e7d24f3d/download,Original V3,YES,Pending,Pending,Pending,Pending,Pending,Pending,HOLD,Real source-linked everyday-car candidate; licence and visual GLB checks are still required.
5dbcf1cd2abf44a0839396719c35f4bc,PRIORITY B,Manual metadata/visual review,Fiat,500,Fiat 500,,,,Hatchback/Car,402828,15,68,1,1,,,Pending live-page verification,NOT VERIFIED — do not publish commercially until the live licence is checked,https://sketchfab.com/models/5dbcf1cd2abf44a0839396719c35f4bc,https://sketchfab.com/models/5dbcf1cd2abf44a0839396719c35f4bc/download,Original V3,YES,Pending,Pending,Pending,Pending,Pending,Pending,HOLD,Real source-linked everyday-car candidate; licence and visual GLB checks are still required.
4606659ff31142e3b8080f995514452f,PRIORITY B,Manual metadata/visual review,Fiat,Fiat 500,Fiat 500,,,,Hatchback/Car,348270,334,75,1,1,,,Pending live-page verification,NOT VERIFIED — do not publish commercially until the live licence is checked,https://sketchfab.com/3d-models/4606659ff31142e3b8080f995514452f,https://sketchfab.com/models/4606659ff31142e3b8080f995514452f/download,Original V3,YES,Pending,Pending,Pending,Pending,Pending,Pending,HOLD,Real source-linked everyday-car candidate; licence and visual GLB checks are still required.
c2fd07f3ec3e4294aed96fdce666fe3e,PRIORITY A,First QC queue,Fiat,Fiat 500,Fiat 500 (2016),2016,,,Hatchback/Car,1258468,90,89,1,1,,,Pending live-page verification,NOT VERIFIED — do not publish commercially until the live licence is checked,https://sketchfab.com/3d-models/c2fd07f3ec3e4294aed96fdce666fe3e,https://sketchfab.com/models/c2fd07f3ec3e4294aed96fdce666fe3e/download,Original V3,YES,Pending,Pending,Pending,Pending,Pending,Pending,HOLD,Real source-linked everyday-car candidate; licence and visual GLB checks are still required.
e59c3d9c7eb34afeb9a96ada26110138,PRIORITY B,Manual metadata/visual review,Fiat,Fiat Bravo,2011 Fiat Bravo,2011,,,Hatchback/Car,107852,14,65,1,1,,,Pending live-page verification,NOT VERIFIED — do not publish commercially until the live licence is checked,https://sketchfab.com/models/e59c3d9c7eb34afeb9a96ada26110138,https://sketchfab.com/models/e59c3d9c7eb34afeb9a96ada26110138/download,Original V3,YES,Pending,Pending,Pending,Pending,Pending,Pending,HOLD,Real source-linked everyday-car candidate; licence and visual GLB checks are still required.
11103d960278407b9e612907d26fc63c,PRIORITY B,Manual metadata/visual review,Fiat,Fiat Doblo,Fiat Doblo MK1 2000-2021,2000–2021,Mk1,,Van,263294,15,69,1,1,,,Pending live-page verification,NOT VERIFIED — do not publish commercially until the live licence is checked,https://sketchfab.com/3d-models/11103d960278407b9e612907d26fc63c,https://sketchfab.com/models/11103d960278407b9e612907d26fc63c/download,Original V3,YES,Pending,Pending,Pending,Pending,Pending,Pending,HOLD,Real source-linked everyday-car candidate; licence and visual GLB checks are still required.
22ee6fd730f84bbbbab2cb715d5aea0b,PRIORITY A,First QC queue,Fiat,Fiat Doblo,Fiat Doblo MK2 MK2 2010-2022,2010–2022,Mk2,,Van,561422,7,81,1,1,,,Pending live-page verification,NOT VERIFIED — do not publish commercially until the live licence is checked,https://sketchfab.com/3d-models/22ee6fd730f84bbbbab2cb715d5aea0b,https://sketchfab.com/models/22ee6fd730f84bbbbab2cb715d5aea0b/download,Original V3,YES,Pending,Pending,Pending,Pending,Pending,Pending,HOLD,Real source-linked everyday-car candidate; licence and visual GLB checks are still required.
76bb043ec7b54fa18abc3a0faf794ae0,PRIORITY B,Manual metadata/visual review,Fiat,Fiat Ducato,Fiat Ducato,,,,Van,1541799,8,77,1,1,,,Pending live-page verification,NOT VERIFIED — do not publish commercially until the live licence is checked,https://sketchfab.com/3d-models/76bb043ec7b54fa18abc3a0faf794ae0,https://sketchfab.com/models/76bb043ec7b54fa18abc3a0faf794ae0/download,Original V3,YES,Pending,Pending,Pending,Pending,Pending,Pending,HOLD,Real source-linked everyday-car candidate; licence and visual GLB checks are still required.
b52eea677b32415e893e39c2fcb76163,PRIORITY B,Manual metadata/visual review,Fiat,Fiat Ducato,fiat_ducato_1989,1989,,,Van,637900,39,78,1,1,,,Pending live-page verification,NOT VERIFIED — do not publish commercially until the live licence is checked,https://sketchfab.com/3d-models/b52eea677b32415e893e39c2fcb76163,https://sketchfab.com/models/b52eea677b32415e893e39c2fcb76163/download,Original V3,YES,Pending,Pending,Pending,Pending,Pending,Pending,HOLD,Real source-linked everyday-car candidate; licence and visual GLB checks are still required.
5ac7d1be7d2341809cec0d798a33dc05,PRIORITY A,First QC queue,Fiat,Fiat Ducato,2017 Fiat Ducato Panel Van,2017,,,Van,998850,1,81,1,1,,,Pending live-page verification,NOT VERIFIED — do not publish commercially until the live licence is checked,https://sketchfab.com/3d-models/5ac7d1be7d2341809cec0d798a33dc05,https://sketchfab.com/models/5ac7d1be7d2341809cec0d798a33dc05/download,Original V3,YES,Pending,Pending,Pending,Pending,Pending,Pending,HOLD,Real source-linked everyday-car candidate; licence and visual GLB checks are still required.
fc89c33e0d9c47e080f6c65e61fd27c8,PRIORITY A,First QC queue,Fiat,Fiat Ducato,Fiat Ducato Chassis Truck Single Cab 3450WB 2022,2022,,,Van,2080224,29,86,1,1,,,Pending live-page verification,NOT VERIFIED — do not publish commercially until the live licence is checked,https://sketchfab.com/3d-models/fc89c33e0d9c47e080f6c65e61fd27c8,https://sketchfab.com/models/fc89c33e0d9c47e080f6c65e61fd27c8/download,Original V3,YES,Pending,Pending,Pending,Pending,Pending,Pending,HOLD,Real source-linked everyday-car candidate; licence and visual GLB checks are still required.
719410abfa414f399600a07ec2a3b2f4,PRIORITY A,First QC queue,Fiat,Fiat Ducato,FIAT DUCATO VAN 2023,2023,,,Van,2125305,15,85,1,1,,,Pending live-page verification,NOT VERIFIED — do not publish commercially until the live licence is checked,https://sketchfab.com/3d-models/719410abfa414f399600a07ec2a3b2f4,https://sketchfab.com/models/719410abfa414f399600a07ec2a3b2f4/download,Original V3,YES,Pending,Pending,Pending,Pending,Pending,Pending,HOLD,Real source-linked everyday-car candidate; licence and visual GLB checks are still required.
94dd3a8ce4ad45c8819541a33cb400b2,PRIORITY B,Manual metadata/visual review,Fiat,Fiat e500,2021 Fiat e500,2021,E500,,Hatchback/Car,158157,19,69,1,1,,,Pending live-page verification,NOT VERIFIED — do not publish commercially until the live licence is checked,https://sketchfab.com/models/94dd3a8ce4ad45c8819541a33cb400b2,https://sketchfab.com/models/94dd3a8ce4ad45c8819541a33cb400b2/download,Original V3,YES,Pending,Pending,Pending,Pending,Pending,Pending,HOLD,Real source-linked everyday-car candidate; licence and visual GLB checks are still required.
38887c2e43294e34a2e032af23a64a80,PRIORITY B,Manual metadata/visual review,Fiat,Fiat Panda,Fiat Panda Car,,,,Hatchback/Car,660093,24,79,1,1,,,Pending live-page verification,NOT VERIFIED — do not publish commercially until the live licence is checked,https://sketchfab.com/3d-models/38887c2e43294e34a2e032af23a64a80,https://sketchfab.com/models/38887c2e43294e34a2e032af23a64a80/download,Original V3,YES,Pending,Pending,Pending,Pending,Pending,Pending,HOLD,Real source-linked everyday-car candidate; licence and visual GLB checks are still required.
d038275c361c4c939c826b033f3f04c5,PRIORITY B,Manual metadata/visual review,Fiat,Fiat Panda,Fiat Panda,,,,Hatchback/Car,1307542,16,78,1,1,,,Pending live-page verification,NOT VERIFIED — do not publish commercially until the live licence is checked,https://sketchfab.com/3d-models/d038275c361c4c939c826b033f3f04c5,https://sketchfab.com/models/d038275c361c4c939c826b033f3f04c5/download,Original V3,YES,Pending,Pending,Pending,Pending,Pending,Pending,HOLD,Real source-linked everyday-car candidate; licence and visual GLB checks are still required.
0756a0766fdc4ff0b3bc5b3f5285fbed,PRIORITY B,Manual metadata/visual review,Fiat,Fiat Panda,Fiat Panda,,,,Hatchback/Car,1160290,8,77,1,1,,,Pending live-page verification,NOT VERIFIED — do not publish commercially until the live licence is checked,https://sketchfab.com/3d-models/0756a0766fdc4ff0b3bc5b3f5285fbed,https://sketchfab.com/models/0756a0766fdc4ff0b3bc5b3f5285fbed/download,Original V3,YES,Pending,Pending,Pending,Pending,Pending,Pending,HOLD,Real source-linked everyday-car candidate; licence and visual GLB checks are still required.
a5d33c632d664174922adaebb8d7940c,PRIORITY B,Manual metadata/visual review,Fiat,Fiat Panda,FIAT panda en cours,,,,Hatchback/Car,350010,22,69,1,1,,,Pending live-page verification,NOT VERIFIED — do not publish commercially until the live licence is checked,https://sketchfab.com/3d-models/a5d33c632d664174922adaebb8d7940c,https://sketchfab.com/models/a5d33c632d664174922adaebb8d7940c/download,Original V3,YES,Pending,Pending,Pending,Pending,Pending,Pending,HOLD,Real source-linked everyday-car candidate; licence and visual GLB checks are still required.
9b95c482bd6a4bbd8a5d1a64002af0f8,PRIORITY B,Manual metadata/visual review,Fiat,Fiat Panda,Fiat Panda II 2003-2012,2003–2012,,,Hatchback/Car,1307742,3,76,1,1,,,Pending live-page verification,NOT VERIFIED — do not publish commercially until the live licence is checked,https://sketchfab.com/3d-models/9b95c482bd6a4bbd8a5d1a64002af0f8,https://sketchfab.com/models/9b95c482bd6a4bbd8a5d1a64002af0f8/download,Original V3,YES,Pending,Pending,Pending,Pending,Pending,Pending,HOLD,Real source-linked everyday-car candidate; licence and visual GLB checks are still required.
b80a89f47a774b14bf422a1e4b0fbf00,PRIORITY B,Manual metadata/visual review,Fiat,Fiat Punto,fiat punto in progress,,,,Hatchback/Car,467426,26,69,1,1,,,Pending live-page verification,NOT VERIFIED — do not publish commercially until the live licence is checked,https://sketchfab.com/3d-models/b80a89f47a774b14bf422a1e4b0fbf00,https://sketchfab.com/models/b80a89f47a774b14bf422a1e4b0fbf00/download,Original V3,YES,Pending,Pending,Pending,Pending,Pending,Pending,HOLD,Real source-linked everyday-car candidate; licence and visual GLB checks are still required.
b783c6c32afe4fadadddfa52a8527afc,PRIORITY B,Manual metadata/visual review,Fiat,Fiat Punto,Fiat Punto Evo 3 And 5 Door,,,,Hatchback/Car,2001892,7,67,1,1,,,Pending live-page verification,NOT VERIFIED — do not publish commercially until the live licence is checked,https://sketchfab.com/3d-models/b783c6c32afe4fadadddfa52a8527afc,https://sketchfab.com/models/b783c6c32afe4fadadddfa52a8527afc/download,Original V3,YES,Pending,Pending,Pending,Pending,Pending,Pending,HOLD,Real source-linked everyday-car candidate; licence and visual GLB checks are still required.
d08a2c634d814a3194265a7a733b76e7,PRIORITY B,Manual metadata/visual review,Fiat,Fiat Tipo,Fiat Tipo / Egea,,,,Hatchback/Car,719485,31,70,1,1,,,Pending live-page verification,NOT VERIFIED — do not publish commercially until the live licence is checked,https://sketchfab.com/3d-models/d08a2c634d814a3194265a7a733b76e7,https://sketchfab.com/models/d08a2c634d814a3194265a7a733b76e7/download,Original V3,YES,Pending,Pending,Pending,Pending,Pending,Pending,HOLD,Real source-linked everyday-car candidate; licence and visual GLB checks are still required.
7de9eb68ea394345931041ffd6b656a5,PRIORITY B,Manual metadata/visual review,Fiat,Fiat Tipo,Fiat Tipo,,,,Hatchback/Car,308570,9,67,1,1,,,Pending live-page verification,NOT VERIFIED — do not publish commercially until the live licence is checked,https://sketchfab.com/3d-models/7de9eb68ea394345931041ffd6b656a5,https://sketchfab.com/models/7de9eb68ea394345931041ffd6b656a5/download,Original V3,YES,Pending,Pending,Pending,Pending,Pending,Pending,HOLD,Real source-linked everyday-car candidate; licence and visual GLB checks are still required.
6ba101c98dea4f6c8d0f11814aca6174,PRIORITY B,Manual metadata/visual review,Fiat,Fiat Tipo,Fiat Tipo Station Wagon 2021,2021,,,Estate,1866349,8,74,1,1,,,Pending live-page verification,NOT VERIFIED — do not publish commercially until the live licence is checked,https://sketchfab.com/3d-models/6ba101c98dea4f6c8d0f11814aca6174,https://sketchfab.com/models/6ba101c98dea4f6c8d0f11814aca6174/download,Original V3,YES,Pending,Pending,Pending,Pending,Pending,Pending,HOLD,Real source-linked everyday-car candidate; licence and visual GLB checks are still required.
e6bbedd56a744d258036a02dd860115e,PRIORITY B,Manual metadata/visual review,Ford,Fiesta,Ford Fiesta II 3door,,,,Hatchback/Car,1011882,17,78,1,1,,,Pending live-page verification,NOT VERIFIED — do not publish commercially until the live licence is checked,https://sketchfab.com/3d-models/e6bbedd56a744d258036a02dd860115e,https://sketchfab.com/models/e6bbedd56a744d258036a02dd860115e/download,Original V3,YES,Pending,Pending,Pending,Pending,Pending,Pending,HOLD,Real source-linked everyday-car candidate; licence and visual GLB checks are still required.
ca50e0cbdb804cb898adb43e2c8674e3,PRIORITY A,First QC queue,Ford,Fiesta,Ford Fiesta MK6 2008-2019,2008–2019,Mk6,,Hatchback/Car,1759178,6,83,1,1,,,Pending live-page verification,NOT VERIFIED — do not publish commercially until the live licence is checked,https://sketchfab.com/3d-models/ca50e0cbdb804cb898adb43e2c8674e3,https://sketchfab.com/models/ca50e0cbdb804cb898adb43e2c8674e3/download,Original V3,YES,Pending,Pending,Pending,Pending,Pending,Pending,HOLD,Real source-linked everyday-car candidate; licence and visual GLB checks are still required.
ef1dd0c316ec4151853cd2f8ee8411b4,PRIORITY A,First QC queue,Ford,Focus,Ford  Focus MK3 Hatchback 2010-2019,2010–2019,Mk3,,Hatchback/Car,650965,7,84,1,1,,,Pending live-page verification,NOT VERIFIED — do not publish commercially until the live licence is checked,https://sketchfab.com/3d-models/ef1dd0c316ec4151853cd2f8ee8411b4,https://sketchfab.com/models/ef1dd0c316ec4151853cd2f8ee8411b4/download,Original V3,YES,Pending,Pending,Pending,Pending,Pending,Pending,HOLD,Real source-linked everyday-car candidate; licence and visual GLB checks are still required.
0adceae5166e40a58501d8d8e3e9b9a9,PRIORITY A,First QC queue,Ford,Focus,Ford Focus Hatchback 2012,2012,,,Hatchback/Car,1377688,19,83,1,1,,,Pending live-page verification,NOT VERIFIED — do not publish commercially until the live licence is checked,https://sketchfab.com/3d-models/0adceae5166e40a58501d8d8e3e9b9a9,https://sketchfab.com/models/0adceae5166e40a58501d8d8e3e9b9a9/download,Original V3,YES,Pending,Pending,Pending,Pending,Pending,Pending,HOLD,Real source-linked everyday-car candidate; licence and visual GLB checks are still required.
4e491913d5f74b60a838555cb7ab610b,PRIORITY A,First QC queue,Ford,Ford EcoSport,2012 Ford EcoSport,2012,,,Hatchback/Car,805756,21,83,1,1,,,Pending live-page verification,NOT VERIFIED — do not publish commercially until the live licence is checked,https://sketchfab.com/models/4e491913d5f74b60a838555cb7ab610b,https://sketchfab.com/models/4e491913d5f74b60a838555cb7ab610b/download,Original V3,YES,Pending,Pending,Pending,Pending,Pending,Pending,HOLD,Real source-linked everyday-car candidate; licence and visual GLB checks are still required.
89db9019af1c451690bfac179ea04706,PRIORITY B,Manual metadata/visual review,Ford,Ford Escort,Ford Escort II EU,,,,Hatchback/Car,951321,18,78,1,1,,,Pending live-page verification,NOT VERIFIED — do not publish commercially until the live licence is checked,https://sketchfab.com/3d-models/89db9019af1c451690bfac179ea04706,https://sketchfab.com/models/89db9019af1c451690bfac179ea04706/download,Original V3,YES,Pending,Pending,Pending,Pending,Pending,Pending,HOLD,Real source-linked everyday-car candidate; licence and visual GLB checks are still required.
9bc5e9e5edd5487f97d8501a22c3c8b5,PRIORITY A,First QC queue,Ford,Ford Focus,Ford Focus Sedan,,,,Saloon,804653,141,83,1,1,,,Pending live-page verification,NOT VERIFIED — do not publish commercially until the live licence is checked,https://sketchfab.com/3d-models/9bc5e9e5edd5487f97d8501a22c3c8b5,https://sketchfab.com/models/9bc5e9e5edd5487f97d8501a22c3c8b5/download,Original V3,YES,Pending,Pending,Pending,Pending,Pending,Pending,HOLD,Real source-linked everyday-car candidate; licence and visual GLB checks are still required.
dd628f95e2ef46ff864c13b8315b7cb6,PRIORITY B,Manual metadata/visual review,Ford,Ford Focus,Ford Focus ST,,,,Hatchback/Car,89400,4,36,1,1,RES1N,CC BY,Web-verified CC BY,CC BY recorded at collection time — recheck live page and preserve attribution,https://sketchfab.com/3d-models/dd628f95e2ef46ff864c13b8315b7cb6,https://sketchfab.com/models/dd628f95e2ef46ff864c13b8315b7cb6/download,New scrape — 29 Jul 2026,YES,Pending,Pending,Pending,Pending,Pending,Pending,HOLD,Real source-linked everyday-car candidate; licence and visual GLB checks are still required.
dc9b58b6114d4a7b8b25812533f9cbbd,PRIORITY A,First QC queue,Ford,Ford Focus,Ford Focus MK1 1998-2008,1998–2008,Mk1,,Hatchback/Car,638400,6,82,1,1,Merc_TV,CC BY,Web-verified CC BY,CC BY recorded at collection time — recheck live page and preserve attribution,https://sketchfab.com/3d-models/dc9b58b6114d4a7b8b25812533f9cbbd,https://sketchfab.com/models/dc9b58b6114d4a7b8b25812533f9cbbd/download,New scrape — 29 Jul 2026,YES,Pending,Pending,Pending,Pending,Pending,Pending,HOLD,Real source-linked everyday-car candidate; licence and visual GLB checks are still required.
9a4b0859a3484e2ebfbc9eb54537b5eb,PRIORITY B,Manual metadata/visual review,Ford,Ford Focus,Ford Focus ST (MK3),2010,Mk3,,Hatchback/Car,89000,32,45,1,1,Savelliy 07,CC BY,Web-verified CC BY,CC BY recorded at collection time — recheck live page and preserve attribution,https://sketchfab.com/3d-models/9a4b0859a3484e2ebfbc9eb54537b5eb,https://sketchfab.com/models/9a4b0859a3484e2ebfbc9eb54537b5eb/download,New scrape — 29 Jul 2026,YES,Pending,Pending,Pending,Pending,Pending,Pending,HOLD,Real source-linked everyday-car candidate; licence and visual GLB checks are still required.
434d5030c0144d5f990ded6953d218dc,PRIORITY B,Manual metadata/visual review,Ford,Ford Ka,Ford Ka,,,,Hatchback/Car,625947,24,79,1,1,,,Pending live-page verification,NOT VERIFIED — do not publish commercially until the live licence is checked,https://sketchfab.com/3d-models/434d5030c0144d5f990ded6953d218dc,https://sketchfab.com/models/434d5030c0144d5f990ded6953d218dc/download,Original V3,YES,Pending,Pending,Pending,Pending,Pending,Pending,HOLD,Real source-linked everyday-car candidate; licence and visual GLB checks are still required.
56da378ebc4d479cbf071c3dd4c9bb94,PRIORITY A,First QC queue,Ford,Ford Ka Sedan,2015 Ford Ka Sedan,2015,,,Saloon,634970,15,85,1,1,,,Pending live-page verification,NOT VERIFIED — do not publish commercially until the live licence is checked,https://sketchfab.com/models/56da378ebc4d479cbf071c3dd4c9bb94,https://sketchfab.com/models/56da378ebc4d479cbf071c3dd4c9bb94/download,Original V3,YES,Pending,Pending,Pending,Pending,Pending,Pending,HOLD,Real source-linked everyday-car candidate; licence and visual GLB checks are still required.
3412188f796f46bc8db90b5e59827548,PRIORITY B,Manual metadata/visual review,Ford,Ford Kuga,Ford Kuga,,,,Hatchback/Car,302600,1,69,1,1,MattDoesBlender,CC BY,Web-verified CC BY,CC BY recorded at collection time — recheck live page and preserve attribution,https://sketchfab.com/3d-models/3412188f796f46bc8db90b5e59827548,https://sketchfab.com/models/3412188f796f46bc8db90b5e59827548/download,New scrape — 29 Jul 2026,YES,Pending,Pending,Pending,Pending,Pending,Pending,HOLD,Real source-linked everyday-car candidate; licence and visual GLB checks are still required.
af11acd6199b4f70b801ffd248d7efe6,PRIORITY B,Manual metadata/visual review,Ford,Ford Kuga,Ford Kuga 2010,2010,,,Hatchback/Car,150000,4,67,1,1,CB1IFA,CC BY,Web-verified CC BY,CC BY recorded at collection time — recheck live page and preserve attribution,https://sketchfab.com/3d-models/af11acd6199b4f70b801ffd248d7efe6,https://sketchfab.com/models/af11acd6199b4f70b801ffd248d7efe6/download,New scrape — 29 Jul 2026,YES,Pending,Pending,Pending,Pending,Pending,Pending,HOLD,Real source-linked everyday-car candidate; licence and visual GLB checks are still required.
dab8f3b2e25144eeab6a7fb4a2a3de0d,PRIORITY B,Manual metadata/visual review,Ford,Ford Mondeo,Ford Mondeo I Hatchback And Sedan,1993,,,Saloon,3200000,10,71,1,1,Nieve5677,CC BY,Web-verified CC BY,CC BY recorded at collection time — recheck live page and preserve attribution,https://sketchfab.com/3d-models/dab8f3b2e25144eeab6a7fb4a2a3de0d,https://sketchfab.com/models/dab8f3b2e25144eeab6a7fb4a2a3de0d/download,New scrape — 29 Jul 2026,YES,Pending,Pending,Pending,Pending,Pending,Pending,HOLD,Real source-linked everyday-car candidate; licence and visual GLB checks are still required.
21218c9ba9564a778cdd96d9b08721fe,PRIORITY A,First QC queue,Ford,Ford Mondeo,Ford Mondeo MK3 2000-2007,2000–2007,Mk3,,Hatchback/Car,1400000,10,83,1,1,Merc_TV,CC BY,Web-verified CC BY,CC BY recorded at collection time — recheck live page and preserve attribution,https://sketchfab.com/3d-models/21218c9ba9564a778cdd96d9b08721fe,https://sketchfab.com/models/21218c9ba9564a778cdd96d9b08721fe/download,New scrape — 29 Jul 2026,YES,Pending,Pending,Pending,Pending,Pending,Pending,HOLD,Real source-linked everyday-car candidate; licence and visual GLB checks are still required.
8ecc26bddb7c42dea8c581ff04a675f1,PRIORITY B,Manual metadata/visual review,Ford,Ford Mondeo,Ford Mondeo 2006,2006,,,Hatchback/Car,195000,13,70,1,1,Ford mondeo,CC BY,Web-verified CC BY,CC BY recorded at collection time — recheck live page and preserve attribution,https://sketchfab.com/3d-models/8ecc26bddb7c42dea8c581ff04a675f1,https://sketchfab.com/models/8ecc26bddb7c42dea8c581ff04a675f1/download,New scrape — 29 Jul 2026,YES,Pending,Pending,Pending,Pending,Pending,Pending,HOLD,Real source-linked everyday-car candidate; licence and visual GLB checks are still required.
5b41db25ecd44b34a41b6d5e05e0cafe,PRIORITY B,Manual metadata/visual review,Ford,Ford Mondeo,Ford Mondeo Estate MK5 2014-2022,2014–2022,Mk5,,Estate,253300,5,75,1,1,Merc_TV,CC BY,Web-verified CC BY,CC BY recorded at collection time — recheck live page and preserve attribution,https://sketchfab.com/3d-models/5b41db25ecd44b34a41b6d5e05e0cafe,https://sketchfab.com/models/5b41db25ecd44b34a41b6d5e05e0cafe/download,New scrape — 29 Jul 2026,YES,Pending,Pending,Pending,Pending,Pending,Pending,HOLD,Real source-linked everyday-car candidate; licence and visual GLB checks are still required.
c97944e84cee491e965a449539d170da,PRIORITY A,First QC queue,Ford,Ford Mondeo ST Line,2023 Ford Mondeo ST Line,2023,,,Hatchback/Car,552934,9,84,1,1,,,Pending live-page verification,NOT VERIFIED — do not publish commercially until the live licence is checked,https://sketchfab.com/models/c97944e84cee491e965a449539d170da,https://sketchfab.com/models/c97944e84cee491e965a449539d170da/download,Original V3,YES,Pending,Pending,Pending,Pending,Pending,Pending,HOLD,Real source-linked everyday-car candidate; licence and visual GLB checks are still required.
d9d718ea72d94afd8ea65073c719885d,PRIORITY B,Manual metadata/visual review,Ford,Ford Puma,Ford Puma 1997-2002,1997–2002,,,Hatchback/Car,296700,3,71,1,1,Merc_TV,CC BY,Web-verified CC BY,CC BY recorded at collection time — recheck live page and preserve attribution,https://sketchfab.com/3d-models/d9d718ea72d94afd8ea65073c719885d,https://sketchfab.com/models/d9d718ea72d94afd8ea65073c719885d/download,New scrape — 29 Jul 2026,YES,Pending,Pending,Pending,Pending,Pending,Pending,HOLD,Real source-linked everyday-car candidate; licence and visual GLB checks are still required.
e93ac097ee9a46a4a9decca9aceed03c,PRIORITY A,First QC queue,Ford,Ford Ranger,Ford Ranger Next-Gen 2023 Sport,2023,,,Pickup,793156,305,91,1,1,,,Pending live-page verification,NOT VERIFIED — do not publish commercially until the live licence is checked,https://sketchfab.com/3d-models/e93ac097ee9a46a4a9decca9aceed03c,https://sketchfab.com/models/e93ac097ee9a46a4a9decca9aceed03c/download,Original V3,YES,Pending,Pending,Pending,Pending,Pending,Pending,HOLD,Real source-linked everyday-car candidate; licence and visual GLB checks are still required.
87c0dae0d6d94de09d347ef7671eb8e8,PRIORITY A,First QC queue,Ford,Ford Ranger,Ford Ranger Wildtrak 2023,2023,,Wildtrak,Pickup,1004577,14,85,1,1,,,Pending live-page verification,NOT VERIFIED — do not publish commercially until the live licence is checked,https://sketchfab.com/3d-models/87c0dae0d6d94de09d347ef7671eb8e8,https://sketchfab.com/models/87c0dae0d6d94de09d347ef7671eb8e8/download,Original V3,YES,Pending,Pending,Pending,Pending,Pending,Pending,HOLD,Real source-linked everyday-car candidate; licence and visual GLB checks are still required.
900de161fe3f41309a93c8403912a802,PRIORITY B,Manual metadata/visual review,Ford,Ford S-Max,Ford S Max,,,,Hatchback/Car,1505601,3,75,1,1,,,Pending live-page verification,NOT VERIFIED — do not publish commercially until the live licence is checked,https://sketchfab.com/3d-models/900de161fe3f41309a93c8403912a802,https://sketchfab.com/models/900de161fe3f41309a93c8403912a802/download,Original V3,YES,Pending,Pending,Pending,Pending,Pending,Pending,HOLD,Real source-linked everyday-car candidate; licence and visual GLB checks are still required.
5abcf734805048e4b33fd21d4cf22a8e,PRIORITY B,Manual metadata/visual review,Ford,Ford S-Max,Ford S-MAX HQ Interior,,,,Hatchback/Car,4358957,10,53,1,1,,,Pending live-page verification,NOT VERIFIED — do not publish commercially until the live licence is checked,https://sketchfab.com/3d-models/5abcf734805048e4b33fd21d4cf22a8e,https://sketchfab.com/models/5abcf734805048e4b33fd21d4cf22a8e/download,Original V3,YES,Pending,Pending,Pending,Pending,Pending,Pending,HOLD,Real source-linked everyday-car candidate; licence and visual GLB checks are still required.
6afccb04c49b47bc9d98a38b69788106,PRIORITY A,First QC queue,Ford,Ford S-Max,Ford S-Max MK2 2014-2023,2014–2023,Mk2,,Hatchback/Car,1508848,6,80,1,1,,,Pending live-page verification,NOT VERIFIED — do not publish commercially until the live licence is checked,https://sketchfab.com/3d-models/6afccb04c49b47bc9d98a38b69788106,https://sketchfab.com/models/6afccb04c49b47bc9d98a38b69788106/download,Original V3,YES,Pending,Pending,Pending,Pending,Pending,Pending,HOLD,Real source-linked everyday-car candidate; licence and visual GLB checks are still required.
7cbdc8e3d407481db48c2a81a13f22c9,PRIORITY A,First QC queue,Ford,Ford Transit,Old Ford Transit [RAW],,,,Van,1198389,105,82,1,1,,,Pending live-page verification,NOT VERIFIED — do not publish commercially until the live licence is checked,https://sketchfab.com/3d-models/7cbdc8e3d407481db48c2a81a13f22c9,https://sketchfab.com/models/7cbdc8e3d407481db48c2a81a13f22c9/download,Original V3,YES,Pending,Pending,Pending,Pending,Pending,Pending,HOLD,Real source-linked everyday-car candidate; licence and visual GLB checks are still required.
a349c78df06540608198581a30503a52,PRIORITY B,Manual metadata/visual review,Ford,Ford Transit,FORD CITELUS - E-TRANSIT- CON PANELES,,,,Van,687124,26,79,1,1,,,Pending live-page verification,NOT VERIFIED — do not publish commercially until the live licence is checked,https://sketchfab.com/3d-models/a349c78df06540608198581a30503a52,https://sketchfab.com/models/a349c78df06540608198581a30503a52/download,Original V3,YES,Pending,Pending,Pending,Pending,Pending,Pending,HOLD,Real source-linked everyday-car candidate; licence and visual GLB checks are still required.
53e5c8099f784a518a5425bb1a5f9a83,PRIORITY A,First QC queue,Ford,Ford Transit Van,Ford Transit Van L3H3 Trend 2021,2021,,,Van,1600306,9,84,2,1,,,Pending live-page verification,NOT VERIFIED — do not publish commercially until the live licence is checked,https://sketchfab.com/3d-models/53e5c8099f784a518a5425bb1a5f9a83,https://sketchfab.com/models/53e5c8099f784a518a5425bb1a5f9a83/download,Original V3,YES,Pending,Pending,Pending,Pending,Pending,Pending,HOLD,Real source-linked everyday-car candidate; licence and visual GLB checks are still required.
fffd6f07668a467095718c5e062348e2,PRIORITY A,First QC queue,Ford,Ranger,Ford ranger raptor,,,,Pickup,983477,53,81,1,1,,,Pending live-page verification,NOT VERIFIED — do not publish commercially until the live licence is checked,https://sketchfab.com/3d-models/fffd6f07668a467095718c5e062348e2,https://sketchfab.com/models/fffd6f07668a467095718c5e062348e2/download,Original V3,YES,Pending,Pending,Pending,Pending,Pending,Pending,HOLD,Real source-linked everyday-car candidate; licence and visual GLB checks are still required.
2f6e712b865f452fb1d700da78f5f8ea,PRIORITY B,Manual metadata/visual review,Ford,Ranger,Ford Ranger Extended Cab 1998,1998,,,Pickup,1434324,13,79,1,1,,,Pending live-page verification,NOT VERIFIED — do not publish commercially until the live licence is checked,https://sketchfab.com/3d-models/2f6e712b865f452fb1d700da78f5f8ea,https://sketchfab.com/models/2f6e712b865f452fb1d700da78f5f8ea/download,Original V3,YES,Pending,Pending,Pending,Pending,Pending,Pending,HOLD,Real source-linked everyday-car candidate; licence and visual GLB checks are still required.
a0c1230493a54275b47b9c40038fb614,PRIORITY B,Manual metadata/visual review,Ford,Ranger,Ford Ranger Mk1 Double Cab 2003,2003,Mk1,,Pickup,1023602,16,79,1,1,,,Pending live-page verification,NOT VERIFIED — do not publish commercially until the live licence is checked,https://sketchfab.com/3d-models/a0c1230493a54275b47b9c40038fb614,https://sketchfab.com/models/a0c1230493a54275b47b9c40038fb614/download,Original V3,YES,Pending,Pending,Pending,Pending,Pending,Pending,HOLD,Real source-linked everyday-car candidate; licence and visual GLB checks are still required.
432bc7ca531f4137b722832d8b75dcd4,PRIORITY A,First QC queue,Ford,Ranger,Ford Ranger 2011,2011,,,Pickup,1293950,14,82,1,1,,,Pending live-page verification,NOT VERIFIED — do not publish commercially until the live licence is checked,https://sketchfab.com/3d-models/432bc7ca531f4137b722832d8b75dcd4,https://sketchfab.com/models/432bc7ca531f4137b722832d8b75dcd4/download,Original V3,YES,Pending,Pending,Pending,Pending,Pending,Pending,HOLD,Real source-linked everyday-car candidate; licence and visual GLB checks are still required.
9d0e2ffd60e547f5841646cfc1547ca8,PRIORITY B,Manual metadata/visual review,Ford,Transit,Ford Transit (Mk1) Panel Van 1965,1965,Mk1,,Van,1243884,16,76,1,1,,,Pending live-page verification,NOT VERIFIED — do not publish commercially until the live licence is checked,https://sketchfab.com/models/9d0e2ffd60e547f5841646cfc1547ca8,https://sketchfab.com/models/9d0e2ffd60e547f5841646cfc1547ca8/download,Original V3,YES,Pending,Pending,Pending,Pending,Pending,Pending,HOLD,Real source-linked everyday-car candidate; licence and visual GLB checks are still required.
d001d1e7d7594143b391c7e797d9e8a4,PRIORITY B,Manual metadata/visual review,Ford,Transit,Ford Transit (Mk2) Panel Van 1978,1978,Mk2,,Van,548856,16,76,1,1,,,Pending live-page verification,NOT VERIFIED — do not publish commercially until the live licence is checked,https://sketchfab.com/models/d001d1e7d7594143b391c7e797d9e8a4,https://sketchfab.com/models/d001d1e7d7594143b391c7e797d9e8a4/download,Original V3,YES,Pending,Pending,Pending,Pending,Pending,Pending,HOLD,Real source-linked everyday-car candidate; licence and visual GLB checks are still required.
d50283d27e67435e9feb0c172cb1e53b,PRIORITY B,Manual metadata/visual review,Ford,Transit,2004 model Ford Transit 10-wheel truck,2004,,,Van,1263082,2,75,1,1,,,Pending live-page verification,NOT VERIFIED — do not publish commercially until the live licence is checked,https://sketchfab.com/models/d50283d27e67435e9feb0c172cb1e53b,https://sketchfab.com/models/d50283d27e67435e9feb0c172cb1e53b/download,Original V3,YES,Pending,Pending,Pending,Pending,Pending,Pending,HOLD,Real source-linked everyday-car candidate; licence and visual GLB checks are still required.
509a72789a224bc894944638fc602426,PRIORITY B,Manual metadata/visual review,Genesis,G70,Genesis G70,,G70,,Hatchback/Car,1201788,18,78,1,1,,,Pending live-page verification,NOT VERIFIED — do not publish commercially until the live licence is checked,https://sketchfab.com/models/509a72789a224bc894944638fc602426,https://sketchfab.com/models/509a72789a224bc894944638fc602426/download,Original V3,YES,Pending,Pending,Pending,Pending,Pending,Pending,HOLD,Real source-linked everyday-car candidate; licence and visual GLB checks are still required.
ded2c8428fb9499ebd2bfc69c5592b02,PRIORITY B,Manual metadata/visual review,Genesis,G70,Genesis G70,,G70,,Hatchback/Car,1229961,15,78,1,1,,,Pending live-page verification,NOT VERIFIED — do not publish commercially until the live licence is checked,https://sketchfab.com/models/ded2c8428fb9499ebd2bfc69c5592b02,https://sketchfab.com/models/ded2c8428fb9499ebd2bfc69c5592b02/download,Original V3,YES,Pending,Pending,Pending,Pending,Pending,Pending,HOLD,Real source-linked everyday-car candidate; licence and visual GLB checks are still required.
660307d9b2b14f7cbd432db5886ed6b8,PRIORITY A,First QC queue,Genesis,G80,Genesis G80 2023,2023,G80,,Hatchback/Car,1499914,1,81,1,1,,,Pending live-page verification,NOT VERIFIED — do not publish commercially until the live licence is checked,https://sketchfab.com/3d-models/660307d9b2b14f7cbd432db5886ed6b8,https://sketchfab.com/models/660307d9b2b14f7cbd432db5886ed6b8/download,Original V3,YES,Pending,Pending,Pending,Pending,Pending,Pending,HOLD,Real source-linked everyday-car candidate; licence and visual GLB checks are still required.
82edac5f1d744fe98d78adeb7a7d329e,PRIORITY B,Manual metadata/visual review,Genesis,GV70,Genesis Gv70,,,,Hatchback/Car,1498654,2,74,1,1,,,Pending live-page verification,NOT VERIFIED — do not publish commercially until the live licence is checked,https://sketchfab.com/3d-models/82edac5f1d744fe98d78adeb7a7d329e,https://sketchfab.com/models/82edac5f1d744fe98d78adeb7a7d329e/download,Original V3,YES,Pending,Pending,Pending,Pending,Pending,Pending,HOLD,Real source-linked everyday-car candidate; licence and visual GLB checks are still required.
a7cfb5f6095042018b01d63d34ab0e28,PRIORITY B,Manual metadata/visual review,Genesis,GV80,Genesis GV80 Coupe,,,,Hatchback/Car,1488612,1,74,1,1,,,Pending live-page verification,NOT VERIFIED — do not publish commercially until the live licence is checked,https://sketchfab.com/3d-models/a7cfb5f6095042018b01d63d34ab0e28,https://sketchfab.com/models/a7cfb5f6095042018b01d63d34ab0e28/download,Original V3,YES,Pending,Pending,Pending,Pending,Pending,Pending,HOLD,Real source-linked everyday-car candidate; licence and visual GLB checks are still required.
20bd497876a44910bff0670d86127a9b,PRIORITY B,Manual metadata/visual review,Honda,Acty,Honda Acty,,,,Hatchback/Car,223297,210,74,1,1,,,Pending live-page verification,NOT VERIFIED — do not publish commercially until the live licence is checked,https://sketchfab.com/models/20bd497876a44910bff0670d86127a9b,https://sketchfab.com/models/20bd497876a44910bff0670d86127a9b/download,Original V3,YES,Pending,Pending,Pending,Pending,Pending,Pending,HOLD,Real source-linked everyday-car candidate; licence and visual GLB checks are still required.
240e909a9180493ebdc1def6cbdde88f,PRIORITY B,Manual metadata/visual review,Honda,Fit,Honda Fit,,,,Hatchback/Car,439592,96,72,1,1,,,Pending live-page verification,NOT VERIFIED — do not publish commercially until the live licence is checked,https://sketchfab.com/models/240e909a9180493ebdc1def6cbdde88f,https://sketchfab.com/models/240e909a9180493ebdc1def6cbdde88f/download,Original V3,YES,Pending,Pending,Pending,Pending,Pending,Pending,HOLD,Real source-linked everyday-car candidate; licence and visual GLB checks are still required.
17cc85164ad143e5bb0f3cd0a88079d2,PRIORITY B,Manual metadata/visual review,Honda,Fit,2016 Honda Fit DBA-GK3,2016,,,Hatchback/Car,118794,78,71,1,1,,,Pending live-page verification,NOT VERIFIED — do not publish commercially until the live licence is checked,https://sketchfab.com/models/17cc85164ad143e5bb0f3cd0a88079d2,https://sketchfab.com/models/17cc85164ad143e5bb0f3cd0a88079d2/download,Original V3,YES,Pending,Pending,Pending,Pending,Pending,Pending,HOLD,Real source-linked everyday-car candidate; licence and visual GLB checks are still required.
6af77df7e9fa40a3804ef2811d6a65e9,PRIORITY B,Manual metadata/visual review,Honda,Fit,2020 Honda Fit Hybrid 6AA-GR3,2020,,,Hatchback/Car,110475,87,72,1,1,,,Pending live-page verification,NOT VERIFIED — do not publish commercially until the live licence is checked,https://sketchfab.com/models/6af77df7e9fa40a3804ef2811d6a65e9,https://sketchfab.com/models/6af77df7e9fa40a3804ef2811d6a65e9/download,Original V3,YES,Pending,Pending,Pending,Pending,Pending,Pending,HOLD,Real source-linked everyday-car candidate; licence and visual GLB checks are still required.
68892cd369e84a218e5e5dcf82365ee3,PRIORITY A,First QC queue,Honda,Honda Accord,honda accord 2017,2017,,,Hatchback/Car,778410,134,80,1,1,,,Pending live-page verification,NOT VERIFIED — do not publish commercially until the live licence is checked,https://sketchfab.com/3d-models/68892cd369e84a218e5e5dcf82365ee3,https://sketchfab.com/models/68892cd369e84a218e5e5dcf82365ee3/download,Original V3,YES,Pending,Pending,Pending,Pending,Pending,Pending,HOLD,Real source-linked everyday-car candidate; licence and visual GLB checks are still required.
e742636e46814de5af1568542e7c9bdb,PRIORITY A,First QC queue,Honda,Honda Accord,2021 Honda Accord,2021,,,Hatchback/Car,933460,116,89,1,1,,,Pending live-page verification,NOT VERIFIED — do not publish commercially until the live licence is checked,https://sketchfab.com/models/e742636e46814de5af1568542e7c9bdb,https://sketchfab.com/models/e742636e46814de5af1568542e7c9bdb/download,Original V3,YES,Pending,Pending,Pending,Pending,Pending,Pending,HOLD,Real source-linked everyday-car candidate; licence and visual GLB checks are still required.
df6cc80e266841b3a836a1f2a07c7883,PRIORITY B,Manual metadata/visual review,Honda,Honda Civic,Honda Civic 1995,1995,,,Hatchback/Car,462600,25,75,1,1,Jordan O'Neill,CC BY,Web-verified CC BY,CC BY recorded at collection time — recheck live page and preserve attribution,https://sketchfab.com/3d-models/df6cc80e266841b3a836a1f2a07c7883,https://sketchfab.com/models/df6cc80e266841b3a836a1f2a07c7883/download,New scrape — 29 Jul 2026,YES,Pending,Pending,Pending,Pending,Pending,Pending,HOLD,Real source-linked everyday-car candidate; licence and visual GLB checks are still required.
1325afb508f14c4bbb40e9f849b0d4a2,PRIORITY A,First QC queue,Honda,Honda Civic,Honda Civic 2007,2007,,,Hatchback/Car,1100000,13,87,1,1,Nieve5677,CC BY,Web-verified CC BY,CC BY recorded at collection time — recheck live page and preserve attribution,https://sketchfab.com/3d-models/1325afb508f14c4bbb40e9f849b0d4a2,https://sketchfab.com/models/1325afb508f14c4bbb40e9f849b0d4a2/download,New scrape — 29 Jul 2026,YES,Pending,Pending,Pending,Pending,Pending,Pending,HOLD,Real source-linked everyday-car candidate; licence and visual GLB checks are still required.
ff844e296f214e709c0d0691d031c68b,PRIORITY A,First QC queue,Honda,Honda Civic,Honda Civic 2016,2016,,,Hatchback/Car,672300,80,94,1,1,Aldios,CC BY,Web-verified CC BY,CC BY recorded at collection time — recheck live page and preserve attribution,https://sketchfab.com/3d-models/ff844e296f214e709c0d0691d031c68b,https://sketchfab.com/models/ff844e296f214e709c0d0691d031c68b/download,New scrape — 29 Jul 2026,YES,Pending,Pending,Pending,Pending,Pending,Pending,HOLD,Real source-linked everyday-car candidate; licence and visual GLB checks are still required.
4d0751311d76473b81377f5bd2da273b,PRIORITY B,Manual metadata/visual review,Honda,Honda CR-V,Honda CR-V,,,,Hatchback/Car,2440697,90,72,1,1,,,Pending live-page verification,NOT VERIFIED — do not publish commercially until the live licence is checked,https://sketchfab.com/3d-models/4d0751311d76473b81377f5bd2da273b,https://sketchfab.com/models/4d0751311d76473b81377f5bd2da273b/download,Original V3,YES,Pending,Pending,Pending,Pending,Pending,Pending,HOLD,Real source-linked everyday-car candidate; licence and visual GLB checks are still required.
2b1f535f185e4a6abf6b0a3222487704,PRIORITY B,Manual metadata/visual review,Honda,Honda Jazz,2018 Honda Fit / Jazz,2018,,,Hatchback/Car,361845,76,78,1,1,,,Pending live-page verification,NOT VERIFIED — do not publish commercially until the live licence is checked,https://sketchfab.com/3d-models/2b1f535f185e4a6abf6b0a3222487704,https://sketchfab.com/models/2b1f535f185e4a6abf6b0a3222487704/download,Original V3,YES,Pending,Pending,Pending,Pending,Pending,Pending,HOLD,Real source-linked everyday-car candidate; licence and visual GLB checks are still required.
33eb3630e2ef4693b908322683784734,PRIORITY A,First QC queue,Honda,Honda ZR-V,2023 Honda ZR-V,2023,,,Hatchback/Car,517136,16,85,1,1,,,Pending live-page verification,NOT VERIFIED — do not publish commercially until the live licence is checked,https://sketchfab.com/models/33eb3630e2ef4693b908322683784734,https://sketchfab.com/models/33eb3630e2ef4693b908322683784734/download,Original V3,YES,Pending,Pending,Pending,Pending,Pending,Pending,HOLD,Real source-linked everyday-car candidate; licence and visual GLB checks are still required.
a4827c4d86224ab586218654559f4627,PRIORITY B,Manual metadata/visual review,Honda,Odyssey,Honda Odyssey,,,,Hatchback/Car,609513,4,75,1,1,,,Pending live-page verification,NOT VERIFIED — do not publish commercially until the live licence is checked,https://sketchfab.com/models/a4827c4d86224ab586218654559f4627,https://sketchfab.com/models/a4827c4d86224ab586218654559f4627/download,Original V3,YES,Pending,Pending,Pending,Pending,Pending,Pending,HOLD,Real source-linked everyday-car candidate; licence and visual GLB checks are still required.
756bda485fc840babe274997874dde1a,PRIORITY A,First QC queue,Hyundai,Hyundai Casper,2023 Hyundai Casper,2023,,,Hatchback/Car,1294324,13,85,1,1,,,Pending live-page verification,NOT VERIFIED — do not publish commercially until the live licence is checked,https://sketchfab.com/models/756bda485fc840babe274997874dde1a,https://sketchfab.com/models/756bda485fc840babe274997874dde1a/download,Original V3,YES,Pending,Pending,Pending,Pending,Pending,Pending,HOLD,Real source-linked everyday-car candidate; licence and visual GLB checks are still required.
264b618c43594d72967e53d9c61a3452,PRIORITY B,Manual metadata/visual review,Hyundai,Hyundai i20,Hyundai i20 Wrc | www.vecarz.com,,,,Hatchback/Car,242451,140,73,1,1,,,Pending live-page verification,NOT VERIFIED — do not publish commercially until the live licence is checked,https://sketchfab.com/3d-models/264b618c43594d72967e53d9c61a3452,https://sketchfab.com/models/264b618c43594d72967e53d9c61a3452/download,Original V3,YES,Pending,Pending,Pending,Pending,Pending,Pending,HOLD,Real source-linked everyday-car candidate; licence and visual GLB checks are still required.
c1f8bb74d4ef4ec9aa56a6ad159476c3,PRIORITY B,Manual metadata/visual review,Hyundai,Hyundai i20,Hyundai I20,,,,Hatchback/Car,205598,94,72,1,1,,,Pending live-page verification,NOT VERIFIED — do not publish commercially until the live licence is checked,https://sketchfab.com/3d-models/c1f8bb74d4ef4ec9aa56a6ad159476c3,https://sketchfab.com/models/c1f8bb74d4ef4ec9aa56a6ad159476c3/download,Original V3,YES,Pending,Pending,Pending,Pending,Pending,Pending,HOLD,Real source-linked everyday-car candidate; licence and visual GLB checks are still required.
ed61e7bd2fdb498aa97cb389b1440633,PRIORITY A,First QC queue,Hyundai,Hyundai i20,2022 Hyundai i20 N Line,2022,,N Line,Hatchback/Car,690012,76,88,1,1,,,Pending live-page verification,NOT VERIFIED — do not publish commercially until the live licence is checked,https://sketchfab.com/3d-models/ed61e7bd2fdb498aa97cb389b1440633,https://sketchfab.com/models/ed61e7bd2fdb498aa97cb389b1440633/download,Original V3,YES,Pending,Pending,Pending,Pending,Pending,Pending,HOLD,Real source-linked everyday-car candidate; licence and visual GLB checks are still required.
1afad9d95b094c98a3e55db2fb331ac9,PRIORITY B,Manual metadata/visual review,Hyundai,Hyundai i40,Hyundai I40,,,,Hatchback/Car,589883,3,75,1,1,,,Pending live-page verification,NOT VERIFIED — do not publish commercially until the live licence is checked,https://sketchfab.com/3d-models/1afad9d95b094c98a3e55db2fb331ac9,https://sketchfab.com/models/1afad9d95b094c98a3e55db2fb331ac9/download,Original V3,YES,Pending,Pending,Pending,Pending,Pending,Pending,HOLD,Real source-linked everyday-car candidate; licence and visual GLB checks are still required.
e16c8ca01be54f39b1667fad85efb1c7,PRIORITY A,First QC queue,Hyundai,Hyundai i40,Hyundai i40 Sedan/Combi 2011-2019,2011–2019,,,Estate,1018504,6,80,1,1,,,Pending live-page verification,NOT VERIFIED — do not publish commercially until the live licence is checked,https://sketchfab.com/3d-models/e16c8ca01be54f39b1667fad85efb1c7,https://sketchfab.com/models/e16c8ca01be54f39b1667fad85efb1c7/download,Original V3,YES,Pending,Pending,Pending,Pending,Pending,Pending,HOLD,Real source-linked everyday-car candidate; licence and visual GLB checks are still required.
f7014a5d2f68498d8dfa3b0e32670ed7,PRIORITY B,Manual metadata/visual review,Hyundai,Hyundai Ioniq,Hyundai Ioniq,,,,Hatchback/Car,1498444,1,74,1,1,,,Pending live-page verification,NOT VERIFIED — do not publish commercially until the live licence is checked,https://sketchfab.com/3d-models/f7014a5d2f68498d8dfa3b0e32670ed7,https://sketchfab.com/models/f7014a5d2f68498d8dfa3b0e32670ed7/download,Original V3,YES,Pending,Pending,Pending,Pending,Pending,Pending,HOLD,Real source-linked everyday-car candidate; licence and visual GLB checks are still required.
e3a7e0c418584b55b6fae696a3a229db,PRIORITY B,Manual metadata/visual review,Hyundai,Hyundai Ioniq,Hyundai Ioniq 6,,,,Hatchback/Car,1499934,0,72,1,1,,,Pending live-page verification,NOT VERIFIED — do not publish commercially until the live licence is checked,https://sketchfab.com/3d-models/e3a7e0c418584b55b6fae696a3a229db,https://sketchfab.com/models/e3a7e0c418584b55b6fae696a3a229db/download,Original V3,YES,Pending,Pending,Pending,Pending,Pending,Pending,HOLD,Real source-linked everyday-car candidate; licence and visual GLB checks are still required.
66de520de93249f385f09841ab4ae158,PRIORITY A,First QC queue,Hyundai,Hyundai Ioniq,Hyundai Ioniq 2018,2018,,,Hatchback/Car,540422,7,84,1,1,,,Pending live-page verification,NOT VERIFIED — do not publish commercially until the live licence is checked,https://sketchfab.com/3d-models/66de520de93249f385f09841ab4ae158,https://sketchfab.com/models/66de520de93249f385f09841ab4ae158/download,Original V3,YES,Pending,Pending,Pending,Pending,Pending,Pending,HOLD,Real source-linked everyday-car candidate; licence and visual GLB checks are still required.
b2fca33744e44313b2330044b4b87d01,PRIORITY A,First QC queue,Hyundai,Hyundai Ioniq,2022+ Hyundai+IONIQ+5,2022,,,Hatchback/Car,939270,6,83,1,1,,,Pending live-page verification,NOT VERIFIED — do not publish commercially until the live licence is checked,https://sketchfab.com/3d-models/b2fca33744e44313b2330044b4b87d01,https://sketchfab.com/models/b2fca33744e44313b2330044b4b87d01/download,Original V3,YES,Pending,Pending,Pending,Pending,Pending,Pending,HOLD,Real source-linked everyday-car candidate; licence and visual GLB checks are still required.
8d16325eb7974a948627b3cd77f30f52,PRIORITY A,First QC queue,Hyundai,Hyundai Ioniq,2024 Hyundai Ioniq 5 N,2024,,,Hatchback/Car,295430,163,80,1,1,,,Pending live-page verification,NOT VERIFIED — do not publish commercially until the live licence is checked,https://sketchfab.com/3d-models/8d16325eb7974a948627b3cd77f30f52,https://sketchfab.com/models/8d16325eb7974a948627b3cd77f30f52/download,Original V3,YES,Pending,Pending,Pending,Pending,Pending,Pending,HOLD,Real source-linked everyday-car candidate; licence and visual GLB checks are still required.
3fc37cd0e0cf436d97ac234632f3f3d9,PRIORITY A,First QC queue,Hyundai,Hyundai IONIQ 6,2023 Hyundai IONIQ 6,2023,,,Hatchback/Car,502447,9,84,1,1,,,Pending live-page verification,NOT VERIFIED — do not publish commercially until the live licence is checked,https://sketchfab.com/models/3fc37cd0e0cf436d97ac234632f3f3d9,https://sketchfab.com/models/3fc37cd0e0cf436d97ac234632f3f3d9/download,Original V3,YES,Pending,Pending,Pending,Pending,Pending,Pending,HOLD,Real source-linked everyday-car candidate; licence and visual GLB checks are still required.
bb927b0cd4404b4abc3acaf30d41e0ce,PRIORITY B,Manual metadata/visual review,Hyundai,Hyundai Kona,Hyundai Kona,,,,Hatchback/Car,606511,8,77,1,1,,,Pending live-page verification,NOT VERIFIED — do not publish commercially until the live licence is checked,https://sketchfab.com/3d-models/bb927b0cd4404b4abc3acaf30d41e0ce,https://sketchfab.com/models/bb927b0cd4404b4abc3acaf30d41e0ce/download,Original V3,YES,Pending,Pending,Pending,Pending,Pending,Pending,HOLD,Real source-linked everyday-car candidate; licence and visual GLB checks are still required.
07fae8a344984f24bf2bccf83f4e9efc,PRIORITY A,First QC queue,Hyundai,Hyundai Kona,Hyundai Kona 2021,2021,,,Hatchback/Car,2059433,8,84,1,1,,,Pending live-page verification,NOT VERIFIED — do not publish commercially until the live licence is checked,https://sketchfab.com/3d-models/07fae8a344984f24bf2bccf83f4e9efc,https://sketchfab.com/models/07fae8a344984f24bf2bccf83f4e9efc/download,Original V3,YES,Pending,Pending,Pending,Pending,Pending,Pending,HOLD,Real source-linked everyday-car candidate; licence and visual GLB checks are still required.
26c27a6e061d4776b750e483b933df79,PRIORITY A,First QC queue,Hyundai,Hyundai Kona,2025 Hyundai Kona N Line,2025,,N Line,Hatchback/Car,794108,93,89,1,1,,,Pending live-page verification,NOT VERIFIED — do not publish commercially until the live licence is checked,https://sketchfab.com/3d-models/26c27a6e061d4776b750e483b933df79,https://sketchfab.com/models/26c27a6e061d4776b750e483b933df79/download,Original V3,YES,Pending,Pending,Pending,Pending,Pending,Pending,HOLD,Real source-linked everyday-car candidate; licence and visual GLB checks are still required.
dbb5b758a2574cd9bd4e502e079d5ddd,PRIORITY B,Manual metadata/visual review,Hyundai,Hyundai Santa Fe,Hyundai Santa Fe,,,,Hatchback/Car,3669155,7,68,1,1,,,Pending live-page verification,NOT VERIFIED — do not publish commercially until the live licence is checked,https://sketchfab.com/3d-models/dbb5b758a2574cd9bd4e502e079d5ddd,https://sketchfab.com/models/dbb5b758a2574cd9bd4e502e079d5ddd/download,Original V3,YES,Pending,Pending,Pending,Pending,Pending,Pending,HOLD,Real source-linked everyday-car candidate; licence and visual GLB checks are still required.
b33c872e79b24508a1b9213e3537651c,PRIORITY B,Manual metadata/visual review,Hyundai,Hyundai Santa Fe,2004 Hyundai Santa- Fe,2004,,,Hatchback/Car,1500000,0,73,1,1,,,Pending live-page verification,NOT VERIFIED — do not publish commercially until the live licence is checked,https://sketchfab.com/3d-models/b33c872e79b24508a1b9213e3537651c,https://sketchfab.com/models/b33c872e79b24508a1b9213e3537651c/download,Original V3,YES,Pending,Pending,Pending,Pending,Pending,Pending,HOLD,Real source-linked everyday-car candidate; licence and visual GLB checks are still required.
e3ca827d14bb49449cdcd0d34e2c8120,PRIORITY B,Manual metadata/visual review,Hyundai,Hyundai Santa Fe,HYUNDAI SANTA FE 2012,2012,,,Hatchback/Car,1497120,0,76,1,1,,,Pending live-page verification,NOT VERIFIED — do not publish commercially until the live licence is checked,https://sketchfab.com/3d-models/e3ca827d14bb49449cdcd0d34e2c8120,https://sketchfab.com/models/e3ca827d14bb49449cdcd0d34e2c8120/download,Original V3,YES,Pending,Pending,Pending,Pending,Pending,Pending,HOLD,Real source-linked everyday-car candidate; licence and visual GLB checks are still required.
cc3cc1e967724a6eadca1ab6032ddfad,PRIORITY A,First QC queue,Hyundai,Hyundai Santa Fe,2015 Hyundai Santa Fe,2015,,,Hatchback/Car,907899,5,83,1,1,,,Pending live-page verification,NOT VERIFIED — do not publish commercially until the live licence is checked,https://sketchfab.com/3d-models/cc3cc1e967724a6eadca1ab6032ddfad,https://sketchfab.com/models/cc3cc1e967724a6eadca1ab6032ddfad/download,Original V3,YES,Pending,Pending,Pending,Pending,Pending,Pending,HOLD,Real source-linked everyday-car candidate; licence and visual GLB checks are still required.
0b21aa4f375249ff9fd421a0e41aa55e,PRIORITY B,Manual metadata/visual review,Hyundai,Hyundai Santa Fe,2020 Hyundai Santa Fe TM 380T HTrac China,2020,,,Hatchback/Car,125680,96,72,1,1,,,Pending live-page verification,NOT VERIFIED — do not publish commercially until the live licence is checked,https://sketchfab.com/3d-models/0b21aa4f375249ff9fd421a0e41aa55e,https://sketchfab.com/models/0b21aa4f375249ff9fd421a0e41aa55e/download,Original V3,YES,Pending,Pending,Pending,Pending,Pending,Pending,HOLD,Real source-linked everyday-car candidate; licence and visual GLB checks are still required.
61d49eecdf7648659c8f091e63dcfca9,PRIORITY A,First QC queue,Hyundai,Hyundai Santa Fe,2024 Hyundai Santa Fe,2024,,,Hatchback/Car,1824870,23,86,1,1,,,Pending live-page verification,NOT VERIFIED — do not publish commercially until the live licence is checked,https://sketchfab.com/3d-models/61d49eecdf7648659c8f091e63dcfca9,https://sketchfab.com/models/61d49eecdf7648659c8f091e63dcfca9/download,Original V3,YES,Pending,Pending,Pending,Pending,Pending,Pending,HOLD,Real source-linked everyday-car candidate; licence and visual GLB checks are still required.
574deec95f094e9192b0023d3d4ad607,PRIORITY B,Manual metadata/visual review,Hyundai,Hyundai Tucson,Hyundai Tucson 2022,2022,,,Hatchback/Car,496000,8,79,1,1,Nieve5677,CC BY,Web-verified CC BY,CC BY recorded at collection time — recheck live page and preserve attribution,https://sketchfab.com/3d-models/574deec95f094e9192b0023d3d4ad607,https://sketchfab.com/models/574deec95f094e9192b0023d3d4ad607/download,New scrape — 29 Jul 2026,YES,Pending,Pending,Pending,Pending,Pending,Pending,HOLD,Real source-linked everyday-car candidate; licence and visual GLB checks are still required.
84b503d8606542ae80c09a859e9fd2f2,PRIORITY A,First QC queue,Hyundai,Ioniq 6,Hyundai Ioniq 6,,,,Hatchback/Car,1005938,41,80,1,1,,,Pending live-page verification,NOT VERIFIED — do not publish commercially until the live licence is checked,https://sketchfab.com/models/84b503d8606542ae80c09a859e9fd2f2,https://sketchfab.com/models/84b503d8606542ae80c09a859e9fd2f2/download,Original V3,YES,Pending,Pending,Pending,Pending,Pending,Pending,HOLD,Real source-linked everyday-car candidate; licence and visual GLB checks are still required.
343a128d7284471b91e7c4575910722e,PRIORITY B,Manual metadata/visual review,Hyundai,Kona,Hyundai Kona,,,,Hatchback/Car,248120,101,72,1,1,,,Pending live-page verification,NOT VERIFIED — do not publish commercially until the live licence is checked,https://sketchfab.com/models/343a128d7284471b91e7c4575910722e,https://sketchfab.com/models/343a128d7284471b91e7c4575910722e/download,Original V3,YES,Pending,Pending,Pending,Pending,Pending,Pending,HOLD,Real source-linked everyday-car candidate; licence and visual GLB checks are still required.
296a97a6c07041cf9c48f8a303315ed2,PRIORITY B,Manual metadata/visual review,Jaguar,I-Pace,Jaguar I-Pace,,,,Hatchback/Car,274989,23,69,1,1,,,Pending live-page verification,NOT VERIFIED — do not publish commercially until the live licence is checked,https://sketchfab.com/models/296a97a6c07041cf9c48f8a303315ed2,https://sketchfab.com/models/296a97a6c07041cf9c48f8a303315ed2/download,Original V3,YES,Pending,Pending,Pending,Pending,Pending,Pending,HOLD,Real source-linked everyday-car candidate; licence and visual GLB checks are still required.
f3865ee652474fcc969196e4bfc3493d,PRIORITY B,Manual metadata/visual review,Jaguar,Jaguar F-Pace,Jaguar F- Pace,,,,Hatchback/Car,379300,1,64,1,1,,,Pending live-page verification,NOT VERIFIED — do not publish commercially until the live licence is checked,https://sketchfab.com/3d-models/f3865ee652474fcc969196e4bfc3493d,https://sketchfab.com/models/f3865ee652474fcc969196e4bfc3493d/download,Original V3,YES,Pending,Pending,Pending,Pending,Pending,Pending,HOLD,Real source-linked everyday-car candidate; licence and visual GLB checks are still required.
f02a53a87b744d09a6cedceb568c4580,PRIORITY B,Manual metadata/visual review,Jaguar,Jaguar F-Pace,jaguar f-pace,,,,Hatchback/Car,1144970,1,64,1,1,,,Pending live-page verification,NOT VERIFIED — do not publish commercially until the live licence is checked,https://sketchfab.com/3d-models/f02a53a87b744d09a6cedceb568c4580,https://sketchfab.com/models/f02a53a87b744d09a6cedceb568c4580/download,Original V3,YES,Pending,Pending,Pending,Pending,Pending,Pending,HOLD,Real source-linked everyday-car candidate; licence and visual GLB checks are still required.
83cebeac693348468481a41f587e1463,PRIORITY B,Manual metadata/visual review,Jaguar,Jaguar XE,Jaguar XE 2020,2020,,,Hatchback/Car,1369710,8,74,1,1,,,Pending live-page verification,NOT VERIFIED — do not publish commercially until the live licence is checked,https://sketchfab.com/3d-models/83cebeac693348468481a41f587e1463,https://sketchfab.com/models/83cebeac693348468481a41f587e1463/download,Original V3,YES,Pending,Pending,Pending,Pending,Pending,Pending,HOLD,Real source-linked everyday-car candidate; licence and visual GLB checks are still required.
77d9c7c9d2ad449da88d62848341af9f,PRIORITY B,Manual metadata/visual review,Jaguar,Jaguar XF,Jaguar XF-RS,,,,Hatchback/Car,448483,7,67,1,1,,,Pending live-page verification,NOT VERIFIED — do not publish commercially until the live licence is checked,https://sketchfab.com/3d-models/77d9c7c9d2ad449da88d62848341af9f,https://sketchfab.com/models/77d9c7c9d2ad449da88d62848341af9f/download,Original V3,YES,Pending,Pending,Pending,Pending,Pending,Pending,HOLD,Real source-linked everyday-car candidate; licence and visual GLB checks are still required.
e50dfa6e6ac74bc9b9165678e5f69276,PRIORITY B,Manual metadata/visual review,Jaguar,Jaguar XF,Jaguar XF,,,,Hatchback/Car,1032897,7,67,1,1,,,Pending live-page verification,NOT VERIFIED — do not publish commercially until the live licence is checked,https://sketchfab.com/3d-models/e50dfa6e6ac74bc9b9165678e5f69276,https://sketchfab.com/models/e50dfa6e6ac74bc9b9165678e5f69276/download,Original V3,YES,Pending,Pending,Pending,Pending,Pending,Pending,HOLD,Real source-linked everyday-car candidate; licence and visual GLB checks are still required.
72c1381b55264a9ebeea050aa3c7c6d5,PRIORITY B,Manual metadata/visual review,Jaguar,Jaguar XF,Jaguar XF-RS,,,,Hatchback/Car,354642,5,66,1,1,,,Pending live-page verification,NOT VERIFIED — do not publish commercially until the live licence is checked,https://sketchfab.com/3d-models/72c1381b55264a9ebeea050aa3c7c6d5,https://sketchfab.com/models/72c1381b55264a9ebeea050aa3c7c6d5/download,Original V3,YES,Pending,Pending,Pending,Pending,Pending,Pending,HOLD,Real source-linked everyday-car candidate; licence and visual GLB checks are still required.
1ff81305c2ce45f5ba434d650196431c,PRIORITY B,Manual metadata/visual review,Jaguar,Jaguar XF,Silver Jaguar XF,,,,Hatchback/Car,332859,3,65,1,1,,,Pending live-page verification,NOT VERIFIED — do not publish commercially until the live licence is checked,https://sketchfab.com/3d-models/1ff81305c2ce45f5ba434d650196431c,https://sketchfab.com/models/1ff81305c2ce45f5ba434d650196431c/download,Original V3,YES,Pending,Pending,Pending,Pending,Pending,Pending,HOLD,Real source-linked everyday-car candidate; licence and visual GLB checks are still required.
e01e9694ab914135814be921681d6fc9,PRIORITY B,Manual metadata/visual review,Jaguar,Jaguar XF,Jaguar XF,,,,Hatchback/Car,225315,1,64,1,1,,,Pending live-page verification,NOT VERIFIED — do not publish commercially until the live licence is checked,https://sketchfab.com/3d-models/e01e9694ab914135814be921681d6fc9,https://sketchfab.com/models/e01e9694ab914135814be921681d6fc9/download,Original V3,YES,Pending,Pending,Pending,Pending,Pending,Pending,HOLD,Real source-linked everyday-car candidate; licence and visual GLB checks are still required.
a7a865ac27f6458bb42525e4aebb2a56,PRIORITY B,Manual metadata/visual review,Jaguar,Jaguar XF,Jaguar XF MK1 (X250) 2007-2015,2007–2015,"Mk1, X250",,Hatchback/Car,568692,9,71,1,1,,,Pending live-page verification,NOT VERIFIED — do not publish commercially until the live licence is checked,https://sketchfab.com/3d-models/a7a865ac27f6458bb42525e4aebb2a56,https://sketchfab.com/models/a7a865ac27f6458bb42525e4aebb2a56/download,Original V3,YES,Pending,Pending,Pending,Pending,Pending,Pending,HOLD,Real source-linked everyday-car candidate; licence and visual GLB checks are still required.
36e8b609ab42489aaead26c208ef4360,PRIORITY B,Manual metadata/visual review,Jaguar,Jaguar XF,2014 Jaguar XF-RS (X250),2014,X250,,Hatchback/Car,264962,36,74,1,1,,,Pending live-page verification,NOT VERIFIED — do not publish commercially until the live licence is checked,https://sketchfab.com/3d-models/36e8b609ab42489aaead26c208ef4360,https://sketchfab.com/models/36e8b609ab42489aaead26c208ef4360/download,Original V3,YES,Pending,Pending,Pending,Pending,Pending,Pending,HOLD,Real source-linked everyday-car candidate; licence and visual GLB checks are still required.
b032cfc819fe489ebec28508ac36f8de,PRIORITY B,Manual metadata/visual review,Jaguar,Jaguar XJ,Jaguar XJ 2010,2010,,,Hatchback/Car,1115107,28,73,1,1,,,Pending live-page verification,NOT VERIFIED — do not publish commercially until the live licence is checked,https://sketchfab.com/3d-models/b032cfc819fe489ebec28508ac36f8de,https://sketchfab.com/models/b032cfc819fe489ebec28508ac36f8de/download,Original V3,YES,Pending,Pending,Pending,Pending,Pending,Pending,HOLD,Real source-linked everyday-car candidate; licence and visual GLB checks are still required.
ce7dfd765748429f8f64b7683b49d581,PRIORITY B,Manual metadata/visual review,Jaguar,Jaguar XJ,2015 jaguar xj,2015,,,Hatchback/Car,1110037,2,71,1,1,,,Pending live-page verification,NOT VERIFIED — do not publish commercially until the live licence is checked,https://sketchfab.com/3d-models/ce7dfd765748429f8f64b7683b49d581,https://sketchfab.com/models/ce7dfd765748429f8f64b7683b49d581/download,Original V3,YES,Pending,Pending,Pending,Pending,Pending,Pending,HOLD,Real source-linked everyday-car candidate; licence and visual GLB checks are still required.
dbcdbe947a6844bdbdf2506c7bc1baee,PRIORITY B,Manual metadata/visual review,Jeep,Avenger,Jeep-avenger realease saint - martin market,,,,Hatchback/Car,1751906,2,74,1,1,,,Pending live-page verification,NOT VERIFIED — do not publish commercially until the live licence is checked,https://sketchfab.com/models/dbcdbe947a6844bdbdf2506c7bc1baee,https://sketchfab.com/models/dbcdbe947a6844bdbdf2506c7bc1baee/download,Original V3,YES,Pending,Pending,Pending,Pending,Pending,Pending,HOLD,Real source-linked everyday-car candidate; licence and visual GLB checks are still required.
34c676e725614e7797b4938be6a82b1e,PRIORITY B,Manual metadata/visual review,Jeep,Compass,Jeep Compass 3D Model,,,,Hatchback/Car,425379,3,65,1,1,,,Pending live-page verification,NOT VERIFIED — do not publish commercially until the live licence is checked,https://sketchfab.com/models/34c676e725614e7797b4938be6a82b1e,https://sketchfab.com/models/34c676e725614e7797b4938be6a82b1e/download,Original V3,YES,Pending,Pending,Pending,Pending,Pending,Pending,HOLD,Real source-linked everyday-car candidate; licence and visual GLB checks are still required.
09b4643f664b4117a70acb4cec39dd80,PRIORITY B,Manual metadata/visual review,Jeep,Compass,Jeep Compass Limited,,,,Hatchback/Car,178728,1,57,1,1,,,Pending live-page verification,NOT VERIFIED — do not publish commercially until the live licence is checked,https://sketchfab.com/models/09b4643f664b4117a70acb4cec39dd80,https://sketchfab.com/models/09b4643f664b4117a70acb4cec39dd80/download,Original V3,YES,Pending,Pending,Pending,Pending,Pending,Pending,HOLD,Real source-linked everyday-car candidate; licence and visual GLB checks are still required.
db290d170f3d4b09b1e57e122c14507a,PRIORITY B,Manual metadata/visual review,Jeep,Compass,Jeep Compass 2008,2008,,,Hatchback/Car,1499858,0,76,1,1,,,Pending live-page verification,NOT VERIFIED — do not publish commercially until the live licence is checked,https://sketchfab.com/models/db290d170f3d4b09b1e57e122c14507a,https://sketchfab.com/models/db290d170f3d4b09b1e57e122c14507a/download,Original V3,YES,Pending,Pending,Pending,Pending,Pending,Pending,HOLD,Real source-linked everyday-car candidate; licence and visual GLB checks are still required.
7181289a07794a6ead28ffd56bfbbc1d,PRIORITY B,Manual metadata/visual review,Jeep,Compass,JEEP COMPASS 2021,2021,,,Hatchback/Car,486605,26,76,1,1,,,Pending live-page verification,NOT VERIFIED — do not publish commercially until the live licence is checked,https://sketchfab.com/models/7181289a07794a6ead28ffd56bfbbc1d,https://sketchfab.com/models/7181289a07794a6ead28ffd56bfbbc1d/download,Original V3,YES,Pending,Pending,Pending,Pending,Pending,Pending,HOLD,Real source-linked everyday-car candidate; licence and visual GLB checks are still required.
8e1f15e0191d4bf38026ea8a85c05d14,PRIORITY B,Manual metadata/visual review,Jeep,Compass,Jeep_compass_2021,2021,,,Hatchback/Car,486581,1,71,1,1,,,Pending live-page verification,NOT VERIFIED — do not publish commercially until the live licence is checked,https://sketchfab.com/models/8e1f15e0191d4bf38026ea8a85c05d14,https://sketchfab.com/models/8e1f15e0191d4bf38026ea8a85c05d14/download,Original V3,YES,Pending,Pending,Pending,Pending,Pending,Pending,HOLD,Real source-linked everyday-car candidate; licence and visual GLB checks are still required.
6bafa70ee29243ab8205cb54b109a9fe,PRIORITY A,First QC queue,Jeep,Compass,Jeep Compass Limited 2022,2022,,,Hatchback/Car,665454,4,82,1,1,,,Pending live-page verification,NOT VERIFIED — do not publish commercially until the live licence is checked,https://sketchfab.com/models/6bafa70ee29243ab8205cb54b109a9fe,https://sketchfab.com/models/6bafa70ee29243ab8205cb54b109a9fe/download,Original V3,YES,Pending,Pending,Pending,Pending,Pending,Pending,HOLD,Real source-linked everyday-car candidate; licence and visual GLB checks are still required.
cd58aa682fab407884f671966fdbccc5,PRIORITY B,Manual metadata/visual review,Jeep,Compass,Jeep Compass 2026,2026,,,Hatchback/Car,1499792,0,79,1,1,,,Pending live-page verification,NOT VERIFIED — do not publish commercially until the live licence is checked,https://sketchfab.com/models/cd58aa682fab407884f671966fdbccc5,https://sketchfab.com/models/cd58aa682fab407884f671966fdbccc5/download,Original V3,YES,Pending,Pending,Pending,Pending,Pending,Pending,HOLD,Real source-linked everyday-car candidate; licence and visual GLB checks are still required.
02f097f52a41447a8018c880a1660825,PRIORITY B,Manual metadata/visual review,Jeep,Renegade,Jeep renegade,,,,Hatchback/Car,621402,4,75,1,1,,,Pending live-page verification,NOT VERIFIED — do not publish commercially until the live licence is checked,https://sketchfab.com/models/02f097f52a41447a8018c880a1660825,https://sketchfab.com/models/02f097f52a41447a8018c880a1660825/download,Original V3,YES,Pending,Pending,Pending,Pending,Pending,Pending,HOLD,Real source-linked everyday-car candidate; licence and visual GLB checks are still required.
0e34393727c246848fbe6adb517f65f2,PRIORITY B,Manual metadata/visual review,Jeep,Renegade,Jeep Renegade 1975,1975,,,Hatchback/Car,238730,6,64,1,1,,,Pending live-page verification,NOT VERIFIED — do not publish commercially until the live licence is checked,https://sketchfab.com/models/0e34393727c246848fbe6adb517f65f2,https://sketchfab.com/models/0e34393727c246848fbe6adb517f65f2/download,Original V3,YES,Pending,Pending,Pending,Pending,Pending,Pending,HOLD,Real source-linked everyday-car candidate; licence and visual GLB checks are still required.
9cc773cb7f6e4f10893ea460aa11654b,PRIORITY B,Manual metadata/visual review,Jeep,Renegade,2021 Jeep Renegade,2021,,,Hatchback/Car,233000,18,75,1,1,,,Pending live-page verification,NOT VERIFIED — do not publish commercially until the live licence is checked,https://sketchfab.com/models/9cc773cb7f6e4f10893ea460aa11654b,https://sketchfab.com/models/9cc773cb7f6e4f10893ea460aa11654b/download,Original V3,YES,Pending,Pending,Pending,Pending,Pending,Pending,HOLD,Real source-linked everyday-car candidate; licence and visual GLB checks are still required.
531f120594d946be8cd9d87b5095f856,PRIORITY A,First QC queue,Jeep,Wrangler,Jeep Wrangler 3D Model,,,,Hatchback/Car,892670,161,83,1,1,,,Pending live-page verification,NOT VERIFIED — do not publish commercially until the live licence is checked,https://sketchfab.com/models/531f120594d946be8cd9d87b5095f856,https://sketchfab.com/models/531f120594d946be8cd9d87b5095f856/download,Original V3,YES,Pending,Pending,Pending,Pending,Pending,Pending,HOLD,Real source-linked everyday-car candidate; licence and visual GLB checks are still required.
b1d4702c51e84f79b3e1e0edaa69b6fa,PRIORITY B,Manual metadata/visual review,Jeep,Wrangler,jeep wrangler adventure + rubicon,,,,Hatchback/Car,654048,21,79,1,1,,,Pending live-page verification,NOT VERIFIED — do not publish commercially until the live licence is checked,https://sketchfab.com/models/b1d4702c51e84f79b3e1e0edaa69b6fa,https://sketchfab.com/models/b1d4702c51e84f79b3e1e0edaa69b6fa/download,Original V3,YES,Pending,Pending,Pending,Pending,Pending,Pending,HOLD,Real source-linked everyday-car candidate; licence and visual GLB checks are still required.
4d6ecea0d2f6474586d6facd408744fc,PRIORITY B,Manual metadata/visual review,Jeep,Wrangler,Jeep Wrangler,,,,Hatchback/Car,710336,12,78,1,1,,,Pending live-page verification,NOT VERIFIED — do not publish commercially until the live licence is checked,https://sketchfab.com/models/4d6ecea0d2f6474586d6facd408744fc,https://sketchfab.com/models/4d6ecea0d2f6474586d6facd408744fc/download,Original V3,YES,Pending,Pending,Pending,Pending,Pending,Pending,HOLD,Real source-linked everyday-car candidate; licence and visual GLB checks are still required.
c8ccef3c01f5479bb10f85328297e083,PRIORITY B,Manual metadata/visual review,Jeep,Wrangler,Day 48: Jeep Wrangler,,,,Hatchback/Car,314442,49,70,1,1,,,Pending live-page verification,NOT VERIFIED — do not publish commercially until the live licence is checked,https://sketchfab.com/models/c8ccef3c01f5479bb10f85328297e083,https://sketchfab.com/models/c8ccef3c01f5479bb10f85328297e083/download,Original V3,YES,Pending,Pending,Pending,Pending,Pending,Pending,HOLD,Real source-linked everyday-car candidate; licence and visual GLB checks are still required.
d92d7bda85c540cba880da9e9145a9a8,PRIORITY B,Manual metadata/visual review,Jeep,Wrangler,Day 111: Jeep Wrangler,,,,Hatchback/Car,337496,19,69,1,1,,,Pending live-page verification,NOT VERIFIED — do not publish commercially until the live licence is checked,https://sketchfab.com/models/d92d7bda85c540cba880da9e9145a9a8,https://sketchfab.com/models/d92d7bda85c540cba880da9e9145a9a8/download,Original V3,YES,Pending,Pending,Pending,Pending,Pending,Pending,HOLD,Real source-linked everyday-car candidate; licence and visual GLB checks are still required.
dece25a8373f4ababb1b95975c4c5fdc,PRIORITY B,Manual metadata/visual review,Jeep,Wrangler,Jeep Wrangler 1989,1989,,,Hatchback/Car,1462554,8,75,1,1,,,Pending live-page verification,NOT VERIFIED — do not publish commercially until the live licence is checked,https://sketchfab.com/models/dece25a8373f4ababb1b95975c4c5fdc,https://sketchfab.com/models/dece25a8373f4ababb1b95975c4c5fdc/download,Original V3,YES,Pending,Pending,Pending,Pending,Pending,Pending,HOLD,Real source-linked everyday-car candidate; licence and visual GLB checks are still required.
00e6dba30cdd47eeb37a5a0a4d79d084,PRIORITY A,First QC queue,Jeep,Wrangler,Jeep wrangler 1997 Reworked,1997,,,Hatchback/Car,663174,68,82,1,1,,,Pending live-page verification,NOT VERIFIED — do not publish commercially until the live licence is checked,https://sketchfab.com/models/00e6dba30cdd47eeb37a5a0a4d79d084,https://sketchfab.com/models/00e6dba30cdd47eeb37a5a0a4d79d084/download,Original V3,YES,Pending,Pending,Pending,Pending,Pending,Pending,HOLD,Real source-linked everyday-car candidate; licence and visual GLB checks are still required.
a713161ef2044b308f270de3d60c0e3d,PRIORITY A,First QC queue,Jeep,Wrangler,Jeep wrangler 1997,1997,,,Hatchback/Car,838542,43,81,1,1,,,Pending live-page verification,NOT VERIFIED — do not publish commercially until the live licence is checked,https://sketchfab.com/models/a713161ef2044b308f270de3d60c0e3d,https://sketchfab.com/models/a713161ef2044b308f270de3d60c0e3d/download,Original V3,YES,Pending,Pending,Pending,Pending,Pending,Pending,HOLD,Real source-linked everyday-car candidate; licence and visual GLB checks are still required.
e70b7558c605496ca192838c1ba42187,PRIORITY B,Manual metadata/visual review,Jeep,Wrangler,Jeep Wrangler Rubicon 2010,2010,,,Hatchback/Car,393429,7,71,1,1,,,Pending live-page verification,NOT VERIFIED — do not publish commercially until the live licence is checked,https://sketchfab.com/models/e70b7558c605496ca192838c1ba42187,https://sketchfab.com/models/e70b7558c605496ca192838c1ba42187/download,Original V3,YES,Pending,Pending,Pending,Pending,Pending,Pending,HOLD,Real source-linked everyday-car candidate; licence and visual GLB checks are still required.
dfca2d5babb84f1081b63c6e185d34d7,PRIORITY B,Manual metadata/visual review,Kia,Ev9,kia_ev9_gtline_24,,,,Hatchback/Car,572516,17,78,1,1,,,Pending live-page verification,NOT VERIFIED — do not publish commercially until the live licence is checked,https://sketchfab.com/models/dfca2d5babb84f1081b63c6e185d34d7,https://sketchfab.com/models/dfca2d5babb84f1081b63c6e185d34d7/download,Original V3,YES,Pending,Pending,Pending,Pending,Pending,Pending,HOLD,Real source-linked everyday-car candidate; licence and visual GLB checks are still required.
1e3c87edd3224342bc4eac5bf15a2d90,PRIORITY A,First QC queue,Kia,Ev9,2024 Kia EV9 GT-Line,2024,,GT-Line,Hatchback/Car,570138,53,88,1,1,,,Pending live-page verification,NOT VERIFIED — do not publish commercially until the live licence is checked,https://sketchfab.com/models/1e3c87edd3224342bc4eac5bf15a2d90,https://sketchfab.com/models/1e3c87edd3224342bc4eac5bf15a2d90/download,Original V3,YES,Pending,Pending,Pending,Pending,Pending,Pending,HOLD,Real source-linked everyday-car candidate; licence and visual GLB checks are still required.
85cc817cc9984fafb879760df5af3ae8,PRIORITY B,Manual metadata/visual review,Kia,Kia Carnival,Kia Carnival,,,,Hatchback/Car,450828,13,68,1,1,,,Pending live-page verification,NOT VERIFIED — do not publish commercially until the live licence is checked,https://sketchfab.com/3d-models/85cc817cc9984fafb879760df5af3ae8,https://sketchfab.com/models/85cc817cc9984fafb879760df5af3ae8/download,Original V3,YES,Pending,Pending,Pending,Pending,Pending,Pending,HOLD,Real source-linked everyday-car candidate; licence and visual GLB checks are still required.
855c464351f244cbaafa8269a5d472df,PRIORITY B,Manual metadata/visual review,Kia,Kia Carnival,Kia Carnival 2011,2011,,,Hatchback/Car,153372,41,67,1,1,,,Pending live-page verification,NOT VERIFIED — do not publish commercially until the live licence is checked,https://sketchfab.com/3d-models/855c464351f244cbaafa8269a5d472df,https://sketchfab.com/models/855c464351f244cbaafa8269a5d472df/download,Original V3,YES,Pending,Pending,Pending,Pending,Pending,Pending,HOLD,Real source-linked everyday-car candidate; licence and visual GLB checks are still required.
d7c438d0d2d64ce092e396fa802d7830,PRIORITY B,Manual metadata/visual review,Kia,Kia Carnival,2022 Kia Carnival,2022,,,Hatchback/Car,444680,17,75,1,1,,,Pending live-page verification,NOT VERIFIED — do not publish commercially until the live licence is checked,https://sketchfab.com/models/d7c438d0d2d64ce092e396fa802d7830,https://sketchfab.com/models/d7c438d0d2d64ce092e396fa802d7830/download,Original V3,YES,Pending,Pending,Pending,Pending,Pending,Pending,HOLD,Real source-linked everyday-car candidate; licence and visual GLB checks are still required.
70bee03fea2145dbb8d23798fa3bd85b,PRIORITY B,Manual metadata/visual review,Kia,Kia Ceed,Kia Ceed Sportswagon (Bad Textures),,,,Estate,490364,38,70,1,1,,,Pending live-page verification,NOT VERIFIED — do not publish commercially until the live licence is checked,https://sketchfab.com/3d-models/70bee03fea2145dbb8d23798fa3bd85b,https://sketchfab.com/models/70bee03fea2145dbb8d23798fa3bd85b/download,Original V3,YES,Pending,Pending,Pending,Pending,Pending,Pending,HOLD,Real source-linked everyday-car candidate; licence and visual GLB checks are still required.
c3bf8357b4b349349f3414dca2dc70fb,PRIORITY A,First QC queue,Kia,Kia Ceed,2022 Kia Ceed Sportswagon GT-PlusLine,2022,,,Estate,565354,77,88,1,1,,,Pending live-page verification,NOT VERIFIED — do not publish commercially until the live licence is checked,https://sketchfab.com/3d-models/c3bf8357b4b349349f3414dca2dc70fb,https://sketchfab.com/models/c3bf8357b4b349349f3414dca2dc70fb/download,Original V3,YES,Pending,Pending,Pending,Pending,Pending,Pending,HOLD,Real source-linked everyday-car candidate; licence and visual GLB checks are still required.
776181e22d694282b90c50969298b84c,PRIORITY A,First QC queue,Kia,Kia EV6,2022 Kia EV6 GT-Line AWD,2022,,GT-Line,Hatchback/Car,590308,60,88,1,1,,,Pending live-page verification,NOT VERIFIED — do not publish commercially until the live licence is checked,https://sketchfab.com/3d-models/776181e22d694282b90c50969298b84c,https://sketchfab.com/models/776181e22d694282b90c50969298b84c/download,Original V3,YES,Pending,Pending,Pending,Pending,Pending,Pending,HOLD,Real source-linked everyday-car candidate; licence and visual GLB checks are still required.
44d11e83ef40492bb4bc3d9fbc41e5e0,PRIORITY B,Manual metadata/visual review,Kia,Kia EV6,2022 Kia EV6,2022,,,Hatchback/Car,367992,20,76,1,1,,,Pending live-page verification,NOT VERIFIED — do not publish commercially until the live licence is checked,https://sketchfab.com/models/44d11e83ef40492bb4bc3d9fbc41e5e0,https://sketchfab.com/models/44d11e83ef40492bb4bc3d9fbc41e5e0/download,Original V3,YES,Pending,Pending,Pending,Pending,Pending,Pending,HOLD,Real source-linked everyday-car candidate; licence and visual GLB checks are still required.
36999e25cf854948be95459eda809a10,PRIORITY B,Manual metadata/visual review,Kia,Kia Niro,2021 Kia Niro FE Eco Hybrid,2021,,,Hatchback/Car,205580,30,76,1,1,,,Pending live-page verification,NOT VERIFIED — do not publish commercially until the live licence is checked,https://sketchfab.com/3d-models/36999e25cf854948be95459eda809a10,https://sketchfab.com/models/36999e25cf854948be95459eda809a10/download,Original V3,YES,Pending,Pending,Pending,Pending,Pending,Pending,HOLD,Real source-linked everyday-car candidate; licence and visual GLB checks are still required.
ba2a3f3add114727b639d72b4548cae2,PRIORITY A,First QC queue,Kia,Kia Niro,2024 Kia Niro PHEV Dynamic Line,2024,,,Hatchback/Car,539529,62,88,1,1,,,Pending live-page verification,NOT VERIFIED — do not publish commercially until the live licence is checked,https://sketchfab.com/3d-models/ba2a3f3add114727b639d72b4548cae2,https://sketchfab.com/models/ba2a3f3add114727b639d72b4548cae2/download,Original V3,YES,Pending,Pending,Pending,Pending,Pending,Pending,HOLD,Real source-linked everyday-car candidate; licence and visual GLB checks are still required.
b2a0d0ad41f74638bd7452a522c1f103,PRIORITY B,Manual metadata/visual review,Kia,Kia Niro Hybrid,2020 Kia Niro Hybrid,2020,,,Hatchback/Car,485089,15,75,1,1,,,Pending live-page verification,NOT VERIFIED — do not publish commercially until the live licence is checked,https://sketchfab.com/models/b2a0d0ad41f74638bd7452a522c1f103,https://sketchfab.com/models/b2a0d0ad41f74638bd7452a522c1f103/download,Original V3,YES,Pending,Pending,Pending,Pending,Pending,Pending,HOLD,Real source-linked everyday-car candidate; licence and visual GLB checks are still required.
9360770aa1f44db08c7b026819ccf68a,PRIORITY B,Manual metadata/visual review,Kia,Kia Picanto,Kia Picanto,,,,Hatchback/Car,604841,71,71,1,1,,,Pending live-page verification,NOT VERIFIED — do not publish commercially until the live licence is checked,https://sketchfab.com/3d-models/9360770aa1f44db08c7b026819ccf68a,https://sketchfab.com/models/9360770aa1f44db08c7b026819ccf68a/download,Original V3,YES,Pending,Pending,Pending,Pending,Pending,Pending,HOLD,Real source-linked everyday-car candidate; licence and visual GLB checks are still required.
b4fd928f3e814ef29900c706bccc344d,PRIORITY B,Manual metadata/visual review,Kia,Kia Picanto,Kia Picanto Morning GT-Line,,,GT-Line,Hatchback/Car,417575,13,68,1,1,,,Pending live-page verification,NOT VERIFIED — do not publish commercially until the live licence is checked,https://sketchfab.com/3d-models/b4fd928f3e814ef29900c706bccc344d,https://sketchfab.com/models/b4fd928f3e814ef29900c706bccc344d/download,Original V3,YES,Pending,Pending,Pending,Pending,Pending,Pending,HOLD,Real source-linked everyday-car candidate; licence and visual GLB checks are still required.
9786de51f22741f38e7bdc5a0e19bc25,PRIORITY A,First QC queue,Kia,Kia Picanto,2012 Kia Picanto,2012,,,Hatchback/Car,716251,16,82,1,1,,,Pending live-page verification,NOT VERIFIED — do not publish commercially until the live licence is checked,https://sketchfab.com/models/9786de51f22741f38e7bdc5a0e19bc25,https://sketchfab.com/models/9786de51f22741f38e7bdc5a0e19bc25/download,Original V3,YES,Pending,Pending,Pending,Pending,Pending,Pending,HOLD,Real source-linked everyday-car candidate; licence and visual GLB checks are still required.
81d38694fb7f405b805cd8ddcf014b17,PRIORITY B,Manual metadata/visual review,Kia,Kia Picanto,Kia Picanto 2012,2012,,,Hatchback/Car,3197380,19,64,1,1,,,Pending live-page verification,NOT VERIFIED — do not publish commercially until the live licence is checked,https://sketchfab.com/3d-models/81d38694fb7f405b805cd8ddcf014b17,https://sketchfab.com/models/81d38694fb7f405b805cd8ddcf014b17/download,Original V3,YES,Pending,Pending,Pending,Pending,Pending,Pending,HOLD,Real source-linked everyday-car candidate; licence and visual GLB checks are still required.
8fa81f7e068f4d3ab625c214360f8e4e,PRIORITY B,Manual metadata/visual review,Kia,Kia Picanto,2017 Kia Picanto GT-Line,2017,,GT-Line,Hatchback/Car,291472,66,78,1,1,,,Pending live-page verification,NOT VERIFIED — do not publish commercially until the live licence is checked,https://sketchfab.com/3d-models/8fa81f7e068f4d3ab625c214360f8e4e,https://sketchfab.com/models/8fa81f7e068f4d3ab625c214360f8e4e/download,Original V3,YES,Pending,Pending,Pending,Pending,Pending,Pending,HOLD,Real source-linked everyday-car candidate; licence and visual GLB checks are still required.
8727b8185a8a4a5f963802984577a5fe,PRIORITY B,Manual metadata/visual review,Kia,Kia Picanto,2024 Kia Picanto GT-Line,2024,,GT-Line,Hatchback/Car,457597,93,79,1,1,,,Pending live-page verification,NOT VERIFIED — do not publish commercially until the live licence is checked,https://sketchfab.com/3d-models/8727b8185a8a4a5f963802984577a5fe,https://sketchfab.com/models/8727b8185a8a4a5f963802984577a5fe/download,Original V3,YES,Pending,Pending,Pending,Pending,Pending,Pending,HOLD,Real source-linked everyday-car candidate; licence and visual GLB checks are still required.
1f403400d40b4fb59c916b2657312ac1,PRIORITY B,Manual metadata/visual review,Kia,Kia Soul,Kia Soul,,,,Hatchback/Car,1556676,11,77,1,1,,,Pending live-page verification,NOT VERIFIED — do not publish commercially until the live licence is checked,https://sketchfab.com/3d-models/1f403400d40b4fb59c916b2657312ac1,https://sketchfab.com/models/1f403400d40b4fb59c916b2657312ac1/download,Original V3,YES,Pending,Pending,Pending,Pending,Pending,Pending,HOLD,Real source-linked everyday-car candidate; licence and visual GLB checks are still required.
bb8a52faa37d4458ad24f8d6275084c1,PRIORITY A,First QC queue,Kia,Kia Soul,Kia Soul EV 2020,2020,,,Hatchback/Car,1122027,6,83,1,1,,,Pending live-page verification,NOT VERIFIED — do not publish commercially until the live licence is checked,https://sketchfab.com/3d-models/bb8a52faa37d4458ad24f8d6275084c1,https://sketchfab.com/models/bb8a52faa37d4458ad24f8d6275084c1/download,Original V3,YES,Pending,Pending,Pending,Pending,Pending,Pending,HOLD,Real source-linked everyday-car candidate; licence and visual GLB checks are still required.
98a84407998a4bc6b4dee912b289f15b,PRIORITY B,Manual metadata/visual review,Kia,Kia Sportage,Kia Sportage,,,,Hatchback/Car,374500,80,77,1,1,karaman.arman,CC BY,Web-verified CC BY,CC BY recorded at collection time — recheck live page and preserve attribution,https://sketchfab.com/3d-models/98a84407998a4bc6b4dee912b289f15b,https://sketchfab.com/models/98a84407998a4bc6b4dee912b289f15b/download,New scrape — 29 Jul 2026,YES,Pending,Pending,Pending,Pending,Pending,Pending,HOLD,Real source-linked everyday-car candidate; licence and visual GLB checks are still required.
178361a328244388ba535f1f1a7a7ed3,PRIORITY B,Manual metadata/visual review,Kia,Kia Sportage,Kia Sportage,,,,Hatchback/Car,397800,7,72,1,1,Nieve5677,CC BY,Web-verified CC BY,CC BY recorded at collection time — recheck live page and preserve attribution,https://sketchfab.com/3d-models/178361a328244388ba535f1f1a7a7ed3,https://sketchfab.com/models/178361a328244388ba535f1f1a7a7ed3/download,New scrape — 29 Jul 2026,YES,Pending,Pending,Pending,Pending,Pending,Pending,HOLD,Real source-linked everyday-car candidate; licence and visual GLB checks are still required.
212016fe1b8b47fda3d0c30e1a22af2f,PRIORITY B,Manual metadata/visual review,Kia,Kia Sportage,Carro KIA Sportage Xnova360,,,,Hatchback/Car,330613,50,71,1,1,,,Pending live-page verification,NOT VERIFIED — do not publish commercially until the live licence is checked,https://sketchfab.com/3d-models/212016fe1b8b47fda3d0c30e1a22af2f,https://sketchfab.com/models/212016fe1b8b47fda3d0c30e1a22af2f/download,Original V3,YES,Pending,Pending,Pending,Pending,Pending,Pending,HOLD,Real source-linked everyday-car candidate; licence and visual GLB checks are still required.
f0abf340503f4e5b864dc24ac6569314,PRIORITY B,Manual metadata/visual review,Kia,Kia Sportage,Kia Sportage,,,,Hatchback/Car,374469,16,68,1,1,,,Pending live-page verification,NOT VERIFIED — do not publish commercially until the live licence is checked,https://sketchfab.com/3d-models/f0abf340503f4e5b864dc24ac6569314,https://sketchfab.com/models/f0abf340503f4e5b864dc24ac6569314/download,Original V3,YES,Pending,Pending,Pending,Pending,Pending,Pending,HOLD,Real source-linked everyday-car candidate; licence and visual GLB checks are still required.
1bf75af459fc4eab9878c1753376f2ed,PRIORITY B,Manual metadata/visual review,Kia,Kia Sportage,Kia Sportage 2011,2011,,,Hatchback/Car,1103084,19,73,1,1,,,Pending live-page verification,NOT VERIFIED — do not publish commercially until the live licence is checked,https://sketchfab.com/3d-models/1bf75af459fc4eab9878c1753376f2ed,https://sketchfab.com/models/1bf75af459fc4eab9878c1753376f2ed/download,Original V3,YES,Pending,Pending,Pending,Pending,Pending,Pending,HOLD,Real source-linked everyday-car candidate; licence and visual GLB checks are still required.
f15205a444fb42f7a2ebf6765a36026a,PRIORITY B,Manual metadata/visual review,Kia,Kia Sportage,Kia Sportage SL 2011-2014,2011–2014,,,Hatchback/Car,82000,32,45,1,1,farhad.Guli,CC BY,Web-verified CC BY,CC BY recorded at collection time — recheck live page and preserve attribution,https://sketchfab.com/3d-models/f15205a444fb42f7a2ebf6765a36026a,https://sketchfab.com/models/f15205a444fb42f7a2ebf6765a36026a/download,New scrape — 29 Jul 2026,YES,Pending,Pending,Pending,Pending,Pending,Pending,HOLD,Real source-linked everyday-car candidate; licence and visual GLB checks are still required.
89cc320440ef47c289c8b4f04ffee008,PRIORITY A,First QC queue,Kia,Kia Sportage,Kia Sportage GT-Line QL 2015-2021,2015–2021,,GT-Line,Hatchback/Car,579900,5,88,1,1,Merc_TV,CC BY,Web-verified CC BY,CC BY recorded at collection time — recheck live page and preserve attribution,https://sketchfab.com/3d-models/89cc320440ef47c289c8b4f04ffee008,https://sketchfab.com/models/89cc320440ef47c289c8b4f04ffee008/download,New scrape — 29 Jul 2026,YES,Pending,Pending,Pending,Pending,Pending,Pending,HOLD,Real source-linked everyday-car candidate; licence and visual GLB checks are still required.
8f794775950041d7a9ae867e40646a33,PRIORITY A,First QC queue,Kia,Kia Sportage,2018 Kia Sportage,2018,,,Hatchback/Car,563696,15,85,1,1,,,Pending live-page verification,NOT VERIFIED — do not publish commercially until the live licence is checked,https://sketchfab.com/models/8f794775950041d7a9ae867e40646a33,https://sketchfab.com/models/8f794775950041d7a9ae867e40646a33/download,Original V3,YES,Pending,Pending,Pending,Pending,Pending,Pending,HOLD,Real source-linked everyday-car candidate; licence and visual GLB checks are still required.
b89d15a4b99349d78c06dcc38e79fd60,PRIORITY A,First QC queue,Kia,Kia Sportage,2023 Kia Sportage GT-Line,2023,,GT-Line,Hatchback/Car,587223,82,89,1,1,,,Pending live-page verification,NOT VERIFIED — do not publish commercially until the live licence is checked,https://sketchfab.com/3d-models/b89d15a4b99349d78c06dcc38e79fd60,https://sketchfab.com/models/b89d15a4b99349d78c06dcc38e79fd60/download,Original V3,YES,Pending,Pending,Pending,Pending,Pending,Pending,HOLD,Real source-linked everyday-car candidate; licence and visual GLB checks are still required.
886d95ac4c2b40f2bb7725c2ba426acd,PRIORITY A,First QC queue,Kia,Stonic,Kia Stonic,,,,Hatchback/Car,527628,36,80,1,1,,,Pending live-page verification,NOT VERIFIED — do not publish commercially until the live licence is checked,https://sketchfab.com/models/886d95ac4c2b40f2bb7725c2ba426acd,https://sketchfab.com/models/886d95ac4c2b40f2bb7725c2ba426acd/download,Original V3,YES,Pending,Pending,Pending,Pending,Pending,Pending,HOLD,Real source-linked everyday-car candidate; licence and visual GLB checks are still required.
43ac15c68e934eaf8785d74816000bdc,PRIORITY B,Manual metadata/visual review,Kia,Stonic,2019 Kia Stonic GT Line,2019,,,Hatchback/Car,468234,52,78,1,1,,,Pending live-page verification,NOT VERIFIED — do not publish commercially until the live licence is checked,https://sketchfab.com/models/43ac15c68e934eaf8785d74816000bdc,https://sketchfab.com/models/43ac15c68e934eaf8785d74816000bdc/download,Original V3,YES,Pending,Pending,Pending,Pending,Pending,Pending,HOLD,Real source-linked everyday-car candidate; licence and visual GLB checks are still required.
5b7c8064a6164870bc3f469891a57da7,PRIORITY A,First QC queue,Kia,Stonic,2021+ Kia+ Stonic+GT- Line,2021,,,Hatchback/Car,886496,1,81,1,1,,,Pending live-page verification,NOT VERIFIED — do not publish commercially until the live licence is checked,https://sketchfab.com/models/5b7c8064a6164870bc3f469891a57da7,https://sketchfab.com/models/5b7c8064a6164870bc3f469891a57da7/download,Original V3,YES,Pending,Pending,Pending,Pending,Pending,Pending,HOLD,Real source-linked everyday-car candidate; licence and visual GLB checks are still required.
4ad9dc98108f46a3888979663c484b03,PRIORITY A,First QC queue,Land Rover,Defender,Land Rover Defender 110 2020 3D Model,2020,,,Hatchback/Car,2243649,12,85,1,1,,,Pending live-page verification,NOT VERIFIED — do not publish commercially until the live licence is checked,https://sketchfab.com/models/4ad9dc98108f46a3888979663c484b03,https://sketchfab.com/models/4ad9dc98108f46a3888979663c484b03/download,Original V3,YES,Pending,Pending,Pending,Pending,Pending,Pending,HOLD,Real source-linked everyday-car candidate; licence and visual GLB checks are still required.
d0c69e3964c845f2a3f573b3cd314bcd,PRIORITY A,First QC queue,Land Rover,Defender,Land- Rover Defender 130 Double Cab Pick Up,2021,,,Pickup,1447996,13,85,1,1,,,Pending live-page verification,NOT VERIFIED — do not publish commercially until the live licence is checked,https://sketchfab.com/models/d0c69e3964c845f2a3f573b3cd314bcd,https://sketchfab.com/models/d0c69e3964c845f2a3f573b3cd314bcd/download,Original V3,YES,Pending,Pending,Pending,Pending,Pending,Pending,HOLD,Real source-linked everyday-car candidate; licence and visual GLB checks are still required.
da4ca2911a664f16a925c02777c17b00,PRIORITY A,First QC queue,Land Rover,Defender,Land Rover Defender Works V8 Trophy 2021,2021,,,Hatchback/Car,2046186,9,84,1,1,,,Pending live-page verification,NOT VERIFIED — do not publish commercially until the live licence is checked,https://sketchfab.com/models/da4ca2911a664f16a925c02777c17b00,https://sketchfab.com/models/da4ca2911a664f16a925c02777c17b00/download,Original V3,YES,Pending,Pending,Pending,Pending,Pending,Pending,HOLD,Real source-linked everyday-car candidate; licence and visual GLB checks are still required.
0048bbc91b0f4c4289533e08de716806,PRIORITY A,First QC queue,Land Rover,Defender,Land Rover Defender 110,2021,,,Hatchback/Car,959762,5,83,1,1,,,Pending live-page verification,NOT VERIFIED — do not publish commercially until the live licence is checked,https://sketchfab.com/models/0048bbc91b0f4c4289533e08de716806,https://sketchfab.com/models/0048bbc91b0f4c4289533e08de716806/download,Original V3,YES,Pending,Pending,Pending,Pending,Pending,Pending,HOLD,Real source-linked everyday-car candidate; licence and visual GLB checks are still required.
081e65eddf764cd187ff32f1f4c91263,PRIORITY A,First QC queue,Land Rover,Defender,LAND ROVER (DEFENDER)2026,2026,,,Hatchback/Car,706898,2,81,1,1,,,Pending live-page verification,NOT VERIFIED — do not publish commercially until the live licence is checked,https://sketchfab.com/models/081e65eddf764cd187ff32f1f4c91263,https://sketchfab.com/models/081e65eddf764cd187ff32f1f4c91263/download,Original V3,YES,Pending,Pending,Pending,Pending,Pending,Pending,HOLD,Real source-linked everyday-car candidate; licence and visual GLB checks are still required.
588e377a8d8847da9407046d30401ece,PRIORITY B,Manual metadata/visual review,Land Rover,Defender,LAND ROVER (DEFENDER)2026/2,2026,,,Hatchback/Car,881390,0,79,1,1,,,Pending live-page verification,NOT VERIFIED — do not publish commercially until the live licence is checked,https://sketchfab.com/models/588e377a8d8847da9407046d30401ece,https://sketchfab.com/models/588e377a8d8847da9407046d30401ece/download,Original V3,YES,Pending,Pending,Pending,Pending,Pending,Pending,HOLD,Real source-linked everyday-car candidate; licence and visual GLB checks are still required.
5773ec04488b46148816b5f7a9f3f44f,PRIORITY B,Manual metadata/visual review,Land Rover,Land Rover Defender,Land Rover Defender 110,,,,Hatchback/Car,688330,219,74,1,1,,,Pending live-page verification,NOT VERIFIED — do not publish commercially until the live licence is checked,https://sketchfab.com/3d-models/5773ec04488b46148816b5f7a9f3f44f,https://sketchfab.com/models/5773ec04488b46148816b5f7a9f3f44f/download,Original V3,YES,Pending,Pending,Pending,Pending,Pending,Pending,HOLD,Real source-linked everyday-car candidate; licence and visual GLB checks are still required.
b7596dc0abc749c3b076d1f830715a54,PRIORITY B,Manual metadata/visual review,Land Rover,Land Rover Defender,Land Rover Defender - Edition Grasmere Green,,,,Hatchback/Car,681259,40,70,1,1,,,Pending live-page verification,NOT VERIFIED — do not publish commercially until the live licence is checked,https://sketchfab.com/3d-models/b7596dc0abc749c3b076d1f830715a54,https://sketchfab.com/models/b7596dc0abc749c3b076d1f830715a54/download,Original V3,YES,Pending,Pending,Pending,Pending,Pending,Pending,HOLD,Real source-linked everyday-car candidate; licence and visual GLB checks are still required.
0fbbc07768a5456c9f6f8c9c7e048d28,PRIORITY B,Manual metadata/visual review,Land Rover,Land Rover Defender,Land Rover Defender 110 Double Cab Pick Up,,,,Pickup,110678,204,67,1,1,,,Pending live-page verification,NOT VERIFIED — do not publish commercially until the live licence is checked,https://sketchfab.com/3d-models/0fbbc07768a5456c9f6f8c9c7e048d28,https://sketchfab.com/models/0fbbc07768a5456c9f6f8c9c7e048d28/download,Original V3,YES,Pending,Pending,Pending,Pending,Pending,Pending,HOLD,Real source-linked everyday-car candidate; licence and visual GLB checks are still required.
26f042fcf1594890a529bfb41f0fae0d,PRIORITY B,Manual metadata/visual review,Land Rover,Land Rover Defender,2021 Land Rover Defender 110,2021,,,Hatchback/Car,359306,87,79,1,1,,,Pending live-page verification,NOT VERIFIED — do not publish commercially until the live licence is checked,https://sketchfab.com/3d-models/26f042fcf1594890a529bfb41f0fae0d,https://sketchfab.com/models/26f042fcf1594890a529bfb41f0fae0d/download,Original V3,YES,Pending,Pending,Pending,Pending,Pending,Pending,HOLD,Real source-linked everyday-car candidate; licence and visual GLB checks are still required.
277cf51a9f95473c85580612651990fd,PRIORITY B,Manual metadata/visual review,Land Rover,Range Rover,2006 Land Rover Range Rover Supercharged,2006,,,Hatchback/Car,222001,123,76,1,1,,,Pending live-page verification,NOT VERIFIED — do not publish commercially until the live licence is checked,https://sketchfab.com/3d-models/277cf51a9f95473c85580612651990fd,https://sketchfab.com/models/277cf51a9f95473c85580612651990fd/download,Original V3,YES,Pending,Pending,Pending,Pending,Pending,Pending,HOLD,Real source-linked everyday-car candidate; licence and visual GLB checks are still required.
43fe3d9855ef409892d976bd8850d819,PRIORITY B,Manual metadata/visual review,Land Rover,Range Rover,2008 Land Rover Range Rover Supercharged,2008,,,Hatchback/Car,183103,106,69,1,1,,,Pending live-page verification,NOT VERIFIED — do not publish commercially until the live licence is checked,https://sketchfab.com/3d-models/43fe3d9855ef409892d976bd8850d819,https://sketchfab.com/models/43fe3d9855ef409892d976bd8850d819/download,Original V3,YES,Pending,Pending,Pending,Pending,Pending,Pending,HOLD,Real source-linked everyday-car candidate; licence and visual GLB checks are still required.
dd8455bdfa3247feb906145fa2abca03,PRIORITY B,Manual metadata/visual review,Land Rover,Range Rover,2010 Land Rover Range Rover Supercharged,2010,,,Hatchback/Car,165190,101,69,1,1,,,Pending live-page verification,NOT VERIFIED — do not publish commercially until the live licence is checked,https://sketchfab.com/3d-models/dd8455bdfa3247feb906145fa2abca03,https://sketchfab.com/models/dd8455bdfa3247feb906145fa2abca03/download,Original V3,YES,Pending,Pending,Pending,Pending,Pending,Pending,HOLD,Real source-linked everyday-car candidate; licence and visual GLB checks are still required.
3f9493b9211b40fea2add41be138fdf9,PRIORITY B,Manual metadata/visual review,Land Rover,Range Rover Evoque,Land Rover Range Rover Evoque 3 And 5 Door,,,,Hatchback/Car,2540227,16,69,1,1,,,Pending live-page verification,NOT VERIFIED — do not publish commercially until the live licence is checked,https://sketchfab.com/3d-models/3f9493b9211b40fea2add41be138fdf9,https://sketchfab.com/models/3f9493b9211b40fea2add41be138fdf9/download,Original V3,YES,Pending,Pending,Pending,Pending,Pending,Pending,HOLD,Real source-linked everyday-car candidate; licence and visual GLB checks are still required.
f7632f55ed4c49e29f44c409260416f1,PRIORITY B,Manual metadata/visual review,Land Rover,Range Rover Evoque,2011 - Range Rover Evoque - Free Vehicle Archive,2011,,,Hatchback/Car,124106,42,67,1,1,,,Pending live-page verification,NOT VERIFIED — do not publish commercially until the live licence is checked,https://sketchfab.com/3d-models/f7632f55ed4c49e29f44c409260416f1,https://sketchfab.com/models/f7632f55ed4c49e29f44c409260416f1/download,Original V3,YES,Pending,Pending,Pending,Pending,Pending,Pending,HOLD,Real source-linked everyday-car candidate; licence and visual GLB checks are still required.
dbc671780fd84291a829c3f8aeebd326,PRIORITY B,Manual metadata/visual review,Land Rover,Range Rover Evoque,2016 Land Rover Range Rover Evoque Coupe,2016,,,Hatchback/Car,168686,80,72,1,1,,,Pending live-page verification,NOT VERIFIED — do not publish commercially until the live licence is checked,https://sketchfab.com/3d-models/dbc671780fd84291a829c3f8aeebd326,https://sketchfab.com/models/dbc671780fd84291a829c3f8aeebd326/download,Original V3,YES,Pending,Pending,Pending,Pending,Pending,Pending,HOLD,Real source-linked everyday-car candidate; licence and visual GLB checks are still required.
6044f01cc608469fb316140233a732dc,PRIORITY B,Manual metadata/visual review,Land Rover,Range Rover Sport,"LAND ROVER Range Rover Sport SUV, 5d.'22",,,,SUV/Crossover,715716,13,78,1,1,,,Pending live-page verification,NOT VERIFIED — do not publish commercially until the live licence is checked,https://sketchfab.com/3d-models/6044f01cc608469fb316140233a732dc,https://sketchfab.com/models/6044f01cc608469fb316140233a732dc/download,Original V3,YES,Pending,Pending,Pending,Pending,Pending,Pending,HOLD,Real source-linked everyday-car candidate; licence and visual GLB checks are still required.
d1fe581b3baf4af89275e9aa9a1392e2,PRIORITY A,First QC queue,Land Rover,Range Rover Sport,Range Rover Sport 2018,2018,,,Hatchback/Car,523384,151,90,1,1,,,Pending live-page verification,NOT VERIFIED — do not publish commercially until the live licence is checked,https://sketchfab.com/3d-models/d1fe581b3baf4af89275e9aa9a1392e2,https://sketchfab.com/models/d1fe581b3baf4af89275e9aa9a1392e2/download,Original V3,YES,Pending,Pending,Pending,Pending,Pending,Pending,HOLD,Real source-linked everyday-car candidate; licence and visual GLB checks are still required.
b68c443c8dae42359fb26a9282a3d572,PRIORITY B,Manual metadata/visual review,Land Rover,Range Rover Sport,2023 Land Rover Range Rover Sport,2023,,,Hatchback/Car,448577,61,78,2,1,,,Pending live-page verification,NOT VERIFIED — do not publish commercially until the live licence is checked,https://sketchfab.com/3d-models/b68c443c8dae42359fb26a9282a3d572,https://sketchfab.com/models/b68c443c8dae42359fb26a9282a3d572/download,Original V3,YES,Pending,Pending,Pending,Pending,Pending,Pending,HOLD,Real source-linked everyday-car candidate; licence and visual GLB checks are still required.
4a6ca37f18c04bbb97e60601200c3a6b,PRIORITY B,Manual metadata/visual review,Land Rover,Range Rover Velar,2018 Range Rover Velar First Edition,2018,,First Edition,Hatchback/Car,4078488,24,62,1,1,,,Pending live-page verification,NOT VERIFIED — do not publish commercially until the live licence is checked,https://sketchfab.com/3d-models/4a6ca37f18c04bbb97e60601200c3a6b,https://sketchfab.com/models/4a6ca37f18c04bbb97e60601200c3a6b/download,Original V3,YES,Pending,Pending,Pending,Pending,Pending,Pending,HOLD,Real source-linked everyday-car candidate; licence and visual GLB checks are still required.
15f96fe8f85f46dba4dcd31d72a7340e,PRIORITY B,Manual metadata/visual review,Land Rover,Range Rover Velar,Land-Rover_Range_Rover_Velar_First_edition_2018,2018,,,Hatchback/Car,4052463,18,61,1,1,,,Pending live-page verification,NOT VERIFIED — do not publish commercially until the live licence is checked,https://sketchfab.com/3d-models/15f96fe8f85f46dba4dcd31d72a7340e,https://sketchfab.com/models/15f96fe8f85f46dba4dcd31d72a7340e/download,Original V3,YES,Pending,Pending,Pending,Pending,Pending,Pending,HOLD,Real source-linked everyday-car candidate; licence and visual GLB checks are still required.
27a86dd93ebf4ac5acfd37879b04c3d2,PRIORITY A,First QC queue,Land Rover,Range Rover Velar,Range Rover Velar 2020,2020,,,Hatchback/Car,1707850,4,82,1,1,,,Pending live-page verification,NOT VERIFIED — do not publish commercially until the live licence is checked,https://sketchfab.com/3d-models/27a86dd93ebf4ac5acfd37879b04c3d2,https://sketchfab.com/models/27a86dd93ebf4ac5acfd37879b04c3d2/download,Original V3,YES,Pending,Pending,Pending,Pending,Pending,Pending,HOLD,Real source-linked everyday-car candidate; licence and visual GLB checks are still required.
b4edfa2fd5cc48ada679352215e0105e,PRIORITY B,Manual metadata/visual review,Lexus,ES Hybrid,Lexus ES Hybrid,,,,Hatchback/Car,201114,32,70,1,1,,,Pending live-page verification,NOT VERIFIED — do not publish commercially until the live licence is checked,https://sketchfab.com/models/b4edfa2fd5cc48ada679352215e0105e,https://sketchfab.com/models/b4edfa2fd5cc48ada679352215e0105e/download,Original V3,YES,Pending,Pending,Pending,Pending,Pending,Pending,HOLD,Real source-linked everyday-car candidate; licence and visual GLB checks are still required.
6db67d7578f34a728f683fd54f485b15,PRIORITY B,Manual metadata/visual review,Lexus,Lbx,Lexus LBX,,,,Hatchback/Car,358712,5,66,1,1,,,Pending live-page verification,NOT VERIFIED — do not publish commercially until the live licence is checked,https://sketchfab.com/models/6db67d7578f34a728f683fd54f485b15,https://sketchfab.com/models/6db67d7578f34a728f683fd54f485b15/download,Original V3,YES,Pending,Pending,Pending,Pending,Pending,Pending,HOLD,Real source-linked everyday-car candidate; licence and visual GLB checks are still required.
fca7ffc299c44b699de926d24482d3c8,PRIORITY B,Manual metadata/visual review,Lexus,Lexus GS,lexus gs 300 lowerd,,,GS,Hatchback/Car,302473,10,67,1,1,,,Pending live-page verification,NOT VERIFIED — do not publish commercially until the live licence is checked,https://sketchfab.com/3d-models/fca7ffc299c44b699de926d24482d3c8,https://sketchfab.com/models/fca7ffc299c44b699de926d24482d3c8/download,Original V3,YES,Pending,Pending,Pending,Pending,Pending,Pending,HOLD,Real source-linked everyday-car candidate; licence and visual GLB checks are still required.
b25af87f9f28472084d148b1b1d08905,PRIORITY B,Manual metadata/visual review,Lexus,Lexus GS,Lexus GS,,,GS,Hatchback/Car,914108,7,67,1,1,,,Pending live-page verification,NOT VERIFIED — do not publish commercially until the live licence is checked,https://sketchfab.com/3d-models/b25af87f9f28472084d148b1b1d08905,https://sketchfab.com/models/b25af87f9f28472084d148b1b1d08905/download,Original V3,YES,Pending,Pending,Pending,Pending,Pending,Pending,HOLD,Real source-linked everyday-car candidate; licence and visual GLB checks are still required.
a9f5713e8a4349458085b96d9fea4000,PRIORITY B,Manual metadata/visual review,Lexus,Lexus GS,2004 Lexus GS 430,2004,,GS,Hatchback/Car,1140094,59,72,1,1,,,Pending live-page verification,NOT VERIFIED — do not publish commercially until the live licence is checked,https://sketchfab.com/3d-models/a9f5713e8a4349458085b96d9fea4000,https://sketchfab.com/models/a9f5713e8a4349458085b96d9fea4000/download,Original V3,YES,Pending,Pending,Pending,Pending,Pending,Pending,HOLD,Real source-linked everyday-car candidate; licence and visual GLB checks are still required.
610652d234a3470e891c7b1ce8030a80,PRIORITY B,Manual metadata/visual review,Lexus,Lexus GS,Lexus GS S160 2004,2004,,GS,Hatchback/Car,1140094,21,70,1,1,,,Pending live-page verification,NOT VERIFIED — do not publish commercially until the live licence is checked,https://sketchfab.com/3d-models/610652d234a3470e891c7b1ce8030a80,https://sketchfab.com/models/610652d234a3470e891c7b1ce8030a80/download,Original V3,YES,Pending,Pending,Pending,Pending,Pending,Pending,HOLD,Real source-linked everyday-car candidate; licence and visual GLB checks are still required.
600fd97b99cf4e60beeb24cc51c96107,PRIORITY B,Manual metadata/visual review,Lexus,Lexus GS,Lexus GS MK4 2012-2020,2012–2020,Mk4,GS,Hatchback/Car,352350,4,69,1,1,,,Pending live-page verification,NOT VERIFIED — do not publish commercially until the live licence is checked,https://sketchfab.com/3d-models/600fd97b99cf4e60beeb24cc51c96107,https://sketchfab.com/models/600fd97b99cf4e60beeb24cc51c96107/download,Original V3,YES,Pending,Pending,Pending,Pending,Pending,Pending,HOLD,Real source-linked everyday-car candidate; licence and visual GLB checks are still required.
bc240e796ced4190bedf123f77a140e9,PRIORITY B,Manual metadata/visual review,Lexus,Lexus LS,Lexus LS 500 F Sport,,,F Sport,Hatchback/Car,1035403,45,70,1,1,,,Pending live-page verification,NOT VERIFIED — do not publish commercially until the live licence is checked,https://sketchfab.com/3d-models/bc240e796ced4190bedf123f77a140e9,https://sketchfab.com/models/bc240e796ced4190bedf123f77a140e9/download,Original V3,YES,Pending,Pending,Pending,Pending,Pending,Pending,HOLD,Real source-linked everyday-car candidate; licence and visual GLB checks are still required.
1f475e4be63541a7a7d05b0834ac89b9,PRIORITY B,Manual metadata/visual review,Lexus,Lexus LS,LEXUS LS 500,,,,Hatchback/Car,1730055,10,67,1,1,,,Pending live-page verification,NOT VERIFIED — do not publish commercially until the live licence is checked,https://sketchfab.com/3d-models/1f475e4be63541a7a7d05b0834ac89b9,https://sketchfab.com/models/1f475e4be63541a7a7d05b0834ac89b9/download,Original V3,YES,Pending,Pending,Pending,Pending,Pending,Pending,HOLD,Real source-linked everyday-car candidate; licence and visual GLB checks are still required.
52819f40ae6344b98c1113299d92a863,PRIORITY B,Manual metadata/visual review,Lexus,Lexus LS,Lexus LS XF30 2003,2003,,,Hatchback/Car,844929,13,69,1,1,,,Pending live-page verification,NOT VERIFIED — do not publish commercially until the live licence is checked,https://sketchfab.com/3d-models/52819f40ae6344b98c1113299d92a863,https://sketchfab.com/models/52819f40ae6344b98c1113299d92a863/download,Original V3,YES,Pending,Pending,Pending,Pending,Pending,Pending,HOLD,Real source-linked everyday-car candidate; licence and visual GLB checks are still required.
4efd92813e7a428abf85d23e994905df,PRIORITY B,Manual metadata/visual review,Lexus,Lexus LS,Lexus LS (Mk5)(XF50) F-Sport HQ interior 2018,2018,Mk5,,Hatchback/Car,2662100,23,67,1,1,,,Pending live-page verification,NOT VERIFIED — do not publish commercially until the live licence is checked,https://sketchfab.com/3d-models/4efd92813e7a428abf85d23e994905df,https://sketchfab.com/models/4efd92813e7a428abf85d23e994905df/download,Original V3,YES,Pending,Pending,Pending,Pending,Pending,Pending,HOLD,Real source-linked everyday-car candidate; licence and visual GLB checks are still required.
ac4e031cf9d342639d9bdac46ad2a40f,PRIORITY B,Manual metadata/visual review,Lexus,Lexus NX,Lexus NX (Mk1) F-sport HQ interior 2017,2017,Mk1,,Hatchback/Car,3936262,31,68,1,1,,,Pending live-page verification,NOT VERIFIED — do not publish commercially until the live licence is checked,https://sketchfab.com/3d-models/ac4e031cf9d342639d9bdac46ad2a40f,https://sketchfab.com/models/ac4e031cf9d342639d9bdac46ad2a40f/download,Original V3,YES,Pending,Pending,Pending,Pending,Pending,Pending,HOLD,Real source-linked everyday-car candidate; licence and visual GLB checks are still required.
3c232be56b1b44e2aa6000a0f626680c,PRIORITY B,Manual metadata/visual review,Lexus,Lexus RX,Lexus RX 350 MK2 2003-2008,2003–2008,Mk2,,Hatchback/Car,125046,10,61,1,1,,,Pending live-page verification,NOT VERIFIED — do not publish commercially until the live licence is checked,https://sketchfab.com/3d-models/3c232be56b1b44e2aa6000a0f626680c,https://sketchfab.com/models/3c232be56b1b44e2aa6000a0f626680c/download,Original V3,YES,Pending,Pending,Pending,Pending,Pending,Pending,HOLD,Real source-linked everyday-car candidate; licence and visual GLB checks are still required.
5adac240037e4daabfe4145fc034d727,PRIORITY B,Manual metadata/visual review,Lexus,Lexus RX,2010 Lexus RX,2010,,,Hatchback/Car,873802,11,71,1,1,,,Pending live-page verification,NOT VERIFIED — do not publish commercially until the live licence is checked,https://sketchfab.com/3d-models/5adac240037e4daabfe4145fc034d727,https://sketchfab.com/models/5adac240037e4daabfe4145fc034d727/download,Original V3,YES,Pending,Pending,Pending,Pending,Pending,Pending,HOLD,Real source-linked everyday-car candidate; licence and visual GLB checks are still required.
e4274b9fa36d4589b8221fe499121f4e,PRIORITY B,Manual metadata/visual review,Lexus,Lexus RX,2012 Lexus RX 350,2012,,,Hatchback/Car,522337,7,71,1,1,,,Pending live-page verification,NOT VERIFIED — do not publish commercially until the live licence is checked,https://sketchfab.com/3d-models/e4274b9fa36d4589b8221fe499121f4e,https://sketchfab.com/models/e4274b9fa36d4589b8221fe499121f4e/download,Original V3,YES,Pending,Pending,Pending,Pending,Pending,Pending,HOLD,Real source-linked everyday-car candidate; licence and visual GLB checks are still required.
cf95f6cf76cf49d7bf660a4c96b05dbd,PRIORITY B,Manual metadata/visual review,Lexus,Lexus RX,Lexus RX 2020,2020,,,Hatchback/Car,1703441,6,73,1,1,,,Pending live-page verification,NOT VERIFIED — do not publish commercially until the live licence is checked,https://sketchfab.com/3d-models/cf95f6cf76cf49d7bf660a4c96b05dbd,https://sketchfab.com/models/cf95f6cf76cf49d7bf660a4c96b05dbd/download,Original V3,YES,Pending,Pending,Pending,Pending,Pending,Pending,HOLD,Real source-linked everyday-car candidate; licence and visual GLB checks are still required.
13ddc257995b4e3fa6be35af690251c8,PRIORITY A,First QC queue,Lexus,Lexus RX450h,2023 Lexus RX450h,2023,,,Hatchback/Car,590620,20,86,1,1,,,Pending live-page verification,NOT VERIFIED — do not publish commercially until the live licence is checked,https://sketchfab.com/models/13ddc257995b4e3fa6be35af690251c8,https://sketchfab.com/models/13ddc257995b4e3fa6be35af690251c8/download,Original V3,YES,Pending,Pending,Pending,Pending,Pending,Pending,HOLD,Real source-linked everyday-car candidate; licence and visual GLB checks are still required.
67bb5139c7594579860c21b88d8fa48b,PRIORITY A,First QC queue,Lexus,LM Hybrid,Lexus LM Hybrid,,,,Hatchback/Car,528834,65,81,1,1,,,Pending live-page verification,NOT VERIFIED — do not publish commercially until the live licence is checked,https://sketchfab.com/models/67bb5139c7594579860c21b88d8fa48b,https://sketchfab.com/models/67bb5139c7594579860c21b88d8fa48b/download,Original V3,YES,Pending,Pending,Pending,Pending,Pending,Pending,HOLD,Real source-linked everyday-car candidate; licence and visual GLB checks are still required.
ea176c6ebe814be3b06641bf038f8642,PRIORITY B,Manual metadata/visual review,Mazda,CX-5,Mazda CX-5 2020,2020,,,Hatchback/Car,178366,24,69,1,1,,,Pending live-page verification,NOT VERIFIED — do not publish commercially until the live licence is checked,https://sketchfab.com/models/ea176c6ebe814be3b06641bf038f8642,https://sketchfab.com/models/ea176c6ebe814be3b06641bf038f8642/download,Original V3,YES,Pending,Pending,Pending,Pending,Pending,Pending,HOLD,Real source-linked everyday-car candidate; licence and visual GLB checks are still required.
1f3ef39f1c95445197ac5076a2d696c2,PRIORITY B,Manual metadata/visual review,Mazda,Mazda 2,2011 Mazda 2 / Demio,2011,,,Hatchback/Car,183822,66,68,1,1,,,Pending live-page verification,NOT VERIFIED — do not publish commercially until the live licence is checked,https://sketchfab.com/3d-models/1f3ef39f1c95445197ac5076a2d696c2,https://sketchfab.com/models/1f3ef39f1c95445197ac5076a2d696c2/download,Original V3,YES,Pending,Pending,Pending,Pending,Pending,Pending,HOLD,Real source-linked everyday-car candidate; licence and visual GLB checks are still required.
9f560166fa2c4a9a8c9aa6ac86b0e33e,PRIORITY B,Manual metadata/visual review,Mazda,Mazda 3,Mazda 3,,,,Hatchback/Car,276839,26,69,1,1,,,Pending live-page verification,NOT VERIFIED — do not publish commercially until the live licence is checked,https://sketchfab.com/3d-models/9f560166fa2c4a9a8c9aa6ac86b0e33e,https://sketchfab.com/models/9f560166fa2c4a9a8c9aa6ac86b0e33e/download,Original V3,YES,Pending,Pending,Pending,Pending,Pending,Pending,HOLD,Real source-linked everyday-car candidate; licence and visual GLB checks are still required.
6c06bd35a9804c53a82078e72b2db549,PRIORITY B,Manual metadata/visual review,Mazda,Mazda 3,Mazda 3 (Mk1) sedan HQ interior 2003,2003,Mk1,,Saloon,1512059,21,70,1,1,,,Pending live-page verification,NOT VERIFIED — do not publish commercially until the live licence is checked,https://sketchfab.com/3d-models/6c06bd35a9804c53a82078e72b2db549,https://sketchfab.com/models/6c06bd35a9804c53a82078e72b2db549/download,Original V3,YES,Pending,Pending,Pending,Pending,Pending,Pending,HOLD,Real source-linked everyday-car candidate; licence and visual GLB checks are still required.
cb27c2a4b28e4f24a857be10dd0f8bab,PRIORITY B,Manual metadata/visual review,Mazda,Mazda 3,2007 Mazda Mazdaspeed 3,2007,,,Hatchback/Car,181399,82,69,1,1,,,Pending live-page verification,NOT VERIFIED — do not publish commercially until the live licence is checked,https://sketchfab.com/3d-models/cb27c2a4b28e4f24a857be10dd0f8bab,https://sketchfab.com/models/cb27c2a4b28e4f24a857be10dd0f8bab/download,Original V3,YES,Pending,Pending,Pending,Pending,Pending,Pending,HOLD,Real source-linked everyday-car candidate; licence and visual GLB checks are still required.
0a954cfa1e64452ba06c151b9cc50242,PRIORITY B,Manual metadata/visual review,Mazda,Mazda 3,2010 Mazda Mazdaspeed 3,2010,,,Hatchback/Car,188156,86,69,1,1,,,Pending live-page verification,NOT VERIFIED — do not publish commercially until the live licence is checked,https://sketchfab.com/3d-models/0a954cfa1e64452ba06c151b9cc50242,https://sketchfab.com/models/0a954cfa1e64452ba06c151b9cc50242/download,Original V3,YES,Pending,Pending,Pending,Pending,Pending,Pending,HOLD,Real source-linked everyday-car candidate; licence and visual GLB checks are still required.
a8d5301ccbf548b3bc3080d0193f254f,PRIORITY B,Manual metadata/visual review,Mazda,Mazda 3,2011 Mazda 3 Sedan,2011,,,Saloon,640724,32,74,1,1,,,Pending live-page verification,NOT VERIFIED — do not publish commercially until the live licence is checked,https://sketchfab.com/3d-models/a8d5301ccbf548b3bc3080d0193f254f,https://sketchfab.com/models/a8d5301ccbf548b3bc3080d0193f254f/download,Original V3,YES,Pending,Pending,Pending,Pending,Pending,Pending,HOLD,Real source-linked everyday-car candidate; licence and visual GLB checks are still required.
a204c83664e5494e97cf5ac8d5972dc2,PRIORITY B,Manual metadata/visual review,Mazda,Mazda 3,Mazda 3 sedan 2011,2011,,,Saloon,640751,25,73,1,1,,,Pending live-page verification,NOT VERIFIED — do not publish commercially until the live licence is checked,https://sketchfab.com/3d-models/a204c83664e5494e97cf5ac8d5972dc2,https://sketchfab.com/models/a204c83664e5494e97cf5ac8d5972dc2/download,Original V3,YES,Pending,Pending,Pending,Pending,Pending,Pending,HOLD,Real source-linked everyday-car candidate; licence and visual GLB checks are still required.
a72de3f3c1604409a7e6fc6be9854c9d,PRIORITY B,Manual metadata/visual review,Mazda,Mazda 3,2020 Mazda 3 Hatchback,2020,,,Hatchback/Car,305008,91,79,1,1,,,Pending live-page verification,NOT VERIFIED — do not publish commercially until the live licence is checked,https://sketchfab.com/3d-models/a72de3f3c1604409a7e6fc6be9854c9d,https://sketchfab.com/models/a72de3f3c1604409a7e6fc6be9854c9d/download,Original V3,YES,Pending,Pending,Pending,Pending,Pending,Pending,HOLD,Real source-linked everyday-car candidate; licence and visual GLB checks are still required.
0a12dda232354cf6bcf5854451842502,PRIORITY B,Manual metadata/visual review,Mazda,Mazda 3,2020 Mazda 3 Hatchback,2020,,,Hatchback/Car,473260,57,78,1,1,,,Pending live-page verification,NOT VERIFIED — do not publish commercially until the live licence is checked,https://sketchfab.com/3d-models/0a12dda232354cf6bcf5854451842502,https://sketchfab.com/models/0a12dda232354cf6bcf5854451842502/download,Original V3,YES,Pending,Pending,Pending,Pending,Pending,Pending,HOLD,Real source-linked everyday-car candidate; licence and visual GLB checks are still required.
7e2ef9be2dd74cf4b980d068d272dfff,PRIORITY A,First QC queue,Mazda,Mazda 3 Sedan,2020 Mazda 3 Sedan,2020,,,Saloon,500500,19,86,1,1,,,Pending live-page verification,NOT VERIFIED — do not publish commercially until the live licence is checked,https://sketchfab.com/models/7e2ef9be2dd74cf4b980d068d272dfff,https://sketchfab.com/models/7e2ef9be2dd74cf4b980d068d272dfff/download,Original V3,YES,Pending,Pending,Pending,Pending,Pending,Pending,HOLD,Real source-linked everyday-car candidate; licence and visual GLB checks are still required.
ea25010fdf134a55a0d87ef8e89bb924,PRIORITY B,Manual metadata/visual review,Mazda,Mazda 6,2002 Mazda 6,2002,,,Hatchback/Car,916518,33,71,1,1,,,Pending live-page verification,NOT VERIFIED — do not publish commercially until the live licence is checked,https://sketchfab.com/3d-models/ea25010fdf134a55a0d87ef8e89bb924,https://sketchfab.com/models/ea25010fdf134a55a0d87ef8e89bb924/download,Original V3,YES,Pending,Pending,Pending,Pending,Pending,Pending,HOLD,Real source-linked everyday-car candidate; licence and visual GLB checks are still required.
49b344930b094b7bbafb32a10aff9a5d,PRIORITY A,First QC queue,Mazda,Mazda 6 Estate,2020 Mazda 6 Estate,2020,,,Estate,502057,13,85,1,1,,,Pending live-page verification,NOT VERIFIED — do not publish commercially until the live licence is checked,https://sketchfab.com/models/49b344930b094b7bbafb32a10aff9a5d,https://sketchfab.com/models/49b344930b094b7bbafb32a10aff9a5d/download,Original V3,YES,Pending,Pending,Pending,Pending,Pending,Pending,HOLD,Real source-linked everyday-car candidate; licence and visual GLB checks are still required.
79e572aae24b4ff0b1b0c1e3dfddf52b,PRIORITY B,Manual metadata/visual review,Mazda,Mazda CX-30,Mazda CX-30 HQ interior 2020,2020,,,Hatchback/Car,3285716,17,76,1,1,,,Pending live-page verification,NOT VERIFIED — do not publish commercially until the live licence is checked,https://sketchfab.com/3d-models/79e572aae24b4ff0b1b0c1e3dfddf52b,https://sketchfab.com/models/79e572aae24b4ff0b1b0c1e3dfddf52b/download,Original V3,YES,Pending,Pending,Pending,Pending,Pending,Pending,HOLD,Real source-linked everyday-car candidate; licence and visual GLB checks are still required.
0ca0354c7b2a41bbb84c835ff046e8e5,PRIORITY B,Manual metadata/visual review,Mazda,Mazda CX-5,Mazda CX-5,,,,Hatchback/Car,119100,33,63,1,1,,,Pending live-page verification,NOT VERIFIED — do not publish commercially until the live licence is checked,https://sketchfab.com/3d-models/0ca0354c7b2a41bbb84c835ff046e8e5,https://sketchfab.com/models/0ca0354c7b2a41bbb84c835ff046e8e5/download,Original V3,YES,Pending,Pending,Pending,Pending,Pending,Pending,HOLD,Real source-linked everyday-car candidate; licence and visual GLB checks are still required.
16c8b95117a448eab71444efdd08dc70,PRIORITY B,Manual metadata/visual review,Mazda,Mazda CX-5,Mazda CX-5 HQ interior 2017,2017,,,Hatchback/Car,3517961,28,67,1,1,,,Pending live-page verification,NOT VERIFIED — do not publish commercially until the live licence is checked,https://sketchfab.com/3d-models/16c8b95117a448eab71444efdd08dc70,https://sketchfab.com/models/16c8b95117a448eab71444efdd08dc70/download,Original V3,YES,Pending,Pending,Pending,Pending,Pending,Pending,HOLD,Real source-linked everyday-car candidate; licence and visual GLB checks are still required.
07fa2ea039894c929805353ee03ec188,PRIORITY B,Manual metadata/visual review,Mazda,Mazda MX-5,Mazda MX-5 (NB),,,,Hatchback/Car,764947,22,79,1,1,,,Pending live-page verification,NOT VERIFIED — do not publish commercially until the live licence is checked,https://sketchfab.com/3d-models/07fa2ea039894c929805353ee03ec188,https://sketchfab.com/models/07fa2ea039894c929805353ee03ec188/download,Original V3,YES,Pending,Pending,Pending,Pending,Pending,Pending,HOLD,Real source-linked everyday-car candidate; licence and visual GLB checks are still required.
e074e29ccc3847dca74ed5e9cb92d3e7,PRIORITY B,Manual metadata/visual review,Mazda,Mazda MX-5,Mazda Miata mx-5,,,,Hatchback/Car,414524,547,76,1,1,,,Pending live-page verification,NOT VERIFIED — do not publish commercially until the live licence is checked,https://sketchfab.com/3d-models/e074e29ccc3847dca74ed5e9cb92d3e7,https://sketchfab.com/models/e074e29ccc3847dca74ed5e9cb92d3e7/download,Original V3,YES,Pending,Pending,Pending,Pending,Pending,Pending,HOLD,Real source-linked everyday-car candidate; licence and visual GLB checks are still required.
a5ae85f3abad4fc9b8cf357972cce503,PRIORITY A,First QC queue,Mazda,Mazda MX-5,Mazda MX-5 (ND) 2014,2014,,,Hatchback/Car,1308665,18,82,1,1,,,Pending live-page verification,NOT VERIFIED — do not publish commercially until the live licence is checked,https://sketchfab.com/3d-models/a5ae85f3abad4fc9b8cf357972cce503,https://sketchfab.com/models/a5ae85f3abad4fc9b8cf357972cce503/download,Original V3,YES,Pending,Pending,Pending,Pending,Pending,Pending,HOLD,Real source-linked everyday-car candidate; licence and visual GLB checks are still required.
af789c6f7484487bb4217f98491d44b0,PRIORITY A,First QC queue,Mazda,Mazda MX-5,2015 Mazda MX-5 Speedster,2015,,,Hatchback/Car,1247878,32,87,1,1,,,Pending live-page verification,NOT VERIFIED — do not publish commercially until the live licence is checked,https://sketchfab.com/3d-models/af789c6f7484487bb4217f98491d44b0,https://sketchfab.com/models/af789c6f7484487bb4217f98491d44b0/download,Original V3,YES,Pending,Pending,Pending,Pending,Pending,Pending,HOLD,Real source-linked everyday-car candidate; licence and visual GLB checks are still required.
7878ea442a2a4f2fbdb6d9eed5a4149e,PRIORITY A,First QC queue,Mazda,Mazda MX-5,2015 Mazda MX-5 Spyder,2015,,,Hatchback/Car,1036728,22,86,1,1,,,Pending live-page verification,NOT VERIFIED — do not publish commercially until the live licence is checked,https://sketchfab.com/3d-models/7878ea442a2a4f2fbdb6d9eed5a4149e,https://sketchfab.com/models/7878ea442a2a4f2fbdb6d9eed5a4149e/download,Original V3,YES,Pending,Pending,Pending,Pending,Pending,Pending,HOLD,Real source-linked everyday-car candidate; licence and visual GLB checks are still required.
97f9a60df7d049769a44d4602b3df366,PRIORITY B,Manual metadata/visual review,Mercedes-Benz,A Class,Mercedes R-class,,,,Hatchback/Car,884148,27,79,1,1,,,Pending live-page verification,NOT VERIFIED — do not publish commercially until the live licence is checked,https://sketchfab.com/models/97f9a60df7d049769a44d4602b3df366,https://sketchfab.com/models/97f9a60df7d049769a44d4602b3df366/download,Original V3,YES,Pending,Pending,Pending,Pending,Pending,Pending,HOLD,Real source-linked everyday-car candidate; licence and visual GLB checks are still required.
2b61dbcce5634791a51c1986c2848853,PRIORITY A,First QC queue,Mercedes-Benz,A Class,1999 Mercedes benz S600,1999,,,Hatchback/Car,673694,75,82,1,1,,,Pending live-page verification,NOT VERIFIED — do not publish commercially until the live licence is checked,https://sketchfab.com/models/2b61dbcce5634791a51c1986c2848853,https://sketchfab.com/models/2b61dbcce5634791a51c1986c2848853/download,Original V3,YES,Pending,Pending,Pending,Pending,Pending,Pending,HOLD,Real source-linked everyday-car candidate; licence and visual GLB checks are still required.
fc13480d139b41cc95650bad9a8d6eb1,PRIORITY A,First QC queue,Mercedes-Benz,A Class,Mercedes-Benz S-Class 2021,2021,,,Hatchback/Car,1111474,12,85,1,1,,,Pending live-page verification,NOT VERIFIED — do not publish commercially until the live licence is checked,https://sketchfab.com/models/fc13480d139b41cc95650bad9a8d6eb1,https://sketchfab.com/models/fc13480d139b41cc95650bad9a8d6eb1/download,Original V3,YES,Pending,Pending,Pending,Pending,Pending,Pending,HOLD,Real source-linked everyday-car candidate; licence and visual GLB checks are still required.
e4e2dd5d07ee43f9a85891142329274a,PRIORITY A,First QC queue,Mercedes-Benz,A Class,Mercedes Benz E Class Estate 2021,2021,,,Estate,1448191,12,85,1,1,,,Pending live-page verification,NOT VERIFIED — do not publish commercially until the live licence is checked,https://sketchfab.com/models/e4e2dd5d07ee43f9a85891142329274a,https://sketchfab.com/models/e4e2dd5d07ee43f9a85891142329274a/download,Original V3,YES,Pending,Pending,Pending,Pending,Pending,Pending,HOLD,Real source-linked everyday-car candidate; licence and visual GLB checks are still required.
1f1dfa0adfc943039d3870a5b958f069,PRIORITY A,First QC queue,Mercedes-Benz,Eqe 350+,Mercedes Benz EQE AMG,,,,Hatchback/Car,1099820,144,83,1,1,,,Pending live-page verification,NOT VERIFIED — do not publish commercially until the live licence is checked,https://sketchfab.com/models/1f1dfa0adfc943039d3870a5b958f069,https://sketchfab.com/models/1f1dfa0adfc943039d3870a5b958f069/download,Original V3,YES,Pending,Pending,Pending,Pending,Pending,Pending,HOLD,Real source-linked everyday-car candidate; licence and visual GLB checks are still required.
573b461cf5cf43daaf33928a6c1b370d,PRIORITY A,First QC queue,Mercedes-Benz,Mercedes Sprinter,Mercedes-benz sprinter,,,,Van,1139910,103,82,1,1,,,Pending live-page verification,NOT VERIFIED — do not publish commercially until the live licence is checked,https://sketchfab.com/3d-models/573b461cf5cf43daaf33928a6c1b370d,https://sketchfab.com/models/573b461cf5cf43daaf33928a6c1b370d/download,Original V3,YES,Pending,Pending,Pending,Pending,Pending,Pending,HOLD,Real source-linked everyday-car candidate; licence and visual GLB checks are still required.
40fff8615e0842ada6a80acde145d970,PRIORITY A,First QC queue,Mercedes-Benz,Mercedes Sprinter,Mercedes- Benz Sprinter Passenger Van L3H2,,,,Van,1139910,49,80,1,1,,,Pending live-page verification,NOT VERIFIED — do not publish commercially until the live licence is checked,https://sketchfab.com/3d-models/40fff8615e0842ada6a80acde145d970,https://sketchfab.com/models/40fff8615e0842ada6a80acde145d970/download,Original V3,YES,Pending,Pending,Pending,Pending,Pending,Pending,HOLD,Real source-linked everyday-car candidate; licence and visual GLB checks are still required.
70596b30b7cf4f80a9dd6851fe6c5de1,PRIORITY B,Manual metadata/visual review,Mercedes-Benz,Mercedes Sprinter,Mercedes-Benz Sprinter,,,,Van,576240,11,77,1,1,,,Pending live-page verification,NOT VERIFIED — do not publish commercially until the live licence is checked,https://sketchfab.com/3d-models/70596b30b7cf4f80a9dd6851fe6c5de1,https://sketchfab.com/models/70596b30b7cf4f80a9dd6851fe6c5de1/download,Original V3,YES,Pending,Pending,Pending,Pending,Pending,Pending,HOLD,Real source-linked everyday-car candidate; licence and visual GLB checks are still required.
b8ed493c5f7d4a90a9db8ebe10c43fe5,PRIORITY B,Manual metadata/visual review,Mercedes-Benz,Mercedes Sprinter,Mercedes Sprinter,,,,Van,1626870,8,77,1,1,,,Pending live-page verification,NOT VERIFIED — do not publish commercially until the live licence is checked,https://sketchfab.com/3d-models/b8ed493c5f7d4a90a9db8ebe10c43fe5,https://sketchfab.com/models/b8ed493c5f7d4a90a9db8ebe10c43fe5/download,Original V3,YES,Pending,Pending,Pending,Pending,Pending,Pending,HOLD,Real source-linked everyday-car candidate; licence and visual GLB checks are still required.
fe704a2aa87a4921990d4973a6eef36d,PRIORITY A,First QC queue,Mercedes-Benz,Mercedes Vito,Mercedes Vito Utility Car,,,,Van,550378,41,80,1,1,,,Pending live-page verification,NOT VERIFIED — do not publish commercially until the live licence is checked,https://sketchfab.com/3d-models/fe704a2aa87a4921990d4973a6eef36d,https://sketchfab.com/models/fe704a2aa87a4921990d4973a6eef36d/download,Original V3,YES,Pending,Pending,Pending,Pending,Pending,Pending,HOLD,Real source-linked everyday-car candidate; licence and visual GLB checks are still required.
fe729d6dcb7f4e65a71cfbf9da2cf7e5,PRIORITY B,Manual metadata/visual review,Mercedes-Benz,Mercedes Vito,Mercedes- Benz Vito,,,,Van,1016000,13,78,1,1,,,Pending live-page verification,NOT VERIFIED — do not publish commercially until the live licence is checked,https://sketchfab.com/3d-models/fe729d6dcb7f4e65a71cfbf9da2cf7e5,https://sketchfab.com/models/fe729d6dcb7f4e65a71cfbf9da2cf7e5/download,Original V3,YES,Pending,Pending,Pending,Pending,Pending,Pending,HOLD,Real source-linked everyday-car candidate; licence and visual GLB checks are still required.
74cbf7c0379b4edaba9db7249552c455,PRIORITY B,Manual metadata/visual review,Mercedes-Benz,Mercedes Vito,Mercedes- Benz Vito Cargo And Passenger Van,,,,Van,2949961,8,68,1,1,,,Pending live-page verification,NOT VERIFIED — do not publish commercially until the live licence is checked,https://sketchfab.com/3d-models/74cbf7c0379b4edaba9db7249552c455,https://sketchfab.com/models/74cbf7c0379b4edaba9db7249552c455/download,Original V3,YES,Pending,Pending,Pending,Pending,Pending,Pending,HOLD,Real source-linked everyday-car candidate; licence and visual GLB checks are still required.
fbbeae0a1a40455896557f6642b31eb5,PRIORITY A,First QC queue,Mercedes-Benz,Mercedes Vito,Mercedes Vito Van 2010 Facelift Short Version,2010,,,Van,528672,22,83,1,1,,,Pending live-page verification,NOT VERIFIED — do not publish commercially until the live licence is checked,https://sketchfab.com/3d-models/fbbeae0a1a40455896557f6642b31eb5,https://sketchfab.com/models/fbbeae0a1a40455896557f6642b31eb5/download,Original V3,YES,Pending,Pending,Pending,Pending,Pending,Pending,HOLD,Real source-linked everyday-car candidate; licence and visual GLB checks are still required.
bfb5e57f522343caa257b75ae5080eaa,PRIORITY B,Manual metadata/visual review,MG,Hs,MG HS Engine,,,,Hatchback/Car,1913678,0,72,1,1,,,Pending live-page verification,NOT VERIFIED — do not publish commercially until the live licence is checked,https://sketchfab.com/models/bfb5e57f522343caa257b75ae5080eaa,https://sketchfab.com/models/bfb5e57f522343caa257b75ae5080eaa/download,Original V3,YES,Pending,Pending,Pending,Pending,Pending,Pending,HOLD,Real source-linked everyday-car candidate; licence and visual GLB checks are still required.
ee2e3b0e1a7b481cb2c08e6fc6d2ed9e,PRIORITY A,First QC queue,MG,MG4,2025 MG MG4 (GLB)(mgmotor.com.mx),2025,,,Hatchback/Car,1065136,13,85,2,1,,,Pending live-page verification,NOT VERIFIED — do not publish commercially until the live licence is checked,https://sketchfab.com/models/ee2e3b0e1a7b481cb2c08e6fc6d2ed9e,https://sketchfab.com/models/ee2e3b0e1a7b481cb2c08e6fc6d2ed9e/download,Original V3,YES,Pending,Pending,Pending,Pending,Pending,Pending,HOLD,Real source-linked everyday-car candidate; licence and visual GLB checks are still required.
32ea46e264c24a97abaf8e543ff89938,PRIORITY B,Manual metadata/visual review,MG,MG5,MG5 Car,,,,Hatchback/Car,149926,14,61,1,1,,,Pending live-page verification,NOT VERIFIED — do not publish commercially until the live licence is checked,https://sketchfab.com/3d-models/32ea46e264c24a97abaf8e543ff89938,https://sketchfab.com/models/32ea46e264c24a97abaf8e543ff89938/download,Original V3,YES,Pending,Pending,Pending,Pending,Pending,Pending,HOLD,Real source-linked everyday-car candidate; licence and visual GLB checks are still required.
3dad9094f76d4a5f99d5dbeb8075ce3c,PRIORITY A,First QC queue,MG,MG5,2025 MG MG5 (GLB)(mgmotor.com.mx),2025,,,Hatchback/Car,802588,5,83,2,1,,,Pending live-page verification,NOT VERIFIED — do not publish commercially until the live licence is checked,https://sketchfab.com/3d-models/3dad9094f76d4a5f99d5dbeb8075ce3c,https://sketchfab.com/models/3dad9094f76d4a5f99d5dbeb8075ce3c/download,Original V3,YES,Pending,Pending,Pending,Pending,Pending,Pending,HOLD,Real source-linked everyday-car candidate; licence and visual GLB checks are still required.
373b2ab7a9ae421a8ff6844b989683f1,PRIORITY B,Manual metadata/visual review,MG,Zs,Mg Astor Zs,,,,Hatchback/Car,587084,1,74,1,1,,,Pending live-page verification,NOT VERIFIED — do not publish commercially until the live licence is checked,https://sketchfab.com/models/373b2ab7a9ae421a8ff6844b989683f1,https://sketchfab.com/models/373b2ab7a9ae421a8ff6844b989683f1/download,Original V3,YES,Pending,Pending,Pending,Pending,Pending,Pending,HOLD,Real source-linked everyday-car candidate; licence and visual GLB checks are still required.
6d622acf6eb745989b338c2960a6f07e,PRIORITY B,Manual metadata/visual review,MG,Zs,mg zs max hybrid+,,,,Hatchback/Car,1101961,0,72,1,1,,,Pending live-page verification,NOT VERIFIED — do not publish commercially until the live licence is checked,https://sketchfab.com/models/6d622acf6eb745989b338c2960a6f07e,https://sketchfab.com/models/6d622acf6eb745989b338c2960a6f07e/download,Original V3,YES,Pending,Pending,Pending,Pending,Pending,Pending,HOLD,Real source-linked everyday-car candidate; licence and visual GLB checks are still required.
bc4c63bbccf8493cb4bc5cc7c27fd27a,PRIORITY A,First QC queue,MG,Zs,2025 MG ZS (GLB)(mgmotor.com.mx),2025,,,Hatchback/Car,1133063,10,84,2,1,,,Pending live-page verification,NOT VERIFIED — do not publish commercially until the live licence is checked,https://sketchfab.com/models/bc4c63bbccf8493cb4bc5cc7c27fd27a,https://sketchfab.com/models/bc4c63bbccf8493cb4bc5cc7c27fd27a/download,Original V3,YES,Pending,Pending,Pending,Pending,Pending,Pending,HOLD,Real source-linked everyday-car candidate; licence and visual GLB checks are still required.
df8879b06e0b4baebfb648f4c13b3bfa,PRIORITY A,First QC queue,MINI,Clubman,Mini Cooper clubman 2011,2011,,,Hatchback/Car,1072196,16,82,1,1,,,Pending live-page verification,NOT VERIFIED — do not publish commercially until the live licence is checked,https://sketchfab.com/models/df8879b06e0b4baebfb648f4c13b3bfa,https://sketchfab.com/models/df8879b06e0b4baebfb648f4c13b3bfa/download,Original V3,YES,Pending,Pending,Pending,Pending,Pending,Pending,HOLD,Real source-linked everyday-car candidate; licence and visual GLB checks are still required.
ad1964e9765f409a839d22cb409ef116,PRIORITY A,First QC queue,MINI,Cooper,Snowy Mini Cooper,2024,,,Hatchback/Car,999023,22,86,1,1,,,Pending live-page verification,NOT VERIFIED — do not publish commercially until the live licence is checked,https://sketchfab.com/models/ad1964e9765f409a839d22cb409ef116,https://sketchfab.com/models/ad1964e9765f409a839d22cb409ef116/download,Original V3,YES,Pending,Pending,Pending,Pending,Pending,Pending,HOLD,Real source-linked everyday-car candidate; licence and visual GLB checks are still required.
d737c705824f4e05acf7f849f9c3dd5e,PRIORITY A,First QC queue,MINI,Cooper,Mini Cooper,2024,,,Hatchback/Car,797937,20,86,1,1,,,Pending live-page verification,NOT VERIFIED — do not publish commercially until the live licence is checked,https://sketchfab.com/models/d737c705824f4e05acf7f849f9c3dd5e,https://sketchfab.com/models/d737c705824f4e05acf7f849f9c3dd5e/download,Original V3,YES,Pending,Pending,Pending,Pending,Pending,Pending,HOLD,Real source-linked everyday-car candidate; licence and visual GLB checks are still required.
928f8c626f5c4b128f1741550f1dd0b4,PRIORITY A,First QC queue,MINI,Cooper,现货出售模型车 （Spot sale mini cooper model car),2024,,,Hatchback/Car,550008,3,82,1,1,,,Pending live-page verification,NOT VERIFIED — do not publish commercially until the live licence is checked,https://sketchfab.com/models/928f8c626f5c4b128f1741550f1dd0b4,https://sketchfab.com/models/928f8c626f5c4b128f1741550f1dd0b4/download,Original V3,YES,Pending,Pending,Pending,Pending,Pending,Pending,HOLD,Real source-linked everyday-car candidate; licence and visual GLB checks are still required.
63e399bbb1a3454cb10728e745b5ce68,PRIORITY B,Manual metadata/visual review,MINI,Cooper,215: Mini Cooper,2024,,,Hatchback/Car,145043,21,69,1,1,,,Pending live-page verification,NOT VERIFIED — do not publish commercially until the live licence is checked,https://sketchfab.com/models/63e399bbb1a3454cb10728e745b5ce68,https://sketchfab.com/models/63e399bbb1a3454cb10728e745b5ce68/download,Original V3,YES,Pending,Pending,Pending,Pending,Pending,Pending,HOLD,Real source-linked everyday-car candidate; licence and visual GLB checks are still required.
d2b857cdbffd42218d36aa9a93be0abd,PRIORITY B,Manual metadata/visual review,MINI,Cooper,10242 MINI Cooper,2024,,,Hatchback/Car,10444261,21,62,1,1,,,Pending live-page verification,NOT VERIFIED — do not publish commercially until the live licence is checked,https://sketchfab.com/models/d2b857cdbffd42218d36aa9a93be0abd,https://sketchfab.com/models/d2b857cdbffd42218d36aa9a93be0abd/download,Original V3,YES,Pending,Pending,Pending,Pending,Pending,Pending,HOLD,Real source-linked everyday-car candidate; licence and visual GLB checks are still required.
2baca439d2494e02b99596014b49ebd3,PRIORITY B,Manual metadata/visual review,MINI,Cooper S Facelift,Mini Cooper S Facelift,,,,Hatchback/Car,110938,116,65,1,1,,,Pending live-page verification,NOT VERIFIED — do not publish commercially until the live licence is checked,https://sketchfab.com/models/2baca439d2494e02b99596014b49ebd3,https://sketchfab.com/models/2baca439d2494e02b99596014b49ebd3/download,Original V3,YES,Pending,Pending,Pending,Pending,Pending,Pending,HOLD,Real source-linked everyday-car candidate; licence and visual GLB checks are still required.
5b7e696453894150bdb594a4770e93a3,PRIORITY B,Manual metadata/visual review,MINI,Cooper S Pre-Facelift,Mini Cooper S Pre-Facelift,,,,Hatchback/Car,475196,100,72,1,1,,,Pending live-page verification,NOT VERIFIED — do not publish commercially until the live licence is checked,https://sketchfab.com/models/5b7e696453894150bdb594a4770e93a3,https://sketchfab.com/models/5b7e696453894150bdb594a4770e93a3/download,Original V3,YES,Pending,Pending,Pending,Pending,Pending,Pending,HOLD,Real source-linked everyday-car candidate; licence and visual GLB checks are still required.
f4eaecb588254bfabf295fedfdf01775,PRIORITY B,Manual metadata/visual review,MINI,Mini Cooper,Mini Cooper S,,,,Hatchback/Car,677504,111,72,1,1,,,Pending live-page verification,NOT VERIFIED — do not publish commercially until the live licence is checked,https://sketchfab.com/3d-models/f4eaecb588254bfabf295fedfdf01775,https://sketchfab.com/models/f4eaecb588254bfabf295fedfdf01775/download,Original V3,YES,Pending,Pending,Pending,Pending,Pending,Pending,HOLD,Real source-linked everyday-car candidate; licence and visual GLB checks are still required.
b8811924cc374416a30c470bae77790c,PRIORITY B,Manual metadata/visual review,MINI,Mini Cooper S,Mini Cooper S,,,,Hatchback/Car,110938,14,61,1,1,,,Pending live-page verification,NOT VERIFIED — do not publish commercially until the live licence is checked,https://sketchfab.com/3d-models/b8811924cc374416a30c470bae77790c,https://sketchfab.com/models/b8811924cc374416a30c470bae77790c/download,Original V3,YES,Pending,Pending,Pending,Pending,Pending,Pending,HOLD,Real source-linked everyday-car candidate; licence and visual GLB checks are still required.
ebe3bf9e2f6a4dd1b45b2822ef90805b,PRIORITY A,First QC queue,MINI,Mini Cooper S,Mini Cooper S convertible 2011,2011,,,Convertible,992588,16,82,1,1,,,Pending live-page verification,NOT VERIFIED — do not publish commercially until the live licence is checked,https://sketchfab.com/3d-models/ebe3bf9e2f6a4dd1b45b2822ef90805b,https://sketchfab.com/models/ebe3bf9e2f6a4dd1b45b2822ef90805b/download,Original V3,YES,Pending,Pending,Pending,Pending,Pending,Pending,HOLD,Real source-linked everyday-car candidate; licence and visual GLB checks are still required.
3091ff12530340f28439106d91e4eff4,PRIORITY A,First QC queue,MINI,Mini Cooper S,Mini_ Cooper_S_clubman_2011,2011,,,Hatchback/Car,1075474,12,82,1,1,,,Pending live-page verification,NOT VERIFIED — do not publish commercially until the live licence is checked,https://sketchfab.com/3d-models/3091ff12530340f28439106d91e4eff4,https://sketchfab.com/models/3091ff12530340f28439106d91e4eff4/download,Original V3,YES,Pending,Pending,Pending,Pending,Pending,Pending,HOLD,Real source-linked everyday-car candidate; licence and visual GLB checks are still required.
6db3d61688174cb5b82f0206e20c004f,PRIORITY A,First QC queue,MINI,Mini Cooper S,Mini Cooper S hardtop 2011,2011,,,Hatchback/Car,991010,12,82,1,1,,,Pending live-page verification,NOT VERIFIED — do not publish commercially until the live licence is checked,https://sketchfab.com/3d-models/6db3d61688174cb5b82f0206e20c004f,https://sketchfab.com/models/6db3d61688174cb5b82f0206e20c004f/download,Original V3,YES,Pending,Pending,Pending,Pending,Pending,Pending,HOLD,Real source-linked everyday-car candidate; licence and visual GLB checks are still required.
bec89391257c426d824a8b0434bbcf6b,PRIORITY B,Manual metadata/visual review,MINI,Mini Cooper S,2014 Mini Cooper S (F56),2014,F56,,Hatchback/Car,128458,80,69,1,1,,,Pending live-page verification,NOT VERIFIED — do not publish commercially until the live licence is checked,https://sketchfab.com/3d-models/bec89391257c426d824a8b0434bbcf6b,https://sketchfab.com/models/bec89391257c426d824a8b0434bbcf6b/download,Original V3,YES,Pending,Pending,Pending,Pending,Pending,Pending,HOLD,Real source-linked everyday-car candidate; licence and visual GLB checks are still required.
9736c16973264883be1e34bbc22d6ef5,PRIORITY B,Manual metadata/visual review,MINI,Mini Countryman,Mini Countryman,,,,Hatchback/Car,1392015,9,77,1,1,,,Pending live-page verification,NOT VERIFIED — do not publish commercially until the live licence is checked,https://sketchfab.com/3d-models/9736c16973264883be1e34bbc22d6ef5,https://sketchfab.com/models/9736c16973264883be1e34bbc22d6ef5/download,Original V3,YES,Pending,Pending,Pending,Pending,Pending,Pending,HOLD,Real source-linked everyday-car candidate; licence and visual GLB checks are still required.
454c3524c39641ac9d55dc91e3b6dfd3,PRIORITY B,Manual metadata/visual review,MINI,Mini Countryman,mini countryman vuiton,,,,Hatchback/Car,735430,66,71,1,1,,,Pending live-page verification,NOT VERIFIED — do not publish commercially until the live licence is checked,https://sketchfab.com/3d-models/454c3524c39641ac9d55dc91e3b6dfd3,https://sketchfab.com/models/454c3524c39641ac9d55dc91e3b6dfd3/download,Original V3,YES,Pending,Pending,Pending,Pending,Pending,Pending,HOLD,Real source-linked everyday-car candidate; licence and visual GLB checks are still required.
92f56f4b54ed4db8baabdf8e6f5d8902,PRIORITY B,Manual metadata/visual review,MINI,MINI Countryman,MINI Cooper Countryman,,,,Hatchback/Car,484900,0,67,1,1,ransome5588,CC BY,Web-verified CC BY,CC BY recorded at collection time — recheck live page and preserve attribution,https://sketchfab.com/3d-models/92f56f4b54ed4db8baabdf8e6f5d8902,https://sketchfab.com/models/92f56f4b54ed4db8baabdf8e6f5d8902/download,New scrape — 29 Jul 2026,YES,Pending,Pending,Pending,Pending,Pending,Pending,HOLD,Real source-linked everyday-car candidate; licence and visual GLB checks are still required.
71e499219de548a7a1be74c237b6a2fb,PRIORITY B,Manual metadata/visual review,MINI,Truck,Mini-Truck,,,,Hatchback/Car,153449,14,61,1,1,,,Pending live-page verification,NOT VERIFIED — do not publish commercially until the live licence is checked,https://sketchfab.com/models/71e499219de548a7a1be74c237b6a2fb,https://huggingface.co/datasets/allenai/objaverse/resolve/main/glbs/71/71e499219de548a7a1be74c237b6a2fb.glb,Original V3,YES,Pending,Pending,Pending,Pending,Pending,Pending,HOLD,Real source-linked everyday-car candidate; licence and visual GLB checks are still required.
79304f5b3fd342ad812cd584695ebbad,PRIORITY A,First QC queue,Mitsubishi,Mitsubishi ASX,Mitsubishi ASX,,,,Hatchback/Car,712534,31,80,1,1,,,Pending live-page verification,NOT VERIFIED — do not publish commercially until the live licence is checked,https://sketchfab.com/3d-models/79304f5b3fd342ad812cd584695ebbad,https://sketchfab.com/models/79304f5b3fd342ad812cd584695ebbad/download,Original V3,YES,Pending,Pending,Pending,Pending,Pending,Pending,HOLD,Real source-linked everyday-car candidate; licence and visual GLB checks are still required.
b654aeee32064a3ca3b4693fa65bb09a,PRIORITY B,Manual metadata/visual review,Mitsubishi,Mitsubishi ASX,Mitsubishi ASX MK1 2010,2010,Mk1,,Hatchback/Car,970334,4,79,1,1,,,Pending live-page verification,NOT VERIFIED — do not publish commercially until the live licence is checked,https://sketchfab.com/3d-models/b654aeee32064a3ca3b4693fa65bb09a,https://sketchfab.com/models/b654aeee32064a3ca3b4693fa65bb09a/download,Original V3,YES,Pending,Pending,Pending,Pending,Pending,Pending,HOLD,Real source-linked everyday-car candidate; licence and visual GLB checks are still required.
e54c0d1506d744caa25177b935c7c6d6,PRIORITY A,First QC queue,Mitsubishi,Mitsubishi ASX,Mitsubishi ASX 2011,2011,,,Hatchback/Car,1293060,19,83,1,1,,,Pending live-page verification,NOT VERIFIED — do not publish commercially until the live licence is checked,https://sketchfab.com/3d-models/e54c0d1506d744caa25177b935c7c6d6,https://sketchfab.com/models/e54c0d1506d744caa25177b935c7c6d6/download,Original V3,YES,Pending,Pending,Pending,Pending,Pending,Pending,HOLD,Real source-linked everyday-car candidate; licence and visual GLB checks are still required.
b54ff4c6fe2c4316a34912ed2c5b0e35,PRIORITY B,Manual metadata/visual review,Mitsubishi,Mitsubishi ASX,Mitsubishi ASX 2011,2011,,,Hatchback/Car,1498054,2,78,1,1,,,Pending live-page verification,NOT VERIFIED — do not publish commercially until the live licence is checked,https://sketchfab.com/3d-models/b54ff4c6fe2c4316a34912ed2c5b0e35,https://sketchfab.com/models/b54ff4c6fe2c4316a34912ed2c5b0e35/download,Original V3,YES,Pending,Pending,Pending,Pending,Pending,Pending,HOLD,Real source-linked everyday-car candidate; licence and visual GLB checks are still required.
976be06a80ed4dcc8dfa734852e72133,PRIORITY B,Manual metadata/visual review,Mitsubishi,Mitsubishi Colt,Mitsubishi Colt 3door,,,,Hatchback/Car,1243162,7,77,1,1,,,Pending live-page verification,NOT VERIFIED — do not publish commercially until the live licence is checked,https://sketchfab.com/3d-models/976be06a80ed4dcc8dfa734852e72133,https://sketchfab.com/models/976be06a80ed4dcc8dfa734852e72133/download,Original V3,YES,Pending,Pending,Pending,Pending,Pending,Pending,HOLD,Real source-linked everyday-car candidate; licence and visual GLB checks are still required.
36c8a440a7774282a48ddf737be39b57,PRIORITY B,Manual metadata/visual review,Mitsubishi,Mitsubishi Colt,Mitsubishi_Colt_(Mk3)_(1000F)_3door_1966,1966,Mk3,,Hatchback/Car,992339,19,77,1,1,,,Pending live-page verification,NOT VERIFIED — do not publish commercially until the live licence is checked,https://sketchfab.com/3d-models/36c8a440a7774282a48ddf737be39b57,https://sketchfab.com/models/36c8a440a7774282a48ddf737be39b57/download,Original V3,YES,Pending,Pending,Pending,Pending,Pending,Pending,HOLD,Real source-linked everyday-car candidate; licence and visual GLB checks are still required.
0e8fa443b40b42f1a9f728430d26736f,PRIORITY B,Manual metadata/visual review,Mitsubishi,Mitsubishi Eclipse Cross,Mitsubishi Eclipse Cross Facelift,,,,Hatchback/Car,1559678,5,76,1,1,,,Pending live-page verification,NOT VERIFIED — do not publish commercially until the live licence is checked,https://sketchfab.com/3d-models/0e8fa443b40b42f1a9f728430d26736f,https://sketchfab.com/models/0e8fa443b40b42f1a9f728430d26736f/download,Original V3,YES,Pending,Pending,Pending,Pending,Pending,Pending,HOLD,Real source-linked everyday-car candidate; licence and visual GLB checks are still required.
a822140947d44b6896d9408a618d60d3,PRIORITY A,First QC queue,Mitsubishi,Mitsubishi Eclipse Cross,2024 Mitsubishi Eclipse Cross GLX,2024,,,Hatchback/Car,945501,86,89,1,1,,,Pending live-page verification,NOT VERIFIED — do not publish commercially until the live licence is checked,https://sketchfab.com/3d-models/a822140947d44b6896d9408a618d60d3,https://sketchfab.com/models/a822140947d44b6896d9408a618d60d3/download,Original V3,YES,Pending,Pending,Pending,Pending,Pending,Pending,HOLD,Real source-linked everyday-car candidate; licence and visual GLB checks are still required.
6dbaa348dbe84df991f1890559a2f16b,PRIORITY B,Manual metadata/visual review,Mitsubishi,Mitsubishi Eclipse Cross PHEV,2022 Mitsubishi Eclipse Cross PHEV,2022,,,Hatchback/Car,459552,8,74,1,1,,,Pending live-page verification,NOT VERIFIED — do not publish commercially until the live licence is checked,https://sketchfab.com/models/6dbaa348dbe84df991f1890559a2f16b,https://sketchfab.com/models/6dbaa348dbe84df991f1890559a2f16b/download,Original V3,YES,Pending,Pending,Pending,Pending,Pending,Pending,HOLD,Real source-linked everyday-car candidate; licence and visual GLB checks are still required.
eb59fdf7593f42d99c7c96bc85381657,PRIORITY A,First QC queue,Mitsubishi,Mitsubishi Galant,Mitsubishi Galant 8,,,,Hatchback/Car,2318112,39,80,1,1,,,Pending live-page verification,NOT VERIFIED — do not publish commercially until the live licence is checked,https://sketchfab.com/3d-models/eb59fdf7593f42d99c7c96bc85381657,https://sketchfab.com/models/eb59fdf7593f42d99c7c96bc85381657/download,Original V3,YES,Pending,Pending,Pending,Pending,Pending,Pending,HOLD,Real source-linked everyday-car candidate; licence and visual GLB checks are still required.
392afed23f6f41c8a4fe7710d1386255,PRIORITY B,Manual metadata/visual review,Mitsubishi,Mitsubishi I MiEV,2010 Mitsubishi I MiEV,2010,,,Hatchback/Car,123373,20,66,1,1,,,Pending live-page verification,NOT VERIFIED — do not publish commercially until the live licence is checked,https://sketchfab.com/models/392afed23f6f41c8a4fe7710d1386255,https://sketchfab.com/models/392afed23f6f41c8a4fe7710d1386255/download,Original V3,YES,Pending,Pending,Pending,Pending,Pending,Pending,HOLD,Real source-linked everyday-car candidate; licence and visual GLB checks are still required.
07d7cfcb32ee41868dbc56f535cd90be,PRIORITY B,Manual metadata/visual review,Mitsubishi,Mitsubishi L200,MITSUBISHI L200,,,,Pickup,1422584,15,78,1,1,,,Pending live-page verification,NOT VERIFIED — do not publish commercially until the live licence is checked,https://sketchfab.com/3d-models/07d7cfcb32ee41868dbc56f535cd90be,https://sketchfab.com/models/07d7cfcb32ee41868dbc56f535cd90be/download,Original V3,YES,Pending,Pending,Pending,Pending,Pending,Pending,HOLD,Real source-linked everyday-car candidate; licence and visual GLB checks are still required.
581a818cfa75464f84c6b12e62c8622b,PRIORITY B,Manual metadata/visual review,Mitsubishi,Mitsubishi L200,Red Mitsubishi L200 Warrior Pickup,,,,Pickup,1109119,2,74,1,1,,,Pending live-page verification,NOT VERIFIED — do not publish commercially until the live licence is checked,https://sketchfab.com/3d-models/581a818cfa75464f84c6b12e62c8622b,https://sketchfab.com/models/581a818cfa75464f84c6b12e62c8622b/download,Original V3,YES,Pending,Pending,Pending,Pending,Pending,Pending,HOLD,Real source-linked everyday-car candidate; licence and visual GLB checks are still required.
791e2a95efa749e292b5d5534ae8410a,PRIORITY B,Manual metadata/visual review,Mitsubishi,Mitsubishi L200,Mitsubishi L200 Racer,,,,Pickup,134228,3,58,1,1,,,Pending live-page verification,NOT VERIFIED — do not publish commercially until the live licence is checked,https://sketchfab.com/3d-models/791e2a95efa749e292b5d5534ae8410a,https://sketchfab.com/models/791e2a95efa749e292b5d5534ae8410a/download,Original V3,YES,Pending,Pending,Pending,Pending,Pending,Pending,HOLD,Real source-linked everyday-car candidate; licence and visual GLB checks are still required.
44f9bd3fedfa4b48bb9970da1953fc0e,PRIORITY B,Manual metadata/visual review,Mitsubishi,Mitsubishi L200,Mitsubishi L200 Triton Athlete 2024,2024,,,Pickup,453018,16,75,1,1,,,Pending live-page verification,NOT VERIFIED — do not publish commercially until the live licence is checked,https://sketchfab.com/3d-models/44f9bd3fedfa4b48bb9970da1953fc0e,https://sketchfab.com/models/44f9bd3fedfa4b48bb9970da1953fc0e/download,Original V3,YES,Pending,Pending,Pending,Pending,Pending,Pending,HOLD,Real source-linked everyday-car candidate; licence and visual GLB checks are still required.
e58605ccf0ef4592aff37141a1ad8b65,PRIORITY B,Manual metadata/visual review,Mitsubishi,Mitsubishi Outlander,Mitsubishi Outlander GT,,,,Hatchback/Car,1637947,13,78,1,1,,,Pending live-page verification,NOT VERIFIED — do not publish commercially until the live licence is checked,https://sketchfab.com/3d-models/e58605ccf0ef4592aff37141a1ad8b65,https://sketchfab.com/models/e58605ccf0ef4592aff37141a1ad8b65/download,Original V3,YES,Pending,Pending,Pending,Pending,Pending,Pending,HOLD,Real source-linked everyday-car candidate; licence and visual GLB checks are still required.
ac884399355b4c9c91eeded016a88297,PRIORITY B,Manual metadata/visual review,Mitsubishi,Mitsubishi Outlander,2003 Mitsubishi Outlander,2003,,,Hatchback/Car,196037,4,59,1,1,,,Pending live-page verification,NOT VERIFIED — do not publish commercially until the live licence is checked,https://sketchfab.com/3d-models/ac884399355b4c9c91eeded016a88297,https://sketchfab.com/models/ac884399355b4c9c91eeded016a88297/download,Original V3,YES,Pending,Pending,Pending,Pending,Pending,Pending,HOLD,Real source-linked everyday-car candidate; licence and visual GLB checks are still required.
06c6e42e5c804f7ca7d25ad4f5bf2b2b,PRIORITY B,Manual metadata/visual review,Mitsubishi,Mitsubishi Outlander,Mitsubishi outlander 2006,2006,,,Hatchback/Car,1684656,1,78,1,1,,,Pending live-page verification,NOT VERIFIED — do not publish commercially until the live licence is checked,https://sketchfab.com/3d-models/06c6e42e5c804f7ca7d25ad4f5bf2b2b,https://sketchfab.com/models/06c6e42e5c804f7ca7d25ad4f5bf2b2b/download,Original V3,YES,Pending,Pending,Pending,Pending,Pending,Pending,HOLD,Real source-linked everyday-car candidate; licence and visual GLB checks are still required.
d20cf86913754f7f900948778278057a,PRIORITY A,First QC queue,Mitsubishi,Mitsubishi Outlander,Mitsubishi Outlander 2016,2016,,,Hatchback/Car,2162330,7,84,1,1,,,Pending live-page verification,NOT VERIFIED — do not publish commercially until the live licence is checked,https://sketchfab.com/3d-models/d20cf86913754f7f900948778278057a,https://sketchfab.com/models/d20cf86913754f7f900948778278057a/download,Original V3,YES,Pending,Pending,Pending,Pending,Pending,Pending,HOLD,Real source-linked everyday-car candidate; licence and visual GLB checks are still required.
bc2dabd5a1454c9f967bdf680102352c,PRIORITY B,Manual metadata/visual review,Mitsubishi,Mitsubishi Outlander,Mitsubishi Outlander 2022,2022,,,Hatchback/Car,439380,13,75,1,1,,,Pending live-page verification,NOT VERIFIED — do not publish commercially until the live licence is checked,https://sketchfab.com/3d-models/bc2dabd5a1454c9f967bdf680102352c,https://sketchfab.com/models/bc2dabd5a1454c9f967bdf680102352c/download,Original V3,YES,Pending,Pending,Pending,Pending,Pending,Pending,HOLD,Real source-linked everyday-car candidate; licence and visual GLB checks are still required.
a63292418bdb4e819ed56e201c53b920,PRIORITY A,First QC queue,Nissan,Juke,Nissan Juke 2011,2011,,,Hatchback/Car,1093383,18,82,1,1,,,Pending live-page verification,NOT VERIFIED — do not publish commercially until the live licence is checked,https://sketchfab.com/3d-models/a63292418bdb4e819ed56e201c53b920,https://sketchfab.com/models/a63292418bdb4e819ed56e201c53b920/download,Original V3,YES,Pending,Pending,Pending,Pending,Pending,Pending,HOLD,Real source-linked everyday-car candidate; licence and visual GLB checks are still required.
c920be4123354359b7c914d8e6669d22,PRIORITY A,First QC queue,Nissan,Juke,Nissan Juke 2020,2020,,,Hatchback/Car,1507186,6,83,1,1,,,Pending live-page verification,NOT VERIFIED — do not publish commercially until the live licence is checked,https://sketchfab.com/3d-models/c920be4123354359b7c914d8e6669d22,https://sketchfab.com/models/c920be4123354359b7c914d8e6669d22/download,Original V3,YES,Pending,Pending,Pending,Pending,Pending,Pending,HOLD,Real source-linked everyday-car candidate; licence and visual GLB checks are still required.
377369b51ded49fda2cb02fd66186d23,PRIORITY B,Manual metadata/visual review,Nissan,Leaf,Nissan Leaf,,,,Hatchback/Car,693518,9,77,1,1,,,Pending live-page verification,NOT VERIFIED — do not publish commercially until the live licence is checked,https://sketchfab.com/3d-models/377369b51ded49fda2cb02fd66186d23,https://sketchfab.com/models/377369b51ded49fda2cb02fd66186d23/download,Original V3,YES,Pending,Pending,Pending,Pending,Pending,Pending,HOLD,Real source-linked everyday-car candidate; licence and visual GLB checks are still required.
6131381c8dd44adabec41e25e2e44842,PRIORITY A,First QC queue,Nissan,Leaf,exmods_nissan_leaf_2022,2022,,,Hatchback/Car,1449615,7,84,1,1,,,Pending live-page verification,NOT VERIFIED — do not publish commercially until the live licence is checked,https://sketchfab.com/3d-models/6131381c8dd44adabec41e25e2e44842,https://sketchfab.com/models/6131381c8dd44adabec41e25e2e44842/download,Original V3,YES,Pending,Pending,Pending,Pending,Pending,Pending,HOLD,Real source-linked everyday-car candidate; licence and visual GLB checks are still required.
dc43dc90417f4a34911445d48bf89da5,PRIORITY B,Manual metadata/visual review,Nissan,Leaf,2023 Nissan Leaf SV Plus,2023,,,Hatchback/Car,104055,76,71,1,1,,,Pending live-page verification,NOT VERIFIED — do not publish commercially until the live licence is checked,https://sketchfab.com/3d-models/dc43dc90417f4a34911445d48bf89da5,https://sketchfab.com/models/dc43dc90417f4a34911445d48bf89da5/download,Original V3,YES,Pending,Pending,Pending,Pending,Pending,Pending,HOLD,Real source-linked everyday-car candidate; licence and visual GLB checks are still required.
4920e8c5856848afb577d8a022fe5980,PRIORITY B,Manual metadata/visual review,Nissan,Micra,Nissan Micra,,,,Hatchback/Car,243857,99,72,1,1,,,Pending live-page verification,NOT VERIFIED — do not publish commercially until the live licence is checked,https://sketchfab.com/3d-models/4920e8c5856848afb577d8a022fe5980,https://sketchfab.com/models/4920e8c5856848afb577d8a022fe5980/download,Original V3,YES,Pending,Pending,Pending,Pending,Pending,Pending,HOLD,Real source-linked everyday-car candidate; licence and visual GLB checks are still required.
6e165390c52b4e32a054180a67e0b2e6,PRIORITY B,Manual metadata/visual review,Nissan,Micra,1982 Nissan Micra,1982,,,Hatchback/Car,897822,51,79,1,1,,,Pending live-page verification,NOT VERIFIED — do not publish commercially until the live licence is checked,https://sketchfab.com/3d-models/6e165390c52b4e32a054180a67e0b2e6,https://sketchfab.com/models/6e165390c52b4e32a054180a67e0b2e6/download,Original V3,YES,Pending,Pending,Pending,Pending,Pending,Pending,HOLD,Real source-linked everyday-car candidate; licence and visual GLB checks are still required.
a646c835325a4a0faf27fced42d10e2b,PRIORITY B,Manual metadata/visual review,Nissan,Micra,Nissan Micra (K10) 1982,1982,K10,,Hatchback/Car,898110,25,77,1,1,,,Pending live-page verification,NOT VERIFIED — do not publish commercially until the live licence is checked,https://sketchfab.com/3d-models/a646c835325a4a0faf27fced42d10e2b,https://sketchfab.com/models/a646c835325a4a0faf27fced42d10e2b/download,Original V3,YES,Pending,Pending,Pending,Pending,Pending,Pending,HOLD,Real source-linked everyday-car candidate; licence and visual GLB checks are still required.
44e16c3ad2c14349b1596f3b1c6e4b37,PRIORITY B,Manual metadata/visual review,Nissan,Navara,Nissan Navara 2017,2017,,,Pickup,311268,34,77,1,1,,,Pending live-page verification,NOT VERIFIED — do not publish commercially until the live licence is checked,https://sketchfab.com/3d-models/44e16c3ad2c14349b1596f3b1c6e4b37,https://sketchfab.com/models/44e16c3ad2c14349b1596f3b1c6e4b37/download,Original V3,YES,Pending,Pending,Pending,Pending,Pending,Pending,HOLD,Real source-linked everyday-car candidate; licence and visual GLB checks are still required.
62cb9919523947caa4cdef27da902d04,PRIORITY B,Manual metadata/visual review,Nissan,Nissan Juke,Nissan Juke,,,,Hatchback/Car,355400,49,75,1,1,mamont nikita,CC BY,Web-verified CC BY,CC BY recorded at collection time — recheck live page and preserve attribution,https://sketchfab.com/3d-models/62cb9919523947caa4cdef27da902d04,https://sketchfab.com/models/62cb9919523947caa4cdef27da902d04/download,New scrape — 29 Jul 2026,YES,Pending,Pending,Pending,Pending,Pending,Pending,HOLD,Real source-linked everyday-car candidate; licence and visual GLB checks are still required.
de76d5100906451bb09eed0011e900c2,PRIORITY B,Manual metadata/visual review,Nissan,Nissan Juke,nissan juke,,,,Hatchback/Car,1540697,3,75,1,1,,,Pending live-page verification,NOT VERIFIED — do not publish commercially until the live licence is checked,https://sketchfab.com/3d-models/de76d5100906451bb09eed0011e900c2,https://sketchfab.com/models/de76d5100906451bb09eed0011e900c2/download,Original V3,YES,Pending,Pending,Pending,Pending,Pending,Pending,HOLD,Real source-linked everyday-car candidate; licence and visual GLB checks are still required.
106e353be6f947a89a13c2b9f6e792a9,PRIORITY A,First QC queue,Nissan,Nissan Juke,2022 Nissan Juke,2022,,,Hatchback/Car,706638,15,85,1,1,,,Pending live-page verification,NOT VERIFIED — do not publish commercially until the live licence is checked,https://sketchfab.com/3d-models/106e353be6f947a89a13c2b9f6e792a9,https://sketchfab.com/models/106e353be6f947a89a13c2b9f6e792a9/download,Original V3,YES,Pending,Pending,Pending,Pending,Pending,Pending,HOLD,Real source-linked everyday-car candidate; licence and visual GLB checks are still required.
27160fcef85548a580353a9178a6b6f1,PRIORITY B,Manual metadata/visual review,Nissan,Nissan Leaf,Nissan Leaf MK1 ZE0 2010-2017,2010–2017,"Mk1, ZE0",,Hatchback/Car,118200,6,68,1,1,Merc_TV,CC BY,Web-verified CC BY,CC BY recorded at collection time — recheck live page and preserve attribution,https://sketchfab.com/3d-models/27160fcef85548a580353a9178a6b6f1,https://sketchfab.com/models/27160fcef85548a580353a9178a6b6f1/download,New scrape — 29 Jul 2026,YES,Pending,Pending,Pending,Pending,Pending,Pending,HOLD,Real source-linked everyday-car candidate; licence and visual GLB checks are still required.
424e21ec6667481eb86a7faf59061843,PRIORITY A,First QC queue,Nissan,Nissan Leaf,Nissan Leaf 2018,2018,,,Hatchback/Car,354500,18,80,1,1,yokada000,CC BY,Web-verified CC BY,CC BY recorded at collection time — recheck live page and preserve attribution,https://sketchfab.com/3d-models/424e21ec6667481eb86a7faf59061843,https://sketchfab.com/models/424e21ec6667481eb86a7faf59061843/download,New scrape — 29 Jul 2026,YES,Pending,Pending,Pending,Pending,Pending,Pending,HOLD,Real source-linked everyday-car candidate; licence and visual GLB checks are still required.
1f276cfbcddd4fa09a962c9926ba8292,PRIORITY B,Manual metadata/visual review,Nissan,Nissan Micra,Nissan Micra March,,,,Hatchback/Car,841794,7,77,1,1,,,Pending live-page verification,NOT VERIFIED — do not publish commercially until the live licence is checked,https://sketchfab.com/3d-models/1f276cfbcddd4fa09a962c9926ba8292,https://sketchfab.com/models/1f276cfbcddd4fa09a962c9926ba8292/download,Original V3,YES,Pending,Pending,Pending,Pending,Pending,Pending,HOLD,Real source-linked everyday-car candidate; licence and visual GLB checks are still required.
c04f1291e3ef41c19d4cecd0249eb4d9,PRIORITY B,Manual metadata/visual review,Nissan,Nissan Micra,Nissan micra k10 super s,,K10,,Hatchback/Car,782361,4,75,1,1,,,Pending live-page verification,NOT VERIFIED — do not publish commercially until the live licence is checked,https://sketchfab.com/3d-models/c04f1291e3ef41c19d4cecd0249eb4d9,https://sketchfab.com/models/c04f1291e3ef41c19d4cecd0249eb4d9/download,Original V3,YES,Pending,Pending,Pending,Pending,Pending,Pending,HOLD,Real source-linked everyday-car candidate; licence and visual GLB checks are still required.
06775c9afe5a42e5827e96db5d0e07f4,PRIORITY B,Manual metadata/visual review,Nissan,Nissan Micra,Nissan Micra,,,,Hatchback/Car,150000,32,68,1,1,Ahmet Sekerci,CC BY,Web-verified CC BY,CC BY recorded at collection time — recheck live page and preserve attribution,https://sketchfab.com/3d-models/06775c9afe5a42e5827e96db5d0e07f4,https://sketchfab.com/models/06775c9afe5a42e5827e96db5d0e07f4/download,New scrape — 29 Jul 2026,YES,Pending,Pending,Pending,Pending,Pending,Pending,HOLD,Real source-linked everyday-car candidate; licence and visual GLB checks are still required.
d59c474d37894f75bd74a7487215cce7,PRIORITY B,Manual metadata/visual review,Nissan,Nissan Micra,Nissan Micra K13 2010-2018,2010–2018,K13,,Hatchback/Car,120500,6,68,1,1,Merc_TV,CC BY,Web-verified CC BY,CC BY recorded at collection time — recheck live page and preserve attribution,https://sketchfab.com/3d-models/d59c474d37894f75bd74a7487215cce7,https://sketchfab.com/models/d59c474d37894f75bd74a7487215cce7/download,New scrape — 29 Jul 2026,YES,Pending,Pending,Pending,Pending,Pending,Pending,HOLD,Real source-linked everyday-car candidate; licence and visual GLB checks are still required.
66aa00a8fd2c44498d1541c399df3673,PRIORITY B,Manual metadata/visual review,Nissan,Nissan Micra,Nissan Micra,2017,,,Hatchback/Car,87100,56,49,1,1,Nissan France,CC BY,Web-verified CC BY,CC BY recorded at collection time — recheck live page and preserve attribution,https://sketchfab.com/3d-models/66aa00a8fd2c44498d1541c399df3673,https://sketchfab.com/models/66aa00a8fd2c44498d1541c399df3673/download,New scrape — 29 Jul 2026,YES,Pending,Pending,Pending,Pending,Pending,Pending,HOLD,Real source-linked everyday-car candidate; licence and visual GLB checks are still required.
2a877fdf866b4dbb8b0aa4dd9ef2319d,PRIORITY A,First QC queue,Nissan,Nissan Navara,Nissan Navara 2021 Calibre E,2021,,,Pickup,612990,188,90,1,1,,,Pending live-page verification,NOT VERIFIED — do not publish commercially until the live licence is checked,https://sketchfab.com/3d-models/2a877fdf866b4dbb8b0aa4dd9ef2319d,https://sketchfab.com/models/2a877fdf866b4dbb8b0aa4dd9ef2319d/download,Original V3,YES,Pending,Pending,Pending,Pending,Pending,Pending,HOLD,Real source-linked everyday-car candidate; licence and visual GLB checks are still required.
b573901c677843b5b6f99ed0db672fae,PRIORITY A,First QC queue,Nissan,Nissan Navara,Nissan_navara_2021_calibre_e_remix,2021,,,Pickup,612955,1,81,1,1,,,Pending live-page verification,NOT VERIFIED — do not publish commercially until the live licence is checked,https://sketchfab.com/3d-models/b573901c677843b5b6f99ed0db672fae,https://sketchfab.com/models/b573901c677843b5b6f99ed0db672fae/download,Original V3,YES,Pending,Pending,Pending,Pending,Pending,Pending,HOLD,Real source-linked everyday-car candidate; licence and visual GLB checks are still required.
50af2d41e8124857bbe68d168855e4a6,PRIORITY A,First QC queue,Nissan,Nissan Navara,Nissan Navara 2022,2022,,,Pickup,612955,16,85,1,1,,,Pending live-page verification,NOT VERIFIED — do not publish commercially until the live licence is checked,https://sketchfab.com/3d-models/50af2d41e8124857bbe68d168855e4a6,https://sketchfab.com/models/50af2d41e8124857bbe68d168855e4a6/download,Original V3,YES,Pending,Pending,Pending,Pending,Pending,Pending,HOLD,Real source-linked everyday-car candidate; licence and visual GLB checks are still required.
82f0869f92094f7188414f8d1d47f97c,PRIORITY B,Manual metadata/visual review,Nissan,Nissan Qashqai,Nissan Qashqai,,,,Hatchback/Car,161100,1,62,1,1,ColstonJones,CC BY,Web-verified CC BY,CC BY recorded at collection time — recheck live page and preserve attribution,https://sketchfab.com/3d-models/82f0869f92094f7188414f8d1d47f97c,https://sketchfab.com/models/82f0869f92094f7188414f8d1d47f97c/download,New scrape — 29 Jul 2026,YES,Pending,Pending,Pending,Pending,Pending,Pending,HOLD,Real source-linked everyday-car candidate; licence and visual GLB checks are still required.
3c7f36f8e67d43b7b26e901880806503,PRIORITY B,Manual metadata/visual review,Nissan,Nissan Qashqai,2022 Nissan Qashqai,2022,,,Hatchback/Car,451700,10,79,1,1,tonielpro520,CC BY,Web-verified CC BY,CC BY recorded at collection time — recheck live page and preserve attribution,https://sketchfab.com/3d-models/3c7f36f8e67d43b7b26e901880806503,https://sketchfab.com/models/3c7f36f8e67d43b7b26e901880806503/download,New scrape — 29 Jul 2026,YES,Pending,Pending,Pending,Pending,Pending,Pending,HOLD,Real source-linked everyday-car candidate; licence and visual GLB checks are still required.
18af87c9490e4acb80a46b70ca8d86ed,PRIORITY A,First QC queue,Nissan,Nissan Versa Sedan 1.6,2015 Nissan Versa Sedan 1.6,2015,,,Saloon,840747,103,89,1,1,,,Pending live-page verification,NOT VERIFIED — do not publish commercially until the live licence is checked,https://sketchfab.com/models/18af87c9490e4acb80a46b70ca8d86ed,https://sketchfab.com/models/18af87c9490e4acb80a46b70ca8d86ed/download,Original V3,YES,Pending,Pending,Pending,Pending,Pending,Pending,HOLD,Real source-linked everyday-car candidate; licence and visual GLB checks are still required.
d984c799f3c44f19a04ba30afb7b28e0,PRIORITY A,First QC queue,Nissan,NV200,Nissan NV200 2010,2010,,,Van,971586,11,81,1,1,,,Pending live-page verification,NOT VERIFIED — do not publish commercially until the live licence is checked,https://sketchfab.com/models/d984c799f3c44f19a04ba30afb7b28e0,https://sketchfab.com/models/d984c799f3c44f19a04ba30afb7b28e0/download,Original V3,YES,Pending,Pending,Pending,Pending,Pending,Pending,HOLD,Real source-linked everyday-car candidate; licence and visual GLB checks are still required.
d26880a3c5464b87b7a5a67323775947,PRIORITY A,First QC queue,Nissan,Qashqai,Nissan Qashqai 2010,2010,,,Hatchback/Car,1387180,25,83,1,1,,,Pending live-page verification,NOT VERIFIED — do not publish commercially until the live licence is checked,https://sketchfab.com/3d-models/d26880a3c5464b87b7a5a67323775947,https://sketchfab.com/models/d26880a3c5464b87b7a5a67323775947/download,Original V3,YES,Pending,Pending,Pending,Pending,Pending,Pending,HOLD,Real source-linked everyday-car candidate; licence and visual GLB checks are still required.
ef3c5a9808b44b44ac600ad4431b8680,PRIORITY B,Manual metadata/visual review,Nissan,Qashqai,2018 Nissan Qashqai,2018,,,Hatchback/Car,154936,88,72,1,1,,,Pending live-page verification,NOT VERIFIED — do not publish commercially until the live licence is checked,https://sketchfab.com/3d-models/ef3c5a9808b44b44ac600ad4431b8680,https://sketchfab.com/models/ef3c5a9808b44b44ac600ad4431b8680/download,Original V3,YES,Pending,Pending,Pending,Pending,Pending,Pending,HOLD,Real source-linked everyday-car candidate; licence and visual GLB checks are still required.
edbde7324cac4ca0b9b87848e688b7ba,PRIORITY A,First QC queue,Opel,Astra,Opel Astra L,,,,Hatchback/Car,933768,56,81,1,1,,,Pending live-page verification,NOT VERIFIED — do not publish commercially until the live licence is checked,https://sketchfab.com/3d-models/edbde7324cac4ca0b9b87848e688b7ba,https://sketchfab.com/models/edbde7324cac4ca0b9b87848e688b7ba/download,Original V3,YES,Pending,Pending,Pending,Pending,Pending,Pending,HOLD,Real source-linked everyday-car candidate; licence and visual GLB checks are still required.
4ed43519df5243e8b48520968b5edbf6,PRIORITY B,Manual metadata/visual review,Opel,Astra,Opel Astra G Sedan,,,,Saloon,1497058,17,78,1,1,,,Pending live-page verification,NOT VERIFIED — do not publish commercially until the live licence is checked,https://sketchfab.com/3d-models/4ed43519df5243e8b48520968b5edbf6,https://sketchfab.com/models/4ed43519df5243e8b48520968b5edbf6/download,Original V3,YES,Pending,Pending,Pending,Pending,Pending,Pending,HOLD,Real source-linked everyday-car candidate; licence and visual GLB checks are still required.
f3eed38d0b2143889cbc465769e146cc,PRIORITY B,Manual metadata/visual review,Opel,Astra,Opel Astra G,,,,Hatchback/Car,2571979,70,72,1,1,,,Pending live-page verification,NOT VERIFIED — do not publish commercially until the live licence is checked,https://sketchfab.com/3d-models/f3eed38d0b2143889cbc465769e146cc,https://sketchfab.com/models/f3eed38d0b2143889cbc465769e146cc/download,Original V3,YES,Pending,Pending,Pending,Pending,Pending,Pending,HOLD,Real source-linked everyday-car candidate; licence and visual GLB checks are still required.
0c7a50857f8b4302b290a0654f8b2bc7,PRIORITY B,Manual metadata/visual review,Opel,Astra,Opel Astra J Sedan,,,,Saloon,477387,30,69,1,1,,,Pending live-page verification,NOT VERIFIED — do not publish commercially until the live licence is checked,https://sketchfab.com/3d-models/0c7a50857f8b4302b290a0654f8b2bc7,https://sketchfab.com/models/0c7a50857f8b4302b290a0654f8b2bc7/download,Original V3,YES,Pending,Pending,Pending,Pending,Pending,Pending,HOLD,Real source-linked everyday-car candidate; licence and visual GLB checks are still required.
3170502f8c1948f3aea1bda789185e9e,PRIORITY B,Manual metadata/visual review,Opel,Astra,ASTRA EXTREME,,,Extreme,Hatchback/Car,148903,12,61,1,1,,,Pending live-page verification,NOT VERIFIED — do not publish commercially until the live licence is checked,https://sketchfab.com/3d-models/3170502f8c1948f3aea1bda789185e9e,https://sketchfab.com/models/3170502f8c1948f3aea1bda789185e9e/download,Original V3,YES,Pending,Pending,Pending,Pending,Pending,Pending,HOLD,Real source-linked everyday-car candidate; licence and visual GLB checks are still required.
534cb7e473e84a28918c27359ae0bbc3,PRIORITY B,Manual metadata/visual review,Opel,Astra,Opel Astra 3door G Si 1991,1991,,,Hatchback/Car,1006526,10,75,1,1,,,Pending live-page verification,NOT VERIFIED — do not publish commercially until the live licence is checked,https://sketchfab.com/3d-models/534cb7e473e84a28918c27359ae0bbc3,https://sketchfab.com/models/534cb7e473e84a28918c27359ae0bbc3/download,Original V3,YES,Pending,Pending,Pending,Pending,Pending,Pending,HOLD,Real source-linked everyday-car candidate; licence and visual GLB checks are still required.
c46cbd8563314225a655878bbe5ad37e,PRIORITY B,Manual metadata/visual review,Opel,Astra,Opel Astra F 1996 Estate,1996,,,Estate,114132,8,61,1,1,,,Pending live-page verification,NOT VERIFIED — do not publish commercially until the live licence is checked,https://sketchfab.com/3d-models/c46cbd8563314225a655878bbe5ad37e,https://sketchfab.com/models/c46cbd8563314225a655878bbe5ad37e/download,Original V3,YES,Pending,Pending,Pending,Pending,Pending,Pending,HOLD,Real source-linked everyday-car candidate; licence and visual GLB checks are still required.
83801648aa334f5fa23b4b4473649728,PRIORITY A,First QC queue,Opel,Astra,1998 Opel Astra,1998,,,Hatchback/Car,591334,25,80,1,1,,,Pending live-page verification,NOT VERIFIED — do not publish commercially until the live licence is checked,https://sketchfab.com/3d-models/83801648aa334f5fa23b4b4473649728,https://sketchfab.com/models/83801648aa334f5fa23b4b4473649728/download,Original V3,YES,Pending,Pending,Pending,Pending,Pending,Pending,HOLD,Real source-linked everyday-car candidate; licence and visual GLB checks are still required.
90ffb23daea049168975e68b09f9b92d,PRIORITY B,Manual metadata/visual review,Opel,Astra,Opel Astra G 1998-2004,1998–2004,,,Hatchback/Car,495450,10,68,1,1,,,Pending live-page verification,NOT VERIFIED — do not publish commercially until the live licence is checked,https://sketchfab.com/3d-models/90ffb23daea049168975e68b09f9b92d,https://sketchfab.com/models/90ffb23daea049168975e68b09f9b92d/download,Original V3,YES,Pending,Pending,Pending,Pending,Pending,Pending,HOLD,Real source-linked everyday-car candidate; licence and visual GLB checks are still required.
e16d7d7bcafe470babb969538651577d,PRIORITY B,Manual metadata/visual review,Opel,Astra,Opel Astra V8 Coupe DTM 2003,2003,,,Hatchback/Car,186219,19,63,1,1,,,Pending live-page verification,NOT VERIFIED — do not publish commercially until the live licence is checked,https://sketchfab.com/3d-models/e16d7d7bcafe470babb969538651577d,https://sketchfab.com/models/e16d7d7bcafe470babb969538651577d/download,Original V3,YES,Pending,Pending,Pending,Pending,Pending,Pending,HOLD,Real source-linked everyday-car candidate; licence and visual GLB checks are still required.
f71a9f22dce04f11b38b825a1713adb0,PRIORITY B,Manual metadata/visual review,Opel,Astra,2011 Opel Astra Hatchback Adn Tourer,2011,,,Hatchback/Car,2581184,8,72,1,1,,,Pending live-page verification,NOT VERIFIED — do not publish commercially until the live licence is checked,https://sketchfab.com/3d-models/f71a9f22dce04f11b38b825a1713adb0,https://sketchfab.com/models/f71a9f22dce04f11b38b825a1713adb0/download,Original V3,YES,Pending,Pending,Pending,Pending,Pending,Pending,HOLD,Real source-linked everyday-car candidate; licence and visual GLB checks are still required.
4b0de8dc7fe4450d9833daecc860d615,PRIORITY A,First QC queue,Opel,Astra,Opel  Astra GTC 2012,2012,,,Hatchback/Car,891169,10,81,1,1,,,Pending live-page verification,NOT VERIFIED — do not publish commercially until the live licence is checked,https://sketchfab.com/3d-models/4b0de8dc7fe4450d9833daecc860d615,https://sketchfab.com/models/4b0de8dc7fe4450d9833daecc860d615/download,Original V3,YES,Pending,Pending,Pending,Pending,Pending,Pending,HOLD,Real source-linked everyday-car candidate; licence and visual GLB checks are still required.
b40fe26a42ac4a35b4fb62238cbc34c6,PRIORITY A,First QC queue,Opel,Astra,Opel Astra 2020,2020,,,Hatchback/Car,1249532,10,84,1,1,,,Pending live-page verification,NOT VERIFIED — do not publish commercially until the live licence is checked,https://sketchfab.com/3d-models/b40fe26a42ac4a35b4fb62238cbc34c6,https://sketchfab.com/models/b40fe26a42ac4a35b4fb62238cbc34c6/download,Original V3,YES,Pending,Pending,Pending,Pending,Pending,Pending,HOLD,Real source-linked everyday-car candidate; licence and visual GLB checks are still required.
53ade65c92514798bd6d90b1b457a3d1,PRIORITY A,First QC queue,Opel,Astra,Opel Astra Turbo 2022,2022,,,Hatchback/Car,927646,9,84,1,1,,,Pending live-page verification,NOT VERIFIED — do not publish commercially until the live licence is checked,https://sketchfab.com/3d-models/53ade65c92514798bd6d90b1b457a3d1,https://sketchfab.com/models/53ade65c92514798bd6d90b1b457a3d1/download,Original V3,YES,Pending,Pending,Pending,Pending,Pending,Pending,HOLD,Real source-linked everyday-car candidate; licence and visual GLB checks are still required.
f8b0f810a3a748cd993fc99a7fdf1d9d,PRIORITY B,Manual metadata/visual review,Opel,Corsa,Opel E Corsa,,,,Hatchback/Car,1693200,11,77,1,1,,,Pending live-page verification,NOT VERIFIED — do not publish commercially until the live licence is checked,https://sketchfab.com/3d-models/f8b0f810a3a748cd993fc99a7fdf1d9d,https://sketchfab.com/models/f8b0f810a3a748cd993fc99a7fdf1d9d/download,Original V3,YES,Pending,Pending,Pending,Pending,Pending,Pending,HOLD,Real source-linked everyday-car candidate; licence and visual GLB checks are still required.
156090c948f04ca0b5fd32f6ac232ca3,PRIORITY B,Manual metadata/visual review,Opel,Corsa,Opel Corsa 3door,,,,Hatchback/Car,546941,8,77,1,1,,,Pending live-page verification,NOT VERIFIED — do not publish commercially until the live licence is checked,https://sketchfab.com/3d-models/156090c948f04ca0b5fd32f6ac232ca3,https://sketchfab.com/models/156090c948f04ca0b5fd32f6ac232ca3/download,Original V3,YES,Pending,Pending,Pending,Pending,Pending,Pending,HOLD,Real source-linked everyday-car candidate; licence and visual GLB checks are still required.
8041289a5bd94681889a5b87d17b60a9,PRIORITY B,Manual metadata/visual review,Opel,Corsa,Opel Corsa A 3door 1985,1985,,,Hatchback/Car,743750,16,76,1,1,,,Pending live-page verification,NOT VERIFIED — do not publish commercially until the live licence is checked,https://sketchfab.com/3d-models/8041289a5bd94681889a5b87d17b60a9,https://sketchfab.com/models/8041289a5bd94681889a5b87d17b60a9/download,Original V3,YES,Pending,Pending,Pending,Pending,Pending,Pending,HOLD,Real source-linked everyday-car candidate; licence and visual GLB checks are still required.
0bc20308ec8d462cb9d7c596e23510db,PRIORITY A,First QC queue,Opel,Corsa,Opel Corsa B 3- Door 1997-2016,1997–2016,,,Hatchback/Car,707420,4,82,1,1,,,Pending live-page verification,NOT VERIFIED — do not publish commercially until the live licence is checked,https://sketchfab.com/3d-models/0bc20308ec8d462cb9d7c596e23510db,https://sketchfab.com/models/0bc20308ec8d462cb9d7c596e23510db/download,Original V3,YES,Pending,Pending,Pending,Pending,Pending,Pending,HOLD,Real source-linked everyday-car candidate; licence and visual GLB checks are still required.
e79106fd735340a8a295f381ce58e7c8,PRIORITY A,First QC queue,Opel,Corsa,Opel Corsa B 3door 1998,1998,,,Hatchback/Car,707420,20,80,1,1,,,Pending live-page verification,NOT VERIFIED — do not publish commercially until the live licence is checked,https://sketchfab.com/3d-models/e79106fd735340a8a295f381ce58e7c8,https://sketchfab.com/models/e79106fd735340a8a295f381ce58e7c8/download,Original V3,YES,Pending,Pending,Pending,Pending,Pending,Pending,HOLD,Real source-linked everyday-car candidate; licence and visual GLB checks are still required.
82d1344bfa0d481da9c5a7db5a6c6752,PRIORITY B,Manual metadata/visual review,Opel,Corsa,Opel Corsa 5-door D 2006-2014,2006–2014,,,Hatchback/Car,205630,6,70,1,1,,,Pending live-page verification,NOT VERIFIED — do not publish commercially until the live licence is checked,https://sketchfab.com/3d-models/82d1344bfa0d481da9c5a7db5a6c6752,https://sketchfab.com/models/82d1344bfa0d481da9c5a7db5a6c6752/download,Original V3,YES,Pending,Pending,Pending,Pending,Pending,Pending,HOLD,Real source-linked everyday-car candidate; licence and visual GLB checks are still required.
015352c125cf43a88d3e6c6def277b9a,PRIORITY A,First QC queue,Opel,Corsa,Opel Corsa 5door 2011,2011,,,Hatchback/Car,973631,11,81,1,1,,,Pending live-page verification,NOT VERIFIED — do not publish commercially until the live licence is checked,https://sketchfab.com/3d-models/015352c125cf43a88d3e6c6def277b9a,https://sketchfab.com/models/015352c125cf43a88d3e6c6def277b9a/download,Original V3,YES,Pending,Pending,Pending,Pending,Pending,Pending,HOLD,Real source-linked everyday-car candidate; licence and visual GLB checks are still required.
44ac8a85939f4e3089649d4712275886,PRIORITY B,Manual metadata/visual review,Peugeot,206,Peugeot 206,,,,Hatchback/Car,171861,58,64,1,1,,,Pending live-page verification,NOT VERIFIED — do not publish commercially until the live licence is checked,https://sketchfab.com/models/44ac8a85939f4e3089649d4712275886,https://sketchfab.com/models/44ac8a85939f4e3089649d4712275886/download,Original V3,YES,Pending,Pending,Pending,Pending,Pending,Pending,HOLD,Real source-linked everyday-car candidate; licence and visual GLB checks are still required.
e564b1d9486d4c818b97b301303c08bf,PRIORITY A,First QC queue,Peugeot,208,Peugeot 208 3-Door 2012-2019,2012–2019,,,Hatchback/Car,1798779,5,83,1,1,,,Pending live-page verification,NOT VERIFIED — do not publish commercially until the live licence is checked,https://sketchfab.com/models/e564b1d9486d4c818b97b301303c08bf,https://sketchfab.com/models/e564b1d9486d4c818b97b301303c08bf/download,Original V3,YES,Pending,Pending,Pending,Pending,Pending,Pending,HOLD,Real source-linked everyday-car candidate; licence and visual GLB checks are still required.
a4f8becd0740468ca0c12cf403e4a42e,PRIORITY A,First QC queue,Peugeot,208,Peugeot E-208 2020,2020,,,Hatchback/Car,1235567,11,84,1,1,,,Pending live-page verification,NOT VERIFIED — do not publish commercially until the live licence is checked,https://sketchfab.com/models/a4f8becd0740468ca0c12cf403e4a42e,https://sketchfab.com/models/a4f8becd0740468ca0c12cf403e4a42e/download,Original V3,YES,Pending,Pending,Pending,Pending,Pending,Pending,HOLD,Real source-linked everyday-car candidate; licence and visual GLB checks are still required.
8192f18de3d2431197c9e707666212c7,PRIORITY A,First QC queue,Peugeot,508,Peugeot 508,,,,Hatchback/Car,874658,67,81,1,1,,,Pending live-page verification,NOT VERIFIED — do not publish commercially until the live licence is checked,https://sketchfab.com/models/8192f18de3d2431197c9e707666212c7,https://sketchfab.com/models/8192f18de3d2431197c9e707666212c7/download,Original V3,YES,Pending,Pending,Pending,Pending,Pending,Pending,HOLD,Real source-linked everyday-car candidate; licence and visual GLB checks are still required.
403c297a63424f959906043cd6942cee,PRIORITY B,Manual metadata/visual review,Peugeot,Partner,Peugeot Partner Tepee,,,,Van,879334,21,79,1,1,,,Pending live-page verification,NOT VERIFIED — do not publish commercially until the live licence is checked,https://sketchfab.com/models/403c297a63424f959906043cd6942cee,https://sketchfab.com/models/403c297a63424f959906043cd6942cee/download,Original V3,YES,Pending,Pending,Pending,Pending,Pending,Pending,HOLD,Real source-linked everyday-car candidate; licence and visual GLB checks are still required.
cb53a34acb2546fcb3cae6850272b7e3,PRIORITY B,Manual metadata/visual review,Peugeot,Partner,Peugeot Partner Tepee,,,,Van,882276,10,77,1,1,,,Pending live-page verification,NOT VERIFIED — do not publish commercially until the live licence is checked,https://sketchfab.com/models/cb53a34acb2546fcb3cae6850272b7e3,https://sketchfab.com/models/cb53a34acb2546fcb3cae6850272b7e3/download,Original V3,YES,Pending,Pending,Pending,Pending,Pending,Pending,HOLD,Real source-linked everyday-car candidate; licence and visual GLB checks are still required.
02551ea9c21a4e1986435c1252fe977e,PRIORITY A,First QC queue,Peugeot,Partner,Peugeot E Partner SWB 2024,2024,,,Van,1184067,13,85,1,1,,,Pending live-page verification,NOT VERIFIED — do not publish commercially until the live licence is checked,https://sketchfab.com/models/02551ea9c21a4e1986435c1252fe977e,https://sketchfab.com/models/02551ea9c21a4e1986435c1252fe977e/download,Original V3,YES,Pending,Pending,Pending,Pending,Pending,Pending,HOLD,Real source-linked everyday-car candidate; licence and visual GLB checks are still required.
e7fefd93776e4b0e903debb88306961d,PRIORITY B,Manual metadata/visual review,Peugeot,Peugeot 2008,Peugeot 2008 MK1 2013-2019,2008–2019,Mk1,,Hatchback/Car,439200,7,76,1,1,Merc_TV,CC BY,Web-verified CC BY,CC BY recorded at collection time — recheck live page and preserve attribution,https://sketchfab.com/3d-models/e7fefd93776e4b0e903debb88306961d,https://sketchfab.com/models/e7fefd93776e4b0e903debb88306961d/download,New scrape — 29 Jul 2026,YES,Pending,Pending,Pending,Pending,Pending,Pending,HOLD,Real source-linked everyday-car candidate; licence and visual GLB checks are still required.
93efd164d3374295a8ac04c36e329429,PRIORITY A,First QC queue,Peugeot,Peugeot 2008,2020 Peugeot 2008,2008–2020,,,Hatchback/Car,361600,31,82,1,1,David_Holiday,CC BY,Web-verified CC BY,CC BY recorded at collection time — recheck live page and preserve attribution,https://sketchfab.com/3d-models/93efd164d3374295a8ac04c36e329429,https://sketchfab.com/models/93efd164d3374295a8ac04c36e329429/download,New scrape — 29 Jul 2026,YES,Pending,Pending,Pending,Pending,Pending,Pending,HOLD,Real source-linked everyday-car candidate; licence and visual GLB checks are still required.
024e431193264f9cbd566b7a9a38e378,PRIORITY B,Manual metadata/visual review,Peugeot,Peugeot 2008,Peugeot 2008 GT 2020,2008–2020,,,Hatchback/Car,3682396,15,73,1,1,,,Pending live-page verification,NOT VERIFIED — do not publish commercially until the live licence is checked,https://sketchfab.com/3d-models/024e431193264f9cbd566b7a9a38e378,https://sketchfab.com/models/024e431193264f9cbd566b7a9a38e378/download,Original V3,YES,Pending,Pending,Pending,Pending,Pending,Pending,HOLD,Real source-linked everyday-car candidate; licence and visual GLB checks are still required.
dc25a117378545e7a804c8594aa86938,PRIORITY B,Manual metadata/visual review,Peugeot,Peugeot 206,Peugeot 206,,,,Hatchback/Car,491915,96,72,1,1,,,Pending live-page verification,NOT VERIFIED — do not publish commercially until the live licence is checked,https://sketchfab.com/3d-models/dc25a117378545e7a804c8594aa86938,https://sketchfab.com/models/dc25a117378545e7a804c8594aa86938/download,Original V3,YES,Pending,Pending,Pending,Pending,Pending,Pending,HOLD,Real source-linked everyday-car candidate; licence and visual GLB checks are still required.
c3a458884cf7434fa99b2172c96061a4,PRIORITY A,First QC queue,Peugeot,Peugeot 208,2021 Peugeot 208,2021,,,Hatchback/Car,537884,20,86,1,1,,,Pending live-page verification,NOT VERIFIED — do not publish commercially until the live licence is checked,https://sketchfab.com/models/c3a458884cf7434fa99b2172c96061a4,https://sketchfab.com/models/c3a458884cf7434fa99b2172c96061a4/download,Original V3,YES,Pending,Pending,Pending,Pending,Pending,Pending,HOLD,Real source-linked everyday-car candidate; licence and visual GLB checks are still required.
4adec16209e149a99a135f5de6cfbb21,PRIORITY A,First QC queue,Peugeot,Peugeot 3008,Peugeot 3008,,,,Hatchback/Car,843900,9,82,1,1,Nieve5677,CC BY,Web-verified CC BY,CC BY recorded at collection time — recheck live page and preserve attribution,https://sketchfab.com/3d-models/4adec16209e149a99a135f5de6cfbb21,https://sketchfab.com/models/4adec16209e149a99a135f5de6cfbb21/download,New scrape — 29 Jul 2026,YES,Pending,Pending,Pending,Pending,Pending,Pending,HOLD,Real source-linked everyday-car candidate; licence and visual GLB checks are still required.
bba79a151def4dacacb60907a16200df,PRIORITY B,Manual metadata/visual review,Peugeot,Peugeot 3008,Peugeot 3008,,,,Hatchback/Car,1500000,1,79,1,1,Ninormous,CC BY,Web-verified CC BY,CC BY recorded at collection time — recheck live page and preserve attribution,https://sketchfab.com/3d-models/bba79a151def4dacacb60907a16200df,https://sketchfab.com/models/bba79a151def4dacacb60907a16200df/download,New scrape — 29 Jul 2026,YES,Pending,Pending,Pending,Pending,Pending,Pending,HOLD,Real source-linked everyday-car candidate; licence and visual GLB checks are still required.
eb357098ec05483986262ad8eb8ab0cc,PRIORITY B,Manual metadata/visual review,Peugeot,Peugeot 307,2008 Peugeot 307,2008,,,Hatchback/Car,392273,36,74,1,1,,,Pending live-page verification,NOT VERIFIED — do not publish commercially until the live licence is checked,https://sketchfab.com/models/eb357098ec05483986262ad8eb8ab0cc,https://sketchfab.com/models/eb357098ec05483986262ad8eb8ab0cc/download,Original V3,YES,Pending,Pending,Pending,Pending,Pending,Pending,HOLD,Real source-linked everyday-car candidate; licence and visual GLB checks are still required.
ce299e549e594d029577d0b757f3aa87,PRIORITY B,Manual metadata/visual review,Peugeot,Peugeot 308,Peugeot 308 5-Door MK1 2007-2021,2007–2021,Mk1,,Hatchback/Car,248900,15,77,1,1,Merc_TV,CC BY,Web-verified CC BY,CC BY recorded at collection time — recheck live page and preserve attribution,https://sketchfab.com/3d-models/ce299e549e594d029577d0b757f3aa87,https://sketchfab.com/models/ce299e549e594d029577d0b757f3aa87/download,New scrape — 29 Jul 2026,YES,Pending,Pending,Pending,Pending,Pending,Pending,HOLD,Real source-linked everyday-car candidate; licence and visual GLB checks are still required.
2ac96482c96f4416a8523e8768c01bcc,PRIORITY B,Manual metadata/visual review,Peugeot,Peugeot 308,Peugeot 308 MK1 2007-2021,2007–2021,Mk1,,Hatchback/Car,103100,12,70,1,1,Merc_TV,CC BY,Web-verified CC BY,CC BY recorded at collection time — recheck live page and preserve attribution,https://sketchfab.com/3d-models/2ac96482c96f4416a8523e8768c01bcc,https://sketchfab.com/models/2ac96482c96f4416a8523e8768c01bcc/download,New scrape — 29 Jul 2026,YES,Pending,Pending,Pending,Pending,Pending,Pending,HOLD,Real source-linked everyday-car candidate; licence and visual GLB checks are still required.
ca2f79eba4c2483990edc3789f777da0,PRIORITY A,First QC queue,Peugeot,Peugeot 308,Peugeot 308 2012,2012,,,Hatchback/Car,821300,15,87,1,1,Nieve5677,CC BY,Web-verified CC BY,CC BY recorded at collection time — recheck live page and preserve attribution,https://sketchfab.com/3d-models/ca2f79eba4c2483990edc3789f777da0,https://sketchfab.com/models/ca2f79eba4c2483990edc3789f777da0/download,New scrape — 29 Jul 2026,YES,Pending,Pending,Pending,Pending,Pending,Pending,HOLD,Real source-linked everyday-car candidate; licence and visual GLB checks are still required.
0d29517f84ef41168a00304bcb8c2db5,PRIORITY A,First QC queue,Peugeot,Peugeot 308,Peugeot 308 SW 2012,2012,,,Hatchback/Car,842500,14,87,1,1,Nieve5677,CC BY,Web-verified CC BY,CC BY recorded at collection time — recheck live page and preserve attribution,https://sketchfab.com/3d-models/0d29517f84ef41168a00304bcb8c2db5,https://sketchfab.com/models/0d29517f84ef41168a00304bcb8c2db5/download,New scrape — 29 Jul 2026,YES,Pending,Pending,Pending,Pending,Pending,Pending,HOLD,Real source-linked everyday-car candidate; licence and visual GLB checks are still required.
c4bf7012033e47a6b06337d28ea6ce79,PRIORITY A,First QC queue,Peugeot,Peugeot 308,Peugeot 308 CC 2012,2012,,,Hatchback/Car,783000,12,87,1,1,Nieve5677,CC BY,Web-verified CC BY,CC BY recorded at collection time — recheck live page and preserve attribution,https://sketchfab.com/3d-models/c4bf7012033e47a6b06337d28ea6ce79,https://sketchfab.com/models/c4bf7012033e47a6b06337d28ea6ce79/download,New scrape — 29 Jul 2026,YES,Pending,Pending,Pending,Pending,Pending,Pending,HOLD,Real source-linked everyday-car candidate; licence and visual GLB checks are still required.
0d9c9c265bec42678bfc269c1a8cebc3,PRIORITY A,First QC queue,Peugeot,Peugeot 308,2022 | Peugeot 308,2022,,,Hatchback/Car,913136,206,91,1,1,,,Pending live-page verification,NOT VERIFIED — do not publish commercially until the live licence is checked,https://sketchfab.com/3d-models/0d9c9c265bec42678bfc269c1a8cebc3,https://sketchfab.com/models/0d9c9c265bec42678bfc269c1a8cebc3/download,Original V3,YES,Pending,Pending,Pending,Pending,Pending,Pending,HOLD,Real source-linked everyday-car candidate; licence and visual GLB checks are still required.
a558be03c05a4c6c95e950438f9ec401,PRIORITY B,Manual metadata/visual review,Peugeot,Peugeot 407,Peugeot 407,,,,Hatchback/Car,270484,43,70,1,1,,,Pending live-page verification,NOT VERIFIED — do not publish commercially until the live licence is checked,https://sketchfab.com/3d-models/a558be03c05a4c6c95e950438f9ec401,https://sketchfab.com/models/a558be03c05a4c6c95e950438f9ec401/download,Original V3,YES,Pending,Pending,Pending,Pending,Pending,Pending,HOLD,Real source-linked everyday-car candidate; licence and visual GLB checks are still required.
f56111e09ee748e0b8a20bdc3ebc9142,PRIORITY A,First QC queue,Peugeot,Peugeot Boxer,Peugeot Boxer 2020,2020,,,Van,1179079,6,83,1,1,,,Pending live-page verification,NOT VERIFIED — do not publish commercially until the live licence is checked,https://sketchfab.com/3d-models/f56111e09ee748e0b8a20bdc3ebc9142,https://sketchfab.com/models/f56111e09ee748e0b8a20bdc3ebc9142/download,Original V3,YES,Pending,Pending,Pending,Pending,Pending,Pending,HOLD,Real source-linked everyday-car candidate; licence and visual GLB checks are still required.
5f342921b4ff4c929fe17fb1f6b72a8c,PRIORITY A,First QC queue,Peugeot,Peugeot Boxer 435 L4H2,2020 Peugeot Boxer 435 L4H2,2020,,,Van,887864,18,85,1,1,,,Pending live-page verification,NOT VERIFIED — do not publish commercially until the live licence is checked,https://sketchfab.com/models/5f342921b4ff4c929fe17fb1f6b72a8c,https://sketchfab.com/models/5f342921b4ff4c929fe17fb1f6b72a8c/download,Original V3,YES,Pending,Pending,Pending,Pending,Pending,Pending,HOLD,Real source-linked everyday-car candidate; licence and visual GLB checks are still required.
2c5d411dfc9f4255ab03d5005072ccf3,PRIORITY B,Manual metadata/visual review,Polestar,2,Polestar 2,,,,Hatchback/Car,878540,25,79,1,1,,,Pending live-page verification,NOT VERIFIED — do not publish commercially until the live licence is checked,https://sketchfab.com/models/2c5d411dfc9f4255ab03d5005072ccf3,https://sketchfab.com/models/2c5d411dfc9f4255ab03d5005072ccf3/download,Original V3,YES,Pending,Pending,Pending,Pending,Pending,Pending,HOLD,Real source-linked everyday-car candidate; licence and visual GLB checks are still required.
a3fe1afd93bd41cd9b221278deebd585,PRIORITY B,Manual metadata/visual review,Polestar,2,Polestar 2,,,,Hatchback/Car,359411,6,66,1,1,,,Pending live-page verification,NOT VERIFIED — do not publish commercially until the live licence is checked,https://sketchfab.com/models/a3fe1afd93bd41cd9b221278deebd585,https://sketchfab.com/models/a3fe1afd93bd41cd9b221278deebd585/download,Original V3,YES,Pending,Pending,Pending,Pending,Pending,Pending,HOLD,Real source-linked everyday-car candidate; licence and visual GLB checks are still required.
4906786595f04179bc399c2af96260d0,PRIORITY B,Manual metadata/visual review,Polestar,Polestar 2,2020 Polestar 1,2020,,,Hatchback/Car,99051,112,45,1,1,,,Pending live-page verification,NOT VERIFIED — do not publish commercially until the live licence is checked,https://sketchfab.com/3d-models/4906786595f04179bc399c2af96260d0,https://sketchfab.com/models/4906786595f04179bc399c2af96260d0/download,Original V3,YES,Pending,Pending,Pending,Pending,Pending,Pending,HOLD,Real source-linked everyday-car candidate; licence and visual GLB checks are still required.
24f78b3dc6e84fe0b0b2afdb43d547ea,PRIORITY B,Manual metadata/visual review,Polestar,Polestar 2,2020 Polestar 2,2020,,,Hatchback/Car,97084,85,45,1,1,,,Pending live-page verification,NOT VERIFIED — do not publish commercially until the live licence is checked,https://sketchfab.com/3d-models/24f78b3dc6e84fe0b0b2afdb43d547ea,https://sketchfab.com/models/24f78b3dc6e84fe0b0b2afdb43d547ea/download,Original V3,YES,Pending,Pending,Pending,Pending,Pending,Pending,HOLD,Real source-linked everyday-car candidate; licence and visual GLB checks are still required.
6a984d7ebad3463d82312882fb4e6f1f,PRIORITY A,First QC queue,Renault,5,Renault 5,,,,Hatchback/Car,1920456,237,84,1,1,,,Pending live-page verification,NOT VERIFIED — do not publish commercially until the live licence is checked,https://sketchfab.com/models/6a984d7ebad3463d82312882fb4e6f1f,https://sketchfab.com/models/6a984d7ebad3463d82312882fb4e6f1f/download,Original V3,YES,Pending,Pending,Pending,Pending,Pending,Pending,HOLD,Real source-linked everyday-car candidate; licence and visual GLB checks are still required.
91092f81076e4f3cb69fe048093f94a2,PRIORITY B,Manual metadata/visual review,Renault,Kangoo,Renault Kangoo maxi,,,,Hatchback/Car,1270690,3,75,1,1,,,Pending live-page verification,NOT VERIFIED — do not publish commercially until the live licence is checked,https://sketchfab.com/models/91092f81076e4f3cb69fe048093f94a2,https://sketchfab.com/models/91092f81076e4f3cb69fe048093f94a2/download,Original V3,YES,Pending,Pending,Pending,Pending,Pending,Pending,HOLD,Real source-linked everyday-car candidate; licence and visual GLB checks are still required.
456139b53ef24333a9ce35061e548eb2,PRIORITY B,Manual metadata/visual review,Renault,Kangoo,Renault Kangoo Express,,,,Hatchback/Car,1385390,2,74,1,1,,,Pending live-page verification,NOT VERIFIED — do not publish commercially until the live licence is checked,https://sketchfab.com/models/456139b53ef24333a9ce35061e548eb2,https://sketchfab.com/models/456139b53ef24333a9ce35061e548eb2/download,Original V3,YES,Pending,Pending,Pending,Pending,Pending,Pending,HOLD,Real source-linked everyday-car candidate; licence and visual GLB checks are still required.
d96aa1b41936459a83bb2d023bf90d84,PRIORITY A,First QC queue,Renault,Kangoo,Renault Kangoo 2010,2010,,,Hatchback/Car,1128018,25,83,1,1,,,Pending live-page verification,NOT VERIFIED — do not publish commercially until the live licence is checked,https://sketchfab.com/models/d96aa1b41936459a83bb2d023bf90d84,https://sketchfab.com/models/d96aa1b41936459a83bb2d023bf90d84/download,Original V3,YES,Pending,Pending,Pending,Pending,Pending,Pending,HOLD,Real source-linked everyday-car candidate; licence and visual GLB checks are still required.
b41aca99878c4ffb8d7171b1f5df20d5,PRIORITY A,First QC queue,Renault,Kangoo,Renault Kangoo MK2 2011-2021,2011–2021,Mk2,,Hatchback/Car,1006593,7,84,1,1,,,Pending live-page verification,NOT VERIFIED — do not publish commercially until the live licence is checked,https://sketchfab.com/models/b41aca99878c4ffb8d7171b1f5df20d5,https://sketchfab.com/models/b41aca99878c4ffb8d7171b1f5df20d5/download,Original V3,YES,Pending,Pending,Pending,Pending,Pending,Pending,HOLD,Real source-linked everyday-car candidate; licence and visual GLB checks are still required.
0c0d6c54a2424feb95447400a5c5e50e,PRIORITY A,First QC queue,Renault,Megane Sedan,Renault Megane Sedan,,,,Saloon,518238,61,81,1,1,,,Pending live-page verification,NOT VERIFIED — do not publish commercially until the live licence is checked,https://sketchfab.com/models/0c0d6c54a2424feb95447400a5c5e50e,https://sketchfab.com/models/0c0d6c54a2424feb95447400a5c5e50e/download,Original V3,YES,Pending,Pending,Pending,Pending,Pending,Pending,HOLD,Real source-linked everyday-car candidate; licence and visual GLB checks are still required.
5b8f6c12b9f44540a65258d866288ad0,PRIORITY B,Manual metadata/visual review,Renault,Renault 5,Renault Twingo GT,,,,Hatchback/Car,903548,54,71,1,1,,,Pending live-page verification,NOT VERIFIED — do not publish commercially until the live licence is checked,https://sketchfab.com/3d-models/5b8f6c12b9f44540a65258d866288ad0,https://sketchfab.com/models/5b8f6c12b9f44540a65258d866288ad0/download,Original V3,YES,Pending,Pending,Pending,Pending,Pending,Pending,HOLD,Real source-linked everyday-car candidate; licence and visual GLB checks are still required.
f740de1a033b48c69fa8162db99361f5,PRIORITY B,Manual metadata/visual review,Renault,Renault 5,Renault 5 - Médecins de Nuit,,,,Hatchback/Car,1873516,21,69,1,1,,,Pending live-page verification,NOT VERIFIED — do not publish commercially until the live licence is checked,https://sketchfab.com/3d-models/f740de1a033b48c69fa8162db99361f5,https://sketchfab.com/models/f740de1a033b48c69fa8162db99361f5/download,Original V3,YES,Pending,Pending,Pending,Pending,Pending,Pending,HOLD,Real source-linked everyday-car candidate; licence and visual GLB checks are still required.
0e25e7fc073444ea9485f1fae903a0db,PRIORITY A,First QC queue,Renault,Renault Austral,2022 Renault Austral,2022,,,Hatchback/Car,700758,19,86,1,1,,,Pending live-page verification,NOT VERIFIED — do not publish commercially until the live licence is checked,https://sketchfab.com/models/0e25e7fc073444ea9485f1fae903a0db,https://sketchfab.com/models/0e25e7fc073444ea9485f1fae903a0db/download,Original V3,YES,Pending,Pending,Pending,Pending,Pending,Pending,HOLD,Real source-linked everyday-car candidate; licence and visual GLB checks are still required.
2d166ebc096d4cc5bdeef76fb2eb1798,PRIORITY B,Manual metadata/visual review,Renault,Renault Captur,Renault Captur,,,,Hatchback/Car,875510,28,69,1,1,,,Pending live-page verification,NOT VERIFIED — do not publish commercially until the live licence is checked,https://sketchfab.com/3d-models/2d166ebc096d4cc5bdeef76fb2eb1798,https://sketchfab.com/models/2d166ebc096d4cc5bdeef76fb2eb1798/download,Original V3,YES,Pending,Pending,Pending,Pending,Pending,Pending,HOLD,Real source-linked everyday-car candidate; licence and visual GLB checks are still required.
bdf95d3a877141209bd05d5a8c490472,PRIORITY B,Manual metadata/visual review,Renault,Renault Clio,RENAULT CLIO MOSCHINO,,,,Hatchback/Car,161351,24,62,1,1,,,Pending live-page verification,NOT VERIFIED — do not publish commercially until the live licence is checked,https://sketchfab.com/3d-models/bdf95d3a877141209bd05d5a8c490472,https://sketchfab.com/models/bdf95d3a877141209bd05d5a8c490472/download,Original V3,YES,Pending,Pending,Pending,Pending,Pending,Pending,HOLD,Real source-linked everyday-car candidate; licence and visual GLB checks are still required.
1dad7e4438c74f3b8bac1ab72acd78ed,PRIORITY B,Manual metadata/visual review,Renault,Renault Clio,Renault Clio Williams,1993,,,Hatchback/Car,238300,56,74,1,1,Mona x Supercars,CC BY,Web-verified CC BY,CC BY recorded at collection time — recheck live page and preserve attribution,https://sketchfab.com/3d-models/1dad7e4438c74f3b8bac1ab72acd78ed,https://sketchfab.com/models/1dad7e4438c74f3b8bac1ab72acd78ed/download,New scrape — 29 Jul 2026,YES,Pending,Pending,Pending,Pending,Pending,Pending,HOLD,Real source-linked everyday-car candidate; licence and visual GLB checks are still required.
64fecc3c8dbd46d2bd98f41480efcd4a,PRIORITY B,Manual metadata/visual review,Renault,Renault Clio,Renault Clio V6 1998-2012,1998–2012,,,Hatchback/Car,200800,9,73,1,1,Merc_TV,CC BY,Web-verified CC BY,CC BY recorded at collection time — recheck live page and preserve attribution,https://sketchfab.com/3d-models/64fecc3c8dbd46d2bd98f41480efcd4a,https://sketchfab.com/models/64fecc3c8dbd46d2bd98f41480efcd4a/download,New scrape — 29 Jul 2026,YES,Pending,Pending,Pending,Pending,Pending,Pending,HOLD,Real source-linked everyday-car candidate; licence and visual GLB checks are still required.
019225ce59964771902ada64fdf0d89b,PRIORITY B,Manual metadata/visual review,Renault,Renault Clio,2006 Renault Symbol - Clio Sedán - Thalia,2006,,,Saloon,130648,129,70,1,1,,,Pending live-page verification,NOT VERIFIED — do not publish commercially until the live licence is checked,https://sketchfab.com/3d-models/019225ce59964771902ada64fdf0d89b,https://sketchfab.com/models/019225ce59964771902ada64fdf0d89b/download,Original V3,YES,Pending,Pending,Pending,Pending,Pending,Pending,HOLD,Real source-linked everyday-car candidate; licence and visual GLB checks are still required.
c2e8b6dd89b8438aaaf6517f33714ee2,PRIORITY B,Manual metadata/visual review,Renault,Renault Clio,Renault Clio 5door 2010,2010,,,Hatchback/Car,850156,19,73,1,1,,,Pending live-page verification,NOT VERIFIED — do not publish commercially until the live licence is checked,https://sketchfab.com/3d-models/c2e8b6dd89b8438aaaf6517f33714ee2,https://sketchfab.com/models/c2e8b6dd89b8438aaaf6517f33714ee2/download,Original V3,YES,Pending,Pending,Pending,Pending,Pending,Pending,HOLD,Real source-linked everyday-car candidate; licence and visual GLB checks are still required.
4c528fefa4154004bbc6305faf71836c,PRIORITY B,Manual metadata/visual review,Renault,Renault Clio,2020 Renault Clio,2020,,,Hatchback/Car,328579,20,76,1,1,,,Pending live-page verification,NOT VERIFIED — do not publish commercially until the live licence is checked,https://sketchfab.com/models/4c528fefa4154004bbc6305faf71836c,https://sketchfab.com/models/4c528fefa4154004bbc6305faf71836c/download,Original V3,YES,Pending,Pending,Pending,Pending,Pending,Pending,HOLD,Real source-linked everyday-car candidate; licence and visual GLB checks are still required.
a5fe97bea44040dfa25a7082a54073b0,PRIORITY A,First QC queue,Renault,Renault Clio,2023 Renault Clio,2023,,,Hatchback/Car,549664,14,85,1,1,,,Pending live-page verification,NOT VERIFIED — do not publish commercially until the live licence is checked,https://sketchfab.com/models/a5fe97bea44040dfa25a7082a54073b0,https://sketchfab.com/models/a5fe97bea44040dfa25a7082a54073b0/download,Original V3,YES,Pending,Pending,Pending,Pending,Pending,Pending,HOLD,Real source-linked everyday-car candidate; licence and visual GLB checks are still required.
8fbb3a6f3dcc409585cb6d7153b473fb,PRIORITY A,First QC queue,Renault,Renault Clio,2024 Renault Clio,2024,,,Hatchback/Car,549664,11,84,1,1,,,Pending live-page verification,NOT VERIFIED — do not publish commercially until the live licence is checked,https://sketchfab.com/models/8fbb3a6f3dcc409585cb6d7153b473fb,https://sketchfab.com/models/8fbb3a6f3dcc409585cb6d7153b473fb/download,Original V3,YES,Pending,Pending,Pending,Pending,Pending,Pending,HOLD,Real source-linked everyday-car candidate; licence and visual GLB checks are still required.
5556b5741cf24e408dc03396d6d4caee,PRIORITY B,Manual metadata/visual review,Renault,Renault Clio,2024 Renault Clio,2024,,,Hatchback/Car,298100,10,79,1,1,tonielpro520,CC BY,Web-verified CC BY,CC BY recorded at collection time — recheck live page and preserve attribution,https://sketchfab.com/3d-models/5556b5741cf24e408dc03396d6d4caee,https://sketchfab.com/models/5556b5741cf24e408dc03396d6d4caee/download,New scrape — 29 Jul 2026,YES,Pending,Pending,Pending,Pending,Pending,Pending,HOLD,Real source-linked everyday-car candidate; licence and visual GLB checks are still required.
79c11f829b1c4c79b3eb3454d84f0f11,PRIORITY B,Manual metadata/visual review,Renault,Renault Clio,2026 Renault Clio VI,2026,,,Hatchback/Car,498200,1,76,1,1,BMW'S Lost Proxy,CC BY,Web-verified CC BY,CC BY recorded at collection time — recheck live page and preserve attribution,https://sketchfab.com/3d-models/79c11f829b1c4c79b3eb3454d84f0f11,https://sketchfab.com/models/79c11f829b1c4c79b3eb3454d84f0f11/download,New scrape — 29 Jul 2026,YES,Pending,Pending,Pending,Pending,Pending,Pending,HOLD,Real source-linked everyday-car candidate; licence and visual GLB checks are still required.
044137e8a94145c38c1fc7fa1ad41cf5,PRIORITY A,First QC queue,Renault,Renault Koleos,2008 Renault Koleos,2008,,,Hatchback/Car,582857,8,81,1,1,,,Pending live-page verification,NOT VERIFIED — do not publish commercially until the live licence is checked,https://sketchfab.com/models/044137e8a94145c38c1fc7fa1ad41cf5,https://sketchfab.com/models/044137e8a94145c38c1fc7fa1ad41cf5/download,Original V3,YES,Pending,Pending,Pending,Pending,Pending,Pending,HOLD,Real source-linked everyday-car candidate; licence and visual GLB checks are still required.
4773a926871948fca1c5746ffccd1d2e,PRIORITY A,First QC queue,Renault,Renault Koleos,Renault Koleos 2020,2020,,,Hatchback/Car,1326182,10,84,1,1,,,Pending live-page verification,NOT VERIFIED — do not publish commercially until the live licence is checked,https://sketchfab.com/3d-models/4773a926871948fca1c5746ffccd1d2e,https://sketchfab.com/models/4773a926871948fca1c5746ffccd1d2e/download,Original V3,YES,Pending,Pending,Pending,Pending,Pending,Pending,HOLD,Real source-linked everyday-car candidate; licence and visual GLB checks are still required.
b2148d8984144f1a8879ca4352bfccc9,PRIORITY A,First QC queue,Renault,Renault Master,Renault Master Panel Van,,,,Van,1203586,33,80,1,1,,,Pending live-page verification,NOT VERIFIED — do not publish commercially until the live licence is checked,https://sketchfab.com/3d-models/b2148d8984144f1a8879ca4352bfccc9,https://sketchfab.com/models/b2148d8984144f1a8879ca4352bfccc9/download,Original V3,YES,Pending,Pending,Pending,Pending,Pending,Pending,HOLD,Real source-linked everyday-car candidate; licence and visual GLB checks are still required.
0010b5de56814093904fb808ee2fcc55,PRIORITY A,First QC queue,Renault,Renault Master,Renault Master MK3 2014-2024,2014–2024,Mk3,,Van,559420,12,82,1,1,,,Pending live-page verification,NOT VERIFIED — do not publish commercially until the live licence is checked,https://sketchfab.com/3d-models/0010b5de56814093904fb808ee2fcc55,https://sketchfab.com/models/0010b5de56814093904fb808ee2fcc55/download,Original V3,YES,Pending,Pending,Pending,Pending,Pending,Pending,HOLD,Real source-linked everyday-car candidate; licence and visual GLB checks are still required.
05cc13c1dc164022b99e78cb392c97aa,PRIORITY B,Manual metadata/visual review,Renault,Renault Megane,Renault Megane E,,,,Hatchback/Car,325040,20,69,1,1,,,Pending live-page verification,NOT VERIFIED — do not publish commercially until the live licence is checked,https://sketchfab.com/3d-models/05cc13c1dc164022b99e78cb392c97aa,https://sketchfab.com/models/05cc13c1dc164022b99e78cb392c97aa/download,Original V3,YES,Pending,Pending,Pending,Pending,Pending,Pending,HOLD,Real source-linked everyday-car candidate; licence and visual GLB checks are still required.
26e042d8752b44f2b153d89a6b1b61f4,PRIORITY B,Manual metadata/visual review,Renault,Renault Megane,2007 Renault Megane Coupe,2007,,,Hatchback/Car,332213,53,75,1,1,,,Pending live-page verification,NOT VERIFIED — do not publish commercially until the live licence is checked,https://sketchfab.com/3d-models/26e042d8752b44f2b153d89a6b1b61f4,https://sketchfab.com/models/26e042d8752b44f2b153d89a6b1b61f4/download,Original V3,YES,Pending,Pending,Pending,Pending,Pending,Pending,HOLD,Real source-linked everyday-car candidate; licence and visual GLB checks are still required.
0e5443d16a374c349e54f29acdcd7b8f,PRIORITY B,Manual metadata/visual review,Renault,Renault Mégane Grand Tour,2006 Renault Mégane Grand Tour,2006,,,Hatchback/Car,165280,21,66,1,1,,,Pending live-page verification,NOT VERIFIED — do not publish commercially until the live licence is checked,https://sketchfab.com/models/0e5443d16a374c349e54f29acdcd7b8f,https://sketchfab.com/models/0e5443d16a374c349e54f29acdcd7b8f/download,Original V3,YES,Pending,Pending,Pending,Pending,Pending,Pending,HOLD,Real source-linked everyday-car candidate; licence and visual GLB checks are still required.
756e4803bb494e6282c351489d8a1210,PRIORITY B,Manual metadata/visual review,Renault,Renault Scenic,Renault Scenic,,,,Hatchback/Car,1112678,9,77,1,1,,,Pending live-page verification,NOT VERIFIED — do not publish commercially until the live licence is checked,https://sketchfab.com/3d-models/756e4803bb494e6282c351489d8a1210,https://sketchfab.com/models/756e4803bb494e6282c351489d8a1210/download,Original V3,YES,Pending,Pending,Pending,Pending,Pending,Pending,HOLD,Real source-linked everyday-car candidate; licence and visual GLB checks are still required.
db292fc2d0c14d9ba2468e20d55b99f8,PRIORITY B,Manual metadata/visual review,Renault,Renault Trafic,Renault Trafic,,,,Van,1236918,1,74,1,1,,,Pending live-page verification,NOT VERIFIED — do not publish commercially until the live licence is checked,https://sketchfab.com/3d-models/db292fc2d0c14d9ba2468e20d55b99f8,https://sketchfab.com/models/db292fc2d0c14d9ba2468e20d55b99f8/download,Original V3,YES,Pending,Pending,Pending,Pending,Pending,Pending,HOLD,Real source-linked everyday-car candidate; licence and visual GLB checks are still required.
91f48fd2417b4c538d392e4ff50c9542,PRIORITY B,Manual metadata/visual review,Renault,Renault Twingo,renault_twingo_gt,,,,Hatchback/Car,903014,5,76,1,1,,,Pending live-page verification,NOT VERIFIED — do not publish commercially until the live licence is checked,https://sketchfab.com/3d-models/91f48fd2417b4c538d392e4ff50c9542,https://sketchfab.com/models/91f48fd2417b4c538d392e4ff50c9542/download,Original V3,YES,Pending,Pending,Pending,Pending,Pending,Pending,HOLD,Real source-linked everyday-car candidate; licence and visual GLB checks are still required.
151eca03633a4bbf8fbf23df5c7e6ed6,PRIORITY B,Manual metadata/visual review,Renault,Renault Twingo,renault-twingo-gt,,,,Hatchback/Car,903548,3,75,1,1,,,Pending live-page verification,NOT VERIFIED — do not publish commercially until the live licence is checked,https://sketchfab.com/3d-models/151eca03633a4bbf8fbf23df5c7e6ed6,https://sketchfab.com/models/151eca03633a4bbf8fbf23df5c7e6ed6/download,Original V3,YES,Pending,Pending,Pending,Pending,Pending,Pending,HOLD,Real source-linked everyday-car candidate; licence and visual GLB checks are still required.
acaa085398c946e48dad35798615cae4,PRIORITY B,Manual metadata/visual review,Renault,Renault Zoe,Renault Zoe,,,,Hatchback/Car,364769,18,68,1,1,,,Pending live-page verification,NOT VERIFIED — do not publish commercially until the live licence is checked,https://sketchfab.com/3d-models/acaa085398c946e48dad35798615cae4,https://sketchfab.com/models/acaa085398c946e48dad35798615cae4/download,Original V3,YES,Pending,Pending,Pending,Pending,Pending,Pending,HOLD,Real source-linked everyday-car candidate; licence and visual GLB checks are still required.
db2739136a3040e8b888ef2568daf16f,PRIORITY A,First QC queue,SEAT,- Seat Leon,2012-2016 Seat Leon (5F),2012–2016,,,Hatchback/Car,1011104,19,83,1,1,,,Pending live-page verification,NOT VERIFIED — do not publish commercially until the live licence is checked,https://sketchfab.com/models/db2739136a3040e8b888ef2568daf16f,https://sketchfab.com/models/db2739136a3040e8b888ef2568daf16f/download,Original V3,YES,Pending,Pending,Pending,Pending,Pending,Pending,HOLD,Real source-linked everyday-car candidate; licence and visual GLB checks are still required.
c55c4e71eba548989ceeb2713b842f8b,PRIORITY A,First QC queue,SEAT,- Seat Leon,2012 - 2016 Seat Leon (5F),2012–2016,,,Hatchback/Car,1011370,10,81,1,1,,,Pending live-page verification,NOT VERIFIED — do not publish commercially until the live licence is checked,https://sketchfab.com/models/c55c4e71eba548989ceeb2713b842f8b,https://sketchfab.com/models/c55c4e71eba548989ceeb2713b842f8b/download,Original V3,YES,Pending,Pending,Pending,Pending,Pending,Pending,HOLD,Real source-linked everyday-car candidate; licence and visual GLB checks are still required.
23451aa4b51643f5a16b60142ca1bab9,PRIORITY A,First QC queue,SEAT,- Seat Leon SC,2013 - 2016 Seat Leon SC (5F),2013–2016,,,Hatchback/Car,1076592,15,82,1,1,,,Pending live-page verification,NOT VERIFIED — do not publish commercially until the live licence is checked,https://sketchfab.com/models/23451aa4b51643f5a16b60142ca1bab9,https://sketchfab.com/models/23451aa4b51643f5a16b60142ca1bab9/download,Original V3,YES,Pending,Pending,Pending,Pending,Pending,Pending,HOLD,Real source-linked everyday-car candidate; licence and visual GLB checks are still required.
e07be5fe31e74a58b104b00e3f4234b5,PRIORITY A,First QC queue,SEAT,- Seat Leon X-perience,2014 - 2016 Seat Leon X-perience (5F),2014–2016,,,Hatchback/Car,1260539,16,82,1,1,,,Pending live-page verification,NOT VERIFIED — do not publish commercially until the live licence is checked,https://sketchfab.com/models/e07be5fe31e74a58b104b00e3f4234b5,https://sketchfab.com/models/e07be5fe31e74a58b104b00e3f4234b5/download,Original V3,YES,Pending,Pending,Pending,Pending,Pending,Pending,HOLD,Real source-linked everyday-car candidate; licence and visual GLB checks are still required.
6f3022328ab0487b845c2bbacbe293e8,PRIORITY B,Manual metadata/visual review,SEAT,Mii,Seat Mii Electric,,,,Hatchback/Car,1192787,18,78,1,1,,,Pending live-page verification,NOT VERIFIED — do not publish commercially until the live licence is checked,https://sketchfab.com/models/6f3022328ab0487b845c2bbacbe293e8,https://sketchfab.com/models/6f3022328ab0487b845c2bbacbe293e8/download,Original V3,YES,Pending,Pending,Pending,Pending,Pending,Pending,HOLD,Real source-linked everyday-car candidate; licence and visual GLB checks are still required.
340ea656a5784a3988bf26911bb58715,PRIORITY A,First QC queue,SEAT,Seat Arona,2022 Seat Arona,2022,,,Hatchback/Car,1145692,23,86,1,1,,,Pending live-page verification,NOT VERIFIED — do not publish commercially until the live licence is checked,https://sketchfab.com/models/340ea656a5784a3988bf26911bb58715,https://sketchfab.com/models/340ea656a5784a3988bf26911bb58715/download,Original V3,YES,Pending,Pending,Pending,Pending,Pending,Pending,HOLD,Real source-linked everyday-car candidate; licence and visual GLB checks are still required.
2ec1ff7d3e644d4389bc0e24242bec1e,PRIORITY A,First QC queue,SEAT,Seat Ateca,2020 Seat Ateca (5FP),2020,,,Hatchback/Car,1259954,13,85,1,1,,,Pending live-page verification,NOT VERIFIED — do not publish commercially until the live licence is checked,https://sketchfab.com/models/2ec1ff7d3e644d4389bc0e24242bec1e,https://sketchfab.com/models/2ec1ff7d3e644d4389bc0e24242bec1e/download,Original V3,YES,Pending,Pending,Pending,Pending,Pending,Pending,HOLD,Real source-linked everyday-car candidate; licence and visual GLB checks are still required.
9192eb32bbf9468fad06ac222f6ae61a,PRIORITY B,Manual metadata/visual review,SEAT,Seat Ibiza,Seat Ibiza MK3 Cupra 2006,2006,Mk3,,Hatchback/Car,118483,9,64,1,1,,,Pending live-page verification,NOT VERIFIED — do not publish commercially until the live licence is checked,https://sketchfab.com/3d-models/9192eb32bbf9468fad06ac222f6ae61a,https://sketchfab.com/models/9192eb32bbf9468fad06ac222f6ae61a/download,Original V3,YES,Pending,Pending,Pending,Pending,Pending,Pending,HOLD,Real source-linked everyday-car candidate; licence and visual GLB checks are still required.
fec8626c9f0847fa900edfec200d82f9,PRIORITY A,First QC queue,SEAT,SEAT Ibiza,2022 Seat Ibiza FR,2022,,FR,Hatchback/Car,656256,77,88,1,1,,,Pending live-page verification,NOT VERIFIED — do not publish commercially until the live licence is checked,https://sketchfab.com/3d-models/fec8626c9f0847fa900edfec200d82f9,https://sketchfab.com/models/fec8626c9f0847fa900edfec200d82f9/download,Original V3,YES,Pending,Pending,Pending,Pending,Pending,Pending,HOLD,Real source-linked everyday-car candidate; licence and visual GLB checks are still required.
f7f696dbd07645a590e2359ed810141f,PRIORITY A,First QC queue,SEAT,Seat Ibiza,2022 Seat Ibiza,2022,,,Hatchback/Car,1693802,9,84,1,1,,,Pending live-page verification,NOT VERIFIED — do not publish commercially until the live licence is checked,https://sketchfab.com/models/f7f696dbd07645a590e2359ed810141f,https://sketchfab.com/models/f7f696dbd07645a590e2359ed810141f/download,Original V3,YES,Pending,Pending,Pending,Pending,Pending,Pending,HOLD,Real source-linked everyday-car candidate; licence and visual GLB checks are still required.
305895fe4ee349a1923e8fccb3e363a4,PRIORITY A,First QC queue,SEAT,Seat Ibiza St,2012 Seat Ibiza St,2012,,,Hatchback/Car,846992,27,83,1,1,,,Pending live-page verification,NOT VERIFIED — do not publish commercially until the live licence is checked,https://sketchfab.com/models/305895fe4ee349a1923e8fccb3e363a4,https://sketchfab.com/models/305895fe4ee349a1923e8fccb3e363a4/download,Original V3,YES,Pending,Pending,Pending,Pending,Pending,Pending,HOLD,Real source-linked everyday-car candidate; licence and visual GLB checks are still required.
33c4d1f4d53844ba8ae6a59ddb44c2f0,PRIORITY B,Manual metadata/visual review,SEAT,Seat Leon,Car Seat Leon,,,,Hatchback/Car,585026,15,68,1,1,,,Pending live-page verification,NOT VERIFIED — do not publish commercially until the live licence is checked,https://sketchfab.com/3d-models/33c4d1f4d53844ba8ae6a59ddb44c2f0,https://sketchfab.com/models/33c4d1f4d53844ba8ae6a59ddb44c2f0/download,Original V3,YES,Pending,Pending,Pending,Pending,Pending,Pending,HOLD,Real source-linked everyday-car candidate; licence and visual GLB checks are still required.
f6ee13885f2d461d84b9a17a2f36bb47,PRIORITY B,Manual metadata/visual review,SEAT,Seat Leon,SEAT Leon MK1 1996-2006,1996–2006,Mk1,,Hatchback/Car,132400,7,66,1,1,Merc_TV,CC BY,Web-verified CC BY,CC BY recorded at collection time — recheck live page and preserve attribution,https://sketchfab.com/3d-models/f6ee13885f2d461d84b9a17a2f36bb47,https://sketchfab.com/models/f6ee13885f2d461d84b9a17a2f36bb47/download,New scrape — 29 Jul 2026,YES,Pending,Pending,Pending,Pending,Pending,Pending,HOLD,Real source-linked everyday-car candidate; licence and visual GLB checks are still required.
1701d78b9b1f4f598d8238fc26fb5cd3,PRIORITY A,First QC queue,SEAT,SEAT Leon,2022 Seat Leon FR E-Hybrid - 5 Door,2022,,FR,Hatchback/Car,568361,77,88,1,1,,,Pending live-page verification,NOT VERIFIED — do not publish commercially until the live licence is checked,https://sketchfab.com/3d-models/1701d78b9b1f4f598d8238fc26fb5cd3,https://sketchfab.com/models/1701d78b9b1f4f598d8238fc26fb5cd3/download,Original V3,YES,Pending,Pending,Pending,Pending,Pending,Pending,HOLD,Real source-linked everyday-car candidate; licence and visual GLB checks are still required.
bbcbe985ee0c47dfa8615ebf9c1f4ad2,PRIORITY A,First QC queue,SEAT,Seat Leon FR,2022 Seat Leon FR,2022,,FR,Hatchback/Car,1560478,6,83,1,1,,,Pending live-page verification,NOT VERIFIED — do not publish commercially until the live licence is checked,https://sketchfab.com/models/bbcbe985ee0c47dfa8615ebf9c1f4ad2,https://sketchfab.com/models/bbcbe985ee0c47dfa8615ebf9c1f4ad2/download,Original V3,YES,Pending,Pending,Pending,Pending,Pending,Pending,HOLD,Real source-linked everyday-car candidate; licence and visual GLB checks are still required.
135af5331e3d462a82abff8560d03bf0,PRIORITY A,First QC queue,SEAT,Seat Leon Sportstourer,2020 Seat Leon Sportstourer,2020,,,Estate,1353658,6,83,1,1,,,Pending live-page verification,NOT VERIFIED — do not publish commercially until the live licence is checked,https://sketchfab.com/models/135af5331e3d462a82abff8560d03bf0,https://sketchfab.com/models/135af5331e3d462a82abff8560d03bf0/download,Original V3,YES,Pending,Pending,Pending,Pending,Pending,Pending,HOLD,Real source-linked everyday-car candidate; licence and visual GLB checks are still required.
207c89ca4128446c9a135ef2273c6f3b,PRIORITY A,First QC queue,SEAT,Seat Leon Sportstourer FR,2022 Seat Leon Sportstourer FR,2022,,FR,Estate,1593382,9,84,1,1,,,Pending live-page verification,NOT VERIFIED — do not publish commercially until the live licence is checked,https://sketchfab.com/models/207c89ca4128446c9a135ef2273c6f3b,https://sketchfab.com/models/207c89ca4128446c9a135ef2273c6f3b/download,Original V3,YES,Pending,Pending,Pending,Pending,Pending,Pending,HOLD,Real source-linked everyday-car candidate; licence and visual GLB checks are still required.
beac05d369eb4ea0a27a238e4e481690,PRIORITY A,First QC queue,SEAT,Seat Leon St,2019 Seat Leon St,2019,,,Hatchback/Car,1199223,13,85,1,1,,,Pending live-page verification,NOT VERIFIED — do not publish commercially until the live licence is checked,https://sketchfab.com/models/beac05d369eb4ea0a27a238e4e481690,https://sketchfab.com/models/beac05d369eb4ea0a27a238e4e481690/download,Original V3,YES,Pending,Pending,Pending,Pending,Pending,Pending,HOLD,Real source-linked everyday-car candidate; licence and visual GLB checks are still required.
52f9feaf70b44950b5120c659477d4b1,PRIORITY A,First QC queue,SEAT,Seat Leon ST Cupra 280,2015 Seat Leon ST Cupra 280,2015,,,Hatchback/Car,1103915,20,86,1,1,,,Pending live-page verification,NOT VERIFIED — do not publish commercially until the live licence is checked,https://sketchfab.com/models/52f9feaf70b44950b5120c659477d4b1,https://sketchfab.com/models/52f9feaf70b44950b5120c659477d4b1/download,Original V3,YES,Pending,Pending,Pending,Pending,Pending,Pending,HOLD,Real source-linked everyday-car candidate; licence and visual GLB checks are still required.
946b0f8d4c5d427faf3cc8af32e3b2d9,PRIORITY A,First QC queue,SEAT,SEAT Tarraco,2020 Seat Tarraco e-HYBRID,2020,,,Hatchback/Car,587046,44,87,1,1,,,Pending live-page verification,NOT VERIFIED — do not publish commercially until the live licence is checked,https://sketchfab.com/3d-models/946b0f8d4c5d427faf3cc8af32e3b2d9,https://sketchfab.com/models/946b0f8d4c5d427faf3cc8af32e3b2d9/download,Original V3,YES,Pending,Pending,Pending,Pending,Pending,Pending,HOLD,Real source-linked everyday-car candidate; licence and visual GLB checks are still required.
d4c0f9e6e13e4eef817f13d62aa169ec,PRIORITY A,First QC queue,SEAT,Seat Tarraco FR,2021 Seat Tarraco FR,2021,,FR,Hatchback/Car,1262491,18,85,1,1,,,Pending live-page verification,NOT VERIFIED — do not publish commercially until the live licence is checked,https://sketchfab.com/models/d4c0f9e6e13e4eef817f13d62aa169ec,https://sketchfab.com/models/d4c0f9e6e13e4eef817f13d62aa169ec/download,Original V3,YES,Pending,Pending,Pending,Pending,Pending,Pending,HOLD,Real source-linked everyday-car candidate; licence and visual GLB checks are still required.
c8f3913b66fb424486d8507b997aa6d5,PRIORITY A,First QC queue,SEAT,Seat Tarraco FR,2021 Seat Tarraco FR,2021,,FR,Hatchback/Car,1205827,18,85,1,1,,,Pending live-page verification,NOT VERIFIED — do not publish commercially until the live licence is checked,https://sketchfab.com/models/c8f3913b66fb424486d8507b997aa6d5,https://sketchfab.com/models/c8f3913b66fb424486d8507b997aa6d5/download,Original V3,YES,Pending,Pending,Pending,Pending,Pending,Pending,HOLD,Real source-linked everyday-car candidate; licence and visual GLB checks are still required.
fcb5b025fd684177a174cc2cc75743c9,PRIORITY B,Manual metadata/visual review,SEAT,SEAT Toledo,2004 - 2009 Seat Toledo (5P),2004–2009,,,Hatchback/Car,209333,22,70,1,1,,,Pending live-page verification,NOT VERIFIED — do not publish commercially until the live licence is checked,https://sketchfab.com/3d-models/fcb5b025fd684177a174cc2cc75743c9,https://sketchfab.com/models/fcb5b025fd684177a174cc2cc75743c9/download,Original V3,YES,Pending,Pending,Pending,Pending,Pending,Pending,HOLD,Real source-linked everyday-car candidate; licence and visual GLB checks are still required.
08d50bc892fe4df2a0973722bf242e2a,PRIORITY A,First QC queue,Skoda,Octavia,Škoda Octavia Sedan/Combi MK3 2012-2020,2012–2020,Mk3,,Estate,709477,1,81,1,1,,,Pending live-page verification,NOT VERIFIED — do not publish commercially until the live licence is checked,https://sketchfab.com/models/08d50bc892fe4df2a0973722bf242e2a,https://sketchfab.com/models/08d50bc892fe4df2a0973722bf242e2a/download,Original V3,YES,Pending,Pending,Pending,Pending,Pending,Pending,HOLD,Real source-linked everyday-car candidate; licence and visual GLB checks are still required.
1504bfb83b144dfabd8d9b53029692ee,PRIORITY A,First QC queue,Skoda,Octavia,2017 Skoda Octavia Combi,2017,,,Estate,1436707,1,81,1,1,,,Pending live-page verification,NOT VERIFIED — do not publish commercially until the live licence is checked,https://sketchfab.com/models/1504bfb83b144dfabd8d9b53029692ee,https://sketchfab.com/models/1504bfb83b144dfabd8d9b53029692ee/download,Original V3,YES,Pending,Pending,Pending,Pending,Pending,Pending,HOLD,Real source-linked everyday-car candidate; licence and visual GLB checks are still required.
e2e0be2c52994e3bb6cae225f3e7482d,PRIORITY B,Manual metadata/visual review,Skoda,Skoda Fabia,Skoda Fabia Mk.2,,,,Hatchback/Car,628420,12,78,1,1,,,Pending live-page verification,NOT VERIFIED — do not publish commercially until the live licence is checked,https://sketchfab.com/3d-models/e2e0be2c52994e3bb6cae225f3e7482d,https://sketchfab.com/models/e2e0be2c52994e3bb6cae225f3e7482d/download,Original V3,YES,Pending,Pending,Pending,Pending,Pending,Pending,HOLD,Real source-linked everyday-car candidate; licence and visual GLB checks are still required.
6d5c9e83f6434a8ba20ef04ac4597b67,PRIORITY B,Manual metadata/visual review,Skoda,Skoda Fabia,Skoda Fabia,,,,Hatchback/Car,996859,6,76,1,1,,,Pending live-page verification,NOT VERIFIED — do not publish commercially until the live licence is checked,https://sketchfab.com/3d-models/6d5c9e83f6434a8ba20ef04ac4597b67,https://sketchfab.com/models/6d5c9e83f6434a8ba20ef04ac4597b67/download,Original V3,YES,Pending,Pending,Pending,Pending,Pending,Pending,HOLD,Real source-linked everyday-car candidate; licence and visual GLB checks are still required.
86de6edc04254abd85698290e1a60c21,PRIORITY A,First QC queue,Skoda,Skoda Fabia,Škoda Fabia II 2007-2014,2007–2014,,,Hatchback/Car,987977,5,80,1,1,,,Pending live-page verification,NOT VERIFIED — do not publish commercially until the live licence is checked,https://sketchfab.com/3d-models/86de6edc04254abd85698290e1a60c21,https://sketchfab.com/models/86de6edc04254abd85698290e1a60c21/download,Original V3,YES,Pending,Pending,Pending,Pending,Pending,Pending,HOLD,Real source-linked everyday-car candidate; licence and visual GLB checks are still required.
e848aeccbbb4456bb50b2d40ec540ac9,PRIORITY A,First QC queue,Skoda,Skoda Fabia,Skoda Fabia 2011,2011,,,Hatchback/Car,1173381,9,81,1,1,,,Pending live-page verification,NOT VERIFIED — do not publish commercially until the live licence is checked,https://sketchfab.com/3d-models/e848aeccbbb4456bb50b2d40ec540ac9,https://sketchfab.com/models/e848aeccbbb4456bb50b2d40ec540ac9/download,Original V3,YES,Pending,Pending,Pending,Pending,Pending,Pending,HOLD,Real source-linked everyday-car candidate; licence and visual GLB checks are still required.
11684cbd5aae496d918db8dc7b78e636,PRIORITY A,First QC queue,Skoda,Skoda Fabia,Skoda Fabia Combi 2011,2011,,,Estate,1220233,9,81,1,1,,,Pending live-page verification,NOT VERIFIED — do not publish commercially until the live licence is checked,https://sketchfab.com/3d-models/11684cbd5aae496d918db8dc7b78e636,https://sketchfab.com/models/11684cbd5aae496d918db8dc7b78e636/download,Original V3,YES,Pending,Pending,Pending,Pending,Pending,Pending,HOLD,Real source-linked everyday-car candidate; licence and visual GLB checks are still required.
9cd1c7118a0e4cf9a4e12f74287a8d50,PRIORITY A,First QC queue,Skoda,Skoda Fabia,Skoda Fabia Combi 2019,2019,,,Estate,904702,7,84,1,1,,,Pending live-page verification,NOT VERIFIED — do not publish commercially until the live licence is checked,https://sketchfab.com/3d-models/9cd1c7118a0e4cf9a4e12f74287a8d50,https://sketchfab.com/models/9cd1c7118a0e4cf9a4e12f74287a8d50/download,Original V3,YES,Pending,Pending,Pending,Pending,Pending,Pending,HOLD,Real source-linked everyday-car candidate; licence and visual GLB checks are still required.
1706bfcbe59740dda0855c54a6a6f8a2,PRIORITY A,First QC queue,Skoda,Skoda Fabia,Skoda Fabia Scoutline 2019,2019,,,Hatchback/Car,956440,7,84,1,1,,,Pending live-page verification,NOT VERIFIED — do not publish commercially until the live licence is checked,https://sketchfab.com/3d-models/1706bfcbe59740dda0855c54a6a6f8a2,https://sketchfab.com/models/1706bfcbe59740dda0855c54a6a6f8a2/download,Original V3,YES,Pending,Pending,Pending,Pending,Pending,Pending,HOLD,Real source-linked everyday-car candidate; licence and visual GLB checks are still required.
6d100a9f85934a39a80bffa5b5c48430,PRIORITY B,Manual metadata/visual review,Skoda,Skoda Octavia,Skoda Octavia MK1 (1U) 1996-2010,1996–2010,Mk1,,Hatchback/Car,420100,3,71,1,1,Merc_TV,CC BY,Web-verified CC BY,CC BY recorded at collection time — recheck live page and preserve attribution,https://sketchfab.com/3d-models/6d100a9f85934a39a80bffa5b5c48430,https://sketchfab.com/models/6d100a9f85934a39a80bffa5b5c48430/download,New scrape — 29 Jul 2026,YES,Pending,Pending,Pending,Pending,Pending,Pending,HOLD,Real source-linked everyday-car candidate; licence and visual GLB checks are still required.
04c8459aca804e35806b3dcc69c296db,PRIORITY B,Manual metadata/visual review,Skoda,Skoda Octavia,Skoda Octavia MK1 1996-2010,1996–2010,Mk1,,Hatchback/Car,113800,6,65,1,1,Merc_TV,CC BY,Web-verified CC BY,CC BY recorded at collection time — recheck live page and preserve attribution,https://sketchfab.com/3d-models/04c8459aca804e35806b3dcc69c296db,https://sketchfab.com/models/04c8459aca804e35806b3dcc69c296db/download,New scrape — 29 Jul 2026,YES,Pending,Pending,Pending,Pending,Pending,Pending,HOLD,Real source-linked everyday-car candidate; licence and visual GLB checks are still required.
2569b00bd4424316a9c4b7965056213a,PRIORITY A,First QC queue,Skoda,Skoda Octavia,2014 Skoda Octavia,2014,,,Hatchback/Car,1117089,11,81,1,1,,,Pending live-page verification,NOT VERIFIED — do not publish commercially until the live licence is checked,https://sketchfab.com/models/2569b00bd4424316a9c4b7965056213a,https://sketchfab.com/models/2569b00bd4424316a9c4b7965056213a/download,Original V3,YES,Pending,Pending,Pending,Pending,Pending,Pending,HOLD,Real source-linked everyday-car candidate; licence and visual GLB checks are still required.
8eb303773f83439eb183ac2eb8e03cf5,PRIORITY A,First QC queue,Skoda,Skoda Octavia,2014 Skoda Octavia,2014,,,Hatchback/Car,1011049,7,81,1,1,,,Pending live-page verification,NOT VERIFIED — do not publish commercially until the live licence is checked,https://sketchfab.com/models/8eb303773f83439eb183ac2eb8e03cf5,https://sketchfab.com/models/8eb303773f83439eb183ac2eb8e03cf5/download,Original V3,YES,Pending,Pending,Pending,Pending,Pending,Pending,HOLD,Real source-linked everyday-car candidate; licence and visual GLB checks are still required.
9ff29f5c721844b09f4016c0be3a7c9a,PRIORITY A,First QC queue,Skoda,Skoda Octavia,Skoda Octavia (MK3) RS 230,2016,Mk3,,Hatchback/Car,1800000,2,86,1,1,DR1KING100K,CC BY,Web-verified CC BY,CC BY recorded at collection time — recheck live page and preserve attribution,https://sketchfab.com/3d-models/9ff29f5c721844b09f4016c0be3a7c9a,https://sketchfab.com/models/9ff29f5c721844b09f4016c0be3a7c9a/download,New scrape — 29 Jul 2026,YES,Pending,Pending,Pending,Pending,Pending,Pending,HOLD,Real source-linked everyday-car candidate; licence and visual GLB checks are still required.
146db6aa7d7541b49c7f6f7e2253e18c,PRIORITY A,First QC queue,Skoda,Skoda Octavia,Skoda Octavia (MK4) RS,2020,Mk4,,Hatchback/Car,1700000,3,87,1,1,DR1KING100K,CC BY,Web-verified CC BY,CC BY recorded at collection time — recheck live page and preserve attribution,https://sketchfab.com/3d-models/146db6aa7d7541b49c7f6f7e2253e18c,https://sketchfab.com/models/146db6aa7d7541b49c7f6f7e2253e18c/download,New scrape — 29 Jul 2026,YES,Pending,Pending,Pending,Pending,Pending,Pending,HOLD,Real source-linked everyday-car candidate; licence and visual GLB checks are still required.
da2c4ee71a5d417c9f3d48d1d4cc1661,PRIORITY A,First QC queue,Skoda,Skoda Octavia,2025 Skoda Octavia,2025,,,Hatchback/Car,2382136,12,85,1,1,,,Pending live-page verification,NOT VERIFIED — do not publish commercially until the live licence is checked,https://sketchfab.com/models/da2c4ee71a5d417c9f3d48d1d4cc1661,https://sketchfab.com/models/da2c4ee71a5d417c9f3d48d1d4cc1661/download,Original V3,YES,Pending,Pending,Pending,Pending,Pending,Pending,HOLD,Real source-linked everyday-car candidate; licence and visual GLB checks are still required.
827250d1422e4f148b264727fb857f40,PRIORITY A,First QC queue,Skoda,Skoda Octavia Combi,2014 Skoda Octavia Combi,2014,,,Estate,1227151,13,82,1,1,,,Pending live-page verification,NOT VERIFIED — do not publish commercially until the live licence is checked,https://sketchfab.com/models/827250d1422e4f148b264727fb857f40,https://sketchfab.com/models/827250d1422e4f148b264727fb857f40/download,Original V3,YES,Pending,Pending,Pending,Pending,Pending,Pending,HOLD,Real source-linked everyday-car candidate; licence and visual GLB checks are still required.
2dbd7963c22240bebf7cb12e77da7f30,PRIORITY A,First QC queue,Skoda,Skoda Octavia Combi,2017 Skoda Octavia Combi,2017,,,Estate,1436707,21,86,1,1,,,Pending live-page verification,NOT VERIFIED — do not publish commercially until the live licence is checked,https://sketchfab.com/models/2dbd7963c22240bebf7cb12e77da7f30,https://sketchfab.com/models/2dbd7963c22240bebf7cb12e77da7f30/download,Original V3,YES,Pending,Pending,Pending,Pending,Pending,Pending,HOLD,Real source-linked everyday-car candidate; licence and visual GLB checks are still required.
100a8f99056a492a85441f09b60b156f,PRIORITY A,First QC queue,Skoda,Skoda Octavia Combi,2017 Skoda Octavia Combi,2017,,,Estate,1434188,6,83,1,1,,,Pending live-page verification,NOT VERIFIED — do not publish commercially until the live licence is checked,https://sketchfab.com/models/100a8f99056a492a85441f09b60b156f,https://sketchfab.com/models/100a8f99056a492a85441f09b60b156f/download,Original V3,YES,Pending,Pending,Pending,Pending,Pending,Pending,HOLD,Real source-linked everyday-car candidate; licence and visual GLB checks are still required.
6dec1e76fb8d4225b10382cac52ad42b,PRIORITY A,First QC queue,Skoda,Skoda Octavia Combi,2025 Skoda Octavia Combi,2025,,,Estate,2430605,7,84,1,1,,,Pending live-page verification,NOT VERIFIED — do not publish commercially until the live licence is checked,https://sketchfab.com/models/6dec1e76fb8d4225b10382cac52ad42b,https://sketchfab.com/models/6dec1e76fb8d4225b10382cac52ad42b/download,Original V3,YES,Pending,Pending,Pending,Pending,Pending,Pending,HOLD,Real source-linked everyday-car candidate; licence and visual GLB checks are still required.
ae05d45a7d0d4767b6f81eb0ef708a63,PRIORITY A,First QC queue,Skoda,Skoda Octavia Estate,2020 Skoda Octavia Estate,2020,,,Estate,2197346,23,86,1,1,,,Pending live-page verification,NOT VERIFIED — do not publish commercially until the live licence is checked,https://sketchfab.com/models/ae05d45a7d0d4767b6f81eb0ef708a63,https://sketchfab.com/models/ae05d45a7d0d4767b6f81eb0ef708a63/download,Original V3,YES,Pending,Pending,Pending,Pending,Pending,Pending,HOLD,Real source-linked everyday-car candidate; licence and visual GLB checks are still required.
f8bb8c0c29d14a1a83740f477915486c,PRIORITY A,First QC queue,Skoda,Skoda Octavia Estate,2020 Skoda Octavia Estate,2020,,,Estate,1321883,6,83,1,1,,,Pending live-page verification,NOT VERIFIED — do not publish commercially until the live licence is checked,https://sketchfab.com/models/f8bb8c0c29d14a1a83740f477915486c,https://sketchfab.com/models/f8bb8c0c29d14a1a83740f477915486c/download,Original V3,YES,Pending,Pending,Pending,Pending,Pending,Pending,HOLD,Real source-linked everyday-car candidate; licence and visual GLB checks are still required.
791f9f0897d541deabb19148aaad0fba,PRIORITY A,First QC queue,Skoda,Skoda Octavia Sedan,2020 Skoda Octavia Sedan,2020,,,Saloon,2111548,18,85,1,1,,,Pending live-page verification,NOT VERIFIED — do not publish commercially until the live licence is checked,https://sketchfab.com/models/791f9f0897d541deabb19148aaad0fba,https://sketchfab.com/models/791f9f0897d541deabb19148aaad0fba/download,Original V3,YES,Pending,Pending,Pending,Pending,Pending,Pending,HOLD,Real source-linked everyday-car candidate; licence and visual GLB checks are still required.
7a8659d2502d4967b711b800381d820f,PRIORITY A,First QC queue,Skoda,Skoda Scala,Skoda Scala 2019,2019,,,Hatchback/Car,1348385,8,84,1,1,,,Pending live-page verification,NOT VERIFIED — do not publish commercially until the live licence is checked,https://sketchfab.com/3d-models/7a8659d2502d4967b711b800381d820f,https://sketchfab.com/models/7a8659d2502d4967b711b800381d820f/download,Original V3,YES,Pending,Pending,Pending,Pending,Pending,Pending,HOLD,Real source-linked everyday-car candidate; licence and visual GLB checks are still required.
53dfe733a62a4a419a7e50ae1f58b54f,PRIORITY A,First QC queue,Skoda,Skoda Superb,2009 Skoda Superb,2009,,,Hatchback/Car,593699,65,85,1,1,,,Pending live-page verification,NOT VERIFIED — do not publish commercially until the live licence is checked,https://sketchfab.com/3d-models/53dfe733a62a4a419a7e50ae1f58b54f,https://sketchfab.com/models/53dfe733a62a4a419a7e50ae1f58b54f/download,Original V3,YES,Pending,Pending,Pending,Pending,Pending,Pending,HOLD,Real source-linked everyday-car candidate; licence and visual GLB checks are still required.
d75bc4356ab440e7892b760546f402b2,PRIORITY B,Manual metadata/visual review,Smart,Fortwo,Smart FORTWO (SubD),,,,Hatchback/Car,264749,59,71,1,1,,,Pending live-page verification,NOT VERIFIED — do not publish commercially until the live licence is checked,https://sketchfab.com/models/d75bc4356ab440e7892b760546f402b2,https://sketchfab.com/models/d75bc4356ab440e7892b760546f402b2/download,Original V3,YES,Pending,Pending,Pending,Pending,Pending,Pending,HOLD,Real source-linked everyday-car candidate; licence and visual GLB checks are still required.
85bcc87df4ab4d729f2d2c2494de49b1,PRIORITY B,Manual metadata/visual review,Smart,Fortwo,Smart forTwo 1999 4x4 VLE,1999,,,Hatchback/Car,1212020,1,75,1,1,,,Pending live-page verification,NOT VERIFIED — do not publish commercially until the live licence is checked,https://sketchfab.com/models/85bcc87df4ab4d729f2d2c2494de49b1,https://sketchfab.com/models/85bcc87df4ab4d729f2d2c2494de49b1/download,Original V3,YES,Pending,Pending,Pending,Pending,Pending,Pending,HOLD,Real source-linked everyday-car candidate; licence and visual GLB checks are still required.
5e456d65c1e9404184193712099e5641,PRIORITY B,Manual metadata/visual review,Smart,Fortwo,2010 Smart ForTwo,2010,,,Hatchback/Car,195090,25,66,1,1,,,Pending live-page verification,NOT VERIFIED — do not publish commercially until the live licence is checked,https://sketchfab.com/models/5e456d65c1e9404184193712099e5641,https://sketchfab.com/models/5e456d65c1e9404184193712099e5641/download,Original V3,YES,Pending,Pending,Pending,Pending,Pending,Pending,HOLD,Real source-linked everyday-car candidate; licence and visual GLB checks are still required.
7fb4298d5d8f4185b25bb2c43d7f3787,PRIORITY B,Manual metadata/visual review,Subaru,Impreza,Subaru Impreza,,,,Hatchback/Car,139218,121,65,1,1,,,Pending live-page verification,NOT VERIFIED — do not publish commercially until the live licence is checked,https://sketchfab.com/models/7fb4298d5d8f4185b25bb2c43d7f3787,https://huggingface.co/datasets/allenai/objaverse/resolve/main/glbs/7f/7fb4298d5d8f4185b25bb2c43d7f3787.glb,Original V3,YES,Pending,Pending,Pending,Pending,Pending,Pending,HOLD,Real source-linked everyday-car candidate; licence and visual GLB checks are still required.
02969c3253b441c09e5925ccef0b546e,PRIORITY B,Manual metadata/visual review,Subaru,Subaru Forester,Subaru Forester S Turbo,,,,Hatchback/Car,904142,18,68,1,1,,,Pending live-page verification,NOT VERIFIED — do not publish commercially until the live licence is checked,https://sketchfab.com/3d-models/02969c3253b441c09e5925ccef0b546e,https://sketchfab.com/models/02969c3253b441c09e5925ccef0b546e/download,Original V3,YES,Pending,Pending,Pending,Pending,Pending,Pending,HOLD,Real source-linked everyday-car candidate; licence and visual GLB checks are still required.
e65de675f5ed42d3895cc7cd495a3d25,PRIORITY B,Manual metadata/visual review,Subaru,Subaru Forester,Subaru Forester II,,,,Hatchback/Car,1273306,14,68,1,1,,,Pending live-page verification,NOT VERIFIED — do not publish commercially until the live licence is checked,https://sketchfab.com/3d-models/e65de675f5ed42d3895cc7cd495a3d25,https://sketchfab.com/models/e65de675f5ed42d3895cc7cd495a3d25/download,Original V3,YES,Pending,Pending,Pending,Pending,Pending,Pending,HOLD,Real source-linked everyday-car candidate; licence and visual GLB checks are still required.
05206d5ec100467b87d43390ae8a076d,PRIORITY B,Manual metadata/visual review,Subaru,Subaru Forester,2009 Subaru Forester,2009,,,Hatchback/Car,1307368,9,71,1,1,,,Pending live-page verification,NOT VERIFIED — do not publish commercially until the live licence is checked,https://sketchfab.com/3d-models/05206d5ec100467b87d43390ae8a076d,https://sketchfab.com/models/05206d5ec100467b87d43390ae8a076d/download,Original V3,YES,Pending,Pending,Pending,Pending,Pending,Pending,HOLD,Real source-linked everyday-car candidate; licence and visual GLB checks are still required.
31c7af107f8f49b1b1308bd29276965e,PRIORITY B,Manual metadata/visual review,Subaru,Subaru Forester,Subaru Forester 2019,2019,,,Hatchback/Car,1483489,9,74,1,1,,,Pending live-page verification,NOT VERIFIED — do not publish commercially until the live licence is checked,https://sketchfab.com/3d-models/31c7af107f8f49b1b1308bd29276965e,https://sketchfab.com/models/31c7af107f8f49b1b1308bd29276965e/download,Original V3,YES,Pending,Pending,Pending,Pending,Pending,Pending,HOLD,Real source-linked everyday-car candidate; licence and visual GLB checks are still required.
611ae23685c14134b5a4f3decde248e9,PRIORITY B,Manual metadata/visual review,Subaru,Subaru Forester,2020 Subaru Forester,2020,,,Hatchback/Car,480440,18,75,1,1,,,Pending live-page verification,NOT VERIFIED — do not publish commercially until the live licence is checked,https://sketchfab.com/models/611ae23685c14134b5a4f3decde248e9,https://sketchfab.com/models/611ae23685c14134b5a4f3decde248e9/download,Original V3,YES,Pending,Pending,Pending,Pending,Pending,Pending,HOLD,Real source-linked everyday-car candidate; licence and visual GLB checks are still required.
8df4b77df2214f4bbce9bb2766e8b121,PRIORITY B,Manual metadata/visual review,Subaru,Subaru Legacy,Subaru Legacy ii,,,,Hatchback/Car,1264348,12,78,1,1,,,Pending live-page verification,NOT VERIFIED — do not publish commercially until the live licence is checked,https://sketchfab.com/3d-models/8df4b77df2214f4bbce9bb2766e8b121,https://sketchfab.com/models/8df4b77df2214f4bbce9bb2766e8b121/download,Original V3,YES,Pending,Pending,Pending,Pending,Pending,Pending,HOLD,Real source-linked everyday-car candidate; licence and visual GLB checks are still required.
2e7d4643c6af4a2190cb65b4174eb50d,PRIORITY B,Manual metadata/visual review,Subaru,Subaru Legacy,Subaru Legacy,,,,Hatchback/Car,1429428,9,77,1,1,,,Pending live-page verification,NOT VERIFIED — do not publish commercially until the live licence is checked,https://sketchfab.com/3d-models/2e7d4643c6af4a2190cb65b4174eb50d,https://sketchfab.com/models/2e7d4643c6af4a2190cb65b4174eb50d/download,Original V3,YES,Pending,Pending,Pending,Pending,Pending,Pending,HOLD,Real source-linked everyday-car candidate; licence and visual GLB checks are still required.
4b823445adaf428e8582125b0fc33643,PRIORITY A,First QC queue,Subaru,Subaru Legacy,2008 Subaru Legacy Wagon,2008,,,Estate,1433417,9,81,1,1,,,Pending live-page verification,NOT VERIFIED — do not publish commercially until the live licence is checked,https://sketchfab.com/3d-models/4b823445adaf428e8582125b0fc33643,https://sketchfab.com/models/4b823445adaf428e8582125b0fc33643/download,Original V3,YES,Pending,Pending,Pending,Pending,Pending,Pending,HOLD,Real source-linked everyday-car candidate; licence and visual GLB checks are still required.
4f04dd3e5618443f8798608d132b9103,PRIORITY A,First QC queue,Subaru,Subaru Legacy,2010 Subaru Legacy Wagon And Sedan,2010,,,Estate,1900067,14,82,1,1,,,Pending live-page verification,NOT VERIFIED — do not publish commercially until the live licence is checked,https://sketchfab.com/3d-models/4f04dd3e5618443f8798608d132b9103,https://sketchfab.com/models/4f04dd3e5618443f8798608d132b9103/download,Original V3,YES,Pending,Pending,Pending,Pending,Pending,Pending,HOLD,Real source-linked everyday-car candidate; licence and visual GLB checks are still required.
81d93cbc27c3401b979fadb51ec90f55,PRIORITY B,Manual metadata/visual review,Subaru,Subaru Levorg,Subaru Levorg,,,,Hatchback/Car,972438,11,67,1,1,,,Pending live-page verification,NOT VERIFIED — do not publish commercially until the live licence is checked,https://sketchfab.com/3d-models/81d93cbc27c3401b979fadb51ec90f55,https://sketchfab.com/models/81d93cbc27c3401b979fadb51ec90f55/download,Original V3,YES,Pending,Pending,Pending,Pending,Pending,Pending,HOLD,Real source-linked everyday-car candidate; licence and visual GLB checks are still required.
88a0bdabbb424ab481839fe00d48adc5,PRIORITY B,Manual metadata/visual review,Subaru,Subaru Levorg,Subaru Levorg HQ Interior,,,,Hatchback/Car,2759474,13,59,1,1,,,Pending live-page verification,NOT VERIFIED — do not publish commercially until the live licence is checked,https://sketchfab.com/3d-models/88a0bdabbb424ab481839fe00d48adc5,https://sketchfab.com/models/88a0bdabbb424ab481839fe00d48adc5/download,Original V3,YES,Pending,Pending,Pending,Pending,Pending,Pending,HOLD,Real source-linked everyday-car candidate; licence and visual GLB checks are still required.
0afec05fc27044c783f2acd63de29d5e,PRIORITY B,Manual metadata/visual review,Subaru,Subaru Outback,Subaru Outback,,,,Hatchback/Car,153069,19,62,1,1,,,Pending live-page verification,NOT VERIFIED — do not publish commercially until the live licence is checked,https://sketchfab.com/3d-models/0afec05fc27044c783f2acd63de29d5e,https://sketchfab.com/models/0afec05fc27044c783f2acd63de29d5e/download,Original V3,YES,Pending,Pending,Pending,Pending,Pending,Pending,HOLD,Real source-linked everyday-car candidate; licence and visual GLB checks are still required.
eb8599f127af496ea415648f45e2249b,PRIORITY B,Manual metadata/visual review,Subaru,Subaru Outback,2008 Subaru Outback,2008,,,Hatchback/Car,1612860,9,71,1,1,,,Pending live-page verification,NOT VERIFIED — do not publish commercially until the live licence is checked,https://sketchfab.com/3d-models/eb8599f127af496ea415648f45e2249b,https://sketchfab.com/models/eb8599f127af496ea415648f45e2249b/download,Original V3,YES,Pending,Pending,Pending,Pending,Pending,Pending,HOLD,Real source-linked everyday-car candidate; licence and visual GLB checks are still required.
a44abee6689e429881209fc6299f505c,PRIORITY B,Manual metadata/visual review,Subaru,Subaru Outback,2022 Subaru Outback,2022,,,Hatchback/Car,484185,20,76,2,1,,,Pending live-page verification,NOT VERIFIED — do not publish commercially until the live licence is checked,https://sketchfab.com/models/a44abee6689e429881209fc6299f505c,https://sketchfab.com/models/a44abee6689e429881209fc6299f505c/download,Original V3,YES,Pending,Pending,Pending,Pending,Pending,Pending,HOLD,Real source-linked everyday-car candidate; licence and visual GLB checks are still required.
18a4e224353148f1868c6a56ea9a587e,PRIORITY A,First QC queue,Suzuki,- Suzuki Swift,2017-2020 Suzuki Swift (VI),2017–2020,,,Hatchback/Car,2338359,31,87,1,1,,,Pending live-page verification,NOT VERIFIED — do not publish commercially until the live licence is checked,https://sketchfab.com/models/18a4e224353148f1868c6a56ea9a587e,https://sketchfab.com/models/18a4e224353148f1868c6a56ea9a587e/download,Original V3,YES,Pending,Pending,Pending,Pending,Pending,Pending,HOLD,Real source-linked everyday-car candidate; licence and visual GLB checks are still required.
48ebe0fdaeae459e9b43b55e68a858c1,PRIORITY A,First QC queue,Suzuki,- Suzuki Vitara,2018-2024 Suzuki Vitara (LY),2018–2024,,,Hatchback/Car,1410449,15,85,1,1,,,Pending live-page verification,NOT VERIFIED — do not publish commercially until the live licence is checked,https://sketchfab.com/models/48ebe0fdaeae459e9b43b55e68a858c1,https://sketchfab.com/models/48ebe0fdaeae459e9b43b55e68a858c1/download,Original V3,YES,Pending,Pending,Pending,Pending,Pending,Pending,HOLD,Real source-linked everyday-car candidate; licence and visual GLB checks are still required.
fd61cd5500734b7c8acf850fc3d39145,PRIORITY A,First QC queue,Suzuki,Suzuki Across,2021 Suzuki Across,2021,,,Hatchback/Car,1712161,22,86,1,1,,,Pending live-page verification,NOT VERIFIED — do not publish commercially until the live licence is checked,https://sketchfab.com/models/fd61cd5500734b7c8acf850fc3d39145,https://sketchfab.com/models/fd61cd5500734b7c8acf850fc3d39145/download,Original V3,YES,Pending,Pending,Pending,Pending,Pending,Pending,HOLD,Real source-linked everyday-car candidate; licence and visual GLB checks are still required.
3a0603ad76c24637821693bd6dc48d8c,PRIORITY B,Manual metadata/visual review,Suzuki,Suzuki Alto,Suzuki Alto K10,,K10,,Hatchback/Car,1034612,11,77,1,1,,,Pending live-page verification,NOT VERIFIED — do not publish commercially until the live licence is checked,https://sketchfab.com/3d-models/3a0603ad76c24637821693bd6dc48d8c,https://sketchfab.com/models/3a0603ad76c24637821693bd6dc48d8c/download,Original V3,YES,Pending,Pending,Pending,Pending,Pending,Pending,HOLD,Real source-linked everyday-car candidate; licence and visual GLB checks are still required.
826b1fe844834b00aede19b63f71394a,PRIORITY B,Manual metadata/visual review,Suzuki,Suzuki Alto,Suzuki Alto,,,,Hatchback/Car,1321077,0,72,1,1,,,Pending live-page verification,NOT VERIFIED — do not publish commercially until the live licence is checked,https://sketchfab.com/3d-models/826b1fe844834b00aede19b63f71394a,https://sketchfab.com/models/826b1fe844834b00aede19b63f71394a/download,Original V3,YES,Pending,Pending,Pending,Pending,Pending,Pending,HOLD,Real source-linked everyday-car candidate; licence and visual GLB checks are still required.
ef0571fb71d54919b4e9208bf68ba87d,PRIORITY B,Manual metadata/visual review,Suzuki,Suzuki Alto,Suzuki Alto 2011,2011,,,Hatchback/Car,4012939,12,58,1,1,,,Pending live-page verification,NOT VERIFIED — do not publish commercially until the live licence is checked,https://sketchfab.com/3d-models/ef0571fb71d54919b4e9208bf68ba87d,https://sketchfab.com/models/ef0571fb71d54919b4e9208bf68ba87d/download,Original V3,YES,Pending,Pending,Pending,Pending,Pending,Pending,HOLD,Real source-linked everyday-car candidate; licence and visual GLB checks are still required.
e45dbd5e86df4090abf1651e74447e1f,PRIORITY A,First QC queue,Suzuki,Suzuki Alto,2016 Maruti Suzuki Alto K10,2016,K10,,Hatchback/Car,604441,48,87,1,1,,,Pending live-page verification,NOT VERIFIED — do not publish commercially until the live licence is checked,https://sketchfab.com/3d-models/e45dbd5e86df4090abf1651e74447e1f,https://sketchfab.com/models/e45dbd5e86df4090abf1651e74447e1f/download,Original V3,YES,Pending,Pending,Pending,Pending,Pending,Pending,HOLD,Real source-linked everyday-car candidate; licence and visual GLB checks are still required.
dad66ee4a05a4f51bd0b9bf64ba6d4ef,PRIORITY A,First QC queue,Suzuki,Suzuki Alto,2020 Maruti Suzuki Alto 800,2020,,,Hatchback/Car,633969,65,88,1,1,,,Pending live-page verification,NOT VERIFIED — do not publish commercially until the live licence is checked,https://sketchfab.com/3d-models/dad66ee4a05a4f51bd0b9bf64ba6d4ef,https://sketchfab.com/models/dad66ee4a05a4f51bd0b9bf64ba6d4ef/download,Original V3,YES,Pending,Pending,Pending,Pending,Pending,Pending,HOLD,Real source-linked everyday-car candidate; licence and visual GLB checks are still required.
d870db9c6ca54e6dae5637fcf8657d6c,PRIORITY A,First QC queue,Suzuki,Suzuki Alto,2024 Maruti Suzuki Alto K10 VXI,2024,K10,,Hatchback/Car,728297,21,86,1,1,,,Pending live-page verification,NOT VERIFIED — do not publish commercially until the live licence is checked,https://sketchfab.com/3d-models/d870db9c6ca54e6dae5637fcf8657d6c,https://sketchfab.com/models/d870db9c6ca54e6dae5637fcf8657d6c/download,Original V3,YES,Pending,Pending,Pending,Pending,Pending,Pending,HOLD,Real source-linked everyday-car candidate; licence and visual GLB checks are still required.
ee97ac0382f14652a49910a504ae76f7,PRIORITY A,First QC queue,Suzuki,Suzuki Ignis,2022 Suzuki Ignis,2022,,,Hatchback/Car,818084,6,83,1,1,,,Pending live-page verification,NOT VERIFIED — do not publish commercially until the live licence is checked,https://sketchfab.com/3d-models/ee97ac0382f14652a49910a504ae76f7,https://sketchfab.com/models/ee97ac0382f14652a49910a504ae76f7/download,Original V3,YES,Pending,Pending,Pending,Pending,Pending,Pending,HOLD,Real source-linked everyday-car candidate; licence and visual GLB checks are still required.
942987d14be64808ad8dce51ad527c7c,PRIORITY A,First QC queue,Suzuki,Suzuki Jimny,SUZUKI JIMNY,,,,Hatchback/Car,1190296,73,81,1,1,,,Pending live-page verification,NOT VERIFIED — do not publish commercially until the live licence is checked,https://sketchfab.com/3d-models/942987d14be64808ad8dce51ad527c7c,https://sketchfab.com/models/942987d14be64808ad8dce51ad527c7c/download,Original V3,YES,Pending,Pending,Pending,Pending,Pending,Pending,HOLD,Real source-linked everyday-car candidate; licence and visual GLB checks are still required.
1338a66207c5418b8510c488750b89b6,PRIORITY B,Manual metadata/visual review,Suzuki,Suzuki Jimny,Suzuki Jimny,,,,Hatchback/Car,2108088,25,79,1,1,,,Pending live-page verification,NOT VERIFIED — do not publish commercially until the live licence is checked,https://sketchfab.com/3d-models/1338a66207c5418b8510c488750b89b6,https://sketchfab.com/models/1338a66207c5418b8510c488750b89b6/download,Original V3,YES,Pending,Pending,Pending,Pending,Pending,Pending,HOLD,Real source-linked everyday-car candidate; licence and visual GLB checks are still required.
9fb5019e9332467291587ecfc7e465c6,PRIORITY B,Manual metadata/visual review,Suzuki,Suzuki Jimny,Suzuki Jimny II HQ Interior,,,,Hatchback/Car,2329874,11,77,1,1,,,Pending live-page verification,NOT VERIFIED — do not publish commercially until the live licence is checked,https://sketchfab.com/3d-models/9fb5019e9332467291587ecfc7e465c6,https://sketchfab.com/models/9fb5019e9332467291587ecfc7e465c6/download,Original V3,YES,Pending,Pending,Pending,Pending,Pending,Pending,HOLD,Real source-linked everyday-car candidate; licence and visual GLB checks are still required.
5c79364dc8fe440da291d0452566eb6b,PRIORITY B,Manual metadata/visual review,Suzuki,Suzuki Jimny,Suzuki Jimny I,,,,Hatchback/Car,1909038,9,77,1,1,,,Pending live-page verification,NOT VERIFIED — do not publish commercially until the live licence is checked,https://sketchfab.com/3d-models/5c79364dc8fe440da291d0452566eb6b,https://sketchfab.com/models/5c79364dc8fe440da291d0452566eb6b/download,Original V3,YES,Pending,Pending,Pending,Pending,Pending,Pending,HOLD,Real source-linked everyday-car candidate; licence and visual GLB checks are still required.
817549baf10f4ec693f9cbd9550fe724,PRIORITY B,Manual metadata/visual review,Suzuki,Suzuki Jimny,Suzuki Jimny II,,,,Hatchback/Car,1454225,8,77,1,1,,,Pending live-page verification,NOT VERIFIED — do not publish commercially until the live licence is checked,https://sketchfab.com/3d-models/817549baf10f4ec693f9cbd9550fe724,https://sketchfab.com/models/817549baf10f4ec693f9cbd9550fe724/download,Original V3,YES,Pending,Pending,Pending,Pending,Pending,Pending,HOLD,Real source-linked everyday-car candidate; licence and visual GLB checks are still required.
1c5be486169d4cdc941941bd4e927350,PRIORITY B,Manual metadata/visual review,Suzuki,Suzuki Jimny,Suzuki Jimny Pickup And SUV,,,,Pickup,3008734,19,70,1,1,,,Pending live-page verification,NOT VERIFIED — do not publish commercially until the live licence is checked,https://sketchfab.com/3d-models/1c5be486169d4cdc941941bd4e927350,https://sketchfab.com/models/1c5be486169d4cdc941941bd4e927350/download,Original V3,YES,Pending,Pending,Pending,Pending,Pending,Pending,HOLD,Real source-linked everyday-car candidate; licence and visual GLB checks are still required.
adc21f788f744636a56809042d90bf3c,PRIORITY B,Manual metadata/visual review,Suzuki,Suzuki Jimny,Suzuki Jimny Pickup,,,,Pickup,2945954,5,67,1,1,,,Pending live-page verification,NOT VERIFIED — do not publish commercially until the live licence is checked,https://sketchfab.com/3d-models/adc21f788f744636a56809042d90bf3c,https://sketchfab.com/models/adc21f788f744636a56809042d90bf3c/download,Original V3,YES,Pending,Pending,Pending,Pending,Pending,Pending,HOLD,Real source-linked everyday-car candidate; licence and visual GLB checks are still required.
95451c00cb2d48778f67d798167e7237,PRIORITY A,First QC queue,Suzuki,Suzuki Swift,2022 Maruti Suzuki Swift Dzire,2022,,,Hatchback/Car,1474933,86,89,1,1,,,Pending live-page verification,NOT VERIFIED — do not publish commercially until the live licence is checked,https://sketchfab.com/3d-models/95451c00cb2d48778f67d798167e7237,https://sketchfab.com/models/95451c00cb2d48778f67d798167e7237/download,Original V3,YES,Pending,Pending,Pending,Pending,Pending,Pending,HOLD,Real source-linked everyday-car candidate; licence and visual GLB checks are still required.
f6c3e0570046406483f1be8ccf3d28b5,PRIORITY A,First QC queue,Suzuki,Suzuki Swift,2022 Suzuki Swift 1.2 GLX,2022,,,Hatchback/Car,852163,53,88,1,1,,,Pending live-page verification,NOT VERIFIED — do not publish commercially until the live licence is checked,https://sketchfab.com/3d-models/f6c3e0570046406483f1be8ccf3d28b5,https://sketchfab.com/models/f6c3e0570046406483f1be8ccf3d28b5/download,Original V3,YES,Pending,Pending,Pending,Pending,Pending,Pending,HOLD,Real source-linked everyday-car candidate; licence and visual GLB checks are still required.
fbd46d92dcfd4cf987bdeb366fa1866c,PRIORITY A,First QC queue,Suzuki,Suzuki Swift,2022 Suzuki Swift,2022,,,Hatchback/Car,848342,15,85,1,1,,,Pending live-page verification,NOT VERIFIED — do not publish commercially until the live licence is checked,https://sketchfab.com/3d-models/fbd46d92dcfd4cf987bdeb366fa1866c,https://sketchfab.com/models/fbd46d92dcfd4cf987bdeb366fa1866c/download,Original V3,YES,Pending,Pending,Pending,Pending,Pending,Pending,HOLD,Real source-linked everyday-car candidate; licence and visual GLB checks are still required.
fe559aa77c624401b4ed9c3db0e39b4e,PRIORITY A,First QC queue,Suzuki,Suzuki Swift,2022_maruti_suzuki_swift_dzire,2022,,,Hatchback/Car,1474666,12,85,1,1,,,Pending live-page verification,NOT VERIFIED — do not publish commercially until the live licence is checked,https://sketchfab.com/3d-models/fe559aa77c624401b4ed9c3db0e39b4e,https://sketchfab.com/models/fe559aa77c624401b4ed9c3db0e39b4e/download,Original V3,YES,Pending,Pending,Pending,Pending,Pending,Pending,HOLD,Real source-linked everyday-car candidate; licence and visual GLB checks are still required.
47ac04971453426499bd07b88db06289,PRIORITY B,Manual metadata/visual review,Suzuki,Suzuki SX4,Suzuki SX4,,,,Hatchback/Car,1821844,13,78,1,1,,,Pending live-page verification,NOT VERIFIED — do not publish commercially until the live licence is checked,https://sketchfab.com/3d-models/47ac04971453426499bd07b88db06289,https://sketchfab.com/models/47ac04971453426499bd07b88db06289/download,Original V3,YES,Pending,Pending,Pending,Pending,Pending,Pending,HOLD,Real source-linked everyday-car candidate; licence and visual GLB checks are still required.
ee5013f39f06491c952a31576b28440e,PRIORITY B,Manual metadata/visual review,Suzuki,Suzuki Vitara,Suzuki Vitara,,,,Hatchback/Car,2461168,25,79,1,1,,,Pending live-page verification,NOT VERIFIED — do not publish commercially until the live licence is checked,https://sketchfab.com/3d-models/ee5013f39f06491c952a31576b28440e,https://sketchfab.com/models/ee5013f39f06491c952a31576b28440e/download,Original V3,YES,Pending,Pending,Pending,Pending,Pending,Pending,HOLD,Real source-linked everyday-car candidate; licence and visual GLB checks are still required.
459e512648044e9d9652e9ee47153e6f,PRIORITY A,First QC queue,Suzuki,Suzuki Vitara,2024 Suzuki Vitara Hybrid 1.4 EU,2024,,,Hatchback/Car,609048,63,88,1,1,,,Pending live-page verification,NOT VERIFIED — do not publish commercially until the live licence is checked,https://sketchfab.com/3d-models/459e512648044e9d9652e9ee47153e6f,https://sketchfab.com/models/459e512648044e9d9652e9ee47153e6f/download,Original V3,YES,Pending,Pending,Pending,Pending,Pending,Pending,HOLD,Real source-linked everyday-car candidate; licence and visual GLB checks are still required.
1922309e18e64ba991ccd22ecea7098b,PRIORITY A,First QC queue,Suzuki,Swace,2020 Suzuki Swace Hybrid,2020,,,Hatchback/Car,1746618,31,87,1,1,,,Pending live-page verification,NOT VERIFIED — do not publish commercially until the live licence is checked,https://sketchfab.com/models/1922309e18e64ba991ccd22ecea7098b,https://sketchfab.com/models/1922309e18e64ba991ccd22ecea7098b/download,Original V3,YES,Pending,Pending,Pending,Pending,Pending,Pending,HOLD,Real source-linked everyday-car candidate; licence and visual GLB checks are still required.
5af35a4772f240039a6e58c58998555b,PRIORITY A,First QC queue,Tesla,Model 3,Tesla model 3,,,,Hatchback/Car,684315,80,82,1,1,,,Pending live-page verification,NOT VERIFIED — do not publish commercially until the live licence is checked,https://sketchfab.com/models/5af35a4772f240039a6e58c58998555b,https://sketchfab.com/models/5af35a4772f240039a6e58c58998555b/download,Original V3,YES,Pending,Pending,Pending,Pending,Pending,Pending,HOLD,Real source-linked everyday-car candidate; licence and visual GLB checks are still required.
af55c8c948ef4f6586ff4709c3e413a4,PRIORITY B,Manual metadata/visual review,Tesla,Model 3,Tesla Model 3,,,,Hatchback/Car,624288,29,79,1,1,,,Pending live-page verification,NOT VERIFIED — do not publish commercially until the live licence is checked,https://sketchfab.com/models/af55c8c948ef4f6586ff4709c3e413a4,https://sketchfab.com/models/af55c8c948ef4f6586ff4709c3e413a4/download,Original V3,YES,Pending,Pending,Pending,Pending,Pending,Pending,HOLD,Real source-linked everyday-car candidate; licence and visual GLB checks are still required.
3050e647274d4693925daf55cfc828d5,PRIORITY B,Manual metadata/visual review,Tesla,Model 3,Tesla model 3 jb,,,,Hatchback/Car,684315,18,78,1,1,,,Pending live-page verification,NOT VERIFIED — do not publish commercially until the live licence is checked,https://sketchfab.com/models/3050e647274d4693925daf55cfc828d5,https://sketchfab.com/models/3050e647274d4693925daf55cfc828d5/download,Original V3,YES,Pending,Pending,Pending,Pending,Pending,Pending,HOLD,Real source-linked everyday-car candidate; licence and visual GLB checks are still required.
bcecd9bf5ffe43d7bac744332fc12d82,PRIORITY B,Manual metadata/visual review,Tesla,Model 3,Tesla Model 3,,,,Hatchback/Car,737161,15,78,1,1,,,Pending live-page verification,NOT VERIFIED — do not publish commercially until the live licence is checked,https://sketchfab.com/models/bcecd9bf5ffe43d7bac744332fc12d82,https://sketchfab.com/models/bcecd9bf5ffe43d7bac744332fc12d82/download,Original V3,YES,Pending,Pending,Pending,Pending,Pending,Pending,HOLD,Real source-linked everyday-car candidate; licence and visual GLB checks are still required.
e581e1fd9b774c5b955280ce73e7a708,PRIORITY B,Manual metadata/visual review,Tesla,Model 3,Tesla Roadster (Free),,,,Convertible,2651798,52,72,1,1,,,Pending live-page verification,NOT VERIFIED — do not publish commercially until the live licence is checked,https://sketchfab.com/models/e581e1fd9b774c5b955280ce73e7a708,https://sketchfab.com/models/e581e1fd9b774c5b955280ce73e7a708/download,Original V3,YES,Pending,Pending,Pending,Pending,Pending,Pending,HOLD,Real source-linked everyday-car candidate; licence and visual GLB checks are still required.
8345902123c04fc6ba142c659293ee92,PRIORITY B,Manual metadata/visual review,Tesla,Model 3,テスラ：モデルX (Tesla: Model X),,,,Hatchback/Car,2538237,23,70,1,1,,,Pending live-page verification,NOT VERIFIED — do not publish commercially until the live licence is checked,https://sketchfab.com/models/8345902123c04fc6ba142c659293ee92,https://sketchfab.com/models/8345902123c04fc6ba142c659293ee92/download,Original V3,YES,Pending,Pending,Pending,Pending,Pending,Pending,HOLD,Real source-linked everyday-car candidate; licence and visual GLB checks are still required.
133050b77df24976ba59f3c45afc3538,PRIORITY B,Manual metadata/visual review,Tesla,Model 3,That Tesla Drip,,,,Hatchback/Car,114088,30,62,1,1,,,Pending live-page verification,NOT VERIFIED — do not publish commercially until the live licence is checked,https://sketchfab.com/models/133050b77df24976ba59f3c45afc3538,https://sketchfab.com/models/133050b77df24976ba59f3c45afc3538/download,Original V3,YES,Pending,Pending,Pending,Pending,Pending,Pending,HOLD,Real source-linked everyday-car candidate; licence and visual GLB checks are still required.
5ef9b845aaf44203b6d04e2c677e444f,PRIORITY A,First QC queue,Tesla,Model 3,Tesla 2018 Model 3,2018,,,Hatchback/Car,684315,492,92,1,1,,,Pending live-page verification,NOT VERIFIED — do not publish commercially until the live licence is checked,https://sketchfab.com/models/5ef9b845aaf44203b6d04e2c677e444f,https://sketchfab.com/models/5ef9b845aaf44203b6d04e2c677e444f/download,Original V3,YES,Pending,Pending,Pending,Pending,Pending,Pending,HOLD,Real source-linked everyday-car candidate; licence and visual GLB checks are still required.
596bbf266fce430181e6d0e2b1903364,PRIORITY B,Manual metadata/visual review,Tesla,Model 3,Tesla Model 3 2020,2020,,,Hatchback/Car,176714,9,67,1,1,,,Pending live-page verification,NOT VERIFIED — do not publish commercially until the live licence is checked,https://sketchfab.com/models/596bbf266fce430181e6d0e2b1903364,https://sketchfab.com/models/596bbf266fce430181e6d0e2b1903364/download,Original V3,YES,Pending,Pending,Pending,Pending,Pending,Pending,HOLD,Real source-linked everyday-car candidate; licence and visual GLB checks are still required.
6bd2ab6e23a545858d5c98c995528067,PRIORITY A,First QC queue,Tesla,Model 3,2023 Tesla Model 3 Performance,2023,,,Hatchback/Car,684315,39,87,1,1,,,Pending live-page verification,NOT VERIFIED — do not publish commercially until the live licence is checked,https://sketchfab.com/models/6bd2ab6e23a545858d5c98c995528067,https://sketchfab.com/models/6bd2ab6e23a545858d5c98c995528067/download,Original V3,YES,Pending,Pending,Pending,Pending,Pending,Pending,HOLD,Real source-linked everyday-car candidate; licence and visual GLB checks are still required.
98e7bd5892464640baa9cf6afcd60c2c,PRIORITY B,Manual metadata/visual review,Tesla,Model 3,Tesla Model 3,2024,,,Hatchback/Car,215474,6,73,1,1,,,Pending live-page verification,NOT VERIFIED — do not publish commercially until the live licence is checked,https://sketchfab.com/models/98e7bd5892464640baa9cf6afcd60c2c,https://sketchfab.com/models/98e7bd5892464640baa9cf6afcd60c2c/download,Original V3,YES,Pending,Pending,Pending,Pending,Pending,Pending,HOLD,Real source-linked everyday-car candidate; licence and visual GLB checks are still required.
36c52f3f89f6439c90310f14e8ff33f2,PRIORITY B,Manual metadata/visual review,Tesla,Model 3,Tesla model  3 2024,2024,,,Hatchback/Car,179692,11,67,1,1,,,Pending live-page verification,NOT VERIFIED — do not publish commercially until the live licence is checked,https://sketchfab.com/models/36c52f3f89f6439c90310f14e8ff33f2,https://sketchfab.com/models/36c52f3f89f6439c90310f14e8ff33f2/download,Original V3,YES,Pending,Pending,Pending,Pending,Pending,Pending,HOLD,Real source-linked everyday-car candidate; licence and visual GLB checks are still required.
bc8ac22c744b4d11b92f2f31ab0297d0,PRIORITY B,Manual metadata/visual review,Tesla,Model Y,Tesla Model Y,,,,Hatchback/Car,691288,3,75,1,1,,,Pending live-page verification,NOT VERIFIED — do not publish commercially until the live licence is checked,https://sketchfab.com/models/bc8ac22c744b4d11b92f2f31ab0297d0,https://sketchfab.com/models/bc8ac22c744b4d11b92f2f31ab0297d0/download,Original V3,YES,Pending,Pending,Pending,Pending,Pending,Pending,HOLD,Real source-linked everyday-car candidate; licence and visual GLB checks are still required.
776560e24e54440fbaaaadbe1c9d4b14,PRIORITY B,Manual metadata/visual review,Tesla,Model Y,Tesla Model Y,,,,Hatchback/Car,242875,4,65,1,1,,,Pending live-page verification,NOT VERIFIED — do not publish commercially until the live licence is checked,https://sketchfab.com/models/776560e24e54440fbaaaadbe1c9d4b14,https://sketchfab.com/models/776560e24e54440fbaaaadbe1c9d4b14/download,Original V3,YES,Pending,Pending,Pending,Pending,Pending,Pending,HOLD,Real source-linked everyday-car candidate; licence and visual GLB checks are still required.
c0a86cac582d4b33aba0fb1b1912d970,PRIORITY A,First QC queue,Tesla,Model Y,Tesla Model Y 2021,2021,,,Hatchback/Car,2432138,14,85,1,1,,,Pending live-page verification,NOT VERIFIED — do not publish commercially until the live licence is checked,https://sketchfab.com/models/c0a86cac582d4b33aba0fb1b1912d970,https://sketchfab.com/models/c0a86cac582d4b33aba0fb1b1912d970/download,Original V3,YES,Pending,Pending,Pending,Pending,Pending,Pending,HOLD,Real source-linked everyday-car candidate; licence and visual GLB checks are still required.
59e2ead369984b1a85c800ff6cf6789d,PRIORITY B,Manual metadata/visual review,Tesla,Model Y,2021 Tesla Model Y,2021,,,Hatchback/Car,287083,9,74,1,1,,,Pending live-page verification,NOT VERIFIED — do not publish commercially until the live licence is checked,https://sketchfab.com/models/59e2ead369984b1a85c800ff6cf6789d,https://sketchfab.com/models/59e2ead369984b1a85c800ff6cf6789d/download,Original V3,YES,Pending,Pending,Pending,Pending,Pending,Pending,HOLD,Real source-linked everyday-car candidate; licence and visual GLB checks are still required.
a66f7673a09d4fcb84d37111433f05a9,PRIORITY A,First QC queue,Tesla,Model Y,Tesla Model Y 2025,2025,,,Hatchback/Car,1426441,1,81,1,1,,,Pending live-page verification,NOT VERIFIED — do not publish commercially until the live licence is checked,https://sketchfab.com/models/a66f7673a09d4fcb84d37111433f05a9,https://sketchfab.com/models/a66f7673a09d4fcb84d37111433f05a9/download,Original V3,YES,Pending,Pending,Pending,Pending,Pending,Pending,HOLD,Real source-linked everyday-car candidate; licence and visual GLB checks are still required.
619601e7800d418da5922c4fa7833f74,PRIORITY B,Manual metadata/visual review,Tesla,Model Y,2025 Tesla Model Y,2025,,,Hatchback/Car,307399,36,77,1,1,,,Pending live-page verification,NOT VERIFIED — do not publish commercially until the live licence is checked,https://sketchfab.com/models/619601e7800d418da5922c4fa7833f74,https://sketchfab.com/models/619601e7800d418da5922c4fa7833f74/download,Original V3,YES,Pending,Pending,Pending,Pending,Pending,Pending,HOLD,Real source-linked everyday-car candidate; licence and visual GLB checks are still required.
8a0bc252f9da4015a02a7bd99efd4847,PRIORITY B,Manual metadata/visual review,Tesla,Model Y,2026 Tesla Model Y Performance,2026,,,Hatchback/Car,346321,32,77,1,1,,,Pending live-page verification,NOT VERIFIED — do not publish commercially until the live licence is checked,https://sketchfab.com/models/8a0bc252f9da4015a02a7bd99efd4847,https://sketchfab.com/models/8a0bc252f9da4015a02a7bd99efd4847/download,Original V3,YES,Pending,Pending,Pending,Pending,Pending,Pending,HOLD,Real source-linked everyday-car candidate; licence and visual GLB checks are still required.
1f113d1a16a246d59b96935a60fb9bef,PRIORITY A,First QC queue,Tesla,Tesla Model 3,Tesla Model 3,,,,Hatchback/Car,684300,5,81,1,1,TeslaFan,CC BY,Web-verified CC BY,CC BY recorded at collection time — recheck live page and preserve attribution,https://sketchfab.com/3d-models/1f113d1a16a246d59b96935a60fb9bef,https://sketchfab.com/models/1f113d1a16a246d59b96935a60fb9bef/download,New scrape — 29 Jul 2026,YES,Pending,Pending,Pending,Pending,Pending,Pending,HOLD,Real source-linked everyday-car candidate; licence and visual GLB checks are still required.
6a315c510af544bb9cd56b7ff037d967,PRIORITY A,First QC queue,Tesla,Tesla Model 3,Tesla Model 3 2018,2018,,,Hatchback/Car,684300,1,86,1,1,marcelowmt,CC BY,Web-verified CC BY,CC BY recorded at collection time — recheck live page and preserve attribution,https://sketchfab.com/3d-models/6a315c510af544bb9cd56b7ff037d967,https://sketchfab.com/models/6a315c510af544bb9cd56b7ff037d967/download,New scrape — 29 Jul 2026,YES,Pending,Pending,Pending,Pending,Pending,Pending,HOLD,Real source-linked everyday-car candidate; licence and visual GLB checks are still required.
bc9bf0f48e174e918a5187dd1de019f8,PRIORITY A,First QC queue,Toyota,Toyota C-HR,Toyota C-HR 2020,2020,,,Hatchback/Car,201100,12,80,1,1,ItsDiyor,CC BY,Web-verified CC BY,CC BY recorded at collection time — recheck live page and preserve attribution,https://sketchfab.com/3d-models/bc9bf0f48e174e918a5187dd1de019f8,https://sketchfab.com/models/bc9bf0f48e174e918a5187dd1de019f8/download,New scrape — 29 Jul 2026,YES,Pending,Pending,Pending,Pending,Pending,Pending,HOLD,Real source-linked everyday-car candidate; licence and visual GLB checks are still required.
c4d66d21968c41da89114e2300578bc5,PRIORITY B,Manual metadata/visual review,Toyota,Toyota Corolla,Toyota Corolla E70 (1980),1980,E70,,Hatchback/Car,165200,97,68,1,1,ditovirnantio,CC BY,Web-verified CC BY,CC BY recorded at collection time — recheck live page and preserve attribution,https://sketchfab.com/3d-models/c4d66d21968c41da89114e2300578bc5,https://sketchfab.com/models/c4d66d21968c41da89114e2300578bc5/download,New scrape — 29 Jul 2026,YES,Pending,Pending,Pending,Pending,Pending,Pending,HOLD,Real source-linked everyday-car candidate; licence and visual GLB checks are still required.
6d7d34ee42734d1ab28a6b1f1c5fc4fc,PRIORITY A,First QC queue,Toyota,Toyota Corolla,Toyota Corolla 2020,2020,,,Hatchback/Car,206000,54,83,1,1,ItsDiyor,CC BY,Web-verified CC BY,CC BY recorded at collection time — recheck live page and preserve attribution,https://sketchfab.com/3d-models/6d7d34ee42734d1ab28a6b1f1c5fc4fc,https://sketchfab.com/models/6d7d34ee42734d1ab28a6b1f1c5fc4fc/download,New scrape — 29 Jul 2026,YES,Pending,Pending,Pending,Pending,Pending,Pending,HOLD,Real source-linked everyday-car candidate; licence and visual GLB checks are still required.
373deb15ad9c4e208d1be26aa5c8e9ca,PRIORITY A,First QC queue,Toyota,Toyota RAV4,Toyota RAV4 5door 2000,2000,,,Hatchback/Car,1100000,16,84,1,1,Nieve5677,CC BY,Web-verified CC BY,CC BY recorded at collection time — recheck live page and preserve attribution,https://sketchfab.com/3d-models/373deb15ad9c4e208d1be26aa5c8e9ca,https://sketchfab.com/models/373deb15ad9c4e208d1be26aa5c8e9ca/download,New scrape — 29 Jul 2026,YES,Pending,Pending,Pending,Pending,Pending,Pending,HOLD,Real source-linked everyday-car candidate; licence and visual GLB checks are still required.
450e36f0992c4ae09bd6c8d509a51a77,PRIORITY B,Manual metadata/visual review,Toyota,Toyota RAV4,2010 Rav4 Limited Edition,2010,,,Hatchback/Car,558862,8,71,1,1,,,Pending live-page verification,NOT VERIFIED — do not publish commercially until the live licence is checked,https://sketchfab.com/3d-models/450e36f0992c4ae09bd6c8d509a51a77,https://sketchfab.com/models/450e36f0992c4ae09bd6c8d509a51a77/download,Original V3,YES,Pending,Pending,Pending,Pending,Pending,Pending,HOLD,Real source-linked everyday-car candidate; licence and visual GLB checks are still required.
f558b5b454aa490486b5e1dd7c66d8e7,PRIORITY A,First QC queue,Toyota,Toyota Yaris,Toyota Yaris Vitz Echo,,,,Hatchback/Car,1500000,34,85,1,1,Nieve5677,CC BY,Web-verified CC BY,CC BY recorded at collection time — recheck live page and preserve attribution,https://sketchfab.com/3d-models/f558b5b454aa490486b5e1dd7c66d8e7,https://sketchfab.com/models/f558b5b454aa490486b5e1dd7c66d8e7/download,New scrape — 29 Jul 2026,YES,Pending,Pending,Pending,Pending,Pending,Pending,HOLD,Real source-linked everyday-car candidate; licence and visual GLB checks are still required.
8fa01c20d1204cbd8a39ed77d8f1f7fe,PRIORITY A,First QC queue,Toyota,Toyota Yaris,2018 Toyota Yaris 1.5 VX CVT,2018,,,Hatchback/Car,821700,17,90,1,1,Palma123 JAAT,CC BY,Web-verified CC BY,CC BY recorded at collection time — recheck live page and preserve attribution,https://sketchfab.com/3d-models/8fa01c20d1204cbd8a39ed77d8f1f7fe,https://sketchfab.com/models/8fa01c20d1204cbd8a39ed77d8f1f7fe/download,New scrape — 29 Jul 2026,YES,Pending,Pending,Pending,Pending,Pending,Pending,HOLD,Real source-linked everyday-car candidate; licence and visual GLB checks are still required.
e7cc6122d47a42f0b39771bd38da9f9e,PRIORITY B,Manual metadata/visual review,Toyota,Toyota Yaris,Toyota Yaris,2019,,,Hatchback/Car,178500,3,70,1,1,preladoldong,CC BY,Web-verified CC BY,CC BY recorded at collection time — recheck live page and preserve attribution,https://sketchfab.com/3d-models/e7cc6122d47a42f0b39771bd38da9f9e,https://sketchfab.com/models/e7cc6122d47a42f0b39771bd38da9f9e/download,New scrape — 29 Jul 2026,YES,Pending,Pending,Pending,Pending,Pending,Pending,HOLD,Real source-linked everyday-car candidate; licence and visual GLB checks are still required.
0389d91b59b948a2bc693ce96f810625,PRIORITY B,Manual metadata/visual review,Vauxhall,Astra,Opel Astra 1.0t enginebay,,,,Hatchback/Car,84134,4,31,1,1,,,Pending live-page verification,NOT VERIFIED — do not publish commercially until the live licence is checked,https://sketchfab.com/3d-models/0389d91b59b948a2bc693ce96f810625,https://sketchfab.com/models/0389d91b59b948a2bc693ce96f810625/download,Original V3,YES,Pending,Pending,Pending,Pending,Pending,Pending,HOLD,Real source-linked everyday-car candidate; licence and visual GLB checks are still required.
4935752f09fd4f6b915cb12f0d3340aa,PRIORITY B,Manual metadata/visual review,Vauxhall,Astra,Opel Astra Bertone G 1998-2013,1998–2013,,,Hatchback/Car,467416,16,72,1,1,,,Pending live-page verification,NOT VERIFIED — do not publish commercially until the live licence is checked,https://sketchfab.com/3d-models/4935752f09fd4f6b915cb12f0d3340aa,https://sketchfab.com/models/4935752f09fd4f6b915cb12f0d3340aa/download,Original V3,YES,Pending,Pending,Pending,Pending,Pending,Pending,HOLD,Real source-linked everyday-car candidate; licence and visual GLB checks are still required.
06235fb76ab3403dbb0410c05cc3046d,PRIORITY A,First QC queue,Vauxhall,Astra,Opel Astra H 2004-2014,2004–2014,,,Hatchback/Car,769979,8,81,2,1,,,Pending live-page verification,NOT VERIFIED — do not publish commercially until the live licence is checked,https://sketchfab.com/3d-models/06235fb76ab3403dbb0410c05cc3046d,https://sketchfab.com/models/06235fb76ab3403dbb0410c05cc3046d/download,Original V3,YES,Pending,Pending,Pending,Pending,Pending,Pending,HOLD,Real source-linked everyday-car candidate; licence and visual GLB checks are still required.
3f1bbea9691a497ca55f2b4a8cb38b83,PRIORITY B,Manual metadata/visual review,Vauxhall,Astra,Opel Astra H 2004-2014,2004–2014,,,Hatchback/Car,765185,2,78,1,1,,,Pending live-page verification,NOT VERIFIED — do not publish commercially until the live licence is checked,https://sketchfab.com/3d-models/3f1bbea9691a497ca55f2b4a8cb38b83,https://sketchfab.com/models/3f1bbea9691a497ca55f2b4a8cb38b83/download,Original V3,YES,Pending,Pending,Pending,Pending,Pending,Pending,HOLD,Real source-linked everyday-car candidate; licence and visual GLB checks are still required.
77d6c5963a364c7d9d481f0e6209287a,PRIORITY B,Manual metadata/visual review,Vauxhall,Astra,Opel Astra H 5-Door 2004-2014,2004–2014,,,Hatchback/Car,771910,2,78,1,1,,,Pending live-page verification,NOT VERIFIED — do not publish commercially until the live licence is checked,https://sketchfab.com/3d-models/77d6c5963a364c7d9d481f0e6209287a,https://sketchfab.com/models/77d6c5963a364c7d9d481f0e6209287a/download,Original V3,YES,Pending,Pending,Pending,Pending,Pending,Pending,HOLD,Real source-linked everyday-car candidate; licence and visual GLB checks are still required.
fd1ed795ab5d4394b78746a1765f96e1,PRIORITY A,First QC queue,Vauxhall,Astra,Opel Astra K 2015-2022,2015–2022,,,Hatchback/Car,663152,6,83,1,1,,,Pending live-page verification,NOT VERIFIED — do not publish commercially until the live licence is checked,https://sketchfab.com/3d-models/fd1ed795ab5d4394b78746a1765f96e1,https://sketchfab.com/models/fd1ed795ab5d4394b78746a1765f96e1/download,Original V3,YES,Pending,Pending,Pending,Pending,Pending,Pending,HOLD,Real source-linked everyday-car candidate; licence and visual GLB checks are still required.
edd5c524d2404267bd28dac41a3cd08a,PRIORITY A,First QC queue,Vauxhall,Corsa,Opel Corsa E 2014-2019,2014–2019,,,Hatchback/Car,687877,8,84,1,1,,,Pending live-page verification,NOT VERIFIED — do not publish commercially until the live licence is checked,https://sketchfab.com/3d-models/edd5c524d2404267bd28dac41a3cd08a,https://sketchfab.com/models/edd5c524d2404267bd28dac41a3cd08a/download,Original V3,YES,Pending,Pending,Pending,Pending,Pending,Pending,HOLD,Real source-linked everyday-car candidate; licence and visual GLB checks are still required.
7851ae3e70934577b1bdb445a260eb9f,PRIORITY B,Manual metadata/visual review,Vauxhall,Insignia,Vauxhall Insignia VXR 2008-2017,2008–2017,,,Hatchback/Car,84939,5,39,1,1,,,Pending live-page verification,NOT VERIFIED — do not publish commercially until the live licence is checked,https://sketchfab.com/3d-models/7851ae3e70934577b1bdb445a260eb9f,https://sketchfab.com/models/7851ae3e70934577b1bdb445a260eb9f/download,Original V3,YES,Pending,Pending,Pending,Pending,Pending,Pending,HOLD,Real source-linked everyday-car candidate; licence and visual GLB checks are still required.
45215e62b31343b58db7213b28cfacf6,PRIORITY B,Manual metadata/visual review,Vauxhall,Opel Astra,2003 Opel Astra V8 Coupe DTM,2003,,,Hatchback/Car,156816,20,63,1,1,,,Pending live-page verification,NOT VERIFIED — do not publish commercially until the live licence is checked,https://sketchfab.com/3d-models/45215e62b31343b58db7213b28cfacf6,https://sketchfab.com/models/45215e62b31343b58db7213b28cfacf6/download,Original V3,YES,Pending,Pending,Pending,Pending,Pending,Pending,HOLD,Real source-linked everyday-car candidate; licence and visual GLB checks are still required.
260a1afbd3d040c0b58fb4fb770960b4,PRIORITY A,First QC queue,Vauxhall,Opel Mokka,2021 Opel Mokka (Mk2),2021,Mk2,,Hatchback/Car,1052121,3,82,1,1,,,Pending live-page verification,NOT VERIFIED — do not publish commercially until the live licence is checked,https://sketchfab.com/3d-models/260a1afbd3d040c0b58fb4fb770960b4,https://sketchfab.com/models/260a1afbd3d040c0b58fb4fb770960b4/download,Original V3,YES,Pending,Pending,Pending,Pending,Pending,Pending,HOLD,Real source-linked everyday-car candidate; licence and visual GLB checks are still required.
b2426f6f4bee49fe8d2d5a934e22dc7f,PRIORITY B,Manual metadata/visual review,Vauxhall,Opel Mokka e-Hybrid,2022 Opel Mokka e-Hybrid,2022,,,Hatchback/Car,472701,5,73,1,1,,,Pending live-page verification,NOT VERIFIED — do not publish commercially until the live licence is checked,https://sketchfab.com/models/b2426f6f4bee49fe8d2d5a934e22dc7f,https://sketchfab.com/models/b2426f6f4bee49fe8d2d5a934e22dc7f/download,Original V3,YES,Pending,Pending,Pending,Pending,Pending,Pending,HOLD,Real source-linked everyday-car candidate; licence and visual GLB checks are still required.
59b9e22df74a4d639712dce56abb517f,PRIORITY B,Manual metadata/visual review,Vauxhall,Vauxhall Astra,Vauxhall Astra J 2012-2015,2012–2015,,,Hatchback/Car,416080,1,68,1,1,,,Pending live-page verification,NOT VERIFIED — do not publish commercially until the live licence is checked,https://sketchfab.com/3d-models/59b9e22df74a4d639712dce56abb517f,https://sketchfab.com/models/59b9e22df74a4d639712dce56abb517f/download,Original V3,YES,Pending,Pending,Pending,Pending,Pending,Pending,HOLD,Real source-linked everyday-car candidate; licence and visual GLB checks are still required.
bf1473fbdc1040738861c7a3c1e23d59,PRIORITY B,Manual metadata/visual review,Vauxhall,Vauxhall Astra,Vauxhall Astra J 2015-2020,2015–2020,,,Hatchback/Car,416080,2,71,1,1,,,Pending live-page verification,NOT VERIFIED — do not publish commercially until the live licence is checked,https://sketchfab.com/3d-models/bf1473fbdc1040738861c7a3c1e23d59,https://sketchfab.com/models/bf1473fbdc1040738861c7a3c1e23d59/download,Original V3,YES,Pending,Pending,Pending,Pending,Pending,Pending,HOLD,Real source-linked everyday-car candidate; licence and visual GLB checks are still required.
94cb6b8bf1724d8599ee907b95d64fb2,PRIORITY B,Manual metadata/visual review,Vauxhall,Vauxhall Cavalier,Vauxhall_cavalier,,,,Hatchback/Car,1645464,0,72,1,1,,,Pending live-page verification,NOT VERIFIED — do not publish commercially until the live licence is checked,https://sketchfab.com/3d-models/94cb6b8bf1724d8599ee907b95d64fb2,https://sketchfab.com/models/94cb6b8bf1724d8599ee907b95d64fb2/download,Original V3,YES,Pending,Pending,Pending,Pending,Pending,Pending,HOLD,Real source-linked everyday-car candidate; licence and visual GLB checks are still required.
24f88421563345749a6ee764bcb1107c,PRIORITY B,Manual metadata/visual review,Vauxhall,Vauxhall Corsa,Motor Chevrolet Corsa,,,,Hatchback/Car,1106616,4,75,1,1,,,Pending live-page verification,NOT VERIFIED — do not publish commercially until the live licence is checked,https://sketchfab.com/3d-models/24f88421563345749a6ee764bcb1107c,https://sketchfab.com/models/24f88421563345749a6ee764bcb1107c/download,Original V3,YES,Pending,Pending,Pending,Pending,Pending,Pending,HOLD,Real source-linked everyday-car candidate; licence and visual GLB checks are still required.
3f6e7cdda4034190bf96a1bda62d0b74,PRIORITY B,Manual metadata/visual review,Vauxhall,Vauxhall Insignia,Opel/Vauxhall Insignia A 2008-2017,2008–2017,,,Hatchback/Car,527069,4,79,1,1,,,Pending live-page verification,NOT VERIFIED — do not publish commercially until the live licence is checked,https://sketchfab.com/3d-models/3f6e7cdda4034190bf96a1bda62d0b74,https://sketchfab.com/models/3f6e7cdda4034190bf96a1bda62d0b74/download,Original V3,YES,Pending,Pending,Pending,Pending,Pending,Pending,HOLD,Real source-linked everyday-car candidate; licence and visual GLB checks are still required.
08f890ceffe944ddbcba5e77af683dc0,PRIORITY A,First QC queue,Vauxhall,Vauxhall Mokka,Vauxhall/Opel Mokka 2021,2021,,,Hatchback/Car,1260288,9,84,1,1,,,Pending live-page verification,NOT VERIFIED — do not publish commercially until the live licence is checked,https://sketchfab.com/3d-models/08f890ceffe944ddbcba5e77af683dc0,https://sketchfab.com/models/08f890ceffe944ddbcba5e77af683dc0/download,Original V3,YES,Pending,Pending,Pending,Pending,Pending,Pending,HOLD,Real source-linked everyday-car candidate; licence and visual GLB checks are still required.
f8016dcd5e45481b92c2fa0c8342a650,PRIORITY B,Manual metadata/visual review,Vauxhall,Vauxhall Vectra,Opel/Vauxhall Vectra B GSi 2001,2001,,,Hatchback/Car,222378,4,66,1,1,,,Pending live-page verification,NOT VERIFIED — do not publish commercially until the live licence is checked,https://sketchfab.com/3d-models/f8016dcd5e45481b92c2fa0c8342a650,https://sketchfab.com/models/f8016dcd5e45481b92c2fa0c8342a650/download,Original V3,YES,Pending,Pending,Pending,Pending,Pending,Pending,HOLD,Real source-linked everyday-car candidate; licence and visual GLB checks are still required.
6ffbd9a114144aa2aed929ae83ebbe87,PRIORITY B,Manual metadata/visual review,Vauxhall,Vauxhall Vectra,Opel/Vauxhall Vectra C 2002-2008,2002–2008,,,Hatchback/Car,381783,7,68,1,1,,,Pending live-page verification,NOT VERIFIED — do not publish commercially until the live licence is checked,https://sketchfab.com/3d-models/6ffbd9a114144aa2aed929ae83ebbe87,https://sketchfab.com/models/6ffbd9a114144aa2aed929ae83ebbe87/download,Original V3,YES,Pending,Pending,Pending,Pending,Pending,Pending,HOLD,Real source-linked everyday-car candidate; licence and visual GLB checks are still required.
d6824e905b3945e7a14cf8e1f605f99c,PRIORITY B,Manual metadata/visual review,Vauxhall,Vauxhall Vectra,Vauxhall Vectra C Sedan 2002-2008,2002–2008,,,Saloon,152361,5,60,1,1,,,Pending live-page verification,NOT VERIFIED — do not publish commercially until the live licence is checked,https://sketchfab.com/3d-models/d6824e905b3945e7a14cf8e1f605f99c,https://sketchfab.com/models/d6824e905b3945e7a14cf8e1f605f99c/download,Original V3,YES,Pending,Pending,Pending,Pending,Pending,Pending,HOLD,Real source-linked everyday-car candidate; licence and visual GLB checks are still required.
3334da6aaa8b41ebb878100c836fb414,PRIORITY A,First QC queue,Volkswagen,Volkswagen Arteon Shooting Brake Hybrid,2021 Volkswagen Arteon Shooting Brake Hybrid,2021,,,Estate,1159182,23,86,1,1,,,Pending live-page verification,NOT VERIFIED — do not publish commercially until the live licence is checked,https://sketchfab.com/models/3334da6aaa8b41ebb878100c836fb414,https://sketchfab.com/models/3334da6aaa8b41ebb878100c836fb414/download,Original V3,YES,Pending,Pending,Pending,Pending,Pending,Pending,HOLD,Real source-linked everyday-car candidate; licence and visual GLB checks are still required.
e9fa6481f6b042129b811a263199bef9,PRIORITY A,First QC queue,Volkswagen,Volkswagen ID Buzz,2023 Volkswagen ID Buzz,2023,,,Hatchback/Car,1534544,26,86,1,1,,,Pending live-page verification,NOT VERIFIED — do not publish commercially until the live licence is checked,https://sketchfab.com/models/e9fa6481f6b042129b811a263199bef9,https://sketchfab.com/models/e9fa6481f6b042129b811a263199bef9/download,Original V3,YES,Pending,Pending,Pending,Pending,Pending,Pending,HOLD,Real source-linked everyday-car candidate; licence and visual GLB checks are still required.
4bf16c365fcf4c6e9a0d8937346a9a2a,PRIORITY A,First QC queue,Volkswagen,Volkswagen ID Buzz Cargo,2023 Volkswagen ID Buzz Cargo,2023,,,Hatchback/Car,1583960,25,86,1,1,,,Pending live-page verification,NOT VERIFIED — do not publish commercially until the live licence is checked,https://sketchfab.com/models/4bf16c365fcf4c6e9a0d8937346a9a2a,https://sketchfab.com/models/4bf16c365fcf4c6e9a0d8937346a9a2a/download,Original V3,YES,Pending,Pending,Pending,Pending,Pending,Pending,HOLD,Real source-linked everyday-car candidate; licence and visual GLB checks are still required.
4baa6b3178a54398b5d19efb81d067f0,PRIORITY A,First QC queue,Volkswagen,Volkswagen ID Buzz LWB,2023 Volkswagen ID Buzz LWB,2023,,,Hatchback/Car,1371738,41,87,1,1,,,Pending live-page verification,NOT VERIFIED — do not publish commercially until the live licence is checked,https://sketchfab.com/models/4baa6b3178a54398b5d19efb81d067f0,https://sketchfab.com/models/4baa6b3178a54398b5d19efb81d067f0/download,Original V3,YES,Pending,Pending,Pending,Pending,Pending,Pending,HOLD,Real source-linked everyday-car candidate; licence and visual GLB checks are still required.
ebbc156b6de045c4bcd1c96b7636938f,PRIORITY A,First QC queue,Volkswagen,Volkswagen ID3,2022 Volkswagen ID3,2022,,,Hatchback/Car,1657517,10,84,1,1,,,Pending live-page verification,NOT VERIFIED — do not publish commercially until the live licence is checked,https://sketchfab.com/models/ebbc156b6de045c4bcd1c96b7636938f,https://sketchfab.com/models/ebbc156b6de045c4bcd1c96b7636938f/download,Original V3,YES,Pending,Pending,Pending,Pending,Pending,Pending,HOLD,Real source-linked everyday-car candidate; licence and visual GLB checks are still required.
734a442a3b6a46e0b055ac936a00ce63,PRIORITY A,First QC queue,Volkswagen,Volkswagen ID3,2024 Volkswagen ID3,2024,,,Hatchback/Car,1995610,10,84,1,1,,,Pending live-page verification,NOT VERIFIED — do not publish commercially until the live licence is checked,https://sketchfab.com/models/734a442a3b6a46e0b055ac936a00ce63,https://sketchfab.com/models/734a442a3b6a46e0b055ac936a00ce63/download,Original V3,YES,Pending,Pending,Pending,Pending,Pending,Pending,HOLD,Real source-linked everyday-car candidate; licence and visual GLB checks are still required.
7390ffd912994b3aaa89aef218fab2b4,PRIORITY A,First QC queue,Volkswagen,Volkswagen ID4,2022 Volkswagen ID4,2022,,,Hatchback/Car,1329313,13,85,1,1,,,Pending live-page verification,NOT VERIFIED — do not publish commercially until the live licence is checked,https://sketchfab.com/models/7390ffd912994b3aaa89aef218fab2b4,https://sketchfab.com/models/7390ffd912994b3aaa89aef218fab2b4/download,Original V3,YES,Pending,Pending,Pending,Pending,Pending,Pending,HOLD,Real source-linked everyday-car candidate; licence and visual GLB checks are still required.
e4992d97df05425fb5063aeef3e1863c,PRIORITY A,First QC queue,Volkswagen,Volkswagen ID5,2022 Volkswagen ID5,2022,,,Hatchback/Car,1809673,17,85,1,1,,,Pending live-page verification,NOT VERIFIED — do not publish commercially until the live licence is checked,https://sketchfab.com/models/e4992d97df05425fb5063aeef3e1863c,https://sketchfab.com/models/e4992d97df05425fb5063aeef3e1863c/download,Original V3,YES,Pending,Pending,Pending,Pending,Pending,Pending,HOLD,Real source-linked everyday-car candidate; licence and visual GLB checks are still required.
24d70484a10240b79f1ddb33bf6a9b1d,PRIORITY A,First QC queue,Volkswagen,Volkswagen Multivan,2022 Volkswagen Multivan,2022,,,Van,1751184,22,86,1,1,,,Pending live-page verification,NOT VERIFIED — do not publish commercially until the live licence is checked,https://sketchfab.com/models/24d70484a10240b79f1ddb33bf6a9b1d,https://sketchfab.com/models/24d70484a10240b79f1ddb33bf6a9b1d/download,Original V3,YES,Pending,Pending,Pending,Pending,Pending,Pending,HOLD,Real source-linked everyday-car candidate; licence and visual GLB checks are still required.
22e596ad332e4fbfb5ef90828da4594a,PRIORITY B,Manual metadata/visual review,Volkswagen,Volkswagen Polo,Volkswagen Polo,,,,Hatchback/Car,171500,7,65,1,1,bimboit34,CC BY,Web-verified CC BY,CC BY recorded at collection time — recheck live page and preserve attribution,https://sketchfab.com/3d-models/22e596ad332e4fbfb5ef90828da4594a,https://sketchfab.com/models/22e596ad332e4fbfb5ef90828da4594a/download,New scrape — 29 Jul 2026,YES,Pending,Pending,Pending,Pending,Pending,Pending,HOLD,Real source-linked everyday-car candidate; licence and visual GLB checks are still required.
0112c87947e549a888f3612c729d08f0,PRIORITY B,Manual metadata/visual review,Volkswagen,Volkswagen Polo,Volkswagen Polo IV 2001-2009,2001–2009,,,Hatchback/Car,281200,2,70,1,1,Merc_TV,CC BY,Web-verified CC BY,CC BY recorded at collection time — recheck live page and preserve attribution,https://sketchfab.com/3d-models/0112c87947e549a888f3612c729d08f0,https://sketchfab.com/models/0112c87947e549a888f3612c729d08f0/download,New scrape — 29 Jul 2026,YES,Pending,Pending,Pending,Pending,Pending,Pending,HOLD,Real source-linked everyday-car candidate; licence and visual GLB checks are still required.
d0463d789e7c46039e979511ec8f5e92,PRIORITY B,Manual metadata/visual review,Volkswagen,Volkswagen Polo,Volkswagen Polo MK5 2009-2018,2009–2018,Mk5,,Hatchback/Car,102300,2,66,1,1,Merc_TV,CC BY,Web-verified CC BY,CC BY recorded at collection time — recheck live page and preserve attribution,https://sketchfab.com/3d-models/d0463d789e7c46039e979511ec8f5e92,https://sketchfab.com/models/d0463d789e7c46039e979511ec8f5e92/download,New scrape — 29 Jul 2026,YES,Pending,Pending,Pending,Pending,Pending,Pending,HOLD,Real source-linked everyday-car candidate; licence and visual GLB checks are still required.
9971a82322e54ab4b1302fed07ee126a,PRIORITY B,Manual metadata/visual review,Volkswagen,Volkswagen Polo,Volkswagen Polo 2017,2017,,,Hatchback/Car,132500,14,73,1,1,RES1N,CC BY,Web-verified CC BY,CC BY recorded at collection time — recheck live page and preserve attribution,https://sketchfab.com/3d-models/9971a82322e54ab4b1302fed07ee126a,https://sketchfab.com/models/9971a82322e54ab4b1302fed07ee126a/download,New scrape — 29 Jul 2026,YES,Pending,Pending,Pending,Pending,Pending,Pending,HOLD,Real source-linked everyday-car candidate; licence and visual GLB checks are still required.
0e6da82f444949538104141f51905246,PRIORITY B,Manual metadata/visual review,Volkswagen,Volkswagen Polo,Volkswagen Polo 2017,2017,,,Hatchback/Car,126600,3,70,1,1,tilcell,CC BY,Web-verified CC BY,CC BY recorded at collection time — recheck live page and preserve attribution,https://sketchfab.com/3d-models/0e6da82f444949538104141f51905246,https://sketchfab.com/models/0e6da82f444949538104141f51905246/download,New scrape — 29 Jul 2026,YES,Pending,Pending,Pending,Pending,Pending,Pending,HOLD,Real source-linked everyday-car candidate; licence and visual GLB checks are still required.
b2368d49bb134a1d8552cf272916fc9a,PRIORITY A,First QC queue,Volkswagen,Volkswagen Polo,2022 Volkswagen Polo,2022,,,Hatchback/Car,1634313,20,86,1,1,,,Pending live-page verification,NOT VERIFIED — do not publish commercially until the live licence is checked,https://sketchfab.com/models/b2368d49bb134a1d8552cf272916fc9a,https://sketchfab.com/models/b2368d49bb134a1d8552cf272916fc9a/download,Original V3,YES,Pending,Pending,Pending,Pending,Pending,Pending,HOLD,Real source-linked everyday-car candidate; licence and visual GLB checks are still required.
d280e3b7a4f049af8b24c3abcc9cff09,PRIORITY A,First QC queue,Volkswagen,Volkswagen Taigo,2022 Volkswagen Taigo,2022,,,Hatchback/Car,1902683,22,86,1,1,,,Pending live-page verification,NOT VERIFIED — do not publish commercially until the live licence is checked,https://sketchfab.com/models/d280e3b7a4f049af8b24c3abcc9cff09,https://sketchfab.com/models/d280e3b7a4f049af8b24c3abcc9cff09/download,Original V3,YES,Pending,Pending,Pending,Pending,Pending,Pending,HOLD,Real source-linked everyday-car candidate; licence and visual GLB checks are still required.
6886e629076d468e81060a8ae089755c,PRIORITY A,First QC queue,Volkswagen,Volkswagen Tiguan,Volkswagen Tiguan R-Line,,,R-Line,Hatchback/Car,618100,6,81,1,1,Nieve5677,CC BY,Web-verified CC BY,CC BY recorded at collection time — recheck live page and preserve attribution,https://sketchfab.com/3d-models/6886e629076d468e81060a8ae089755c,https://sketchfab.com/models/6886e629076d468e81060a8ae089755c/download,New scrape — 29 Jul 2026,YES,Pending,Pending,Pending,Pending,Pending,Pending,HOLD,Real source-linked everyday-car candidate; licence and visual GLB checks are still required.
1a027a22e1ca474ca156376dc92b098b,PRIORITY A,First QC queue,Volkswagen,Volkswagen Tiguan,2021 Volkswagen Tiguan,2021,,,Hatchback/Car,2345287,23,86,1,1,,,Pending live-page verification,NOT VERIFIED — do not publish commercially until the live licence is checked,https://sketchfab.com/models/1a027a22e1ca474ca156376dc92b098b,https://sketchfab.com/models/1a027a22e1ca474ca156376dc92b098b/download,Original V3,YES,Pending,Pending,Pending,Pending,Pending,Pending,HOLD,Real source-linked everyday-car candidate; licence and visual GLB checks are still required.
c8780d08e8dc4050a1287fa99c31824c,PRIORITY A,First QC queue,Volkswagen,Volkswagen Tiguan L - Allspace,2022 Volkswagen Tiguan L - Allspace,2022,,,Hatchback/Car,812202,105,89,1,1,,,Pending live-page verification,NOT VERIFIED — do not publish commercially until the live licence is checked,https://sketchfab.com/models/c8780d08e8dc4050a1287fa99c31824c,https://sketchfab.com/models/c8780d08e8dc4050a1287fa99c31824c/download,Original V3,YES,Pending,Pending,Pending,Pending,Pending,Pending,HOLD,Real source-linked everyday-car candidate; licence and visual GLB checks are still required.
ee9af590ebe046d88be99474cbbe0a0e,PRIORITY A,First QC queue,Volkswagen,VW Beetle,Volkswagen Beetle,,,,Hatchback/Car,1012788,36,80,1,1,,,Pending live-page verification,NOT VERIFIED — do not publish commercially until the live licence is checked,https://sketchfab.com/3d-models/ee9af590ebe046d88be99474cbbe0a0e,https://sketchfab.com/models/ee9af590ebe046d88be99474cbbe0a0e/download,Original V3,YES,Pending,Pending,Pending,Pending,Pending,Pending,HOLD,Real source-linked everyday-car candidate; licence and visual GLB checks are still required.
566679358f064f96b06094e393b6e943,PRIORITY A,First QC queue,Volkswagen,VW Beetle,VW Bug,,,,Hatchback/Car,1252695,31,80,1,1,,,Pending live-page verification,NOT VERIFIED — do not publish commercially until the live licence is checked,https://sketchfab.com/3d-models/566679358f064f96b06094e393b6e943,https://sketchfab.com/models/566679358f064f96b06094e393b6e943/download,Original V3,YES,Pending,Pending,Pending,Pending,Pending,Pending,HOLD,Real source-linked everyday-car candidate; licence and visual GLB checks are still required.
23e8f278995448e7be905b0777a31529,PRIORITY A,First QC queue,Volkswagen,VW Golf,Volkswagen Golf Mk2,,Mk2,,Hatchback/Car,1854262,175,83,1,1,,,Pending live-page verification,NOT VERIFIED — do not publish commercially until the live licence is checked,https://sketchfab.com/3d-models/23e8f278995448e7be905b0777a31529,https://sketchfab.com/models/23e8f278995448e7be905b0777a31529/download,Original V3,YES,Pending,Pending,Pending,Pending,Pending,Pending,HOLD,Real source-linked everyday-car candidate; licence and visual GLB checks are still required.
91917889e116439c8b68e68bbb79a002,PRIORITY A,First QC queue,Volkswagen,VW Golf,Volkswagen Golf  Cabriolet MK1,,Mk1,,Convertible,766120,45,80,1,1,,,Pending live-page verification,NOT VERIFIED — do not publish commercially until the live licence is checked,https://sketchfab.com/3d-models/91917889e116439c8b68e68bbb79a002,https://sketchfab.com/models/91917889e116439c8b68e68bbb79a002/download,Original V3,YES,Pending,Pending,Pending,Pending,Pending,Pending,HOLD,Real source-linked everyday-car candidate; licence and visual GLB checks are still required.
171e82763aa34b9bb7b8c97ab8f85b61,PRIORITY A,First QC queue,Volkswagen,VW Jetta,Volkwagen Jetta,,,,Hatchback/Car,1424112,50,81,1,1,,,Pending live-page verification,NOT VERIFIED — do not publish commercially until the live licence is checked,https://sketchfab.com/3d-models/171e82763aa34b9bb7b8c97ab8f85b61,https://sketchfab.com/models/171e82763aa34b9bb7b8c97ab8f85b61/download,Original V3,YES,Pending,Pending,Pending,Pending,Pending,Pending,HOLD,Real source-linked everyday-car candidate; licence and visual GLB checks are still required.
0e668a2cc10647b1a6e47e06384aa26a,PRIORITY A,First QC queue,Volkswagen,VW Passat,2022 Volkswagen Passat PHEV,2022,,,Hatchback/Car,738146,74,88,1,1,,,Pending live-page verification,NOT VERIFIED — do not publish commercially until the live licence is checked,https://sketchfab.com/3d-models/0e668a2cc10647b1a6e47e06384aa26a,https://sketchfab.com/models/0e668a2cc10647b1a6e47e06384aa26a/download,Original V3,YES,Pending,Pending,Pending,Pending,Pending,Pending,HOLD,Real source-linked everyday-car candidate; licence and visual GLB checks are still required.
1094c8a9e9a2413d9d24508d1d68219c,PRIORITY B,Manual metadata/visual review,Volkswagen,VW Transporter,"Transporter, Bus, Kombi, Volkswagen van",,,,Van,963977,16,78,1,1,,,Pending live-page verification,NOT VERIFIED — do not publish commercially until the live licence is checked,https://sketchfab.com/3d-models/1094c8a9e9a2413d9d24508d1d68219c,https://sketchfab.com/models/1094c8a9e9a2413d9d24508d1d68219c/download,Original V3,YES,Pending,Pending,Pending,Pending,Pending,Pending,HOLD,Real source-linked everyday-car candidate; licence and visual GLB checks are still required.
c35ef02fd38b48adadc17f117a4a518c,PRIORITY B,Manual metadata/visual review,Volvo,2023 Volvo XC60 Recharge,2023 Volvo XC60 Recharge,2023,,,Hatchback/Car,445644,11,74,1,1,,,Pending live-page verification,NOT VERIFIED — do not publish commercially until the live licence is checked,https://sketchfab.com/3d-models/c35ef02fd38b48adadc17f117a4a518c,https://sketchfab.com/models/c35ef02fd38b48adadc17f117a4a518c/download,Original V3,YES,Pending,Pending,Pending,Pending,Pending,Pending,HOLD,Real source-linked everyday-car candidate; licence and visual GLB checks are still required.
c997bf903d02408dbd6b81ecd13fb22c,PRIORITY B,Manual metadata/visual review,Volvo,Volvo C30,Volvo C30,,C30,,Hatchback/Car,930522,13,78,1,1,,,Pending live-page verification,NOT VERIFIED — do not publish commercially until the live licence is checked,https://sketchfab.com/3d-models/c997bf903d02408dbd6b81ecd13fb22c,https://sketchfab.com/models/c997bf903d02408dbd6b81ecd13fb22c/download,Original V3,YES,Pending,Pending,Pending,Pending,Pending,Pending,HOLD,Real source-linked everyday-car candidate; licence and visual GLB checks are still required.
5fb13d2daeb5480e8be44e475e2acf59,PRIORITY B,Manual metadata/visual review,Volvo,Volvo C30,Volvo C30 R-Design,,C30,"R-Design, Design",Hatchback/Car,200850,36,70,1,1,,,Pending live-page verification,NOT VERIFIED — do not publish commercially until the live licence is checked,https://sketchfab.com/3d-models/5fb13d2daeb5480e8be44e475e2acf59,https://sketchfab.com/models/5fb13d2daeb5480e8be44e475e2acf59/download,Original V3,YES,Pending,Pending,Pending,Pending,Pending,Pending,HOLD,Real source-linked everyday-car candidate; licence and visual GLB checks are still required.
3ea5457f30f54f288e8e5898956265ea,PRIORITY B,Manual metadata/visual review,Volvo,Volvo C40 Recharge,2022 Volvo C40 Recharge,2022,C40,,Hatchback/Car,470534,13,75,1,1,,,Pending live-page verification,NOT VERIFIED — do not publish commercially until the live licence is checked,https://sketchfab.com/models/3ea5457f30f54f288e8e5898956265ea,https://sketchfab.com/models/3ea5457f30f54f288e8e5898956265ea/download,Original V3,YES,Pending,Pending,Pending,Pending,Pending,Pending,HOLD,Real source-linked everyday-car candidate; licence and visual GLB checks are still required.
902df26956a44a9d87e953335950c287,PRIORITY B,Manual metadata/visual review,Volvo,Volvo S60,Volvo S60 Climate Controls,,,,Hatchback/Car,2032034,3,75,1,1,,,Pending live-page verification,NOT VERIFIED — do not publish commercially until the live licence is checked,https://sketchfab.com/3d-models/902df26956a44a9d87e953335950c287,https://sketchfab.com/models/902df26956a44a9d87e953335950c287/download,Original V3,YES,Pending,Pending,Pending,Pending,Pending,Pending,HOLD,Real source-linked everyday-car candidate; licence and visual GLB checks are still required.
28c2ece0a104459e89d0549218c1a465,PRIORITY B,Manual metadata/visual review,Volvo,Volvo S60,Volvo S60 MK1 2000-2010,2000–2010,Mk1,,Hatchback/Car,554532,3,76,1,1,,,Pending live-page verification,NOT VERIFIED — do not publish commercially until the live licence is checked,https://sketchfab.com/3d-models/28c2ece0a104459e89d0549218c1a465,https://sketchfab.com/models/28c2ece0a104459e89d0549218c1a465/download,Original V3,YES,Pending,Pending,Pending,Pending,Pending,Pending,HOLD,Real source-linked everyday-car candidate; licence and visual GLB checks are still required.
9462b07c10244fd4a28d86846dc9e3a9,PRIORITY B,Manual metadata/visual review,Volvo,Volvo S90,Volvo S90 Recharge (Free),,,,Hatchback/Car,3274586,1424,79,1,1,,,Pending live-page verification,NOT VERIFIED — do not publish commercially until the live licence is checked,https://sketchfab.com/3d-models/9462b07c10244fd4a28d86846dc9e3a9,https://sketchfab.com/models/9462b07c10244fd4a28d86846dc9e3a9/download,Original V3,YES,Pending,Pending,Pending,Pending,Pending,Pending,HOLD,Real source-linked everyday-car candidate; licence and visual GLB checks are still required.
5c178cf6696a4a02a0f550db7934d127,PRIORITY B,Manual metadata/visual review,Volvo,Volvo S90,Volvo S90,,,,Hatchback/Car,487899,10,67,1,1,,,Pending live-page verification,NOT VERIFIED — do not publish commercially until the live licence is checked,https://sketchfab.com/3d-models/5c178cf6696a4a02a0f550db7934d127,https://sketchfab.com/models/5c178cf6696a4a02a0f550db7934d127/download,Original V3,YES,Pending,Pending,Pending,Pending,Pending,Pending,HOLD,Real source-linked everyday-car candidate; licence and visual GLB checks are still required.
64d87223badf46a6af3fa15b053378e5,PRIORITY B,Manual metadata/visual review,Volvo,Volvo S90,Volvo_S90_Recharge_Free,,,,Hatchback/Car,3273670,0,63,1,1,,,Pending live-page verification,NOT VERIFIED — do not publish commercially until the live licence is checked,https://sketchfab.com/3d-models/64d87223badf46a6af3fa15b053378e5,https://sketchfab.com/models/64d87223badf46a6af3fa15b053378e5/download,Original V3,YES,Pending,Pending,Pending,Pending,Pending,Pending,HOLD,Real source-linked everyday-car candidate; licence and visual GLB checks are still required.
2b9c40a944944238b0a4071c30971a59,PRIORITY B,Manual metadata/visual review,Volvo,Volvo S90,2020 Volvo S90,2020,,,Hatchback/Car,463198,8,74,1,1,,,Pending live-page verification,NOT VERIFIED — do not publish commercially until the live licence is checked,https://sketchfab.com/models/2b9c40a944944238b0a4071c30971a59,https://sketchfab.com/models/2b9c40a944944238b0a4071c30971a59/download,Original V3,YES,Pending,Pending,Pending,Pending,Pending,Pending,HOLD,Real source-linked everyday-car candidate; licence and visual GLB checks are still required.
75b1e25e138a44fd9b6fb48a44e228b8,PRIORITY A,First QC queue,Volvo,Volvo V40,Volvo V40 Cross Country 2013,2013,,,Hatchback/Car,865076,5,80,1,1,,,Pending live-page verification,NOT VERIFIED — do not publish commercially until the live licence is checked,https://sketchfab.com/3d-models/75b1e25e138a44fd9b6fb48a44e228b8,https://sketchfab.com/models/75b1e25e138a44fd9b6fb48a44e228b8/download,Original V3,YES,Pending,Pending,Pending,Pending,Pending,Pending,HOLD,Real source-linked everyday-car candidate; licence and visual GLB checks are still required.
47a5c168f6c344d59003254eca848c7b,PRIORITY B,Manual metadata/visual review,Volvo,Volvo V60,Volvo V60,,,,Hatchback/Car,261406,33,70,1,1,,,Pending live-page verification,NOT VERIFIED — do not publish commercially until the live licence is checked,https://sketchfab.com/3d-models/47a5c168f6c344d59003254eca848c7b,https://sketchfab.com/models/47a5c168f6c344d59003254eca848c7b/download,Original V3,YES,Pending,Pending,Pending,Pending,Pending,Pending,HOLD,Real source-linked everyday-car candidate; licence and visual GLB checks are still required.
5b61ebab12924a8db27b6bb0fe18ac9f,PRIORITY B,Manual metadata/visual review,Volvo,Volvo V60,volvo V60 (Seperated),,,,Hatchback/Car,279292,8,67,1,1,,,Pending live-page verification,NOT VERIFIED — do not publish commercially until the live licence is checked,https://sketchfab.com/3d-models/5b61ebab12924a8db27b6bb0fe18ac9f,https://sketchfab.com/models/5b61ebab12924a8db27b6bb0fe18ac9f/download,Original V3,YES,Pending,Pending,Pending,Pending,Pending,Pending,HOLD,Real source-linked everyday-car candidate; licence and visual GLB checks are still required.
b613351dacbc4e68bcb4002af62370f9,PRIORITY B,Manual metadata/visual review,Volvo,Volvo V60,Volvo V60,,,,Hatchback/Car,157896,10,60,1,1,,,Pending live-page verification,NOT VERIFIED — do not publish commercially until the live licence is checked,https://sketchfab.com/3d-models/b613351dacbc4e68bcb4002af62370f9,https://sketchfab.com/models/b613351dacbc4e68bcb4002af62370f9/download,Original V3,YES,Pending,Pending,Pending,Pending,Pending,Pending,HOLD,Real source-linked everyday-car candidate; licence and visual GLB checks are still required.
345df71c1d584992b809c15d64e1a790,PRIORITY B,Manual metadata/visual review,Volvo,Volvo V60,Volvo S60/V60 2010-2018,2010–2018,,,Hatchback/Car,498046,7,71,1,1,,,Pending live-page verification,NOT VERIFIED — do not publish commercially until the live licence is checked,https://sketchfab.com/3d-models/345df71c1d584992b809c15d64e1a790,https://sketchfab.com/models/345df71c1d584992b809c15d64e1a790/download,Original V3,YES,Pending,Pending,Pending,Pending,Pending,Pending,HOLD,Real source-linked everyday-car candidate; licence and visual GLB checks are still required.
119e90f078a84ed7a19855a66c45200b,PRIORITY B,Manual metadata/visual review,Volvo,Volvo V60,2020 Volvo V60 T8 Polestar Engineered,2020,,,Hatchback/Car,397512,68,78,1,1,,,Pending live-page verification,NOT VERIFIED — do not publish commercially until the live licence is checked,https://sketchfab.com/3d-models/119e90f078a84ed7a19855a66c45200b,https://sketchfab.com/models/119e90f078a84ed7a19855a66c45200b/download,Original V3,YES,Pending,Pending,Pending,Pending,Pending,Pending,HOLD,Real source-linked everyday-car candidate; licence and visual GLB checks are still required.
a24d61f118604e7abf19a3532d6690a3,PRIORITY A,First QC queue,Volvo,Volvo V90,Volvo V90 Cross Country 2020,2020,,,Hatchback/Car,1061605,14,85,1,1,,,Pending live-page verification,NOT VERIFIED — do not publish commercially until the live licence is checked,https://sketchfab.com/3d-models/a24d61f118604e7abf19a3532d6690a3,https://sketchfab.com/models/a24d61f118604e7abf19a3532d6690a3/download,Original V3,YES,Pending,Pending,Pending,Pending,Pending,Pending,HOLD,Real source-linked everyday-car candidate; licence and visual GLB checks are still required.
bf16b64b8c2642d28fcc1817644e1023,PRIORITY B,Manual metadata/visual review,Volvo,Volvo V90,2020 Volvo V90,2020,,,Hatchback/Car,465856,10,74,1,1,,,Pending live-page verification,NOT VERIFIED — do not publish commercially until the live licence is checked,https://sketchfab.com/models/bf16b64b8c2642d28fcc1817644e1023,https://sketchfab.com/models/bf16b64b8c2642d28fcc1817644e1023/download,Original V3,YES,Pending,Pending,Pending,Pending,Pending,Pending,HOLD,Real source-linked everyday-car candidate; licence and visual GLB checks are still required.
2a80dae5c1804d25bdca7d36a988f59b,PRIORITY A,First QC queue,Volvo,Volvo XC40,Volvo XC40 Recharge 2020,2020,,,Hatchback/Car,1451260,9,84,1,1,,,Pending live-page verification,NOT VERIFIED — do not publish commercially until the live licence is checked,https://sketchfab.com/3d-models/2a80dae5c1804d25bdca7d36a988f59b,https://sketchfab.com/models/2a80dae5c1804d25bdca7d36a988f59b/download,Original V3,YES,Pending,Pending,Pending,Pending,Pending,Pending,HOLD,Real source-linked everyday-car candidate; licence and visual GLB checks are still required.
eb8ce77c64c04339983cdf30593abca3,PRIORITY A,First QC queue,Volvo,Volvo XC60,Volvo XC60,,,,Hatchback/Car,547854,42,80,1,1,,,Pending live-page verification,NOT VERIFIED — do not publish commercially until the live licence is checked,https://sketchfab.com/3d-models/eb8ce77c64c04339983cdf30593abca3,https://sketchfab.com/models/eb8ce77c64c04339983cdf30593abca3/download,Original V3,YES,Pending,Pending,Pending,Pending,Pending,Pending,HOLD,Real source-linked everyday-car candidate; licence and visual GLB checks are still required.
0613957272674e3aaf460e3ea35d15be,PRIORITY B,Manual metadata/visual review,Volvo,Volvo XC60,Volvo XC60,,,,Hatchback/Car,1134258,13,78,1,1,,,Pending live-page verification,NOT VERIFIED — do not publish commercially until the live licence is checked,https://sketchfab.com/3d-models/0613957272674e3aaf460e3ea35d15be,https://sketchfab.com/models/0613957272674e3aaf460e3ea35d15be/download,Original V3,YES,Pending,Pending,Pending,Pending,Pending,Pending,HOLD,Real source-linked everyday-car candidate; licence and visual GLB checks are still required.
986e54be12664ff59d0748d003883ace,PRIORITY B,Manual metadata/visual review,Volvo,Volvo XC60,2023 Volvo XC60,2023,,,Hatchback/Car,468248,27,76,1,1,,,Pending live-page verification,NOT VERIFIED — do not publish commercially until the live licence is checked,https://sketchfab.com/models/986e54be12664ff59d0748d003883ace,https://sketchfab.com/models/986e54be12664ff59d0748d003883ace/download,Original V3,YES,Pending,Pending,Pending,Pending,Pending,Pending,HOLD,Real source-linked everyday-car candidate; licence and visual GLB checks are still required.
a8e83eb353b449df8d8ce8f4048923f5,PRIORITY B,Manual metadata/visual review,Volvo,Volvo XC60,2023 Volvo XC60,2023,,,Hatchback/Car,467782,15,75,1,1,,,Pending live-page verification,NOT VERIFIED — do not publish commercially until the live licence is checked,https://sketchfab.com/3d-models/a8e83eb353b449df8d8ce8f4048923f5,https://sketchfab.com/models/a8e83eb353b449df8d8ce8f4048923f5/download,Original V3,YES,Pending,Pending,Pending,Pending,Pending,Pending,HOLD,Real source-linked everyday-car candidate; licence and visual GLB checks are still required.
edc14fbdab4b49cc9bd6ce3b2fceec43,PRIORITY B,Manual metadata/visual review,Volvo,Volvo XC60,Volvo XC60 2026,2026,,,Hatchback/Car,431975,9,74,1,1,,,Pending live-page verification,NOT VERIFIED — do not publish commercially until the live licence is checked,https://sketchfab.com/3d-models/edc14fbdab4b49cc9bd6ce3b2fceec43,https://sketchfab.com/models/edc14fbdab4b49cc9bd6ce3b2fceec43/download,Original V3,YES,Pending,Pending,Pending,Pending,Pending,Pending,HOLD,Real source-linked everyday-car candidate; licence and visual GLB checks are still required.
e91e35e356ea456ca2c682efe36360b2,PRIORITY B,Manual metadata/visual review,Volvo,Volvo XC90,Volvo XC90 Inscription,,,Inscription,Hatchback/Car,488759,30,69,1,1,,,Pending live-page verification,NOT VERIFIED — do not publish commercially until the live licence is checked,https://sketchfab.com/3d-models/e91e35e356ea456ca2c682efe36360b2,https://sketchfab.com/models/e91e35e356ea456ca2c682efe36360b2/download,Original V3,YES,Pending,Pending,Pending,Pending,Pending,Pending,HOLD,Real source-linked everyday-car candidate; licence and visual GLB checks are still required.
8135a6c9c9344079bfaefc9d747e2ceb,PRIORITY B,Manual metadata/visual review,Volvo,Volvo XC90,Volvo XC90,,,,Hatchback/Car,352195,5,66,1,1,,,Pending live-page verification,NOT VERIFIED — do not publish commercially until the live licence is checked,https://sketchfab.com/3d-models/8135a6c9c9344079bfaefc9d747e2ceb,https://sketchfab.com/models/8135a6c9c9344079bfaefc9d747e2ceb/download,Original V3,YES,Pending,Pending,Pending,Pending,Pending,Pending,HOLD,Real source-linked everyday-car candidate; licence and visual GLB checks are still required.
4236cad77821494fa1857ab487174332,PRIORITY B,Manual metadata/visual review,Volkswagen,Golf Mk1,Car volkswagen golf mk1,1974–1983,Mk1,,Hatchback/Car,145700,2,72,1,1,3DRaizar,CC BY,Web-verified CC BY,CC BY recorded from live search result — recheck live page and preserve attribution,https://sketchfab.com/3d-models/car-volkswagen-golf-mk1-4236cad77821494fa1857ab487174332,https://sketchfab.com/models/4236cad77821494fa1857ab487174332/download,Deep web search — 29 Jul 2026,YES,Pending,Pending,Pending,Pending,Pending,Pending,HOLD,New unique source-linked candidate; title states realistic exterior model. Visual and licence QC still required.
a5ecb6bbdd044ee38c21aa56baf720eb,PRIORITY B,Manual metadata/visual review,Volkswagen,Golf Mk3,Volkswagen Golf III 1991-2003,1991–2003,Mk3,,Hatchback/Car,427100,8,75,1,1,Merc_TV,CC BY,Web-verified CC BY,CC BY recorded from live search result — recheck live page and preserve attribution,https://sketchfab.com/3d-models/volkswagen-golf-iii-1991-2003-a5ecb6bbdd044ee38c21aa56baf720eb,https://sketchfab.com/models/a5ecb6bbdd044ee38c21aa56baf720eb/download,Deep web search — 29 Jul 2026,YES,Pending,Pending,Pending,Pending,Pending,Pending,HOLD,"New unique source-linked Golf Mk3 candidate. Description mentions GTI/VR6 variants, so standard-body suitability must be checked."
c9f47e2e291241d2a490adab1d1ca921,PRIORITY B,Manual metadata/visual review,Volkswagen,Golf Mk2,VW Golf 2,1983–1992,Mk2,,Hatchback/Car,120400,6,71,1,1,Teofels,CC BY,Web-verified CC BY,CC BY recorded from live search result — recheck live page and preserve attribution,https://sketchfab.com/3d-models/vw-golf-2-c9f47e2e291241d2a490adab1d1ca921,https://sketchfab.com/models/c9f47e2e291241d2a490adab1d1ca921/download,Deep web search — 29 Jul 2026,YES,Pending,Pending,Pending,Pending,Pending,Pending,HOLD,New unique source-linked Golf Mk2 candidate. Passes basic geometry and licence screening.
4703efa36e4b4aa9a342db3153ce3edd,PRIORITY B,Manual metadata/visual review,Toyota,Corolla,Toyota Corolla,,,,Saloon,444500,46,78,1,1,Ford mondeo,CC BY,Web-verified CC BY,CC BY recorded from live search result — recheck live page and preserve attribution,https://sketchfab.com/3d-models/toyota-corolla-4703efa36e4b4aa9a342db3153ce3edd,https://sketchfab.com/models/4703efa36e4b4aa9a342db3153ce3edd/download,Deep web search — 29 Jul 2026,YES,Pending,Pending,Pending,Pending,Pending,Pending,HOLD,New unique Corolla candidate with strong geometry and engagement. Exact generation must be identified visually.
8fe23dd4bf8542b49c3a574b33e377c3,PRIORITY B,Manual metadata/visual review,Toyota,Corolla,TOYOTA COROLLA MODELO 90,1990,,,Saloon,118700,7,70,1,1,kmbawuazo,CC BY,Web-verified CC BY,CC BY recorded from live search result — recheck live page and preserve attribution,https://sketchfab.com/3d-models/toyota-corolla-modelo-90-8fe23dd4bf8542b49c3a574b33e377c3,https://sketchfab.com/models/8fe23dd4bf8542b49c3a574b33e377c3/download,Deep web search — 29 Jul 2026,YES,Pending,Pending,Pending,Pending,Pending,Pending,HOLD,New source-linked 1990 Corolla candidate. Possible duplicate family from same creator must be checked visually.
e239ad27c5854f4189fe467ffb1ec303,PRIORITY B,Manual metadata/visual review,Hyundai,Tucson / ix35,Hyundai ix35 (Tucson),2009–2015,ix35,,SUV/Crossover,165300,32,76,1,1,Savelliy 07,CC BY,Web-verified CC BY,CC BY recorded from live search result — recheck live page and preserve attribution,https://sketchfab.com/3d-models/hyundai-ix35-tucson-e239ad27c5854f4189fe467ffb1ec303,https://sketchfab.com/models/e239ad27c5854f4189fe467ffb1ec303/download,Deep web search — 29 Jul 2026,YES,Pending,Pending,Pending,Pending,Pending,Pending,HOLD,New source-linked Hyundai ix35/Tucson candidate with sufficient geometry and CC BY listing.
1599280cc1954572a22a724d1031aec2,PRIORITY B,Manual metadata/visual review,Ford,Focus,Ford Focus,,,,Hatchback/Car,987400,1,68,1,1,pyrzegeclb,CC BY,Web-verified CC BY,CC BY recorded from live search result — recheck live page and preserve attribution,https://sketchfab.com/3d-models/ford-focus-1599280cc1954572a22a724d1031aec2,https://sketchfab.com/models/1599280cc1954572a22a724d1031aec2/download,Deep web search — 29 Jul 2026,YES,Pending,Pending,Pending,Pending,Pending,Pending,HOLD,New unique Ford Focus candidate. Listing calls it low textured; retain only for manual visual review.
b3f0670163ba4c9d906b891181122e1c,PRIORITY B,Manual metadata/visual review,Renault,Captur,2018 Renault Captur,2018,Mk1 / first generation inferred from year; verify visually,,Compact SUV,410500,7,82,1,1,tonielpro520,CC Attribution,Recorded on live source page,LICENCE RECORDED — still require asset provenance and visual QC,https://sketchfab.com/3d-models/2018-renault-captur-b3f0670163ba4c9d906b891181122e1c,https://sketchfab.com/models/b3f0670163ba4c9d906b891181122e1c/download,Deep Search Batch 2,YES,Pending,Pending,Pending,Pending,Pending,PASS 2026-07-29,HOLD,Genuine new UID; complete everyday production vehicle; CC Attribution recorded; visual/provenance QC still required.
91f68c62ee8d4d76aa8076d08d2b4475,PRIORITY B,Manual metadata/visual review,Renault,Captur,Renault Captur MK1 2013-2019,2013-2019,MK1 explicitly stated,,Compact SUV,632300,4,86,1,1,Merc_TV,CC Attribution,Recorded on live source page,LICENCE RECORDED — still require asset provenance and visual QC,https://sketchfab.com/3d-models/renault-captur-mk1-2013-2019-91f68c62ee8d4d76aa8076d08d2b4475,https://sketchfab.com/models/91f68c62ee8d4d76aa8076d08d2b4475/download,Deep Search Batch 2,YES,Pending,Pending,Pending,Pending,Pending,PASS 2026-07-29,HOLD,Genuine new UID with explicit generation coverage and CC Attribution; inspect for provenance and duplicate geometry.
6ecbc6d632b44cd4af639aae698006a3,PRIORITY B,Manual metadata/visual review,Vauxhall,Astra,Opel Astra H 2004-2014,2004-2014,Astra H explicitly stated,Black version,Hatchback/Car,770000,2,84,1,1,Merc_TV,CC Attribution,Recorded on live source page,LICENCE RECORDED — still require asset provenance and visual QC,https://sketchfab.com/3d-models/opel-astra-h-2004-2014-6ecbc6d632b44cd4af639aae698006a3,https://sketchfab.com/models/6ecbc6d632b44cd4af639aae698006a3/download,Deep Search Batch 2,YES,Pending,Pending,Pending,Pending,Pending,PASS 2026-07-29,HOLD,Genuine new UID and useful UK generation coverage; CC Attribution recorded; compare geometry against other Astra H uploads.
